# This data was generated by https://sharc.materialsmodeling.org/
# The data has been obtained by linear interpolation between raw data points.
# If you use it in your research, please cite:
# M. Rahm, M. Ångqvist, J. M. Rahm, P. Erhart, and R. Cammi, Non-bonded Radii of the Atoms Under Compression. ChemPhysChem, 2020, 21, 2441-2453. DOI: 10.1002/cphc.202000624
# M. Rahm, R. Cammi, N. W. Ashcroft, and R. Hoffmann, Squeezing all Elements in the Periodic Table: Electron Configuration and Electronegativity of the Atoms under Compression. Journal of the American Chemical Society, 2019, 141, 10253-10271. DOI: 10.1021/jacs.9b02634
# M. Rahm, T. Zeng, R. Hoffmann, Electronegativity Seen as the Ground-State Average Valence Electron Binding Energy. Journal of the American Chemical Society, 2019, 141, 342-351. DOI: 10.1021/jacs.8b10246
# Column 1: Pressure (GPa)
# Column 2: Al electronegativity (eV e⁻¹)
# Column 3: Co electronegativity (eV e⁻¹)
# Column 4: Cr electronegativity (eV e⁻¹)
# Column 5: Cu electronegativity (eV e⁻¹)
# Column 6: Fe electronegativity (eV e⁻¹)
# Column 7: Hf electronegativity (eV e⁻¹)
# Column 8: Mn electronegativity (eV e⁻¹)
# Column 9: Mo electronegativity (eV e⁻¹)
# Column 10: Nb electronegativity (eV e⁻¹)
# Column 11: Ni electronegativity (eV e⁻¹)
# Column 12: Ta electronegativity (eV e⁻¹)
# Column 13: Ti electronegativity (eV e⁻¹)
# Column 14: W electronegativity (eV e⁻¹)
# Column 15: Zr electronegativity (eV e⁻¹)
# Column 16: V electronegativity (eV e⁻¹)
# Column 17: Mg electronegativity (eV e⁻¹)
# Column 18: Re electronegativity (eV e⁻¹)
# Column 19: Os electronegativity (eV e⁻¹)
# Column 20: Rh electronegativity (eV e⁻¹)
# Column 21: Ir electronegativity (eV e⁻¹)
# Column 22: Pd electronegativity (eV e⁻¹)
# Column 23: Pt electronegativity (eV e⁻¹)
# Column 24: Ag electronegativity (eV e⁻¹)
# Column 25: Au electronegativity (eV e⁻¹)
# Column 26: Zn electronegativity (eV e⁻¹)
# Column 27: Cd electronegativity (eV e⁻¹)
# Column 28: Hg electronegativity (eV e⁻¹)
# Column 29: Si electronegativity (eV e⁻¹)
# Column 30: Ge electronegativity (eV e⁻¹)
# Column 31: Ga electronegativity (eV e⁻¹)
# Column 32: In electronegativity (eV e⁻¹)
# Column 33: Sn electronegativity (eV e⁻¹)
# Column 34: Sb electronegativity (eV e⁻¹)
# Column 35: As electronegativity (eV e⁻¹)
# Column 36: Te electronegativity (eV e⁻¹)
# Column 37: Pb electronegativity (eV e⁻¹)
# Column 38: Bi electronegativity (eV e⁻¹)
# Column 39: Y electronegativity (eV e⁻¹)
# Column 40: Sc electronegativity (eV e⁻¹)
# Column 41: Ru electronegativity (eV e⁻¹)
     0.0000000        9.0800000     11.9000000      8.0000000     10.2000000     10.0700000      7.0500000     12.2900000      8.3100000      6.9900000     12.9100000      7.7900000      8.3800000      8.5800000      7.5200000      9.7000000      7.6500000      9.0500000      9.1900000      9.3200000     10.8300000      8.3400000      9.4900000     11.9900000     11.3610000     15.9000000     16.1000000     14.1100000     10.8100000     11.1000000      9.9100000      9.2800000     10.2200000     11.1700000     12.5100000     11.9500000     11.0100000     10.7100000      6.2900000      7.0500000      8.3500000 
     1.0000000        8.8142518     11.7055598      7.7805253     10.0160565      9.8589759      6.8159573     12.0612343      8.1063876      6.7489082      7.7858812      7.5650212      8.1096620      6.0764452      4.9420127      5.4289937      7.3594784      8.8626672      8.9964553      9.1358514     10.6717789      8.1596116      9.3468870     11.8188887     11.2237369     15.7466650     15.9165903     13.9734635     10.5996364     10.8908580      9.6634417      9.0390258     10.0064902     10.9825068     12.3306325     11.7879985     10.7904530     10.5169095      5.9515599      6.7369379      8.1576927 
     1.1000000        8.7986768     11.6936426      7.7678529     10.0057118      9.8464858      6.7997758     12.0480209      8.0933943      6.7340066      7.7731798      7.5506334      8.0859964      6.0610714      4.9214585      5.4113945      7.3431548      8.8506118      8.9838760      9.1248211     10.6609044      8.1478816      9.3360671     11.8089505     11.2146237     15.7353080     15.9046164     13.9642449     10.5861818     10.8775484      9.6498615      9.0253826      9.9929954     10.9698693     12.3182362     11.7765654     10.7772290     10.5040492      5.9310070      6.7177302      8.1460598 
     1.1000000        8.7986768     11.6936426      7.7678529     10.0057118      9.8464858      6.7997758     12.0480209      8.0933943      6.7340066      7.7731798      7.5506334      4.3834712      6.0610714      4.9214585      5.4113945      7.3431548      8.8506118      8.9838760      9.1248211     10.6609044      8.1478816      9.3360671     11.8089505     11.2146237     15.7353080     15.9046164     13.9642449     10.5861818     10.8775484      9.6498615      9.0253826      9.9929954     10.9698693     12.3182362     11.7765654     10.7772290     10.5040492      5.9310070      6.7177302      8.1460598 
     1.5000000        8.7363768     11.6459736      7.7171632      9.9643327      9.7965255      6.7350498     11.9951673      8.0414211      6.6744003      7.7223738      7.4930822      4.3060574      5.9995760      4.8392419      5.3409977      7.2778604      8.8023901      8.9335587      9.0806995     10.6174063      8.1009615      9.2927875     11.7691979     11.1781710     15.6898797     15.8567205     13.9273703     10.5323636     10.8243096      9.5955407      8.9708096      9.9390166     10.9193194     12.2686511     11.7308328     10.7243326     10.4526079      5.8487954      6.6408991      8.0995282 
     2.0000000        8.6585019     11.5863873      7.6538010      9.9126090      9.7340752      6.6541422     11.9291004      7.9764546      6.5998925      7.6588665      7.4211432      4.2092901      5.9227068      4.7364712      5.2530016      7.1962425      8.7421130      8.8706622      9.0255476     10.5630336      8.0423115      9.2386880     11.7195072     11.1326051     15.6330944     15.7968507     13.8812771     10.4650909     10.7577612      9.5276396      8.9025934      9.8715431     10.8561319     12.2066698     11.6736672     10.6582122     10.3883063      5.7460308      6.5448603      8.0413637 
     2.5000000        8.5806270     11.5268010      7.5904389      9.8608852      9.6716248      6.5732347     11.8630335      7.9114882      6.5253846      7.6022511      7.3492041      4.1215121      5.8706470      4.6523511      5.1834643      7.1146246      8.6818359      8.8265726      8.9703957     10.5086610      7.9836614      9.1845885     11.6698165     11.0870392     15.5763090     15.7418445     13.8354888     10.3978182     10.6912128      9.4597386      8.8343772      9.8040696     10.7929445     12.1480382     11.6165015     10.5920918     10.3240047      5.6432662      6.4488214      7.9831991 
     3.0000000        8.5027520     11.4672148      7.5270767      9.8091614      9.6091744      6.5059826     11.7969665      7.8473647      6.4509196      7.5599488      7.2902366      4.0552911      5.8209587      4.5836258      5.1239676      7.0330066      8.6376338      8.7850919      8.9152438     10.4720231      7.9396546      9.1495858     11.6201257     11.0521342     15.5195237     15.7043405     13.8066153     10.3351059     10.6283557      9.3918376      8.7661611      9.7423447     10.7529378     12.1083542     11.5792642     10.5259714     10.2759762      5.5405017      6.3527826      7.9309306 
     3.2000000        8.4716021     11.4433803      7.5017319      9.7884719      9.5912389      6.4850469     11.7705397      7.8302176      6.4314796      7.5430279      7.2716220      4.0288027      5.8010834      4.5561357      5.1001689      7.0032916      8.6222443      8.7684996      8.8931830     10.4583583      7.9245758      9.1364648     11.6044976     11.0404886     15.5050124     15.6893389     13.7950658     10.3173176     10.6112433      9.3646772      8.7408435      9.7254277     10.7370758     12.0924806     11.5647341     10.5043870     10.2592962      5.5159864      6.3204761      7.9157503 
     3.2000000        8.4716021     11.4433803      7.5017319      9.7884719      9.5912389      6.4850469     11.7705397      7.8302176      6.4314796      7.5430279      7.2716220      4.0288027      5.8010834      4.5561357      5.1001689      7.0032916      8.6222443      8.7684996      8.8931830     10.4583583      7.9245758      9.1364648     11.6044976     11.0404886     15.5050124     15.6893389     13.7950658     10.3173176     10.6112433      9.3646772      8.7408435      9.7254277     10.7370758     12.0924806     11.5647341     10.5043870     10.2592962      5.5159864      6.3204761      7.9157503 
     3.5000000        8.4370591     11.4076285      7.4745957      9.7670404      9.5670964      6.4536434     11.7308996      7.8044969      6.4023195      7.5176465      7.2437001      3.9890701      5.7712704      4.5149005      5.0644708      6.9709393      8.5991599      8.7436112      8.8600919     10.4378611      7.9019574      9.1167832     11.5854617     11.0230203     15.4847834     15.6668365     13.7777417     10.2906353     10.5855747      9.3305924      8.7156364      9.7000521     10.7132828     12.0686702     11.5429389     10.4790326     10.2342762      5.4866952      6.2777484      7.8929799 
     4.0000000        8.3854464     11.3480422      7.4319467      9.7327064      9.5268589      6.4013043     11.6648327      7.7616291      6.3537194      7.4753442      7.1971636      3.9228491      5.7215821      4.4461752      5.0049741      6.9170188      8.5606859      8.7021306      8.8049399     10.4036991      7.8642602      9.0839805     11.5537354     10.9939063     15.4510683     15.6293326     13.7488682     10.2461647     10.5427937      9.2877110      8.6736246      9.6577594     10.6736278     12.0289862     11.5066135     10.4367751     10.1925761      5.4378766      6.2065356      7.8550292 
     4.5000000        8.3338337     11.2884560      7.3892978      9.6983724      9.4866214      6.3489652     11.5987657      7.7187613      6.3051193      7.4330419      7.1506270      3.8566281      5.6718938      4.3774499      4.9454773      6.8630983      8.5222120      8.6606499      8.7497880     10.3695372      7.8265630      9.0511778     11.5220091     10.9647924     15.4173533     15.5918286     13.7199946     10.2016941     10.5000127      9.2448296      8.6316129      9.6154668     10.6339729     11.9893023     11.4702882     10.3945177     10.1508761      5.3890581      6.1353227      7.8170786 
     4.7000000        8.3131887     11.2646215      7.3722382      9.6846388      9.4705264      6.3280296     11.5723389      7.7016141      6.2856793      7.4161210      7.1320124      3.8301397      5.6520184      4.3499598      4.9216786      6.8415301      8.5068224      8.6440576      8.7277273     10.3558724      7.8114842      9.0380568     11.5093185     10.9531468     15.4038673     15.5768270     13.7084452     10.1839059     10.4829003      9.2276770      8.6148082      9.5985497     10.6181109     11.9734287     11.4557581     10.3776147     10.1341961      5.3695306      6.1068376      7.8018983 
     4.7000000        8.3131887     11.2646215      7.3722382      9.6846388      9.4705264      6.3280296     11.5723389      7.7016141      6.2856793      7.4161210      7.1320124      3.8301397      5.6520184      4.3499598      4.9216786      6.8415301      8.5068224      8.6440576      8.7277273     10.3558724      7.8114842      9.0380568     11.5093185     10.9531468     15.4038673     15.5768270     13.7084452     10.1839059     10.4829003      9.2276770      8.6148082      9.5985497     10.6181109     11.9734287     11.4557581     10.3776147     10.1341961      5.3695306      6.1068376      7.8018983 
     5.0000000        8.2822211     11.2288697      7.3466489      9.6640384      9.4463838      6.2966261     11.5326988      7.6758934      6.2565192      7.3907396      7.1040905      3.7904071      5.6222055      4.3087246      4.8859806      6.8091778      8.4837380      8.6191692      8.6946361     10.3353752      7.7888659      9.0183752     11.4902827     10.9356785     15.3836383     15.5543246     13.6911210     10.1572235     10.4572317      9.2019482      8.5896011      9.5731741     10.5943179     11.9496183     11.4339629     10.3522602     10.1091761      5.3402395      6.0641099      7.7791279 
     5.4000000        8.2409309     11.1812007      7.3125297      9.6365712      9.4141938      6.2547548     11.4798452      7.6415992      6.2176391      7.3568978      7.0668613      3.7374303      5.5824548      4.2537443      4.8383832      6.7660413      8.4529589      8.5859847      8.6505146     10.3080456      7.7587081      8.9921330     11.4649016     10.9123873     15.3566663     15.5243214     13.6680222     10.1216471     10.4230069      9.1676430      8.5559917      9.5393400     10.5625939     11.9178711     11.4049026     10.3184543     10.0758161      5.3011846      6.0071396      7.7487673 
     5.4000000        8.2409309     11.1812007      7.3125297      9.6365712      9.4141938      6.2547548     11.4798452      7.6415992      6.2176391      7.3568978      7.0668613      3.7374303      5.5824548      4.2537443      4.8383832      6.7660413      8.4529589      8.5859847      6.2620905     10.3080456      7.7587081      8.9921330     11.4649016     10.9123873     15.3566663     15.5243214     13.6680222     10.1216471     10.4230069      9.1676430      8.5559917      9.5393400     10.5625939     11.9178711     11.4049026     10.3184543     10.0758161      5.3011846      6.0071396      7.7487673 
     5.5000000        8.2306084     11.1692834      7.3039999      9.6297044      9.4061463      6.2442870     11.4666319      7.6330256      6.2079191      7.3484374      7.0575540      3.7241861      5.5725172      4.2399993      4.8264838      6.7552572      8.4452641      8.5776885      6.2519011     10.3012132      7.7511687      8.9855725     11.4585564     10.9065646     15.3499233     15.5168206     13.6622475     10.1127529     10.4144507      9.1590667      8.5475893      9.5308815     10.5546629     11.9099343     11.3976375     10.3100028     10.0674761      5.2914209      5.9928970      7.7411772 
     5.5000000        8.2306084      6.4652440      7.3039999      9.6297044      9.4061463      6.2442870     11.4666319      7.6330256      6.2079191      7.3484374      7.0575540      3.7241861      5.5725172      4.2399993      4.8264838      6.7552572      8.4452641      8.5776885      6.2519011     10.3012132      7.7511687      8.9855725     11.4585564     10.9065646     15.3499233     15.5168206     13.6622475     10.1127529     10.4144507      9.1590667      8.5475893      9.5308815     10.5546629     11.9099343     11.3976375     10.3100028     10.0674761      5.2914209      5.9928970      7.7411772 
     6.0000000        8.1789957      6.4310582      7.2613510      9.5953704      9.3659088      6.1919479     11.4005649      7.5901578      6.1593190      7.3061351      7.0110174      3.6579651      5.5228289      4.1712740      4.7669870      6.7013367      8.4067901      8.5362078      6.2009540     10.2670512      7.7134715      8.9527698     11.4268300     10.8774506     15.3162082     15.4793166     13.6333739     10.0682824     10.3716697      9.1161853      8.5055776      9.4885888     10.5150079     11.8702503     11.3613122     10.2677454     10.0257761      5.2426023      5.9216842      7.7032265 
     6.5000000        8.1273831      6.3968724      7.2187021      9.5610364      9.3256713      6.1396088     11.3344980      7.5472900      6.1107189      7.2638328      6.9644809      3.5917440      5.4731406      4.1025487      4.7074903      6.6474162      8.3683162      8.4947272      6.1500070     10.2328892      7.6757743      8.9199671     11.3951037     10.8483367     15.2824932     15.4418126     13.6045004     10.0238118     10.3288887      9.0733039      8.4635658      9.4462962     10.4753530     11.8305664     11.3249869     10.2254879      9.9840761      5.1937838      5.8504713      7.6652759 
     6.5000000        8.1273831      6.3968724      7.2187021      9.5610364      9.3256713      6.1396088     11.3344980      7.5472900      6.1107189      7.2638328      6.9644809      3.5917440      5.4731406      4.1025487      4.7074903      6.6474162      8.3683162      8.4947272      6.1500070     10.2328892      7.6757743      8.9199671     11.3951037     10.8483367     15.2824932     15.4418126     13.6045004     10.0238118     10.3288887      9.0733039      8.4635658      9.4462962     10.4753530     11.8305664     11.3249869     10.2254879      9.9840761      5.1937838      5.8504713      7.6652759 
     7.0000000        8.0757704      6.3626866      7.1760532      9.5267024      9.2854337      6.0872696     11.2684311      7.5044222      6.0621188      7.2215305      6.9179444      3.5255230      5.4234523      4.0338234      4.6479935      6.5934957      8.3298422      8.4532465      6.0990600     10.1987273      7.6380771      8.8871645     11.3633773     10.8192228     15.2487782     15.4043087     13.5756268      9.9793412     10.2861077      9.0304225      8.4215541      9.4040035     10.4356980     11.7908824     11.2886616     10.1832305      9.9423761      5.1449652      5.7792585      7.6273252 
     7.5000000        8.0241577      6.3285008      7.1334042      9.4923683      9.2451962      6.0349305     11.2023641      7.4615544      6.0135187      7.1792282      6.8714078      3.4593020      5.3737639      3.9650981      4.5884968      6.5395751      8.2913682      8.4117658      6.0481129     10.1645653      7.6003799      8.8543618     11.3316510     10.7901089     15.2150632     15.3668047     13.5467533      9.9348706     10.2433267      8.9875411      8.3795423      9.3617109     10.3960430     11.7511984     11.2523362     10.1409731      9.9006760      5.0961466      5.7080456      7.5893745 
     8.0000000        7.9725451      6.2943150      7.0907553      9.4580343      9.2049587      5.9825914     11.1362972      7.4186865      5.9649186      7.1369259      6.8248713      3.3964924      5.3240756      3.9036053      4.5434764      6.4856546      8.2528943      8.3702851      5.9971659     10.1304033      7.5626827      8.8215591     11.2999246     10.7609949     15.1813482     15.3293007     13.5178797      9.8904000     10.2005457      8.9446596      8.3375305      9.3194182     10.3563881     11.7115144     11.2160109     10.0987156      9.8589760      5.0473280      5.6368328      7.5514239 
     8.5000000        7.9209324      6.2601292      7.0481064      9.4237003      9.1647212      5.9302523     11.0702303      7.3758187      5.9163185      7.0949704      6.7783348      3.3454135      5.2805172      3.8528715      4.4985779      6.4317341      8.2144203      8.3288044      5.9462189     10.0962413      7.5249855      8.7887565     11.2681983     10.7318810     15.1476331     15.2917967     13.4890062      9.8459294     10.1577647      8.9017782      8.2955188      9.2771256     10.3167331     11.6718304     11.1796856     10.0564582      9.8172760      4.9985094      5.5656199      7.5134732 
     9.0000000        7.8693197      6.2259433      7.0054575      9.3893663      9.1244836      5.8779132     11.0041633      7.3329509      5.8677184      7.0633242      6.7317982      3.2943346      5.2442986      3.8021378      4.4536794      6.3778136      8.1759464      8.2947868      5.8952718     10.0620793      7.4872883      8.7559538     11.2364720     10.7027671     15.1139181     15.2542927     13.4601326      9.8014588     10.1149837      8.8588968      8.2535070      9.2348329     10.2770781     11.6321465     11.1433602     10.0142007      9.7755760      4.9496909      5.4944071      7.4755225 
     9.5000000        7.8177071      6.1917575      6.9628085      9.3550323      9.0842461      5.8255741     10.9380964      7.2900831      5.8191183      7.0316780      6.6852617      3.2432557      5.2080799      3.7514040      4.4087809      6.3238930      8.1374724      8.2630791      5.8443248     10.0279174      7.4495911      8.7231511     11.2047456     10.6736532     15.0802031     15.2235082     13.4312591      9.7569882     10.0722027      8.8160154      8.2114952      9.1925403     10.2374231     11.5924625     11.1070349      9.9719433      9.7338760      4.9008723      5.4231942      7.4375718 
    10.0000000        7.7660944      6.1575717      6.9201596      9.3206983      9.0440086      5.7732349     10.8720294      7.2472153      5.7705182      7.0000319      6.6387252      3.1921768      5.1718612      3.7006702      4.3638825      6.2699725      8.0989985      8.2313714      5.7933778      9.9937554      7.4118939      8.6903484     11.1730193     10.6445392     15.0464881     15.1968613     13.4023855      9.7125176     10.0294217      8.7731339      8.1694835      9.1502476     10.1977682     11.5527785     11.0707096      9.9296859      9.6921760      4.8520537      5.3519814      7.3996212 
    10.5000000        7.7144817      6.1233859      6.8775107      9.2863643      9.0037711      5.7289224     10.8059625      7.2043475      5.7219181      6.9683857      6.5921886      3.1410979      5.1356425      3.6499365      4.3189840      6.2160520      8.0605245      8.1996638      5.7424308      9.9595934      7.3741967      8.6575458     11.1412929     10.6154253     15.0127730     15.1702145     13.3735119      9.6680471      9.9866407      8.7302525      8.1274717      9.1079549     10.1581132     11.5193686     11.0343842      9.8874284      9.6511682      4.8032351      5.2807685      7.3616705 
    11.0000000        7.6628691      6.0892001      6.8348618      9.2520303      8.9635335      5.6910177     10.7398956      7.1614796      5.6745576      6.9367395      6.5576505      3.0900189      5.0994238      3.5992027      4.2740855      6.1678731      8.0286808      8.1679561      5.6914837      9.9328279      7.3377532      8.6287843     11.1095666     10.5863114     14.9790580     15.1435676     13.3502806      9.6235765      9.9438597      8.6873711      8.0854600      9.0657593     10.1296522     11.4905544     10.9980589      9.8451710      9.6209048      4.7572855      5.2095557      7.3253888 
    11.5000000        7.6112564      6.0550143      6.7985759      9.2176963      8.9335078      5.6531130     10.6738286      7.1276425      5.6388252      6.9050934      6.5237046      3.0389400      5.0632052      3.5484690      4.2291870      6.1281095      8.0000371      8.1362484      5.6405367      9.9078315      7.3105571      8.6046704     11.0778402     10.5593039     14.9471756     15.1169207     13.3294080      9.5813048      9.9089013      8.6444897      8.0535154      9.0356096     10.1012233     11.4617403     10.9708818      9.8088710      9.5906414      4.7122953      5.1383428      7.2975233 
    11.5000000        7.6112564      6.0550143      6.7985759      9.2176963      8.9335078      5.6531130      6.8621675      7.1276425      5.6388252      6.9050934      6.5237046      3.0389400      5.0632052      3.5484690      4.2291870      6.1281095      8.0000371      8.1362484      5.6405367      9.9078315      7.3105571      8.6046704     11.0778402     10.5593039     14.9471756     15.1169207     13.3294080      9.5813048      9.9089013      8.6444897      8.0535154      9.0356096     10.1012233     11.4617403     10.9708818      9.8088710      9.5906414      4.7122953      5.1383428      7.2975233 
    12.0000000        7.5710449      6.0208285      6.7664508      9.1889157      8.9038867      5.6152083      6.8223756      7.0957141      5.6030927      6.8734472      6.4897586      2.9878611      5.0269865      3.4977352      4.1842885      6.0883459      7.9713934      8.1045407      5.5895897      9.8828350      7.2833609      8.5805565     11.0541107     10.5380497     14.9227421     15.0902738     13.3085354      9.5478286      9.8781061      8.6071246      8.0241092      9.0054600     10.0727943     11.4329261     10.9445459      9.7785524      9.5603780      4.6673052      5.0671300      7.2696579 
    12.5000000        7.5326985      5.9866427      6.7343256      9.1626481      8.8742656      5.5773036      6.7825836      7.0637858      5.5673603      6.8418010      6.4558127      2.9367822      4.9907678      3.4470014      4.1393900      6.0485823      7.9427498      8.0728330      5.5386426      9.8578385      7.2561648      8.5564426     11.0308736     10.5167955     14.8983087     15.0636270     13.2876628      9.5143524      9.8473109      8.5764417      7.9947030      8.9753104     10.0443654     11.4041120     10.9182101      9.7482338      9.5301146      4.6223150      4.9959171      7.2417925 
    13.0000000        7.4943522      5.9524569      6.7022004      9.1363805      8.8446446      5.5393990      6.7427917      7.0318574      5.5316278      6.8101549      6.4218667      2.8857033      4.9545491      3.3962677      4.0944915      6.0088187      7.9141061      8.0411254      5.4876956      9.8328420      7.2289687      8.5323287     11.0076365     10.4955412     14.8738752     15.0369801     13.2667901      9.4808762      9.8165157      8.5457587      7.9652969      8.9451608     10.0159365     11.3752978     10.8918742      9.7179152      9.4998512      4.5773248      4.9247043      7.2139271 
    13.1000000        7.4866829      5.9456197      6.6957754      9.1311270      8.8387203      5.5318180      6.7348333      7.0254717      5.5244813      6.8038256      6.4150775      2.8754875      4.9473054      3.3861209      4.0855118      6.0008660      7.9083774      8.0347838      5.4775062      9.8278427      7.2235295      8.5275059     11.0029890     10.4912904     14.8689885     15.0316507     13.2626156      9.4741810      9.8103567      8.5396221      7.9594156      8.9391308     10.0102507     11.3695350     10.8866070      9.7118515      9.4937985      4.5683268      4.9104617      7.2083540 
    13.1000000        7.4866829      5.9456197      6.6957754      9.1311270      8.8387203      5.5318180      6.7348333      7.0254717      5.5244813      6.8038256      6.4150775      2.8754875      4.9473054      3.3861209      4.0855118      6.0008660      7.9083774      8.0347838      5.4775062      9.8278427      7.2235295      8.5275059     11.0029890     10.4912904     14.8689885     15.0316507     13.2626156      9.4741810      9.8103567      8.5396221      7.9594156      8.9391308     10.0102507     11.3695350     10.8866070      9.7118515      9.4937985      4.5683268      4.9104617      7.2083540 
    13.5000000        7.4560058      5.9182711      6.6700753      9.1101129      8.8150235      5.5014943      6.7029998      6.9999290      5.4958954      6.7785087      6.3879208      2.8346244      4.9183304      3.3455339      4.0495930      5.9690551      7.8854625      8.0094177      5.4367486      9.8078456      7.2017726      8.5082147     10.9843993     10.4742870     14.8494417     15.0103332     13.2459175      9.4474000      9.7857205      8.5150757      7.9358907      8.9150111      9.9875075     11.3464837     10.8655383      9.6875966      9.4695878      4.5323347      4.8534914      7.1860616 
    14.0000000        7.4176594      5.8840852      6.6379501      9.0838453      8.7854024      5.4635896      6.6632078      6.9680006      5.4601629      6.7468625      6.3539748      2.7839049      4.8821118      3.2948002      4.0088979      5.9292915      7.8568188      7.9777100      5.3858015      9.7828491      7.1745765      8.4841008     10.9611622     10.4530328     14.8250083     14.9836863     13.2250449      9.4139238      9.7549253      8.4843928      7.9064845      8.8848615      9.9590786     11.3176695     10.8392024      9.6572780      9.4393244      4.4873445      4.7822786      7.1581962 
    14.0000000        7.4176594      5.8840852      6.6379501      9.0838453      8.7854024      5.4635896      6.6632078      6.9680006      5.4601629      6.7468625      6.3539748      2.7839049      4.8821118      3.2948002      4.0088979      5.9292915      7.8568188      7.9777100      5.3858015      9.7828491      7.1745765      8.4841008     10.9611622     10.4530328     14.8250083     14.9836863     13.2250449      9.4139238      9.7549253      8.4843928      7.9064845      8.8848615      9.9590786     11.3176695     10.8392024      9.6572780      9.4393244      4.4873445      1.6005127      7.1581962 
    14.5000000        7.3793131      5.8498994      6.6058250      9.0575777      8.7557813      5.4256849      6.6271276      6.9360722      5.4244304      6.7152164      6.3200288      2.7403051      4.8458931      3.2487559      3.9700280      5.8895279      7.8281751      7.9460023      5.3348545      9.7578526      7.1473804      8.4599869     10.9379251     10.4317786     14.8005748     14.9570394     13.2041723      9.3804476      9.7241301      8.4537098      7.8770783      8.8547119      9.9306496     11.2888554     10.8128665      9.6269594      9.4090610      4.4423544      1.5521056      7.1303308 
    15.0000000        7.3409667      5.8157136      6.5736998      9.0313101      8.7261602      5.3877802      6.5933435      6.9041438      5.3886980      6.6835702      6.2860829      2.6967053      4.8096744      3.2065393      3.9311580      5.8497643      7.7995315      7.9142946      5.2900998      9.7328561      7.1201843      8.4358730     10.9146880     10.4105244     14.7761413     14.9303926     13.1832996      9.3469714      9.6933350      8.4230269      7.8476722      8.8245623      9.9022207     11.2600412     10.7865306      9.5966408      9.3787976      4.3973642      1.5036984      7.1024653 
    15.5000000        7.3026203      5.7833371      6.5415747      9.0050426      8.6965391      5.3498755      6.5595594      6.8722155      5.3529655      6.6519240      6.2521369      2.6531055      4.7734557      3.1643227      3.8922881      5.8100007      7.7708878      7.8825870      5.2499967      9.7078597      7.0929881      8.4117591     10.8914509     10.3892702     14.7517078     14.9037457     13.1624270      9.3134952      9.6625398      8.3923439      7.8182660      8.7944126      9.8737918     11.2312271     10.7601947      9.5663222      9.3485342      4.3523740      1.4552913      7.0745999 
    16.0000000        7.2642740      5.7541103      6.5094495      8.9787750      8.6669180      5.3119708      6.5257752      6.8402871      5.3172331      6.6211865      6.2181910      2.6095057      4.7372370      3.1221061      3.8534181      5.7702371      7.7422442      7.8508793      5.2098937      9.6828632      7.0657920      8.3876451     10.8682137     10.3680160     14.7272744     14.8770988     13.1415544      9.2800190      9.6317446      8.3616609      7.7888598      8.7642630      9.8453628     11.2024129     10.7338589      9.5360037      9.3182708      4.3073839      1.4068842      7.0467345 
    16.5000000        7.2259276      5.7248836      6.4773243      8.9525074      8.6372969      5.2740662      6.4919911      6.8083587      5.2815006      6.5938180      6.1842450      2.5659060      4.7028462      3.0798895      3.8145481      5.7304735      7.7136005      7.8191716      5.1697906      9.6578667      7.0385959      8.3635312     10.8449766     10.3467618     14.7028409     14.8504519     13.1206818      9.2465429      9.6009494      8.3309780      7.7594536      8.7341134      9.8169339     11.1735988     10.7075230      9.5056851      9.2880074      4.2623937      1.3584770      7.0188691 
    17.0000000        7.1875812      5.6956569      6.4451992      8.9262398      8.6076759      5.2361615      6.4582070      6.7764303      5.2457682      6.5664495      6.1502991      2.5223062      4.6721527      3.0376729      3.7756782      5.6907099      7.6849568      7.7874639      5.1296875      9.6328702      7.0113998      8.3394173     10.8217395     10.3255076     14.6784074     14.8238051     13.0998091      9.2130667      9.5701542      8.3002950      7.7300475      8.7039638      9.7885049     11.1447846     10.6811871      9.4753665      9.2577440      4.2174036      1.3100699      6.9910036 
    17.5000000        7.1492349      5.6664302      6.4130740      8.8999722      8.5780548      5.1982568      6.4244229      6.7445019      5.2100357      6.5390809      6.1163531      2.4787064      4.6414591      2.9954563      3.7368082      5.6509463      7.6563132      7.7570701      5.0895845      9.6078738      6.9842037      8.3153034     10.7985024     10.3042534     14.6539739     14.7971582     13.0789365      9.1795905      9.5393590      8.2696121      7.7006413      8.6738141      9.7600760     11.1159705     10.6548512      9.4450479      9.2274806      4.1724134      1.2616628      6.9631382 
    17.5000000        7.1492349      5.6664302      6.4130740      8.8999722      8.5780548      5.1982568      6.4244229      6.7445019      5.2100357      6.5390809      6.1163531      2.4787064      4.6414591      2.9954563      3.7368082      5.6509463      7.6563132      7.7570701      5.0895845      9.6078738      6.9842037      8.3153034     10.7985024     10.3042534     14.6539739     14.7971582     13.0789365      9.1795905      9.5393590      8.2696121      7.7006413      8.6738141      9.7600760     11.1159705     10.6548512      9.4450479      9.2274806      4.1724134      1.2616628      6.9631382 
    17.8000000        7.1262271      5.6488941      6.3937989      8.8842116      8.5602821      5.1755140      6.4041524      6.7253449      5.1885962      6.5226598      6.0959855      2.4525465      4.6230430      2.9701263      3.7134862      5.6270882      7.6391270      7.7420487      5.0655226      9.5928759      6.9678860      8.3008350     10.7845601     10.2915008     14.6393139     14.7822532     13.0664129      9.1595048      9.5208818      8.2512023      7.6829976      8.6557244      9.7430186     11.0986820     10.6390497      9.4268567      9.2093226      4.1454193      1.2326185      6.9464189 
    17.8000000        7.1262271      5.6488941      6.3937989      8.8842116      8.5602821      5.1755140      6.4041524      6.7253449      5.1885962      6.5226598      6.0959855      2.4525465      4.6230430      2.9701263      3.7134862      5.6270882      7.6391270      7.7420487      5.0655226      9.5928759      6.9678860      8.3008350     10.7845601     10.2915008     14.6393139     14.7822532     13.0664129      9.1595048      9.5208818      8.2512023      7.6829976      8.6557244      9.7430186     11.0986820     10.6390497      9.4268567      9.2093226      4.1454193      1.2326185      6.9464189 
    18.0000000        7.1108885      5.6372034      6.3809489      8.8737046      8.5484337      5.1603521      6.3906387      6.7125735      5.1743032      6.5117124      6.0824071      2.4351066      4.6107656      2.9532397      3.6979383      5.6111827      7.6276695      7.7320344      5.0494814      9.5828773      6.9570076      8.2911895     10.7752652     10.2829992     14.6295405     14.7735749     13.0580639      9.1461143      9.5085638      8.2389291      7.6712351      8.6436645      9.7316471     11.0871563     10.6285153      9.4147293      9.1972172      4.1274232      1.2132556      6.9352728 
    18.2000000        7.0955500      5.6255128      6.3680988      8.8631976      8.5365852      5.1451902      6.3771251      6.6998022      5.1600103      6.5007650      6.0688288      2.4176667      4.5984882      2.9363531      3.6823903      5.5952773      7.6162121      7.7220201      5.0334402      9.5728787      6.9461291      8.2815439     10.7659704     10.2744975     14.6197671     14.7648965     13.0497148      9.1327238      9.4962457      8.2266559      7.6594726      8.6316047      9.7202755     11.0756307     10.6179810      9.4026018      9.1851118      4.1094272      1.1938928      6.9241266 
    18.2000000        7.0955500      5.6255128      6.3680988      8.8631976      8.5365852      5.1451902      6.3771251      6.6998022      5.1600103      6.5007650      6.0688288      2.4176667      4.5984882      2.9363531      3.6823903      5.5952773      7.6162121      7.7220201      5.0334402      9.5728787      6.9461291      8.2815439     10.7659704     10.2744975     14.6197671     14.7648965     13.0497148      9.1327238      9.4962457      8.2266559      7.6594726      8.6316047      9.7202755     11.0756307     10.6179810      9.4026018      9.1851118      4.1094272      1.1938928      6.9241266 
    18.5000000        7.0725421      5.6079767      6.3488237      8.8474370      8.5188126      5.1224474      6.3568546      6.6806451      5.1385708      6.4843439      6.0484612      2.3915068      4.5800721      2.9110231      3.6590683      5.5714192      7.5990259      7.7069987      5.0093784      9.5578808      6.9298114      8.2670755     10.7520281     10.2617449     14.6051070     14.7518789     13.0371913      9.1126381      9.4777686      8.2082461      7.6418289      8.6135149      9.7032181     11.0583422     10.6021794      9.3844107      9.1669538      4.0824331      1.1648485      6.9074073 
    19.0000000        7.0341958      5.5787500      6.3166985      8.8211694      8.4891915      5.0845427      6.3230705      6.6487168      5.1028383      6.4569753      6.0145152      2.3479070      4.5493786      2.8688065      3.6201983      5.5316556      7.5703822      7.6819630      4.9692753      9.5328843      6.9026153      8.2429616     10.7287910     10.2404907     14.5806735     14.7301830     13.0163186      9.0791619      9.4469734      8.1775632      7.6124228      8.5833653      9.6747892     11.0295281     10.5758436      9.3540921      9.1366904      4.0374429      1.1164413      6.8795419 
    19.5000000        6.9958494      5.5495233      6.2845734      8.7949018      8.4595704      5.0510471      6.2892863      6.6167884      5.0671059      6.4296068      5.9805693      2.3046959      4.5186851      2.8265899      3.5830962      5.4948382      7.5417385      7.6569273      4.9291722      9.5078879      6.8754192      8.2188477     10.7055539     10.2192365     14.5562401     14.7084870     12.9954460      9.0456857      9.4161782      8.1468802      7.5830166      8.5532156      9.6463602     11.0007139     10.5495077      9.3237735      9.1064270      3.9924527      1.0724938      6.8516765 
    20.0000000        6.9575030      5.5202965      6.2524482      8.7686342      8.4299493      5.0194820      6.2555022      6.5848600      5.0313734      6.4022383      5.9466233      2.2656848      4.4879916      2.7843733      3.5479065      5.4615443      7.5130949      7.6318916      4.8890692      9.4828914      6.8482231      8.1947338     10.6823168     10.1979823     14.5318066     14.6867911     12.9745734      9.0122095      9.3853830      8.1161973      7.5536104      8.5230660      9.6179313     10.9718998     10.5231718      9.2934549      9.0761636      3.9474626      1.0296268      6.8238111 
    20.1000000        6.9498338      5.5144512      6.2460232      8.7633807      8.4240251      5.0131690      6.2487454      6.5784743      5.0242269      6.3967646      5.9398341      2.2578826      4.4818529      2.7759300      3.5408685      5.4548855      7.5073661      7.6268845      4.8810486      9.4778921      6.8427839      8.1899110     10.6776693     10.1937315     14.5269199     14.6824519     12.9703989      9.0055143      9.3792239      8.1100607      7.5477292      8.5170361      9.6122455     10.9661369     10.5179046      9.2873911      9.0701109      3.9384646      1.0210534      6.8182380 
    20.1000000        6.9498338      5.5144512      6.2460232      8.7633807      8.4240251      5.0131690      6.2487454      6.5784743      5.0242269      6.3967646      5.9398341      2.2578826      4.4818529      2.7759300      3.5408685      5.4548855      7.5073661      7.6268845      4.8810486      9.4778921      6.8427839      8.1899110     10.6776693     10.1937315     14.5269199     14.6824519     12.9703989      9.0055143      9.3792239      8.1100607      7.5477292      8.5170361      9.6122455     10.9661369     10.5179046      9.2873911      9.0701109      1.5422423      1.0210534      6.8182380 
    20.5000000        6.9191567      5.4910698      6.2207249      8.7423666      8.4006462      4.9879169      6.2238710      6.5529316      4.9956410      6.3748697      5.8996729      2.2266737      4.4572980      2.7448483      3.5127167      5.4282504      7.4844512      7.6068559      4.8489661      9.4578949      6.8210270      8.1706199     10.6590796     10.1767281     14.5073731     14.6650951     12.9537008      8.9787333      9.3545878      8.0855143      7.5242042      8.4929164      9.5895024     10.9430856     10.4968359      9.2631363      9.0494983      1.5097952      0.9867598      6.7959456 
    20.9000000        6.8884796      5.4676884      6.1988830      8.7213526      8.3814570      4.9626648      6.1994552      6.5273889      4.9644474      6.3529749      5.8585698      2.1954649      4.4327432      2.7147342      3.4845649      5.4016152      7.4615363      7.5868274      4.8168837      9.4378977      6.7992701      8.1513287     10.6404899     10.1597247     14.4878263     14.6477384     12.9370027      8.9519524      9.3299516      8.0609679      7.5051536      8.4687967      9.5667592     10.9238475     10.4757672      9.2399745      9.0301004      1.4773481      0.9524662      6.7736533 
    20.9000000        6.8884796      5.4676884      6.1988830      8.7213526      8.3814570      4.9626648      6.1994552      6.5273889      4.9644474      6.3529749      5.8585698      2.1954649      4.4327432      2.7147342      3.4845649      5.4016152      7.4615363      7.5868274      4.8168837      9.4378977      6.7992701      8.1513287     10.6404899     10.1597247     14.4878263     14.6477384     12.9370027      8.9519524      9.3299516      8.0609679      7.5051536      8.4687967      9.5667592     10.9238475     10.4757672      9.2399745      9.0301004      1.4773481      0.9524662      6.7736533 
    21.0000000        6.8808103      5.4618431      6.1934225      8.7160990      8.3766597      4.9563518      6.1933512      6.5210032      4.9562012      6.3475012      5.8482940      2.1876627      4.4266045      2.7072057      3.4775270      5.3949564      7.4562728      7.5818202      4.8088631      9.4328984      6.7938309      8.1465059     10.6358425     10.1554739     14.4829396     14.6433992     12.9328281      8.9452571      9.3237926      8.0548313      7.5004008      8.4628090      9.5610734     10.9190850     10.4705000      9.2352057      9.0252510      1.4692363      0.9438928      6.7680802 
    21.5000000        6.8455187      5.4326164      6.1661200      8.6898314      8.3526731      4.9247867      6.1628314      6.4935437      4.9149701      6.3201327      5.7969151      2.1486516      4.3959110      2.6695630      3.4423372      5.3616625      7.4318030      7.5567846      4.7687600      9.4092459      6.7666348      8.1223920     10.6126054     10.1342197     14.4585062     14.6217032     12.9119555      8.9117810      9.2936772      8.0241484      7.4766365      8.4381177      9.5371731     10.8952729     10.4441641      9.2113619      9.0010037      1.4286774      0.9010257      6.7436054 
    22.0000000        6.8134918      5.4037217      6.1388176      8.6654083      8.3286865      4.8932216      6.1323115      6.4665481      4.8737391      6.2927642      5.7455363      2.1096406      4.3652175      2.6319203      3.4071475      5.3283686      7.4073332      7.5317489      4.7301961      9.3883976      6.7394386      8.0997553     10.5893683     10.1129655     14.4373304     14.6000073     12.8930043      8.8793725      9.2681124      7.9978074      7.4528722      8.4134264      9.5136290     10.8714608     10.4178282      9.1875181      8.9767564      1.3881186      0.8581587      6.7205153 
    22.5000000        6.7814649      5.3771828      6.1115151      8.6427465      8.3046999      4.8616565      6.1017917      6.4395526      4.8325080      6.2653956      5.6941574      2.0706295      4.3345240      2.5942776      3.3719578      5.2950747      7.3828634      7.5067132      4.6974912      9.3675494      6.7168466      8.0797255     10.5690434     10.0917113     14.4171024     14.5783113     12.8758052      8.8512353      9.2425475      7.9725545      7.4291079      8.3887352      9.4900850     10.8476487     10.3914924      9.1636743      8.9525091      1.3475597      0.8152917      6.6974251 
    22.5000000        6.7814649      5.3771828      6.1115151      8.6427465      8.3046999      4.8616565      6.1017917      6.4395526      4.8325080      6.2653956      5.6941574      2.0706295      4.3345240      2.5942776      3.3719578      5.2950747      7.3828634      7.5067132      4.6974912      9.3675494      6.7168466      8.0797255     10.5690434     10.0917113     14.4171024     14.5783113     12.8758052      8.8512353      9.2425475      7.9725545      7.4291079      8.3887352      9.4900850     10.8476487     10.3914924      9.1636743      8.9525091      1.3475597      0.8152917      6.6974251 
    23.0000000        6.7494381      5.3506439      6.0842127      8.6200847      8.2807133      4.8300914      6.0712719      6.4125570      4.7912769      6.2384754      5.6427785      2.0316185      4.3038305      2.5566349      3.3367680      5.2617808      7.3583936      7.4816775      4.6647864      9.3467012      6.6947082      8.0596956     10.5498179     10.0704571     14.3968743     14.5566154     12.8586061      8.8230980      9.2169827      7.9473017      7.4053437      8.3640439      9.4665409     10.8238366     10.3690797      9.1398305      8.9282618      1.3070008      0.7724247      6.6743350 
    23.5000000        6.7174112      5.3241050      6.0569102      8.5974230      8.2567267      4.7985263      6.0407521      6.3855615      4.7500458      6.2135740      5.5913996      1.9926074      4.2731370      2.5189923      3.3015783      5.2284868      7.3339238      7.4566418      4.6320816      9.3258530      6.6725697      8.0396658     10.5305924     10.0509906     14.3766463     14.5349194     12.8414070      8.7949608      9.1914178      7.9220488      7.3815794      8.3393526      9.4429969     10.8000244     10.3472668      9.1159867      8.9040145      1.2664419      0.7301206      6.6512449 
    24.0000000        6.6853843      5.2975660      6.0296077      8.5747612      8.2327401      4.7669612      6.0102322      6.3585659      4.7088147      6.1886726      5.5400207      1.9535963      4.2424434      2.4813496      3.2663885      5.1951929      7.3094540      7.4316061      4.5993767      9.3050047      6.6504312      8.0196360     10.5113669     10.0332555     14.3564182     14.5132235     12.8242079      8.7668235      9.1658530      7.8967959      7.3578151      8.3146613      9.4194528     10.7762123     10.3254539      9.0921429      8.8797671      1.2258831      0.6909994      6.6281548 
    24.5000000        6.6533574      5.2710271      6.0023053      8.5520995      8.2087535      4.7353961      5.9797124      6.3315703      4.6675836      6.1637712      5.4886418      1.9163019      4.2135137      2.4437069      3.2326753      5.1618990      7.2849842      7.4065704      4.5666719      9.2841565      6.6282927      7.9996061     10.4921414     10.0155203     14.3361902     14.4915275     12.8070088      8.7386863      9.1402882      7.8715431      7.3340509      8.2899701      9.3959088     10.7524002     10.3036411      9.0682991      8.8555198      1.1853242      0.6518781      6.6050646 
    24.5000000        6.6533574      5.2710271      6.0023053      8.5520995      8.2087535      4.7353961      5.9797124      6.3315703      4.6675836      6.1637712      5.4886418      1.9163019      4.2135137      2.4437069      3.2326753      5.1618990      7.2849842      7.4065704      4.5666719      9.2841565      6.6282927      7.9996061     10.4921414     10.0155203     14.3361902     14.4915275     12.8070088      8.7386863      9.1402882      7.8715431      7.3340509      8.2899701      9.3959088     10.7524002     10.3036411      9.0682991      8.8555198      1.1853242      0.6518781      6.6050646 
    24.8000000        6.6341413      5.2551038      5.9859238      8.5385024      8.1943616      4.7164570      5.9614005      6.3153730      4.6428450      6.1488303      5.4578145      1.8944163      4.1967849      2.4211213      3.2127245      5.1419226      7.2703023      7.3915490      4.5470490      9.2716476      6.6150096      7.9875882     10.4806061     10.0048793     14.3240533     14.4785099     12.7966894      8.7218039      9.1249493      7.8563914      7.3197923      8.2751553      9.3817824     10.7381129     10.2905533      9.0539928      8.8409715      1.1609889      0.6284054      6.5912106 
    24.8000000        6.6341413      5.2551038      5.9859238      8.5385024      8.1943616      4.7164570      5.9614005      6.3153730      4.6428450      6.1488303      3.3633449      1.8944163      4.1967849      2.4211213      3.2127245      5.1419226      7.2703023      7.3915490      4.5470490      9.2716476      6.6150096      7.9875882     10.4806061     10.0048793     14.3240533     14.4785099     12.7966894      8.7218039      9.1249493      7.8563914      7.3197923      8.2751553      9.3817824     10.7381129     10.2905533      9.0539928      8.8409715      1.1609889      0.6284054      6.5912106 
    25.0000000        6.6213305      5.2444882      5.9750028      8.5294377      8.1847669      4.7038309      5.9491926      6.3045748      4.6263525      6.1388697      3.3517543      1.8798260      4.1856324      2.4060642      3.1994241      5.1286051      7.2605144      7.3815347      4.5339670      9.2633083      6.6061542      7.9795763     10.4729159      9.9977852     14.3159621     14.4698316     12.7898097      8.7105490      9.1147233      7.8462902      7.3102866      8.2652788      9.3723647     10.7285881     10.2818282      9.0444553      8.8312725      1.1447653      0.6127569      6.5819745 
    25.0000000        6.6213305      5.2444882      5.9750028      8.5294377      8.1847669      4.7038309      5.9491926      6.3045748      4.6263525      6.1388697      3.3517543      1.8798260      4.1856324      2.4060642      3.1994241      5.1286051      7.2605144      7.3815347      4.5339670      9.2633083      6.6061542      7.9795763     10.4729159      9.9977852     14.3159621     14.4698316     12.7898097      8.7105490      9.1147233      7.8462902      7.3102866      8.2652788      9.3723647     10.7285881     10.2818282      9.0444553      8.8312725      1.1447653      0.6127569      6.5819745 
    25.5000000        6.5893037      5.2179493      5.9477004      8.5067759      8.1607803      4.6722658      5.9190462      6.2775792      4.5851215      6.1139683      3.3227780      1.8433501      4.1577511      2.3689212      3.1661729      5.0953112      7.2360446      7.3564990      4.5012622      9.2424600      6.5840157      7.9595465     10.4536904      9.9800501     14.2957341     14.4481356     12.7726106      8.6824118      9.0891585      7.8210373      7.2865223      8.2405875      9.3488207     10.7047760     10.2600153      9.0206115      8.8070252      1.1072517      0.5736356      6.5588844 
    25.6000000        6.5828983      5.2126415      5.9422399      8.5022436      8.1559830      4.6659528      5.9134690      6.2721801      4.5768752      6.1089881      3.3169827      1.8360549      4.1521748      2.3618891      3.1595226      5.0886524      7.2311506      7.3514919      4.4947212      9.2382904      6.5795880      7.9555405     10.4498453      9.9765031     14.2916885     14.4437964     12.7691708      8.6767843      9.0840455      7.8159868      7.2817695      8.2356493      9.3441119     10.7000136     10.2556527      9.0158427      8.8021758      1.0997606      0.5658114      6.5542664 
    25.6000000        6.5828983      5.2126415      5.9422399      8.5022436      8.1559830      4.6659528      5.9134690      6.2721801      4.5768752      6.1089881      3.3169827      1.8360549      4.1521748      2.3618891      3.1595226      5.0886524      7.2311506      7.3514919      4.4947212      9.2382904      6.5795880      7.9555405     10.4498453      9.9765031     14.2916885     14.4437964     12.7691708      8.6767843      9.0840455      7.8159868      7.2817695      8.2356493      9.3441119     10.7000136     10.2556527      9.0158427      8.8021758      1.0997606      0.5658114      6.5542664 
    26.0000000        6.5572768      5.1914104      5.9203979      8.4841142      8.1367937      4.6407007      5.8911604      6.2505837      4.5438904      6.0890669      3.2938017      1.8068742      4.1298698      2.3337604      3.1329217      5.0620172      7.2115748      7.3314634      4.4685574      9.2216118      6.5618773      7.9395167     10.4344649      9.9623150     14.2755060     14.4264397     12.7554116      8.6542745      9.0635937      7.7957845      7.2627580      8.2158963      9.3252766     10.6809639     10.2382024      8.9967677      8.7827779      1.0697966      0.5345446      6.5357943 
    26.5000000        6.5252499      5.1648715      5.8930954      8.4614524      8.1128072      4.6091356      5.8632745      6.2235881      4.5026593      6.0641655      3.2648253      1.7703983      4.1019885      2.2985997      3.0996705      5.0287233      7.1871050      7.3064277      4.4358525      9.2007636      6.5397388      7.9194868     10.4152394      9.9445799     14.2552780     14.4067438     12.7382125      8.6261373      9.0380288      7.7705316      7.2389938      8.1912050      9.3017326     10.6571517     10.2163895      8.9729239      8.7585306      1.0323415      0.4978549      6.5127041 
    27.0000000        6.4932230      5.1383326      5.8657930      8.4387906      8.0888206      4.5775705      5.8353886      6.1965926      4.4614282      6.0392641      3.2358490      1.7342679      4.0741072      2.2634389      3.0664855      4.9961891      7.1626352      7.2840829      4.4031477      9.1799154      6.5176003      7.8994570     10.3960139      9.9268448     14.2350499     14.3877172     12.7210134      8.5980000      9.0124640      7.7452787      7.2152295      8.1665137      9.2781885     10.6333396     10.1945767      8.9490800      8.7342833      0.9948864      0.4611653      6.4896140 
    27.5000000        6.4611961      5.1117937      5.8384905      8.4161289      8.0648340      4.5457080      5.8075028      6.1695970      4.4201971      6.0143627      3.2068727      1.6998656      4.0462259      2.2282781      3.0346257      4.9667448      7.1381654      7.2617849      4.3704428      9.1590671      6.4954618      7.8794272     10.3767884      9.9091097     14.2148219     14.3686905     12.7038143      8.5698627      8.9868992      7.7200259      7.1914652      8.1418224      9.2546445     10.6095275     10.1727638      8.9252362      8.7100360      0.9574313      0.4244756      6.4665239 
    28.0000000        6.4291693      5.0860432      5.8111881      8.3934671      8.0408474      4.5110083      5.7796169      6.1426014      4.3789660      5.9894613      3.1778963      1.6654633      4.0183446      2.1931174      3.0027659      4.9373004      7.1136956      7.2394869      4.3377380      9.1382189      6.4733233      7.8593973     10.3575629      9.8913746     14.1945938     14.3496639     12.6866152      8.5417255      8.9613343      7.6947730      7.1677009      8.1171312      9.2311004     10.5857154     10.1509509      8.9013924      8.6857887      0.9206781      0.3877860      6.4434338 
    28.5000000        6.3971424      5.0611461      5.7838856      8.3708053      8.0168608      4.4763086      5.7517311      6.1156059      4.3377349      5.9645599      3.1489200      1.6310610      3.9904633      2.1581993      2.9709061      4.9078561      7.0892258      7.2171889      4.3050331      9.1173707      6.4511848      7.8393675     10.3383374      9.8736394     14.1743658     14.3306373     12.6694161      8.5135882      8.9357695      7.6695201      7.1439367      8.0924399      9.2075564     10.5619033     10.1291380      8.8775486      8.6615414      0.8852416      0.3510963      6.4203436 
    28.7000000        6.3843316      5.0511872      5.7729646      8.3617406      8.0072662      4.4624288      5.7409800      6.1048077      4.3212425      5.9545993      3.1373295      1.6173000      3.9793108      2.1448117      2.9581622      4.8960783      7.0794379      7.2082697      4.2919512      9.1090314      6.4423294      7.8313556     10.3306472      9.8665454     14.1662746     14.3230266     12.6625365      8.5023333      8.9255436      7.6594190      7.1344310      8.0825634      9.1981388     10.5523784     10.1204129      8.8680111      8.6518425      0.8710671      0.3364205      6.4111076 
    28.7000000        6.3843316      5.0511872      5.7729646      8.3617406      8.0072662      4.4624288      5.7409800      6.1048077      4.3212425      5.9545993      3.1373295      1.6173000      3.9793108      2.1448117      2.9581622      4.8960783      7.0794379      7.2082697      4.2919512      9.1090314      6.4423294      7.8313556     10.3306472      9.8665454     14.1662746     14.3230266     12.6625365      8.5023333      8.9255436      7.6594190      7.1344310      8.0825634      9.1981388     10.5523784     10.1204129      8.8680111      8.6518425      0.8710671      0.3364205      6.4111076 
    29.0000000        6.3651155      5.0362489      5.7565831      8.3481436      7.9928742      4.4416089      5.7249647      6.0886103      4.2965039      5.9396585      3.1199437      1.5966586      3.9625820      2.1247304      2.9390463      4.8784117      7.0647560      7.1948909      4.2748272      9.0965224      6.4290464      7.8193377     10.3191119      9.8559043     14.1541377     14.3116107     12.6522170      8.4854510      8.9102047      7.6442673      7.1201724      8.0677486      9.1840123     10.5380912     10.1073251      8.8537048      8.6372941      0.8498052      0.3150875      6.3972535 
    29.5000000        6.3330886      5.0113518      5.7311343      8.3254818      7.9688876      4.4069092      5.6982723      6.0616148      4.2552728      5.9160047      3.0909673      1.5622563      3.9347007      2.0912615      2.9071865      4.8489674      7.0402862      7.1725929      4.2467470      9.0756742      6.4069079      7.7993078     10.2998864      9.8381692     14.1339097     14.2925840     12.6350179      8.4573137      8.8846398      7.6190144      7.0964861      8.0430573      9.1604683     10.5142790     10.0855123      8.8298610      8.6130468      0.8143687      0.2807559      6.3741634 
    29.5000000        6.3330886      5.0113518      5.7311343      8.3254818      3.2926424      4.4069092      5.6982723      6.0616148      4.2552728      5.9160047      3.0909673      1.5622563      3.9347007      2.0912615      2.9071865      4.8489674      7.0402862      7.1725929      4.2467470      9.0756742      6.4069079      7.7993078     10.2998864      9.8381692     14.1339097     14.2925840     12.6350179      8.4573137      8.8846398      7.6190144      7.0964861      8.0430573      9.1604683     10.5142790     10.0855123      8.8298610      8.6130468      0.8143687      0.2807559      6.3741634 
    30.0000000        6.3010617      4.9864546      5.7065355      8.3028201      3.2661408      4.3722095      5.6715800      6.0346192      4.2140417      5.8924399      3.0619910      1.5280098      3.9068194      2.0577927      2.8753267      4.8195230      7.0158164      7.1502949      4.2186669      9.0548260      6.3847694      7.7792780     10.2806609      9.8204341     14.1136817     14.2735574     12.6178188      8.4291765      8.8590750      7.5937615      7.0758523      8.0183661      9.1369242     10.4904669     10.0636994      8.8060172      8.5898817      0.7789322      0.2464243      6.3510733 
    30.5000000        6.2702335      4.9615575      5.6819366      8.2801583      3.2400494      4.3375098      5.6448877      6.0076237      4.1728106      5.8688751      3.0330147      1.4953109      3.8789381      2.0243238      2.8448853      4.7900787      6.9913466      7.1279969      4.1905867      9.0339778      6.3626309      7.7592482     10.2614354      9.8026990     14.0934536     14.2545308     12.6006197      8.4010392      8.8335102      7.5685087      7.0552186      7.9936748      9.1133802     10.4666548     10.0418865      8.7851630      8.5692787      0.7434958      0.2120927      6.3279831 
    31.0000000        6.2417077      4.9366603      5.6573377      8.2574965      3.2148482      4.3028101      5.6181954      5.9826170      4.1315795      5.8453103      3.0040384      1.4626121      3.8510568      1.9908549      2.8147953      4.7606343      6.9669871      7.1056989      4.1625065      9.0131295      6.3404924      7.7392184     10.2422099      9.7849639     14.0732256     14.2355042     12.5834207      8.3729020      8.8079453      7.5445073      7.0345849      7.9712132      9.0898361     10.4433400     10.0200736      8.7653180      8.5486757      0.7082800      0.1777611      6.3048930 
    31.5000000        6.2131819      4.9126162      5.6327388      8.2357391      3.1896470      4.2681104      5.5915031      5.9582570      4.0903484      5.8217455      2.9750620      1.4299132      3.8243479      1.9573861      2.7847053      4.7311900      6.9449198      7.0834009      4.1344263      8.9922813      6.3183539      7.7191885     10.2229843      9.7672288     14.0532163     14.2164775     12.5662216      8.3447647      8.7833644      7.5224979      7.0139511      7.9495778      9.0662921     10.4223762      9.9982607      8.7454730      8.5280727      0.6748285      0.1434295      6.2820476 
    32.0000000        6.1846560      4.8890272      5.6081399      8.2150934      3.1644458      4.2334107      5.5648108      5.9338970      4.0491173      5.7981807      2.9460857      1.3972144      3.7979643      1.9246190      2.7546153      4.7017457      6.9228525      7.0611029      4.1063462      8.9714331      6.2962155      7.6991587     10.2037588      9.7494937     14.0351984     14.1974509     12.5490225      8.3166275      8.7607179      7.5004885      6.9933174      7.9279423      9.0455616     10.4014125      9.9764478      8.7256280      8.5074697      0.6413769      0.1090979      6.2615288 
    32.5000000        6.1561302      4.8654382      5.5835410      8.1944477      3.1392446      4.1987110      5.5395190      5.9095370      4.0078863      5.7746159      2.9171094      1.3645155      3.7715808      1.8926105      2.7245253      4.6723013      6.9007852      7.0388049      4.0782660      8.9528770      6.2740770      7.6791289     10.1845333      9.7317585     14.0171805     14.1784243     12.5318234      8.2909121      8.7380713      7.4784790      6.9726836      7.9063068      9.0248664     10.3804487      9.9546350      8.7057829      8.4868667      0.6079254      0.0766396      6.2410101 
    33.0000000        6.1276044      4.8418492      5.5589422      8.1738020      3.1140433      4.1640113      5.5142710      5.8851770      3.9666552      5.7516835      2.8881330      1.3318166      3.7451973      1.8606021      2.6944353      4.6428570      6.8787179      7.0165069      4.0501858      8.9343695      6.2519385      7.6590990     10.1665216      9.7140234     13.9991626     14.1593977     12.5146243      8.2658022      8.7154247      7.4564696      6.9520499      7.8846713      9.0041713     10.3594850      9.9328221      8.6859379      8.4662637      0.5744738      0.0443031      6.2204913 
    33.5000000        6.0990786      4.8182601      5.5343433      8.1531563      3.0888421      4.1293116      5.4890231      5.8608170      3.9254241      5.7289981      2.8591567      1.2997463      3.7188137      1.8285937      2.6643454      4.6137405      6.8566506      6.9942088      4.0244118      8.9158620      6.2298000      7.6390692     10.1497038      9.6962883     13.9811447     14.1403710     12.4986479      8.2406923      8.6927781      7.4344601      6.9314162      7.8630359      8.9834761     10.3385212      9.9110092      8.6660929      8.4456607      0.5410222      0.0119667      6.1999726 
    33.5000000        6.0990786      4.8182601      5.5343433      8.1531563      3.0888421      4.1293116      5.4890231      5.8608170      3.9254241      5.7289981      2.8591567      1.2997463      3.7188137      1.8285937      2.6643454      4.6137405      6.8566506      6.9942088      4.0244118      8.9158620      6.2298000      4.8806827     10.1497038      9.6962883     13.9811447     14.1403710     12.4986479      8.2406923      8.6927781      7.4344601      6.9314162      7.8630359      8.9834761     10.3385212      9.9110092      8.6660929      8.4456607      0.5410222      0.0119667      6.1999726 
    34.0000000        6.0705528      4.7946711      5.5097444      8.1325106      3.0636409      4.0946119      5.4637751      5.8364570      3.8841930      5.7063126      2.8301804      1.2686430      3.6924302      1.7965852      2.6350745      4.5864008      6.8345833      6.9719108      3.9988325      8.8973545      6.2099057      4.8602559     10.1328860      9.6785532     13.9631268     14.1217723     12.4834375      8.2155824      8.6701316      7.4124507      6.9107824      7.8414004      8.9627810     10.3175574      9.8891963      8.6462479      8.4250577      0.5075707     -0.0203697      6.1794538 
    34.0000000        6.0705528      4.7946711      5.5097444      8.1325106      3.0636409      4.0946119      5.4637751      5.8364570      3.8841930      5.7063126      2.8301804      1.2686430      3.6924302      1.7965852      2.6350745      4.5864008      6.8345833      6.9719108      3.9988325      8.8973545      6.2099057      4.8602559     10.1328860      9.6785532     13.9631268     14.1217723     12.4834375      8.2155824      8.6701316      7.4124507      6.9107824      7.8414004      8.9627810     10.3175574      9.8891963      8.6462479      8.4250577      0.5075707     -0.0203697      6.1794538 
    34.5000000        6.0420269      4.7710821      5.4851455      8.1118650      3.0394302      4.0681217      5.4385271      5.8120969      3.8429619      5.6836272      2.8025864      1.2375396      3.6660466      1.7645768      2.6059061      4.5590611      6.8125160      6.9496128      3.9732532      8.8788470      6.1906327      4.8398291     10.1160681      9.6608181     13.9451089     14.1041852     12.4682270      8.1904725      8.6474850      7.3904412      6.8901487      7.8197649      8.9420858     10.2965937      9.8686998      8.6264028      8.4044547      0.4743059     -0.0527061      6.1589351 
    35.0000000        6.0135011      4.7474931      5.4605466      8.0912193      3.0152453      4.0476032      5.4132792      5.7877369      3.8017308      5.6609417      2.7750010      1.2064362      3.6396631      1.7325684      2.5767376      4.5317213      6.7904487      6.9275274      3.9476739      8.8603395      6.1713597      4.8194023     10.0992503      9.6430830     13.9270910     14.0865980     12.4530166      8.1653626      8.6248384      7.3684318      6.8695149      7.7981294      8.9213907     10.2756299      9.8495915      8.6065578      8.3838517      0.4424647     -0.0850425      6.1384164 
    35.2000000        6.0020908      4.7384692      5.4507071      8.0829610      3.0055713      4.0393958      5.4031800      5.7779929      3.7852384      5.6518676      2.7639669      1.1939949      3.6291766      1.7197650      2.5650703      4.5207854      6.7816217      6.9191225      3.9374422      8.8529365      6.1636505      4.8112316     10.0925232      9.6359889     13.9198838     14.0795632     12.4469324      8.1553187      8.6157798      7.3596280      6.8612614      7.7894752      8.9131126     10.2672444      9.8419482      8.5986198      8.3756105      0.4297282     -0.0979771      6.1302089 
    35.2000000        6.0020908      4.7384692      5.4507071      8.0829610      3.0055713      4.0393958      5.4031800      5.7779929      3.7852384      5.6518676      2.7639669      1.1939949      3.6291766      1.7197650      2.5650703      4.5207854      6.7816217      6.9191225      3.9374422      8.8529365      6.1636505      4.8112316     10.0925232      9.6359889     13.9198838     14.0795632     12.4469324      8.1553187      8.6157798      7.3596280      6.8612614      7.7894752      8.9131126     10.2672444      9.8419482      8.5986198      8.3756105      0.4297282     -0.0979771      6.1302089 
    35.5000000        5.9849753      4.7250496      5.4359478      8.0705736      2.9910604      4.0270847      5.3880312      5.7633769      3.7604997      5.6382563      2.7474157      1.1753328      3.6139074      1.7006812      2.5475692      4.5043816      6.7683813      6.9065153      3.9220946      8.8418320      6.1520867      4.7989755     10.0824325      9.6253479     13.9090731     14.0690109     12.4378062      8.1402527      8.6021919      7.3464224      6.8488812      7.7764940      8.9006956     10.2546662      9.8304832      8.5867128      8.3632486      0.4106235     -0.1173789      6.1178976 
    36.0000000        5.9564495      4.7026837      5.4113489      8.0499279      2.9668755      4.0065661      5.3629482      5.7390169      3.7192687      5.6155708      2.7198303      1.1442295      3.5884586      1.6702635      2.5184008      4.4770419      6.7463140      6.8855032      3.8965153      8.8233245      6.1328138      4.7785487     10.0656147      9.6094101     13.8910552     14.0514238     12.4225957      8.1151429      8.5795453      7.3244129      6.8282475      7.7548585      8.8800004     10.2337024      9.8113749      8.5668677      8.3426456      0.3787823     -0.1485414      6.0973789 
    36.5000000        5.9279236      4.6803177      5.3867500      8.0292822      2.9426906      3.9860476      5.3389947      5.7146569      3.6780376      5.5928854      2.6922450      1.1131261      3.5630099      1.6398458      2.4892323      4.4497021      6.7242467      6.8644911      3.8709360      8.8048171      6.1135408      4.7581219     10.0487968      9.5936202     13.8730373     14.0338366     12.4073853      8.0900330      8.5568987      7.3024035      6.8076137      7.7332230      8.8593053     10.2127387      9.7922666      8.5470227      8.3220426      0.3469410     -0.1788494      6.0768601 
    36.5000000        5.9279236      4.6803177      5.3867500      8.0292822      2.9426906      3.9860476      5.3389947      5.7146569      3.6780376      5.5928854      2.6922450      1.1131261      3.5630099      1.6398458      2.4892323      4.4497021      6.7242467      6.8644911      3.8709360      8.8048171      6.1135408      4.7581219     10.0487968      9.5936202     13.8730373     14.0338366     12.4073853      8.0900330      8.5568987      7.3024035      6.8076137      7.7332230      8.8593053     10.2127387      9.7922666      8.5470227      8.3220426      0.3469410     -0.1788494      6.0768601 
    37.0000000        5.8993978      4.6579517      5.3627870      8.0086365      2.9185057      3.9655291      5.3150411      5.6902969      3.6368065      5.5709299      2.6646596      1.0820227      3.5375612      1.6094281      2.4600639      4.4223624      6.7021794      6.8434791      3.8453566      8.7863096      6.0942678      4.7376951     10.0319790      9.5778302     13.8550194     14.0162495     12.3921749      8.0649231      8.5342522      7.2803940      6.7869800      7.7115875      8.8386101     10.1917749      9.7731583      8.5271777      8.3014396      0.3150998     -0.2091574      6.0563414 
    37.5000000        5.8708720      4.6355857      5.3396299      7.9879908      2.8943209      3.9450105      5.2910876      5.6659369      3.5955754      5.5492924      2.6370743      1.0525396      3.5121124      1.5790104      2.4311077      4.3959368      6.6801121      6.8224670      3.8197773      8.7678021      6.0749948      4.7172683     10.0151612      9.5620403     13.8370015     13.9986624     12.3769644      8.0398132      8.5116056      7.2583846      6.7663462      7.6899521      8.8179150     10.1708112      9.7540500      8.5073327      8.2808366      0.2832586     -0.2394653      6.0358226 
    38.0000000        5.8423462      4.6132197      5.3164728      7.9673451      2.8701360      3.9244920      5.2671341      5.6415769      3.5543443      5.5276550      2.6094889      1.0230577      3.4866637      1.5485927      2.4034474      4.3701611      6.6580448      6.8014549      3.7941980      8.7492946      6.0557218      4.6968415      9.9983433      9.5462504     13.8189836     13.9810752     12.3617540      8.0147033      8.4889590      7.2363751      6.7473421      7.6683166      8.7972198     10.1498474      9.7349416      8.4874876      8.2602336      0.2514174     -0.2697733      6.0153039 
    38.5000000        5.8147047      4.5908537      5.2933156      7.9466994      2.8469683      3.9039735      5.2431806      5.6172169      3.5131132      5.5060176      2.5824772      0.9935757      3.4612149      1.5181750      2.3757872      4.3443855      6.6359775      6.7804428      3.7707759      8.7307871      6.0364488      4.6764148      9.9815255      9.5304604     13.8009657     13.9634881     12.3465435      7.9895934      8.4663124      7.2143657      6.7283658      7.6466811      8.7765247     10.1288836      9.7158333      8.4676426      8.2396306      0.2204381     -0.3000813      5.9947852 
    38.5000000        5.8147047      4.5908537      5.2933156      7.9466994      2.8469683      3.9039735      5.2431806      5.6172169      3.5131132      5.5060176      2.5824772      0.9935757      3.4612149      1.5181750      2.3757872      4.3443855      6.6359775      6.7804428      3.7707759      8.7307871      6.0364488      4.6764148      9.9815255      9.5304604     13.8009657     13.9634881     12.3465435      7.9895934      8.4663124      7.2143657      6.7283658      7.6466811      8.7765247     10.1288836      9.7158333      8.4676426      8.2396306      0.2204381     -0.3000813      5.9947852 
    39.0000000        5.7880931      4.5684877      5.2701585      7.9260537      2.8241465      3.8814270      5.2192271      5.5928569      3.4718821      5.4843802      2.5557662      0.9640938      3.4357662      1.4877573      2.3481269      4.3186099      6.6139102      6.7594308      3.7476621      8.7122796      6.0171758      4.6559880      9.9647077      9.5146705     13.7829478     13.9467038     12.3313331      7.9644835      8.4436659      7.1926371      6.7093894      7.6250456      8.7558295     10.1079199      9.6967250      8.4487484      8.2197522      0.1902679     -0.3303893      5.9742664 
    39.5000000        5.7614815      4.5464049      5.2470014      7.9054080      2.8013246      3.8585370      5.1952736      5.5697443      3.4306511      5.4627427      2.5290552      0.9346119      3.4103174      1.4573396      2.3204666      4.2928343      6.5918429      6.7384187      3.7245482      8.6937721      5.9979028      4.6355612      9.9478899      9.4988806     13.7649299     13.9299425     12.3161227      7.9393736      8.4210193      7.1723239      6.6904131      7.6042828      8.7351344     10.0869561      9.6776167      8.4312039      8.2012903      0.1600978     -0.3606973      5.9537477 
    39.5000000        5.7614815      4.5464049      5.2470014      7.9054080      2.8013246      3.8585370      5.1952736      5.5697443      0.7149873      5.4627427      2.5290552      0.9346119      3.4103174      1.4573396      2.3204666      4.2928343      6.5918429      6.7384187      3.7245482      8.6937721      5.9979028      4.6355612      9.9478899      9.4988806     13.7649299     13.9299425     12.3161227      7.9393736      8.4210193      7.1723239      6.6904131      7.6042828      8.7351344     10.0869561      9.6776167      8.4312039      8.2012903      0.1600978     -0.3606973      5.9537477 
    40.0000000        5.7348699      4.5251166      5.2238443      7.8856576      2.7785028      3.8356469      5.1713200      5.5469424      0.6824405      5.4411053      2.5023442      0.9051299      3.3856797      1.4282510      2.2928063      4.2670587      6.5699189      6.7174563      3.7014344      8.6752646      5.9786298      4.6155605      9.9310720      9.4830906     13.7469119     13.9131811     12.3009122      7.9142637      8.3983727      7.1520106      6.6714367      7.5844302      8.7144393     10.0659924      9.6585084      8.4136594      8.1828284      0.1299277     -0.3900074      5.9332289 
    40.5000000        5.7082583      4.5038282      5.2006872      7.8661501      2.7556810      3.8127568      5.1479162      5.5241405      0.6498937      5.4194679      2.4756332      0.8756480      3.3614358      1.3993264      2.2651460      4.2412831      6.5492734      6.6970994      3.6783206      8.6567572      5.9593568      4.5962402      9.9142542      9.4673007     13.7296009     13.8964198     12.2857018      7.8891538      8.3769360      7.1316974      6.6524604      7.5645777      8.6937441     10.0451078      9.6394001      8.3961148      8.1643665      0.0997575     -0.4187239      5.9127102 
    41.0000000        5.6816466      4.4825398      5.1775301      7.8466427      2.7328592      3.7898667      5.1252008      5.5013386      0.6173469      5.3978305      2.4489222      0.8461661      3.3371919      1.3704018      2.2374857      4.2155075      6.5286278      6.6767425      3.6552067      8.6382497      5.9400838      4.5769199      9.8974364      9.4515108     13.7129815     13.8796584     12.2704914      7.8640440      8.3558756      7.1113842      6.6334841      7.5447251      8.6730490     10.0258535      9.6202918      8.3785703      8.1459046      0.0695874     -0.4474405      5.8921914 
    41.1000000        5.6763243      4.4782822      5.1728987      7.8427412      2.7282948      3.7852887      5.1206578      5.4967782      0.6108375      5.3935030      2.4435800      0.8403060      3.3323431      1.3646168      2.2319537      4.2103523      6.5244987      6.6726711      3.6505839      8.6345482      5.9362292      4.5730559      9.8940728      9.4483528     13.7096577     13.8763062     12.2674493      7.8590220      8.3516636      7.1073215      6.6296888      7.5407546      8.6692006     10.0220026      9.6164701      8.3750614      8.1422122      0.0635534     -0.4531838      5.8882879 
    41.1000000        5.6763243      4.4782822      5.1728987      7.8427412      2.7282948      3.7852887      5.1206578      5.4967782      0.6108375      5.3935030      2.4435800      0.8403060      3.3323431      1.3646168      2.2319537      4.2103523      6.5244987      6.6726711      3.6505839      8.6345482      5.9362292      4.5730559      9.8940728      9.4483528     13.7096577     13.8763062     12.2674493      7.8590220      8.3516636      7.1073215      6.6296888      7.5407546      8.6692006     10.0220026      9.6164701      8.3750614      8.1422122      0.0635534     -0.4531838      5.8882879 
    41.2000000        5.6710020      4.4740245      5.1682672      7.8388397      2.7237304      3.7807107      5.1161147      5.4922179      0.6043282      5.3893140      2.4382378      0.8347027      3.3274943      1.3588319      2.2264216      4.2051972      6.5203696      6.6685997      3.6459612      8.6308467      5.9323746      4.5691918      9.8907092      9.4451948     13.7063338     13.8729539     12.2644072      7.8540000      8.3474515      7.1032589      6.6258935      7.5367841      8.6653557     10.0181518      9.6126485      8.3715525      8.1385199      0.0575194     -0.4589271      5.8844661 
    41.2000000        5.6710020      4.4740245      5.1682672      7.8388397      2.7237304      3.7807107      5.1161147      5.4922179      0.6043282      5.3893140      2.4382378      0.8347027      3.3274943      1.3588319      2.2264216      4.2051972      6.5203696      6.6685997      3.6459612      8.6308467      5.9323746      4.5691918      9.8907092      9.4451948     13.7063338     13.8729539     12.2644072      7.8540000      8.3474515      7.1032589      6.6258935      7.5367841      8.6653557     10.0181518      9.6126485      8.3715525      8.1385199      0.0575194     -0.4589271      5.8844661 
    41.5000000        5.6550350      4.4612515      5.1548277      7.8271352      2.7100373      3.7669766      5.1024855      5.4785367      0.5848001      5.3768018      2.4222112      0.8178926      3.3129479      1.3414771      2.2098255      4.1900030      6.5079822      6.6563856      3.6320929      8.6197422      5.9208108      4.5575997      9.8806185      9.4357208     13.6963622     13.8628971     12.2552809      7.8401455      8.3348153      7.0910710      6.6145077      7.5248725      8.6538209     10.0065992      9.6011835      8.3610257      8.1274427      0.0394173     -0.4761570      5.8730010 
    42.0000000        5.6284234      4.4399631      5.1325762      7.8076278      2.6872155      3.7440865      5.0797702      5.4557348      0.5522533      5.3559481      2.3955002      0.7898759      3.2887040      1.3125525      2.1831717      4.1655541      6.4873367      6.6360286      3.6089790      8.6015883      5.9015379      4.5382794      9.8638007      9.4199309     13.6797429     13.8461357     12.2400705      7.8170545      8.3137549      7.0707577      6.5955314      7.5050199      8.6345963      9.9873449      9.5820752      8.3434812      8.1089808      0.0092471     -0.5048736      5.8538925 
    42.5000000        5.6018118      4.4186748      5.1103248      7.7881203      2.6643937      3.7211964      5.0570548      5.4329329      0.5197065      5.3350945      2.3687892      0.7618593      3.2644601      1.2836278      2.1572695      4.1411052      6.4666911      6.6156717      3.5858652      8.5844543      5.8822649      4.5189591      9.8469829      9.4041410     13.6631235     13.8293744     12.2248600      7.7939636      8.2926945      7.0504445      6.5770276      7.4851674      8.6153718      9.9680906      9.5629669      8.3259367      8.0905189     -0.0207262     -0.5335901      5.8347839 
    43.0000000        5.5753897      4.3973864      5.0880734      7.7686129      2.6421809      3.6983063      5.0343395      5.4101310      0.4871597      5.3142408      2.3430803      0.7338426      3.2402161      1.2547032      2.1313674      4.1166562      6.4460455      6.5953148      3.5627513      8.5673202      5.8629919      4.4996389      9.8311635      9.3883510     13.6465042     13.8126130     12.2096496      7.7708727      8.2716341      7.0301313      6.5591130      7.4653148      8.5961472      9.9488363      9.5438586      8.3083921      8.0720570     -0.0493825     -0.5623067      5.8156754 
    43.0000000        5.5753897      4.3973864      5.0880734      7.7686129      2.6421809      3.6983063      5.0343395      5.4101310      0.4871597      5.3142408      2.3430803      0.7338426      3.2402161      1.2547032      2.1313674      4.1166562      6.4460455      6.5953148      3.5627513      8.5673202      5.8629919      4.4996389      9.8311635      9.3883510     13.6465042     13.8126130     12.2096496      7.7708727      8.2716341      7.0301313      6.5591130      7.4653148      8.5961472      9.9488363      9.5438586      8.3083921      8.0720570     -0.0493825     -0.5623067      5.8156754 
    43.5000000        5.5501054      4.3760981      5.0658219      7.7491054      2.6203942      3.6750375      5.0116242      5.3873291      0.4546129      5.2933871      2.3180503      0.7058259      3.2159722      1.2257786      2.1054652      4.0922073      6.4254000      6.5749579      3.5396375      8.5501862      5.8437189      4.4803186      9.8156539      9.3725611     13.6298849     13.7958517     12.1944392      7.7477818      8.2505737      7.0098181      6.5411983      7.4454622      8.5769226      9.9295819      9.5247503      8.2908476      8.0535951     -0.0780388     -0.5910232      5.7965668 
    44.0000000        5.5248212      4.3548097      5.0435705      7.7295980      2.5986075      3.6512428      4.9889088      5.3645272      0.4220661      5.2725334      2.2930203      0.6778092      3.1917282      1.1968539      2.0795631      4.0677584      6.4047544      6.5546010      3.5165236      8.5330521      5.8244459      4.4609983      9.8001443      9.3567712     13.6132655     13.7793934     12.1793680      7.7246909      8.2295133      6.9901831      6.5232837      7.4256096      8.5576981      9.9103276      9.5056420      8.2733030      8.0351333     -0.1066951     -0.6197397      5.7774583 
    44.0000000        5.5248212      4.3548097      5.0435705      7.7295980      2.5986075      3.6512428      4.9889088      5.3645272      0.4220661      5.2725334      2.2930203      0.6778092      3.1917282      1.1968539      2.0795631      4.0677584      6.4047544      6.5546010      3.5165236      8.5330521      5.8244459      4.4609983      9.8001443      9.3567712     13.6132655     13.7793934     12.1793680      7.7246909      8.2295133      6.9901831      6.5232837      7.4256096      8.5576981      9.9103276      9.5056420      8.2733030      8.0351333     -0.1066951     -0.6197397      5.7774583 
    44.5000000        5.4995369      4.3341638      5.0213190      7.7101311      2.5768208      3.6274481      4.9661935      5.3424820      0.3895193      5.2516798      2.2679903      0.6497925      3.1674843      1.1694831      2.0536610      4.0433095      6.3841089      6.5342441      3.4950911      8.5159180      5.8051729      4.4416781      9.7846347      9.3409812     13.5966462     13.7633671     12.1653539      7.7016000      8.2084529      6.9710684      6.5053691      7.4059937      8.5384735      9.8910733      9.4865337      8.2567161      8.0170611     -0.1353514     -0.6473434      5.7583498 
    45.0000000        5.4742526      4.3141806      4.9990676      7.6914936      2.5550341      3.6036534      4.9434782      5.3206243      0.3569725      5.2308261      2.2429603      0.6217758      3.1439150      1.1422824      2.0277588      4.0188606      6.3634633      6.5138872      3.4739610      8.4987840      5.7871421      4.4223578      9.7691251      9.3251913     13.5800269     13.7473408     12.1513398      7.6785091      8.1873926      6.9519537      6.4874545      7.3872481      8.5192489      9.8718190      9.4674254      8.2405441      7.9999497     -0.1640078     -0.6746976      5.7392412 
    45.2000000        5.4641389      4.3061873      4.9901670      7.6840387      2.5463195      3.5941356      4.9343920      5.3118812      0.3439537      5.2224846      2.2329483      0.6105691      3.1346079      1.1314021      2.0173979      4.0090810      6.3552051      6.5057444      3.4655089      8.4919304      5.7800671      4.4146297      9.7629213      9.3188753     13.5733792     13.7409303     12.1457342      7.6692727      8.1789684      6.9443078      6.4802886      7.3797498      8.5115591      9.8641173      9.4601841      8.2340753      7.9931051     -0.1754703     -0.6856392      5.7315978 
    45.2000000        5.4641389      4.3061873      4.9901670      7.6840387      2.5463195      3.5941356      4.9343920      5.3118812      0.3439537      5.2224846      2.2329483      0.6105691      3.1346079      1.1314021      2.0173979      4.0090810      6.3552051      6.5057444      3.4655089      8.4919304      5.7800671      4.4146297      9.7629213      9.3188753     13.5733792     13.7409303     12.1457342      7.6692727      8.1789684      6.9443078      6.4802886      7.3797498      8.5115591      9.8641173      9.4601841      8.2340753      7.9931051     -0.1754703     -0.6856392      5.7315978 
    45.5000000        5.4489684      4.2941974      4.9768161      7.6728562      2.5332474      3.5798587      4.9214153      5.2987666      0.3244257      5.2099724      2.2179303      0.5937591      3.1206471      1.1150816      2.0018567      3.9944116      6.3432155      6.4935302      3.4528308      8.4816499      5.7694546      4.4030375      9.7536156      9.3094014     13.5634329     13.7313146     12.1373257      7.6554182      8.1667658      6.9328390      6.4695399      7.3685025      8.5000243      9.8525647      9.4496024      8.2243720      7.9828382     -0.1926641     -0.7020517      5.7201327 
    46.0000000        5.4236841      4.2742142      4.9545647      7.6542187      2.5114608      3.5560641      4.9000190      5.2769089      0.2918788      5.1891187      2.1929003      0.5670803      3.0973791      1.0878809      1.9759545      3.9699627      6.3234644      6.4737024      3.4317007      8.4645159      5.7517671      4.3841606      9.7381060      9.2936114     13.5475243     13.7152883     12.1233116      7.6323273      8.1468966      6.9137243      6.4516253      7.3497569      8.4807998      9.8333104      9.4319664      8.2082000      7.9657268     -0.2213204     -0.7294058      5.7010241 
    46.5000000        5.3983998      4.2542310      4.9328965      7.6355813      2.4896741      3.5322694      4.8786227      5.2550512      0.2593320      5.1691473      2.1678703      0.5406752      3.0741111      1.0606802      1.9500524      3.9468232      6.3037132      6.4540718      3.4105706      8.4473818      5.7340796      4.3658744      9.7225964      9.2778215     13.5316158     13.6992621     12.1092974      7.6092364      8.1270273      6.8946096      6.4337106      7.3310113      8.4615752      9.8144900      9.4143303      8.1920279      7.9486153     -0.2499767     -0.7567599      5.6819156 
    47.0000000        5.3731156      4.2342478      4.9116679      7.6169438      2.4678874      3.5084747      4.8572264      5.2331934      0.2267852      5.1494629      2.1428403      0.5142701      3.0508431      1.0334795      1.9256792      3.9237979      6.2839621      6.4344412      3.3894404      8.4302478      5.7163921      4.3475883      9.7070868      9.2620316     13.5157072     13.6832358     12.0952833      7.5866721      8.1071581      6.8754949      6.4157960      7.3122657      8.4429962      9.7961698      9.3966943      8.1758559      7.9315039     -0.2786331     -0.7841140      5.6628070 
    47.5000000        5.3478313      4.2142646      4.8904394      7.5983063      2.4461007      3.4846800      4.8358301      5.2113357      0.1947547      5.1297785      2.1178103      0.4878651      3.0275752      1.0062787      1.9013708      3.9007726      6.2642110      6.4148107      3.3683103      8.4131137      5.6987046      4.3293021      9.6915772      9.2473425     13.4997987     13.6672096     12.0812692      7.5644590      8.0872888      6.8563802      6.3978814      7.2935201      8.4248369      9.7778496      9.3790582      8.1596838      7.9143924     -0.3059622     -0.8114682      5.6436985 
    47.8000000        5.3326607      4.2022746      4.8777023      7.5871239      2.4330287      3.4704032      4.8229923      5.1982211      0.1758662      5.1179679      2.1027923      0.4720220      3.0136144      0.9899583      1.8867858      3.8869574      6.2523603      6.4030323      3.3556322      8.4028333      5.6880921      4.3183304      9.6822715      9.2385303     13.4902536     13.6575938     12.0728607      7.5511311      8.0753672      6.8449114      6.3875002      7.2822728      8.4139413      9.7668574      9.3684766      8.1499806      7.9041255     -0.3221763     -0.8278806      5.6322334 
    47.8000000        5.3326607      4.2022746      4.8777023      7.5871239      2.4330287      3.4704032      4.8229923      5.1982211      0.1758662      5.1179679      2.1027923      0.4720220      3.0136144      0.9899583      1.8867858      3.8869574      6.2523603      6.4030323      3.3556322      8.4028333      5.6880921      4.3183304      9.6822715      9.2385303     13.4902536     13.6575938     12.0728607      7.5511311      8.0753672      6.8449114      6.3875002      7.2822728      8.4139413      9.7668574      9.3684766      8.1499806      7.9041255     -0.3221763     -0.8278806      5.6322334 
    48.0000000        5.3225470      4.1942814      4.8692109      7.5796689      2.4247066      3.4608853      4.8144338      5.1894780      0.1632739      5.1100941      2.0932888      0.4614600      3.0043072      0.9790780      1.8770624      3.8777473      6.2444598      6.3951801      3.3471802      8.3961499      5.6810171      4.3110160      9.6760676      9.2326555     13.4838901     13.6511833     12.0672551      7.5422459      8.0674195      6.8372655      6.3807833      7.2747746      8.4066776      9.7595294      9.3614222      8.1435118      7.8972809     -0.3329856     -0.8388223      5.6245900 
    48.5000000        5.2982056      4.1742982      4.8479823      7.5610314      2.4041993      3.4373575      4.7930375      5.1676203      0.1317931      5.0904097      2.0696393      0.4350549      2.9810392      0.9518773      1.8527540      3.8547220      6.2247087      6.3755495      3.3260500      8.3799818      5.6633297      4.2927298      9.6605580      9.2179686     13.4679816     13.6351571     12.0532410      7.5200328      8.0475503      6.8181508      6.3639911      7.2560290      8.3885183      9.7412092      9.3437861      8.1273397      7.8801695     -0.3600090     -0.8661764      5.6054814 
    48.5000000        5.2982056      4.1742982      4.8479823      7.5610314      2.4041993      3.4373575      4.7930375      5.1676203      0.1317931      5.0904097      2.0696393      0.4350549      2.9810392      0.9518773      1.8527540      3.8547220      6.2247087      6.3755495      3.3260500      8.3799818      5.6633297      4.2927298      9.6605580      9.2179686     13.4679816     13.6351571     12.0532410      7.5200328      8.0475503      6.8181508      6.3639911      7.2560290      8.3885183      9.7412092      9.3437861      8.1273397      7.8801695     -0.3600090     -0.8661764      2.2553800 
    49.0000000        5.2741291      4.1543150      4.8267538      7.5423940      2.3836920      3.4148563      4.7716412      5.1457626      0.1003124      5.0707253      2.0459898      0.4086498      2.9577712      0.9246766      1.8284456      3.8316967      6.2049575      6.3559190      3.3049199      8.3638136      5.6456422      4.2744436      9.6455696      9.2032817     13.4520730     13.6191308     12.0392268      7.4978197      8.0276810      6.7990361      6.3471988      7.2372834      8.3703591      9.7228890      9.3261501      8.1111677      7.8630580     -0.3870323     -0.8935305      2.2339837 
    49.5000000        5.2500526      4.1343317      4.8055252      7.5237565      2.3631847      3.3923550      4.7502449      5.1239049      0.0688316      5.0510409      2.0223402      0.3822448      2.9345033      0.8978189      1.8041372      3.8086714      6.1852064      6.3362884      3.2837898      8.3476455      5.6279547      4.2561575      9.6308723      9.1885948     13.4361645     13.6031046     12.0252127      7.4756066      8.0078117      6.7808713      6.3304065      7.2185378      8.3521998      9.7045687      9.3085141      8.0949956      7.8459466     -0.4140557     -0.9196409      2.2125873 
    49.8000000        5.2356067      4.1223418      4.7927881      7.5125740      2.3508803      3.3788543      4.7374071      5.1110278      0.0499431      5.0392302      2.0081505      0.3664017      2.9205425      0.8817852      1.7895521      3.7948563      6.1733557      6.3245101      3.2711117      8.3379446      5.6173422      4.2451858      9.6220539      9.1797826     13.4266193     13.5935527     12.0168042      7.4622787      7.9958902      6.7701250      6.3203311      7.2072905      8.3413042      9.6935766      9.2979324      8.0852924      7.8356797     -0.4302697     -0.9352942      2.1997496 
    49.8000000        5.2356067      4.1223418      4.7927881      7.5125740      2.3508803      3.3788543      4.7374071      5.1110278      0.0499431      5.0392302      2.0081505      0.3664017      2.9205425      0.8817852      1.7895521      3.7948563      6.1733557      6.3245101      3.2711117      8.3379446      5.6173422      4.2451858      9.6220539      9.1797826     13.4266193     13.5935527     12.0168042      7.4622787      7.9958902      6.7701250      6.3203311      7.2072905      8.3413042      9.6935766      9.2979324      8.0852924      7.8356797     -0.4302697     -0.9352942      2.1997496 
    50.0000000        5.2259761      4.1147475      4.7842967      7.5053118      2.3426774      3.3698538      4.7288486      5.1026834      0.0373508      5.0313565      1.9986907      0.3558397      2.9112353      0.8710961      1.7798288      3.7856461      6.1654552      6.3166579      3.2626596      8.3314773      5.6102672      4.2378713      9.6161750      9.1739079     13.4202559     13.5874135     12.0111986      7.4533934      7.9879425      6.7629608      6.3136142      7.1997922      8.3340405      9.6862485      9.2908780      8.0788236      7.8288351     -0.4410791     -0.9457296      2.1911910 
    50.5000000        5.2018996      4.0958063      4.7630682      7.4874105      2.3221700      3.3473526      4.7074523      5.0818224      0.0058701      5.0116721      1.9750412      0.3294346      2.8887786      0.8443732      1.7555204      3.7626209      6.1457041      6.2970273      3.2415295      8.3153092      5.5925797      4.2195852      9.6014777      9.1592209     13.4043474     13.5720654     11.9971845      7.4311803      7.9680732      6.7450503      6.2968220      7.1817658      8.3158812      9.6679283      9.2732420      8.0630156      7.8117237     -0.4681024     -0.9718183      2.1697947 
    51.0000000        5.1778231      4.0768650      4.7418396      7.4695092      2.3016627      3.3248514      4.6862822      5.0609613     -0.0256107      4.9919877      1.9513917      0.3043200      2.8668560      0.8176504      1.7312120      3.7395956      6.1259529      6.2773967      3.2208803      8.2991410      5.5748922      4.2012990      9.5867804      9.1445340     13.3884388     13.5567173     11.9837909      7.4089672      7.9482039      6.7271397      6.2800297      7.1641480      8.2977220      9.6496081      9.2556059      8.0481974      7.7953420     -0.4951258     -0.9979070      2.1483984 
    51.0000000        5.1778231      4.0768650      4.7418396      7.4695092      2.3016627      3.3248514      4.6862822      5.0609613     -0.0256107      4.9919877      1.9513917      0.3043200      2.8668560      0.8176504      1.7312120      3.7395956      6.1259529      6.2773967      3.2208803      8.2991410      5.5748922      4.2012990      9.5867804      9.1445340     13.3884388     13.5567173     11.9837909      7.4089672      7.9482039      6.7271397      6.2800297      7.1641480      8.2977220      9.6496081      9.2556059      8.0481974      7.7953420     -3.5180600     -0.9979070      2.1483984 
    51.5000000        5.1537466      4.0579238      4.7206111      7.4516079      2.2811554      3.3023502      4.6657003      5.0401003     -0.0570915      4.9723032      1.9277422      0.2793364      2.8449333      0.7909276      1.7069036      3.7174049      6.1066605      6.2577662      3.2012899      8.2829729      5.5573480      4.1830129      9.5720831      9.1298471     13.3727578     13.5413692     11.9704546      7.3867541      7.9290611      6.7092292      6.2632374      7.1465303      8.2795627      9.6312879      9.2379699      8.0333793      7.7795608     -3.5467543     -1.0239957      2.1270021 
    52.0000000        5.1296701      4.0389825      4.6998932      7.4337066      2.2606481      3.2798490      4.6451183      5.0192392     -0.0885722      4.9533265      1.9040927      0.2543528      2.8230106      0.7642048      1.6827888      3.6957114      6.0878339      6.2381665      3.1816995      8.2668047      5.5405674      4.1647267      9.5573857      9.1151602     13.3576590     13.5260211     11.9571183      7.3645410      7.9101761      6.6913187      6.2464452      7.1289125      8.2614034      9.6129677      9.2210998      8.0185611      7.7637796     -3.5754485     -1.0500844      2.1056058 
    52.5000000        5.1055935      4.0200413      4.6795977      7.4158053      2.2401408      3.2573477      4.6245364      4.9983782     -0.1198713      4.9346831      1.8804432      0.2293692      2.8010879      0.7374820      1.6598631      3.6740180      6.0690074      6.2192379      3.1621091      8.2506366      5.5237868      4.1464405      9.5426884      9.1004733     13.3425601     13.5106730     11.9437820      7.3423279      7.8912911      6.6734081      6.2296529      7.1112947      8.2432441      9.5946475      9.2045302      8.0037429      7.7479984     -3.6041428     -1.0761731      2.0845505 
    53.0000000        5.0815170      4.0011000      4.6593023      7.3979040      2.2196335      3.2348465      4.6039545      4.9775171     -0.1502199      4.9160397      1.8567937      0.2043856      2.7791652      0.7107592      1.6369374      3.6523245      6.0501809      6.2003093      3.1425187      8.2344684      5.5070062      4.1288531      9.5279911      9.0857864     13.3274613     13.4953249     11.9304457      7.3205942      7.8724060      6.6554976      6.2128606      7.0936769      8.2250848      9.5766470      9.1879606      7.9889248      7.7322172     -3.6328371     -1.1022617      2.0638302 
    53.0000000        5.0815170      4.0011000      4.6593023      7.3979040      2.2196335      3.2348465      4.6039545      4.9775171     -0.1502199      4.9160397      1.8567937      0.2043856      2.7791652     -2.4719807      1.6369374      3.6523245      6.0501809      6.2003093      3.1425187      8.2344684      5.5070062      4.1288531      9.5279911      9.0857864     13.3274613     13.4953249     11.9304457      7.3205942      7.8724060      6.6554976      6.2128606      7.0936769      8.2250848      9.5766470      9.1879606      7.9889248      7.7322172     -3.6328371     -1.1022617      2.0638302 
    53.5000000        5.0574405      3.9821588      4.6390069      7.3800027      2.1991262      3.2123453      4.5833726      4.9566561     -0.1805685      4.8973963      1.8332664      0.1794020      2.7572425     -2.4968649      1.6140117      3.6306310      6.0313543      6.1813806      3.1229282      8.2183002      5.4902256      4.1114898      9.5132938      9.0710994     13.3123625     13.4799768     11.9171094      7.2995797      7.8535210      6.6375871      6.1960683      7.0760592      8.2077040      9.5593592      9.1713911      7.9741066      7.7164360     -3.6615314     -1.1283504      2.0431100 
    53.5000000        5.0574405      3.9821588      4.6390069      7.3800027      2.1991262      3.2123453      4.5833726      4.9566561     -0.1805685      4.8973963      1.8332664      0.1794020      2.7572425     -2.4968649      1.6140117      3.6306310      6.0313543      6.1813806      3.1229282      8.2183002      5.4902256      4.1114898      9.5132938      9.0710994     13.3123625     13.4799768     11.9171094      7.2995797      7.8535210      6.6375871      6.1960683      7.0760592      8.2077040      9.5593592      9.1713911      7.9741066      7.7164360     -3.6615314     -1.1283504      2.0431100 
    54.0000000        5.0336726      3.9632175      4.6187114      7.3621014      2.1794987      3.1898441      4.5627906      4.9357951     -0.2109172      4.8787528      1.8111747      0.1544184      2.7353199     -2.5217492      1.5910860      3.6089375      6.0125278      6.1624520      3.1033378      8.2021321      5.4734450      4.0941265      9.4985965      9.0564414     13.2972637     13.4646287     11.9037732      7.2785652      7.8346360      6.6196765      6.1798798      7.0584414      8.1906258      9.5420714      9.1548215      7.9592885      7.7006548     -3.6902257     -1.1544391      2.0223898 
    54.0000000        5.0336726      3.9632175      4.6187114      7.3621014      2.1794987      3.1898441      4.5627906      4.9357951     -0.2109172      4.8787528      1.8111747      0.1544184      2.7353199     -2.5217492      1.5910860      3.6089375      6.0125278      6.1624520      3.1033378      8.2021321      5.4734450      4.0941265      9.4985965      9.0564414     13.2972637     13.4646287     11.9037732      7.2785652      7.8346360      6.6196765      6.1798798      7.0584414      8.1906258      9.5420714      9.1548215      7.9592885      7.7006548     -3.6902257     -1.1544391      2.0223898 
    54.1000000        5.0290812      3.9594293      4.6146523      7.3585211      2.1756318      3.1853439      4.5586743      4.9316228     -0.2169869      4.8750242      1.8067564      0.1494217      2.7309353     -2.5267260      1.5865009      3.6045988      6.0087625      6.1586663      3.0994197      8.1988985      5.4700889      4.0906538      9.4956570      9.0536482     13.2942439     13.4615590     11.9011059      7.2743623      7.8308590      6.6160944      6.1766944      7.0549178      8.1872102      9.5386139      9.1515076      7.9563248      7.6974986     -3.6959645     -1.1596568      2.0182458 
    54.1000000        5.0290812      3.9594293      4.6146523      7.3585211      2.1756318      3.1853439      4.5586743      4.9316228     -0.2169869      4.8750242      1.8067564      0.1494217      2.7309353     -2.5267260      1.5865009      3.6045988      6.0087625      6.1586663      3.0994197      8.1988985      5.4700889      4.0906538      9.4956570      9.0536482     13.2942439     13.4615590     11.9011059      7.2743623      7.8308590      6.6160944      6.1766944      7.0549178      8.1872102      9.5386139      9.1515076      7.9563248      7.6974986     -3.6959645     -1.1596568      2.0182458 
    54.2000000        5.0244899      3.9556410      4.6105932      7.3549409      2.1717650      3.1808436      4.5545579      4.9274506     -0.2230566      4.8712955      1.8023380      0.1444250      2.7265508     -2.5317029      1.5819158      3.6002601      6.0049972      6.1548806      3.0955017      8.1956648      5.4667328      4.0871811      9.4927175      9.0508551     13.2912242     13.4584894     11.8984386      7.2701594      7.8270819      6.6125123      6.1735089      7.0513943      8.1837946      9.5351563      9.1481937      7.9533612      7.6943424     -3.7017034     -1.1648746      2.0141017 
    54.2000000        5.0244899      3.9556410      4.6105932      7.3549409      2.1717650      3.1808436      4.5545579      4.9274506     -0.2230566      4.8712955      1.8023380      0.1444250      2.7265508     -2.5317029      1.5819158      3.6002601      6.0049972      6.1548806      3.0955017      8.1956648      5.4667328      4.0871811      9.4927175      9.0508551     13.2912242     13.4584894     11.8984386      7.2701594      7.8270819      6.6125123      6.1735089      7.0513943      8.1837946      9.5351563      9.1481937      7.9533612      7.6943424     -3.7017034     -1.1648746      2.0141017 
    54.5000000        5.0107157      3.9442763      4.5984160      7.3442001      2.1601644      3.1673429      4.5422087      4.9149340     -0.2412658      4.8601094      1.7890830      0.1294348      2.7133972     -2.5466334      1.5681603      3.5872440      5.9937012      6.1435234      3.0837474      8.1859639      5.4566644      4.0767631      9.4838992      9.0424756     13.2821649     13.4492806     11.8904369      7.2575507      7.8157509      6.6017660      6.1639524      7.0408236      8.1735477      9.5247837      9.1382520      7.9444703      7.6848736     -3.7189199     -1.1801795      2.0016696 
    54.5000000        5.0107157      3.9442763      4.5984160      7.3442001      2.1601644      0.9273805      4.5422087      4.9149340     -0.2412658      4.8601094      1.7890830      0.1294348      2.7133972     -2.5466334      1.5681603      3.5872440      5.9937012      6.1435234      3.0837474      8.1859639      5.4566644      4.0767631      9.4838992      9.0424756     13.2821649     13.4492806     11.8904369      7.2575507      7.8157509      6.6017660      6.1639524      7.0408236      8.1735477      9.5247837      9.1382520      7.9444703      7.6848736     -3.7189199     -1.1801795      2.0016696 
    55.0000000        4.9877588      3.9253350      4.5781205      7.3262988      2.1408302      0.9057427      4.5216268      4.8940730     -0.2716144      4.8414660      1.7669913      0.1044512      2.6914745     -2.5715176      1.5452346      3.5655506      5.9748747      6.1245948      3.0641570      8.1701720      5.4398838      4.0593998      9.4692018      9.0285098     13.2670661     13.4339324     11.8771006      7.2365362      7.7968659      6.5838555      6.1480249      7.0232058      8.1564695      9.5074959      9.1216824      7.9296522      7.6690924     -3.7476142     -1.2053147      1.9809494 
    55.5000000        4.9648019      3.9063938      4.5578251      7.3083975      2.1214960      0.8841050      4.5010449      4.8732119     -0.3019630      4.8228226      1.7448996      0.0794676      2.6695518     -2.5964018      1.5223089      3.5438571      5.9560482      6.1056661      3.0445666      8.1549842      5.4231032      4.0420365      9.4545045      9.0145440     13.2519673     13.4185843     11.8637643      7.2155217      7.7779809      6.5667038      6.1320974      7.0055881      8.1393914      9.4902081      9.1051128      7.9148340      7.6533112     -3.7763085     -1.2304498      1.9602292 
    56.0000000        4.9418451      3.8874525      4.5375297      7.2907532      2.1021617      0.8624672      4.4804630      4.8525223     -0.3323116      4.8041792      1.7228079      0.0544840      2.6476291     -2.6212860      1.4993832      3.5221636      5.9372216      6.0867375      3.0249761      8.1397963      5.4063226      4.0246732      9.4403719      9.0005783     13.2368685     13.4032362     11.8504280      7.1945072      7.7590958      6.5499206      6.1161699      6.9879703      8.1223132      9.4729203      9.0885433      7.9000159      7.6375300     -3.8039283     -1.2555849      1.9395090 
    56.0000000        4.9418451      3.8874525      4.5375297      7.2907532      2.1021617      0.8624672      4.4804630      4.8525223     -0.3323116      4.8041792      1.7228079      0.0544840      2.6476291     -2.6212860      1.4993832      3.5221636      5.9372216      6.0867375      3.0249761      8.1397963      5.4063226      4.0246732      9.4403719      9.0005783     13.2368685     13.4032362     11.8504280      7.1945072      7.7590958      6.5499206      6.1161699      6.9879703      8.1223132      9.4729203      9.0885433      7.9000159      7.6375300     -3.8039283     -1.2555849      1.9395090 
    56.5000000        4.9188882      3.8693873      4.5172342      7.2736879      2.0828275      0.8408295      4.4598810      4.8326411     -0.3626603      4.7855358      1.7007162      0.0307509      2.6260194     -2.6461703      1.4764575      3.5004701      5.9183951      6.0678089      3.0053857      8.1246085      5.3895420      4.0073098      9.4264889      8.9866125     13.2217696     13.3879363     11.8370917      7.1734928      7.7402108      6.5331375      6.1002424      6.9703525      8.1052351      9.4556326      9.0719737      7.8851977      7.6217488     -3.8304207     -1.2807200      1.9187888 
    57.0000000        4.8959313      3.8513949      4.4969388      7.2566225      2.0634932      0.8191917      4.4392991      4.8127599     -0.3930089      4.7668924      1.6786245      0.0070968      2.6053927     -2.6710545      1.4535318      3.4790124      5.8995685      6.0488803      2.9857953      8.1094207      5.3727614      3.9899465      9.4126059      8.9726467     13.2066708     13.3732525     11.8237554      7.1524783      7.7213258      6.5163544      6.0843149      6.9533902      8.0881569      9.4383448      9.0554042      7.8703795      7.6059676     -3.8569131     -1.3058551      1.8980686 
    57.5000000        4.8729744      3.8334024      4.4766433      7.2395572      2.0441590      0.7975540      4.4195421      4.7928787     -0.4233575      4.7482490      1.6565328     -0.0165573      2.5847660     -2.6959387      1.4306061      3.4585302      5.8807420      6.0299516      2.9662049      8.0942329      5.3559808      3.9725832      9.3987230      8.9586809     13.1915720     13.3585687     11.8104191      7.1314638      7.7024407      6.4995712      6.0683875      6.9368974      8.0710788      9.4210570      9.0388346      7.8555614      7.5901864     -3.8834054     -1.3309902      1.8773484 
    58.0000000        4.8500175      3.8154099      4.4566064      7.2224919      2.0248248      0.7759163      4.4002383      4.7729975     -0.4537061      4.7299000      1.6344411     -0.0402115      2.5641393     -2.7208229      1.4082070      3.4380479      5.8620279      6.0110230      2.9466145      8.0790451      5.3392002      3.9552198      9.3848400      8.9447151     13.1765400     13.3438849     11.7970828      7.1104493      7.6842728      6.4827881      6.0524600      6.9204046      8.0540006      9.4037692      9.0222650      7.8417139      7.5744052     -3.9098978     -1.3561253      1.8566282 
    58.5000000        4.8270606      3.7974175      4.4370998      7.2054266      2.0054905      0.7542785      4.3809346      4.7531163     -0.4827635      4.7122742      1.6123494     -0.0638656      2.5435126     -2.7457072      1.3865766      3.4175656      5.8442173      5.9920944      2.9270240      8.0638572      5.3224196      3.9378565      9.3709570      8.9307494     13.1621022     13.3292011     11.7842606      7.0894348      7.6663952      6.4660050      6.0365325      6.9039118      8.0369225      9.3864814      9.0056955      7.8280692      7.5594960     -3.9363902     -1.3812604      1.8359079 
    59.0000000        4.8041037      3.7794250      4.4175931      7.1883612      1.9861563      0.7326408      4.3616308      4.7332351     -0.5117154      4.6946485      1.5902577     -0.0875198      2.5228859     -2.7705914      1.3649462      3.3970834      5.8264067      5.9731658      2.9078176      8.0486694      5.3056390      3.9204932      9.3570740      8.9167836     13.1476644     13.3145173     11.7715928      7.0684203      7.6485176      6.4492218      6.0206050      6.8874190      8.0198443      9.3691937      8.9891259      7.8144245      7.5447435     -3.9628826     -1.4063956      1.8151877 
    59.0000000        4.8041037      3.7794250      4.4175931      7.1883612      1.9861563      0.7326408      4.3616308      4.7332351     -0.5117154      4.6946485      1.5902577     -0.0875198      2.5228859     -2.7705914      1.3649462      3.3970834      5.8264067      5.9731658      2.9078176      8.0486694      5.3056390      3.9204932      9.3570740      8.9167836     13.1476644     13.3145173     11.7715928      7.0684203      7.6485176      6.4492218      6.0206050      6.8874190      8.0198443      9.3691937      8.9891259      7.8144245      7.5447435     -3.9628826     -6.2601141      1.8151877 
    59.5000000        4.7811468      3.7614325      4.3980865      7.1712959      1.9668220      0.7110030      4.3423271      4.7133538     -0.5406672      4.6770227      1.5681660     -0.1111739      2.5022593     -2.7954756      1.3433158      3.3766011      5.8085961      5.9546029      2.8895787      8.0334816      5.2892635      3.9031299      9.3431910      8.9028178     13.1332265     13.2998335     11.7589251      7.0474058      7.6306399      6.4324387      6.0046775      6.8709261      8.0027662      9.3519059      8.9732207      7.8007798      7.5299911     -3.9893750     -6.2863589      1.7944675 
    60.0000000        4.7581899      3.7434401      4.3785798      7.1542306      1.9474878      0.6893653      4.3230234      4.6934726     -0.5696190      4.6593969      1.5465625     -0.1348280      2.4816326     -2.8203598      1.3216854      3.3561188      5.7907855      5.9360641      2.8713398      8.0182938      5.2734346      3.8857665      9.3293080      8.8888520     13.1187887     13.2851497     11.7462574      7.0271154      7.6127623      6.4156556      5.9887500      6.8544333      7.9856880      9.3346181      8.9576130      7.7871351      7.5152386     -4.0158674     -6.3126037      1.7737473 
    60.5000000        4.7358353      3.7254476      4.3590732      7.1371653      1.9288941      0.6681910      4.3037196      4.6735914     -0.5985708      4.6417712      1.5260281     -0.1584822      2.4610059     -2.8452440      1.3000550      3.3356366      5.7729749      5.9175252      2.8531008      8.0031060      5.2576057      3.8685377      9.3154250      8.8748863     13.1043508     13.2704659     11.7335897      7.0073077      7.5948846      6.3988724      5.9729944      6.8379405      7.9687468      9.3176552      8.9420054      7.7734904      7.5004862     -4.0423598     -6.3388485      1.7536034 
    60.5000000        4.7358353      3.7254476      4.3590732      7.1371653      1.9288941      0.6681910      4.3037196      4.6735914     -0.5985708      4.6417712      1.5260281     -0.1584822      2.4610059     -2.8452440      1.3000550      3.3356366      5.7729749      5.9175252      2.8531008      8.0031060      5.2576057      3.8685377      9.3154250      8.8748863     13.1043508     13.2704659     11.7335897      7.0073077      7.5948846      6.3988724      5.9729944      6.8379405      7.9687468      9.3176552      8.9420054      7.7734904      7.5004862     -4.0423598     -6.3388485      1.7536034 
    61.0000000        4.7140534      3.7074552      4.3395665      7.1200999      1.9105939      0.6484551      4.2844159      4.6537102     -0.6275227      4.6241454      1.5054937     -0.1821363      2.4403792     -2.8701283      1.2784246      3.3151543      5.7551643      5.8989864      2.8348619      7.9879181      5.2417768      3.8520738      9.3015420      8.8609205     13.0899130     13.2557821     11.7209219      6.9875000      7.5770070      6.3820893      5.9579282      6.8214477      7.9526469      9.3012095      8.9263977      7.7598457      7.4857337     -4.0688522     -6.3650932      1.7334811 
    61.5000000        4.6922715      3.6894627      4.3200599      7.1030346      1.8922937      0.6287193      4.2651121      4.6338290     -0.6564745      4.6065196      1.4849593     -0.2057904      2.4197525     -2.8950125      1.2567943      3.2946720      5.7373537      5.8804475      2.8166230      7.9727303      5.2259479      3.8356099      9.2876590      8.8469547     13.0754751     13.2410983     11.7082542      6.9676923      7.5591294      6.3653062      5.9428619      6.8049549      7.9365470      9.2847637      8.9107901      7.7462010      7.4709813     -4.0953446     -6.3913380      1.7133588 
    62.0000000        4.6704897      3.6714702      4.3005532      7.0859693      1.8739936      0.6089835      4.2458084      4.6139478     -0.6854263      4.5888939      1.4644250     -0.2293512      2.3991258     -2.9198967      1.2351639      3.2741898      5.7195430      5.8619087      2.7983840      7.9575425      5.2101190      3.8191459      9.2737760      8.8330713     13.0610373     13.2264145     11.6955865      6.9478846      7.5412517      6.3485534      5.9277957      6.7884621      7.9204471      9.2683180      8.8951824      7.7325563      7.4562288     -4.1218370     -6.4175828      1.6932365 
    62.0000000        4.6704897      3.6714702      4.3005532      7.0859693      1.8739936      0.6089835      4.2458084      4.6139478     -0.6854263      4.5888939      1.4644250     -0.2293512      2.3991258     -2.9198967      1.2351639      3.2741898      5.7195430      5.8619087      2.7983840      2.6245414      5.2101190      3.8191459      9.2737760      8.8330713     13.0610373     13.2264145     11.6955865      6.9478846      7.5412517      6.3485534      5.9277957      6.7884621      7.9204471      9.2683180      8.8951824      7.7325563      7.4562288     -4.1218370     -6.4175828      1.6932365 
    62.5000000        4.6487078      3.6534778      4.2810466      7.0689564      1.8556934      0.5892476      4.2265047      4.5940666     -0.7143781      4.5712681      1.4438906     -0.2514763      2.3784991     -2.9447809      1.2135335      3.2537075      5.7017324      5.8433698      2.7801451      2.6054502      5.1942901      3.8026820      9.2598930      8.8196774     13.0465995     13.2117307     11.6829187      6.9280769      7.5233741      6.3328393      5.9127295      6.7719693      7.9043473      9.2518723      8.8795747      7.7189116      7.4414764     -4.1511889     -6.4438276      1.6731141 
    63.0000000        4.6269259      3.6354853      4.2615399      7.0527075      1.8373932      0.5695118      4.2072009      4.5744383     -0.7433300      4.5536423      1.4233562     -0.2736014      2.3578725     -2.9696652      1.1919031      3.2332252      5.6839218      5.8248310      2.7619062      2.5863590      5.1784612      3.7862181      9.2460100      8.8062836     13.0321616     13.1970469     11.6702510      6.9082692      7.5054964      6.3171252      5.8976633      6.7554764      7.8882474      9.2354265      8.8639671      7.7052669      7.4267239     -4.1805585     -6.4700723      1.6529918 
    63.0000000        4.6269259      3.6354853      4.2615399      7.0527075      1.8373932      0.5695118      4.2072009      4.5744383     -0.7433300      4.5536423      1.4233562     -0.2736014      2.3578725     -2.9696652     -3.7125217      3.2332252      5.6839218      5.8248310      2.7619062      2.5863590      5.1784612      3.7862181      9.2460100      8.8062836     13.0321616     13.1970469     11.6702510      6.9082692      7.5054964      6.3171252      5.8976633      6.7554764      7.8882474      9.2354265      8.8639671      7.7052669      7.4267239     -4.1805585     -6.4700723      1.6529918 
    63.5000000        4.6051440      3.6183475      4.2420333      7.0364587      1.8190930      0.5497760      4.1878972      4.5556013     -0.7722818      4.5360166      1.4028218     -0.2957266      2.3377740     -2.9945494     -3.7407339      3.2133645      5.6661112      5.8062921      2.7436672      2.5672678      5.1626324      3.7697542      9.2321270      8.7928897     13.0177238     13.1823631     11.6575833      6.8884615      7.4876188      6.3014111      5.8825971      6.7389836      7.8721475      9.2189808      8.8483594      7.6916222      7.4119715     -4.2099282     -6.4963171      1.6328695 
    64.0000000        4.5833621      3.6013466      4.2225266      7.0202098      1.8007928      0.5300401      4.1685934      4.5367644     -0.8012336      4.5183908      1.3822875     -0.3178517      2.3185524     -3.0187131     -3.7689462      3.1941235      5.6483006      5.7877533      2.7254283      2.5481766      5.1468035      3.7532902      9.2186817      8.7794959     13.0032859     13.1676925     11.6449156      6.8686538      7.4697411      6.2856970      5.8675309      6.7224908      7.8560476      9.2025351      8.8327518      7.6779775      7.3972190     -4.2392978     -6.5225619      1.6127472 
    64.5000000        4.5615803      3.5843458      4.2030200      7.0039609      1.7824927      0.5103043      4.1495377      4.5179274     -0.8291534      4.5007651      1.3617531     -0.3399768      2.2993308     -3.0427981     -3.7971584      3.1748825      5.6304900      5.7692144      2.7071894      2.5290854      5.1309746      3.7368263      9.2054926      8.7661021     12.9888481     13.1536114     11.6322478      6.8488462      7.4518635      6.2699829      5.8524646      6.7068451      7.8399477      9.1860893      8.8171441      7.6643328      7.3824666     -4.2686674     -6.5488066      1.5926248 
    65.0000000        4.5397984      3.5673449      4.1842647      6.9877121      1.7641925      0.4905685      4.1310725      4.4990904     -0.8565479      4.4835108      1.3412187     -0.3621020      2.2801092     -3.0668831     -3.8253706      3.1556415      5.6126794      5.7506756      2.6889504      2.5099942      5.1151457      3.7203624      9.1923035      8.7527082     12.9744102     13.1395303     11.6195801      6.8290385      7.4341105      6.2542688      5.8373984      6.6913502      7.8238479      9.1696436      8.8015365      7.6506881      7.3677141     -4.2980371     -6.5750514      1.5725025 
    65.5000000        4.5180165      3.5503440      4.1657697      6.9714632      1.7458923      0.4708327      4.1126073      4.4802535     -0.8839424      4.4668395      1.3206844     -0.3842271      2.2608876     -3.0909682     -3.8535828      3.1364005      5.5949751      5.7321367      2.6707115      2.4909030      5.0993168      3.7038984      9.1791145      8.7393144     12.9602239     13.1254493     11.6069124      6.8092308      7.4173392      6.2385547      5.8223322      6.6758552      7.8077480      9.1531979      8.7859288      7.6370434      7.3529617     -4.3274067     -6.6012962      1.5523802 
    66.0000000        4.4962346      3.5333432      4.1472747      6.9552143      1.7275921      0.4510968      4.0941420      4.4614165     -0.9113369      4.4501682      1.3001500     -0.4063522      2.2416660     -3.1150532     -3.8817950      3.1171594      5.5780533      5.7135979      2.6524726      2.4718118      5.0834879      3.6874345      9.1659254      8.7259205     12.9465084     13.1113682     11.5942447      6.7894231      7.4005678      6.2228406      5.8072660      6.6603602      7.7916481      9.1367521      8.7703211      7.6234472      7.3382092     -4.3567763     -6.6275410      1.5322579 
    66.5000000        4.4744527      3.5163423      4.1287797      6.9389655      1.7092919      0.4313610      4.0756768      4.4425795     -0.9387313      4.4334968      1.2796156     -0.4284774      2.2224444     -3.1391382     -3.9100072      3.0979184      5.5611315      5.6950590      2.6342336      2.4527206      5.0676590      3.6709706      9.1527364      8.7125267     12.9327929     13.0972871     11.5815769      6.7696154      7.3837965      6.2071264      5.7921998      6.6448652      7.7755482      9.1203064      8.7547135      7.6109041      7.3234568     -4.3861460     -6.6537857      1.5121355 
    67.0000000        4.4526709      3.4993414      4.1102848      6.9227166      1.6909917      0.4116252      4.0572115      4.4237426     -0.9661258      4.4168255      1.2590812     -0.4506025      2.2032228     -3.1632232     -3.9382194      3.0786774      5.5442097      5.6769016      2.6159947      2.4336294      5.0518302      3.6545067      9.1395473      8.6991328     12.9190774     13.0832060     11.5691722      6.7498077      7.3670251      6.1914123      5.7771336      6.6293702      7.7594483      9.1038607      8.7391058      7.5983609      7.3096043     -4.4155156     -6.6800305      1.4920132 
    67.5000000        4.4312973      3.4823406      4.0917898      6.9064677      1.6726916      0.3918893      4.0387463      4.4049056     -0.9935203      4.4001542      1.2399884     -0.4727276      2.1840012     -3.1873082     -3.9664316      3.0594364      5.5272879      5.6591088      2.5977558      2.4145382      5.0360013      3.6380427      9.1263582      8.6857390     12.9053619     13.0691249     11.5571589      6.7300000      7.3502538      6.1756982      5.7620673      6.6138752      7.7433484      9.0874149      8.7234982      7.5858178      7.2958505     -4.4412368     -6.7062753      1.4718909 
    68.0000000        4.4106120      3.4653397      4.0732948      6.8902189      1.6553123      0.3732539      4.0202811      4.3860686     -1.0209148      4.3834829      1.2210581     -0.4948527      2.1647796     -3.2113933     -3.9946438      3.0401954      5.5103661      5.6413160      2.5795168      2.3954470      5.0201724      3.6215788      9.1131692      8.6723451     12.8916463     13.0550438     11.5451456      6.7112500      7.3334824      6.1599841      5.7470619      6.5983802      7.7272486      9.0709692      8.7083656      7.5732746      7.2820967     -4.4634077     -6.7325201      1.4517686 
    68.5000000        4.3899267      3.4483389      4.0547998      6.8739700      1.6380268      0.3553513      4.0018158      4.3672317     -1.0483092      4.3668115      1.2021278     -0.5169779      2.1455580     -3.2354783     -4.0228560      3.0209543      5.4934443      5.6235232      2.5619099      2.3763558      5.0045763      3.6051149      9.0999801      8.6589513     12.8779308     13.0409628     11.5331323      6.6925000      7.3167111      6.1442700      5.7329124      6.5828853      7.7111487      9.0545235      8.6936723      7.5607315      7.2683429     -4.4855787     -6.7587648      1.4316462 
    69.0000000        4.3692415      3.4313380      4.0363049      6.8577212      1.6207413      0.3374486      3.9833506      4.3483947     -1.0757037      4.3501402      1.1831976     -0.5391030      2.1263364     -3.2595633     -4.0510683      3.0017133      5.4765225      5.6057304      2.5445770      2.3572646      4.9895388      3.5886510      9.0867911      8.6455574     12.8642153     13.0268817     11.5211190      6.6737500      7.2999397      6.1285559      5.7187629      6.5673903      7.6956690      9.0385396      8.6789789      7.5481883      7.2545891     -4.5077496     -6.7850096      1.4114856 
    69.5000000        4.3485562      3.4143371      4.0178099      6.8414723      1.6034558      0.3195460      3.9648854      4.3295577     -1.1030982      4.3334689      1.1642673     -0.5612281      2.1071148     -3.2836483     -4.0792805      2.9824723      5.4596007      5.5879375      2.5272442      2.3381734      4.9745013      3.5725062      9.0736020      8.6321636     12.8504998     13.0128006     11.5091057      6.6550000      7.2831684      6.1128418      5.7046133      6.5518953      7.6805724      9.0230527      8.6642856      7.5356452      7.2408353     -4.5299205     -6.8112544      1.3913014 
    70.0000000        4.3278709      3.3973363      3.9993149      6.8255810      1.5861704      0.3016434      3.9464201      4.3107208     -1.1304927      4.3167976      1.1453370     -0.5833533      2.0878932     -3.3077333     -4.1074927      2.9632313      5.4426789      5.5701447      2.5099113      2.3190822      4.9594638      3.5568137      9.0604129      8.6187698     12.8367843     12.9987195     11.4970924      6.6362500      7.2663971      6.0977362      5.6904638      6.5364003      7.6654759      9.0075657      8.6495923      7.5231020      7.2270814     -4.5520915     -6.8367104      1.3711173 
    70.0000000        4.3278709      3.3973363      3.9993149      6.8255810      1.5861704      0.3016434      3.9464201      4.3107208     -1.1304927      4.3167976      1.1453370     -5.2349081      2.0878932     -3.3077333     -4.1074927      2.9632313      5.4426789      5.5701447      2.5099113      2.3190822      4.9594638      3.5568137      9.0604129      8.6187698     12.8367843     12.9987195     11.4970924      6.6362500      7.2663971      6.0977362      5.6904638      6.5364003      7.6654759      9.0075657      8.6495923      7.5231020      7.2270814     -4.5520915     -6.8367104      1.3711173 
    70.5000000        4.3071856      3.3803354      3.9808199      6.8103379      1.5688849      0.2837408      3.9279549      4.2918838     -1.1578871      4.3001262      1.1264067     -5.2563708      2.0686716     -3.3318184     -4.1357049      2.9443929      5.4257570      5.5523519      2.4925784      2.2999910      4.9444263      3.5411212      9.0472239      8.6053759     12.8230687     12.9846384     11.4850791      6.6175000      7.2496257      6.0829907      5.6763143      6.5209053      7.6503794      8.9920788      8.6348990      7.5105589      7.2133276     -4.5742624     -6.8591907      1.3509331 
    71.0000000        4.2865003      3.3633662      3.9623250      6.7950948      1.5515994      0.2658381      3.9094897      4.2737285     -1.1849684      4.2834549      1.1074765     -5.2778335      2.0494500     -3.3554558     -4.1639171      2.9261191      5.4088352      5.5345591      2.4752456      2.2808998      4.9293888      3.5254286      9.0340348      8.5920279     12.8093532     12.9705574     11.4730658      6.5987500      7.2328544      6.0682452      5.6621648      6.5054103      7.6352829      8.9765919      8.6202057      7.4980157      7.1995738     -4.5964334     -6.8816709      1.3307490 
    71.5000000        4.2658150      3.3471737      3.9438300      6.7798517      1.5343139      0.2479355      3.8910244      4.2559657     -1.2107381      4.2667836      1.0885462     -5.2992961      2.0312038     -3.3767793     -4.1921293      2.9078453      5.3919134      5.5167663      2.4579127      2.2618086      4.9143513      3.5097361      9.0208458      8.5792375     12.7956377     12.9564763     11.4610525      6.5800000      7.2160830      6.0534996      5.6480152      6.4899153      7.6201863      8.9611049      8.6055123      7.4854726      7.1858200     -4.6186043     -6.9041512      1.3105648 
    72.0000000        4.2451298      3.3309811      3.9253350      6.7646086      1.5170284      0.2300329      3.8725592      4.2382029     -1.2365079      4.2501123      1.0696159     -5.3207588      2.0133435     -3.3981028     -4.2203415      2.8895714      5.3749916      5.4989734      2.4405799      2.2427174      4.8993138      3.4940436      9.0076567      8.5664470     12.7819222     12.9423952     11.4490392      6.5612500      7.1993117      6.0387541      5.6338657      6.4744204      7.6050898      8.9456180      8.5908190      7.4729294      7.1720662     -4.6407753     -6.9266315      1.2903807 
    72.5000000        4.2244445      3.3147886      3.9074215      6.7493654      1.4997429      0.2121303      3.8544844      4.2204401     -1.2622777      4.2334409      1.0506857     -5.3422215      1.9954832     -3.4194262     -4.2485537      2.8712976      5.3580698      5.4811806      2.4232470      2.2236262      4.8842763      3.4783510      8.9944677      8.5536565     12.7682067     12.9284106     11.4370259      6.5425000      7.1825403      6.0240086      5.6197162      6.4591112      7.5899933      8.9301311      8.5761257      7.4603863      7.1583124     -4.6629462     -6.9491118      1.2701965 
    73.0000000        4.2037592      3.2985961      3.8898109      6.7341223      1.4824575      0.1942277      3.8367469      4.2026773     -1.2880474      4.2175381      1.0317554     -5.3636842      1.9776230     -3.4407497     -4.2767659      2.8530238      5.3411480      5.4633878      2.4059141      2.2045976      4.8692388      3.4626585      8.9813689      8.5408660     12.7544911     12.9148356     11.4250126      6.5237500      7.1657690      6.0092631      5.6055667      6.4445530      7.5748967      8.9146441      8.5614324      7.4478431      7.1445586     -4.6851171     -6.9715921      1.2500124 
    73.5000000        4.1830739      3.2824035      3.8722002      6.7188792      1.4651720      0.1763250      3.8190094      4.1849145     -1.3138172      4.2019143      1.0128251     -5.3851469      1.9597627     -3.4620732     -4.3049781      2.8347500      5.3242262      5.4455950      2.3885813      2.1863223      4.8542013      3.4469659      8.9688720      8.5280756     12.7407756     12.9012605     11.4129993      6.5050000      7.1497725      5.9945176      5.5914171      6.4299947      7.5598002      8.8991572      8.5467391      7.4353000      7.1308047     -4.7072881     -6.9940724      1.2298282 
    73.5000000        4.1830739      3.2824035      3.8722002      6.7188792      1.4651720      0.1763250      3.8190094      4.1849145     -1.3138172      4.2019143      1.0128251     -5.3851469      1.9597627     -3.4620732     -4.3049781      2.8347500      5.3242262      5.4455950      2.3885813      2.1863223      4.8542013      3.4469659      8.9688720      8.5280756     12.7407756     12.9012605     11.4129993      6.5050000      7.1497725      5.9945176      5.5914171      6.4299947      7.5598002      8.8991572      8.5467391      7.4353000      7.1308047     -4.7072881     -6.9940724      1.2298282 
    74.0000000        4.1623886      3.2662110      3.8545896      6.7036361      1.4478865      0.1584224      3.8012720      4.1671517     -1.3395870      4.1862905      0.9938949     -5.4066096      1.9419024     -3.4833967     -4.3331904      2.8164762      5.3076295      5.4278022      2.3712484      2.1680469      4.8391638      3.4312734      8.9563750      8.5152851     12.7275825     12.8876855     11.4009860      6.4862500      7.1340840      5.9797720      5.5772676      6.4154365      7.5447037      8.8836703      8.5320457      7.4227568      7.1170509     -4.7294590     -7.0165527      1.2096441 
    74.5000000        4.1417033      3.2500185      3.8369790      6.6883930      1.4306010      0.1405198      3.7835345      4.1493889     -1.3653567      4.1706667      0.9749646     -5.4280723      1.9240422     -3.5047201     -4.3605198      2.7982024      5.2916735      5.4100093      2.3539155      2.1497716      4.8241263      3.4155809      8.9438781      8.5024946     12.7144671     12.8741104     11.3889727      6.4675000      7.1183954      5.9650265      5.5631181      6.4008782      7.5296072      8.8681833      8.5173524      7.4102137      7.1032971     -4.7516300     -7.0390330      1.1894599 
    75.0000000        4.1210180      3.2338259      3.8193684      6.6731499      1.4133155      0.1226172      3.7657970      4.1316261     -1.3911265      4.1550429      0.9560343     -5.4495350      1.9061819     -3.5260436     -4.3876679      2.7799285      5.2757175      5.3922165      2.3365827      2.1314963      4.8090888      3.3998883      8.9313811      8.4897042     12.7013517     12.8605353     11.3769594      6.4487500      7.1027069      5.9502810      5.5489686      6.3863200      7.5145106      8.8526964      8.5026591      7.3976706      7.0895433     -4.7738009     -7.0615133      1.1692757 
    75.5000000        4.1010760      3.2176334      3.8017578      6.6579068      1.3960300      0.1047145      3.7480596      4.1138633     -1.4168963      4.1394191      0.9378868     -5.4709977      1.8883216     -3.5473671     -4.4148159      2.7616547      5.2597615      5.3745976      2.3192498      2.1132210      4.7940513      3.3841958      8.9188842      8.4769137     12.6882363     12.8469603     11.3649460      6.4300000      7.0870183      5.9355355      5.5348190      6.3717617      7.4994141      8.8372095      8.4879658      7.3851274      7.0757895     -4.7949393     -7.0839936      1.1490916 
    76.0000000        4.0814388      3.2014409      3.7841472      6.6426637      1.3788284      0.0868119      3.7303221      4.0961005     -1.4426660      4.1237953      0.9204538     -5.4924604      1.8704614     -3.5686905     -4.4419639      2.7433809      5.2438056      5.3573595      2.3019170      2.0949457      4.7790138      3.3685033      8.9063872      8.4641232     12.6751209     12.8333852     11.3529327      6.4112500      7.0713298      5.9207900      5.5206695      6.3572035      7.4843176      8.8217225      8.4732725      7.3730174      7.0620357     -4.8148144     -7.1064738      1.1289074 
    76.5000000        4.0618017      3.1852483      3.7665366      6.6274206      1.3626979      0.0694674      3.7125846      4.0783377     -1.4684358      4.1081715      0.9030208     -5.5139231      1.8526011     -3.5900140     -4.4691120      2.7251071      5.2278496      5.3401214      2.2845841      2.0766704      4.7639763      3.3528107      8.8938903      8.4513327     12.6620055     12.8198101     11.3409194      6.3929091      7.0556412      5.9060445      5.5065993      6.3426452      7.4692210      8.8062356      8.4585791      7.3612069      7.0486646     -4.8346896     -7.1289541      1.1087233 
    77.0000000        4.0421645      3.1690558      3.7489260      6.6121775      1.3465674      0.0525549      3.6948472      4.0605749     -1.4942056      4.0925477      0.8855878     -5.5353858      1.8347409     -3.6113375     -4.4962600      2.7068333      5.2118936      5.3228833      2.2672512      2.0583950      4.7489388      3.3371182      8.8813933      8.4385423     12.6488901     12.8062351     11.3292194      6.3751818      7.0399527      5.8912989      5.4932077      6.3280870      7.4541245      8.7907487      8.4438858      7.3493963      7.0358313     -4.8545647     -7.1514344      1.0885391 
    77.0000000        4.0421645      3.1690558      3.7489260      6.6121775      1.3465674      0.0525549      3.6948472      4.0605749     -1.4942056      4.0925477      0.8855878     -5.5353858      1.8347409     -3.6113375     -4.4962600      2.7068333      5.2118936      5.3228833      2.2672512      2.0583950      4.7489388      3.3371182      8.8813933      8.4385423     12.6488901     12.8062351     11.3292194      6.3751818      7.0399527      5.8912989      5.4932077      6.3280870      7.4541245      8.7907487      8.4438858      7.3493963      7.0358313     -4.8545647     -7.1514344      1.0885391 
    77.5000000        4.0225274      3.1528633      3.7313153      6.5969344      1.3304368      0.0356425      3.6771097      4.0428121     -1.5199754      4.0769239      0.8681549     -5.5568485      1.8168806     -3.6326610     -4.5234080      2.6885594      5.1959376      5.3056453      2.2499184      2.0401197      4.7339013      3.3214256      8.8688964      8.4257518     12.6357747     12.7926600     11.3178236      6.3574545      7.0242641      5.8765534      5.4798161      6.3135287      7.4390280      8.7752617      8.4291925      7.3375858      7.0229981     -4.8744399     -7.1739147      1.0683550 
    78.0000000        4.0028902      3.1366707      3.7137047      6.5816913      1.3143063      0.0187300      3.6593722      4.0250493     -1.5457451      4.0613001      0.8507219     -5.5783112      1.7990203     -3.6539844     -4.5505561      2.6702856      5.1799817      5.2884072      2.2325855      2.0218444      4.7188637      3.3057331      8.8563994      8.4129613     12.6226593     12.7790850     11.3064277      6.3397273      7.0085756      5.8618079      5.4664245      6.2989705      7.4239315      8.7597748      8.4153223      7.3257753      7.0101649     -4.8943150     -7.1963950      1.0481840 
    78.5000000        3.9832531      3.1204782      3.6960941      6.5673202      1.2981757      0.0018176      3.6416347      4.0072865     -1.5708877      4.0456763      0.8332889     -5.5997739      1.7811601     -3.6753079     -4.5777041      2.6528643      5.1640257      5.2711691      2.2152526      2.0035691      4.7038262      3.2900406      8.8439025      8.4001709     12.6095439     12.7655099     11.2950319      6.3220000      6.9928870      5.8473029      5.4530330      6.2844122      7.4096248      8.7445716      8.4015248      7.3139648      6.9973316     -4.9141901     -7.2166238      1.0283203 
    79.0000000        3.9636159      3.1042857      3.6784835      6.5529906      1.2820452     -0.0150949      3.6238973      3.9895237     -1.5947593      4.0300525      0.8158559     -5.6212366      1.7632998     -3.6966314     -4.6048521      2.6356298      5.1480697      5.2539311      2.1982009      1.9852938      4.6891228      3.2743480      8.8314056      8.3873804     12.5964285     12.7519348     11.2836361      6.3042727      6.9771985      5.8334579      5.4396414      6.2698540      7.3954339      8.7298539      8.3877273      7.3021543      6.9844984     -4.9340653     -7.2348418      1.0084566 
    79.5000000        3.9439788      3.0880931      3.6608729      6.5386609      1.2659146     -0.0320074      3.6061598      3.9718337     -1.6186310      4.0144287      0.7984230     -5.6426993      1.7454395     -3.7179548     -4.6320002      2.6183954      5.1321137      5.2366930      2.1815563      1.9670184      4.6747820      3.2589084      8.8189086      8.3745899     12.5833131     12.7383598     11.2722403      6.2865455      6.9615099      5.8196129      5.4262498      6.2552957      7.3812431      8.7151362      8.3739298      7.2903437      6.9716652     -4.9539404     -7.2530598      0.9885928 
    80.0000000        3.9243416      3.0721234      3.6432623      6.5243313      1.2497841     -0.0489198      3.5884223      3.9551151     -1.6425026      3.9988049      0.7809900     -5.6641620      1.7275793     -3.7392783     -4.6591482      2.6011609      5.1161578      5.2194549      2.1649117      1.9487431      4.6604412      3.2439583      8.8064117      8.3617995     12.5701977     12.7247847     11.2608445      6.2688182      6.9458214      5.8057679      5.4128582      6.2407375      7.3670523      8.7004186      8.3601323      7.2785332      6.9588319     -4.9738156     -7.2712779      0.9687291 
    80.5000000        3.9047045      3.0566382      3.6256517      6.5100017      1.2336535     -0.0658323      3.5706849      3.9383965     -1.6663743      3.9831811      0.7635570     -5.6856247      1.7111128     -3.7594560     -4.6862962      2.5839265      5.1002018      5.2022169      2.1482671      1.9304678      4.6461004      3.2290082      8.7939147      8.3490090     12.5570823     12.7112097     11.2494487      6.2510909      6.9301328      5.7919229      5.3994667      6.2261792      7.3528615      8.6857009      8.3463348      7.2667227      6.9459987     -4.9936907     -7.2894959      0.9488654 
    81.0000000        3.8850674      3.0411531      3.6088227      6.4956720      1.2175230     -0.0827447      3.5530209      3.9216779     -1.6902459      3.9675573      0.7461240     -5.7062956      1.6947816     -3.7795332     -4.7134443      2.5666920      5.0842458      5.1849788      2.1316225      1.9121925      4.6317595      3.2140581      8.7814178      8.3362185     12.5439669     12.6976346     11.2380529      6.2333636      6.9144443      5.7780779      5.3860751      6.2116209      7.3386706      8.6709832      8.3325373      7.2549122      6.9331654     -5.0135659     -7.3077140      0.9290017 
    81.5000000        3.8654302      3.0256680      3.5921324      6.4813424      1.2013925     -0.0996572      3.5359189      3.9049593     -1.7141176      3.9519335      0.7286911     -5.7267018      1.6784504     -3.7996103     -4.7403757      2.5494576      5.0682898      5.1677407      2.1149778      1.8939172      4.6174187      3.1991080      8.7689208      8.3238116     12.5308514     12.6840595     11.2266570      6.2156364      6.8987557      5.7642329      5.3726835      6.1970627      7.3244798      8.6562656      8.3187398      7.2431016      6.9203322     -5.0334410     -7.3259320      0.9091380 
    81.5000000        3.8654302      3.0256680      3.5921324      6.4813424      1.2013925     -0.0996572      3.5359189      3.9049593     -1.7141176      3.9519335      0.7286911     -5.7267018      1.6784504     -3.7996103     -4.7403757      2.5494576      5.0682898      5.1677407      2.1149778      1.8939172      4.6174187      3.1991080      8.7689208      8.3238116     12.5308514     12.6840595     11.2266570      6.2156364      6.8987557      5.7642329      5.3726835      6.1970627      7.3244798      8.6562656      8.3187398      7.2431016      6.9203322     -5.0334410     -7.3259320      0.9091380 
    82.0000000        3.8457931      3.0101828      3.5754420      6.4670128      1.1852619     -0.1165697      3.5188169      3.8882407     -1.7379892      3.9372590      0.7112581     -5.7471081      1.6621192     -3.8196874     -4.7658864      2.5322231      5.0523338      5.1505027      2.0983332      1.8756419      4.6030779      3.1841579      8.7564239      8.3116690     12.5177360     12.6707174     11.2152612      6.1979091      6.8830672      5.7503879      5.3592919      6.1828696      7.3102890      8.6415479      8.3049423      7.2312911      6.9074990     -5.0533162     -7.3441501      0.8892743 
    82.5000000        3.8261559      2.9946977      3.5587517      6.4526831      1.1691314     -0.1334821      3.5017149      3.8715221     -1.7618608      3.9226447      0.6938251     -5.7675144      1.6457879     -3.8397645     -4.7913972      2.5149887      5.0363779      5.1332646      2.0816886      1.8573665      4.5887370      3.1692078      8.7439269      8.2995264     12.5046206     12.6577157     11.2038654      6.1801818      6.8676048      5.7365429      5.3459004      6.1692786      7.2960982      8.6268302      8.2911448      7.2194806      6.8946657     -5.0731913     -7.3623681      0.8694106 
    83.0000000        3.8065188      2.9792126      3.5420613      6.4383535      1.1530008     -0.1503946      3.4846129      3.8548035     -1.7857325      3.9080305      0.6763921     -5.7879207      1.6294567     -3.8598416     -4.8169080      2.4977542      5.0204219      5.1160265      2.0650440      1.8394603      4.5743962      3.1542577      8.7314300      8.2873837     12.4918008     12.6447139     11.1924696      6.1624545      6.8528963      5.7226979      5.3325088      6.1556876      7.2819073      8.6121125      8.2773473      7.2076701      6.8818325     -5.0930664     -7.3805861      0.8495468 
    83.5000000        3.7868816      2.9637274      3.5253709      6.4240238      1.1368703     -0.1673070      3.4675109      3.8380849     -1.8096041      3.8934163      0.6589592     -5.8083270      1.6131255     -3.8799187     -4.8424188      2.4805198      5.0049473      5.0987885      2.0483994      1.8221614      4.5600554      3.1393076      8.7189330      8.2752411     12.4792823     12.6317122     11.1810738      6.1447273      6.8381878      5.7088529      5.3191172      6.1420966      7.2677165      8.5973949      8.2635498      7.1958595      6.8689993     -5.1129416     -7.3988042      0.8296831 
    84.0000000        3.7676006      2.9482423      3.5086806      6.4096942      1.1207397     -0.1842195      3.4504089      3.8213663     -1.8334758      3.8788021      0.6415262     -5.8287332      1.5967942     -3.8999958     -4.8679296      2.4632853      4.9898913      5.0815504      2.0317548      1.8048625      4.5457146      3.1243575      8.7069000      8.2630985     12.4667638     12.6187104     11.1696780      6.1270000      6.8234793      5.6950079      5.3057256      6.1285056      7.2535257      8.5826772      8.2497523      7.1840490      6.8561660     -5.1328167     -7.4170222      0.8098194 
    84.5000000        3.7489988      2.9327572      3.4919902      6.3953646      1.1046092     -0.2011319      3.4333069      3.8046477     -1.8573474      3.8641879      0.6240932     -5.8491395      1.5804630     -3.9200729     -4.8934404      2.4460509      4.9748352      5.0643123      2.0151102      1.7875635      4.5313737      3.1094075      8.6949519      8.2509559     12.4542452     12.6057087     11.1582822      6.1092727      6.8087707      5.6811629      5.2923340      6.1149146      7.2393349      8.5679595      8.2359548      7.1722385      6.8433328     -5.1526919     -7.4352403      0.7899557 
    85.0000000        3.7303970      2.9172720      3.4752999      6.3810349      1.0884786     -0.2180444      3.4162049      3.7879291     -1.8812190      3.8495737      0.6080148     -5.8695458      1.5641318     -3.9401500     -4.9189512      2.4288164      4.9597792      5.0477307      1.9984655      1.7702646      4.5170329      3.0944574      8.6830038      8.2388133     12.4417267     12.5927069     11.1468863      6.0915455      6.7940622      5.6673179      5.2789425      6.1013236      7.2251440      8.5532418      8.2221573      7.1604280      6.8304996     -5.1711888     -7.4534583      0.7700920 
    85.5000000        3.7117951      2.9017869      3.4586095      6.3667053      1.0723830     -0.2349569      3.3991029      3.7712105     -1.9050907      3.8349595      0.5923520     -5.8899521      1.5478006     -3.9602271     -4.9444620      2.4115820      4.9447232      5.0313680      1.9818209      1.7529657      4.5026921      3.0795073      8.6710556      8.2266707     12.4292082     12.5797052     11.1354905      6.0738182      6.7793537      5.6534729      5.2655509      6.0877326      7.2109532      8.5385242      8.2083598      7.1486175      6.8176663     -5.1890449     -7.4716764      0.7502283 
    86.0000000        3.6931933      2.8863018      3.4419191      6.3523757      1.0571164     -0.2513924      3.3820009      3.7544919     -1.9289623      3.8203453      0.5766892     -5.9103584      1.5314693     -3.9803042     -4.9699727      2.3943475      4.9296672      5.0150053      1.9651763      1.7356667      4.4883513      3.0645572      8.6591075      8.2145281     12.4166897     12.5667034     11.1240947      6.0560909      6.7646451      5.6396279      5.2522191      6.0741416      7.1967624      8.5238065      8.1945623      7.1368069      6.8048331     -5.2069010     -7.4898944      0.7303646 
    86.0000000        3.6931933      2.8863018      3.4419191      6.3523757      1.0571164     -0.2513924      3.3820009      3.7544919     -1.9289623      3.8203453      0.5766892     -5.9103584      1.5314693     -3.9803042     -4.9699727      2.3943475      4.9296672      5.0150053      1.9651763      1.7356667      4.4883513      3.0645572      8.6591075      8.2145281     12.4166897     12.5667034     11.1240947      6.0560909      6.7646451      5.6396279      5.2522191      6.0741416      7.1967624      8.5238065      8.1945623      7.1368069      6.8048331     -5.2069010     -7.4898944      0.7303646 
    86.5000000        3.6745915      2.8708166      3.4252288      6.3380460      1.0418497     -0.2669306      3.3648989      3.7377733     -1.9528340      3.8057311      0.5610264     -5.9307646      1.5151381     -4.0003813     -4.9954835      2.3771130      4.9146112      4.9986427      1.9485317      1.7183678      4.4740104      3.0496071      8.6471594      8.2023855     12.4041711     12.5537017     11.1126989      6.0388919      6.7499366      5.6257829      5.2397792      6.0605506      7.1825716      8.5090888      8.1807648      7.1249964      6.7919998     -5.2247570     -7.5081124      0.7105009 
    87.0000000        3.6559896      2.8553315      3.4085384      6.3237164      1.0265831     -0.2824689      3.3477969      3.7210547     -1.9753496      3.7911169      0.5453636     -5.9511709      1.4988069     -4.0204584     -5.0209943      2.3604044      4.8995552      4.9822800      1.9318871      1.7010689      4.4596696      3.0346570      8.6352113      8.1902429     12.3916526     12.5406999     11.1013031      6.0220450      6.7352281      5.6119379      5.2273393      6.0469596      7.1683807      8.4943711      8.1669673      7.1132991      6.7791666     -5.2426131     -7.5263305      0.6906371 
    87.5000000        3.6373878      2.8398464      3.3918481      6.3099334      1.0113165     -0.2980071      3.3306949      3.7043361     -1.9974908      3.7765027      0.5297009     -5.9715772      1.4824756     -4.0405355     -5.0465051      2.3439849      4.8844992      4.9659173      1.9152425      1.6837699      4.4453288      3.0197069      8.6232632      8.1781002     12.3791341     12.5276982     11.0899073      6.0051982      6.7205196      5.5980929      5.2148995      6.0333685      7.1541899      8.4796535      8.1531698      7.1022257      6.7664186     -5.2604692     -7.5445485      0.6707734 
    88.0000000        3.6187860      2.8243612      3.3751577      6.2966326      0.9960498     -0.3135454      3.3135929      3.6876175     -2.0196320      3.7618885      0.5140381     -5.9919835      1.4661444     -4.0606126     -5.0720159      2.3275653      4.8694432      4.9495547      1.8985979      1.6664710      4.4309879      3.0047568      8.6113150      8.1659576     12.3666156     12.5146964     11.0785115      5.9883514      6.7058110      5.5842479      5.2024596      6.0197775      7.1399991      8.4649358      8.1393723      7.0911524      6.7542419     -5.2783253     -7.5627666      0.6509097 
    88.5000000        3.6001841      2.8088761      3.3584674      6.2833318      0.9807832     -0.3290836      3.2964909      3.6708989     -2.0417732      3.7472743      0.4983753     -6.0123897      1.4498132     -4.0806897     -5.0975267      2.3111458      4.8543872      4.9331920      1.8819533      1.6491721      4.4166471      2.9898067      8.5993669      8.1538150     12.3540970     12.5016947     11.0674759      5.9715045      6.6911025      5.5709948      5.1900197      6.0061865      7.1258083      8.4502181      8.1255748      7.0800790      6.7420651     -5.2961814     -7.5809846      0.6309547 
    89.0000000        3.5815823      2.7933910      3.3417770      6.2700311      0.9655165     -0.3446218      3.2793889      3.6541803     -2.0639144      3.7326601      0.4827125     -6.0327960      1.4334819     -4.1007668     -5.1230375      2.2947262      4.8393311      4.9168293      1.8653086      1.6318731      4.4023063      2.9748566      8.5874188      8.1416724     12.3415785     12.4886929     11.0565421      5.9546577      6.6763940      5.5580037      5.1775799      5.9925955      7.1121817      8.4355004      8.1122135      7.0690056      6.7298884     -5.3140375     -7.5992027      0.6109087 
    89.5000000        3.5629805      2.7779058      3.3250866      6.2567303      0.9502499     -0.3601601      3.2622869      3.6376877     -2.0860556      3.7180459      0.4670497     -6.0532023      1.4171507     -4.1208439     -5.1485030      2.2783066      4.8242751      4.9004667      1.8486640      1.6145742      4.3879655      2.9599066      8.5754707      8.1295298     12.3290600     12.4756912     11.0456084      5.9378108      6.6616855      5.5450126      5.1651400      5.9790045      7.0989462      8.4214021      8.0992492      7.0579322      6.7177116     -5.3318936     -7.6174207      0.5908627 
    90.0000000        3.5443786      2.7627255      3.3084302      6.2434296      0.9349832     -0.3756983      3.2451849      3.6220369     -2.1081968      3.7034317      0.4513869     -6.0736086      1.4008195     -4.1409210     -5.1719058      2.2618871      4.8092191      4.8841040      1.8320194      1.5972753      4.3736246      2.9449565      8.5635225      8.1173872     12.3165414     12.4626894     11.0346747      5.9209640      6.6469769      5.5320214      5.1527001      5.9654135      7.0857107      8.4074306      8.0862850      7.0468589      6.7055349     -5.3497497     -7.6355643      0.5708168 
    90.0000000        3.5443786      2.7627255      3.3084302      6.2434296      0.9349832     -0.3756983      3.2451849      3.6220369     -2.1081968      3.7034317      0.4513869     -6.0736086      1.4008195     -4.1409210     -5.1719058      2.2618871      4.8092191      4.8841040      1.8320194      1.5972753      4.3736246      2.9449565      8.5635225      8.1173872     12.3165414     12.4626894     11.0346747      5.9209640      6.6469769      5.5320214      5.1527001      5.9654135      7.0857107      8.4074306      8.0862850      7.0468589      6.7055349     -5.3497497     -7.6355643      0.5708168 
    90.5000000        3.5257768      2.7478630      3.2926787      6.2301288      0.9197166     -0.3912365      3.2280829      3.6063861     -2.1303380      3.6888175      0.4357241     -6.0940149      1.3851027     -4.1607230     -5.1953086      2.2454675      4.7941631      4.8677413      1.8153748      1.5799763      4.3592838      2.9300064      8.5515744      8.1052446     12.3040229     12.4496877     11.0237409      5.9041171      6.6322684      5.5190303      5.1402603      5.9518225      7.0724751      8.3934591      8.0733207      7.0357855      6.6933582     -5.3676057     -7.6529553      0.5507708 
    91.0000000        3.5071750      2.7330005      3.2769272      6.2168280      0.9044500     -0.4067748      3.2109733      3.5907353     -2.1524791      3.6742032      0.4200613     -6.1144211      1.3701074     -4.1800110     -5.2187114      2.2290480      4.7791071      4.8513787      1.7988711      1.5626774      4.3454002      2.9155465      8.5396263      8.0931020     12.2915044     12.4366860     11.0128072      5.8872703      6.6175599      5.5060392      5.1278204      5.9382315      7.0592396      8.3794876      8.0603565      7.0247121      6.6811814     -5.3854618     -7.6703463      0.5307248 
    91.5000000        3.4885731      2.7181381      3.2611757      6.2035273      0.8891833     -0.4223130      3.1938637      3.5750845     -2.1746203      3.6595890      0.4043985     -6.1345234      1.3551120     -4.1992990     -5.2421142      2.2126284      4.7640511      4.8350160      1.7826005      1.5453785      4.3317113      2.9012661      8.5276782      8.0809594     12.2789859     12.4236842     11.0018735      5.8704234      6.6028514      5.4930481      5.1153806      5.9246405      7.0460041      8.3655160      8.0473922      7.0136387      6.6690047     -5.4033179     -7.6877373      0.5106788 
    92.0000000        3.4699713      2.7032756      3.2454242      6.1902265      0.8739167     -0.4378512      3.1767541      3.5594337     -2.1967615      3.6449748      0.3887358     -6.1544051      1.3401167     -4.2185870     -5.2655170      2.1962088      4.7489951      4.8186534      1.7663298      1.5280796      4.3180224      2.8869857      8.5157301      8.0688167     12.2664673     12.4106825     10.9909397      5.8535766      6.5881428      5.4800570      5.1029407      5.9110495      7.0327685      8.3515445      8.0344280      7.0025654      6.6568279     -5.4211740     -7.7051282      0.4906329 
    92.5000000        3.4513695      2.6884131      3.2296727      6.1769257      0.8586500     -0.4533895      3.1596444      3.5437830     -2.2189027      3.6303606      0.3730730     -6.1742867      1.3251213     -4.2378750     -5.2889198      2.1797893      4.7339391      4.8022907      1.7500592      1.5107806      4.3043335      2.8727052      8.5037819      8.0566741     12.2539488     12.3978171     10.9800060      5.8367297      6.5734343      5.4670659      5.0905008      5.8975591      7.0195330      8.3375730      8.0214637      6.9914920      6.6446512     -5.4390301     -7.7225192      0.4705869 
    93.0000000        3.4327676      2.6735507      3.2139212      6.1636250      0.8433834     -0.4689277      3.1425348      3.5281322     -2.2410439      3.6157464      0.3574102     -6.1941684      1.3101260     -4.2571630     -5.3123226      2.1633697      4.7188831      4.7859280      1.7337886      1.4934817      4.2906446      2.8584248      8.4918338      8.0447227     12.2414589     12.3850960     10.9690723      5.8198829      6.5591052      5.4540748      5.0780610      5.8848552      7.0062975      8.3236014      8.0084995      6.9804186      6.6324744     -5.4568862     -7.7399102      0.4505409 
    93.5000000        3.4142708      2.6586882      3.1981697      6.1503242      0.8281168     -0.4844660      3.1254252      3.5124814     -2.2631851      3.6011322      0.3417474     -6.2140501      1.2951306     -4.2764510     -5.3357254      2.1469502      4.7038270      4.7695654      1.7175180      1.4761828      4.2769557      2.8441444      8.4798857      8.0330997     12.2295690     12.3723748     10.9581385      5.8030360      6.5454548      5.4410837      5.0656211      5.8721513      6.9930619      8.3096299      7.9955352      6.9693453      6.6202977     -5.4747423     -7.7573012      0.4304950 
    93.5000000        3.4142708      2.6586882      3.1981697      6.1503242      0.8281168     -0.4844660      3.1254252      3.5124814     -2.2631851     -1.5140191      0.3417474     -6.2140501      1.2951306     -4.2764510     -5.3357254      2.1469502      4.7038270      4.7695654      1.7175180      1.4761828      4.2769557      2.8441444      8.4798857      8.0330997     12.2295690     12.3723748     10.9581385      5.8030360      6.5454548      5.4410837      5.0656211      5.8721513      6.9930619      8.3096299      7.9955352      6.9693453      6.6202977     -5.4747423     -7.7573012      0.4304950 
    94.0000000        3.3967336      2.6438258      3.1824181      6.1370235      0.8128501     -0.5000042      3.1083155      3.4968306     -2.2853263     -1.5290444      0.3260846     -6.2339318      1.2801353     -4.2957390     -5.3591282      2.1305306      4.6891988      4.7532027      1.7012474      1.4591303      4.2632668      2.8298640      8.4679376      8.0214766     12.2176791     12.3596537     10.9472048      5.7861892      6.5318045      5.4280926      5.0531812      5.8594473      6.9798264      8.2956584      7.9825710      6.9582719      6.6081209     -5.4925983     -7.7746921      0.4104490 
    94.0000000        3.3967336      2.6438258      3.1824181      6.1370235      0.8128501     -0.5000042      3.1083155      3.4968306     -2.2853263     -1.5290444      0.3260846     -6.2339318      1.2801353     -4.2957390     -5.3591282      2.1305306      4.6891988      4.7532027      1.7012474      1.4591303      4.2632668      2.8298640      8.4679376      8.0214766     12.2176791     12.3596537     10.9472048      5.7861892      6.5318045      5.4280926      5.0531812      5.8594473      6.9798264      8.2956584      7.9825710      6.9582719      6.6081209     -5.4925983     -7.7746921      0.4104490 
    94.5000000        3.3791964      2.6289633      3.1666666      6.1237227      0.7975835     -0.5155424      3.0912059      3.4811798     -2.3074675     -1.5440697      0.3104218     -6.2538135      1.2651399     -4.3150269     -5.3825310      2.1141110      4.6750336      4.7368400      1.6849768      1.4426649      4.2495779      2.8155836      8.4559894      8.0098536     12.2057891     12.3469325     10.9362711      5.7693423      6.5181541      5.4151015      5.0407414      5.8467434      6.9665909      8.2816868      7.9696067      6.9471985      6.5959442     -5.5104544     -7.7920831      0.3904030 
    95.0000000        3.3616593      2.6141008      3.1509151      6.1104219      0.7823168     -0.5310807      3.0740963      3.4655290     -2.3296086     -1.5590950      0.2947590     -6.2736952      1.2501446     -4.3343149     -5.4059338      2.0976915      4.6608685      4.7206373      1.6687061      1.4261994      4.2358890      2.8013032      8.4440413      7.9982305     12.1938992     12.3342114     10.9253373      5.7524955      6.5045037      5.4021104      5.0283015      5.8340394      6.9533553      8.2677153      7.9566425      6.9361251      6.5837674     -5.5283105     -7.8094741      0.3703570 
    95.5000000        3.3441221      2.5992384      3.1351636      6.0971212      0.7670502     -0.5466189      3.0569867      3.4498782     -2.3517498     -1.5741203      0.2790962     -6.2935769      1.2351492     -4.3536029     -5.4293366      2.0812719      4.6467033      4.7053123      1.6524355      1.4097339      4.2222001      2.7870227      8.4320932      7.9866075     12.1820093     12.3214903     10.9144036      5.7356486      6.4908533      5.3891193      5.0158616      5.8213355      6.9401198      8.2537438      7.9436782      6.9250518      6.5715907     -5.5461666     -7.8268650      0.3503111 
    96.0000000        3.3265849      2.5843759      3.1194121      6.0838204      0.7517835     -0.5621571      3.0398770      3.4342275     -2.3732635     -1.5891455      0.2636580     -6.3134586      1.2201539     -4.3728909     -5.4527394      2.0648524      4.6325381      4.6899873      1.6361649      1.3932685      4.2085112      2.7727423      8.4203113      7.9749844     12.1701194     12.3087691     10.9034699      5.7188018      6.4772030      5.3761282      5.0034218      5.8086315      6.9268843      8.2397722      7.9307140      6.9139784      6.5594140     -5.5615193     -7.8442560      0.3302651 
    96.5000000        3.3090477      2.5695134      3.1036606      6.0705196      0.7370480     -0.5776954      3.0227674      3.4185767     -2.3936438     -1.6041708      0.2489812     -6.3333403      1.2051586     -4.3921789     -5.4761422      2.0489661      4.6183730      4.6746623      1.6198943      1.3768030      4.1948223      2.7584619      8.4087724      7.9633614     12.1582295     12.2960480     10.8925361      5.7019550      6.4635526      5.3631371      4.9909819      5.7959276      6.9136487      8.2258007      7.9177497      6.9029050      6.5472372     -5.5756573     -7.8616470      0.3102191 
    97.0000000        3.2915106      2.5546510      3.0879091      6.0572189      0.7228650     -0.5930420      3.0056578      3.4029259     -2.4140242     -1.6191961      0.2343044     -6.3532220      1.1901632     -4.4114669     -5.4995450      2.0331920      4.6042078      4.6593373      1.6036237      1.3603376      4.1811334      2.7441815      8.3972335      7.9517383     12.1463395     12.2833268     10.8816024      5.6851081      6.4499022      5.3501460      4.9788904      5.7832237      6.9004132      8.2118292      7.9047855      6.8918316      6.5350605     -5.5897953     -7.8790380      0.2901732 
    97.5000000        3.2739734      2.5397885      3.0721576      6.0439181      0.7086819     -0.6072469      2.9885481      3.3872751     -2.4344046     -1.6342214      0.2196276     -6.3731037      1.1751679     -4.4307549     -5.5229478      2.0174179      4.5900427      4.6440123      1.5873531      1.3438721      4.1674445      2.7299011      8.3856946      7.9401153     12.1344496     12.2706057     10.8706687      5.6685799      6.4362519      5.3371549      4.9669086      5.7705197      6.8871777      8.1978577      7.8918212      6.8807583      6.5228837     -5.6039333     -7.8964289      0.2701272 
    98.0000000        3.2564362      2.5249260      3.0564060      6.0312415      0.6944988     -0.6214519      2.9714385      3.3716243     -2.4547850     -1.6492467      0.2049509     -6.3929854      1.1601725     -4.4500428     -5.5463506      2.0016438      4.5758775      4.6286873      1.5710825      1.3274067      4.1537556      2.7156206      8.3741557      7.9284922     12.1225597     12.2578846     10.8597349      5.6525297      6.4226015      5.3241638      4.9549269      5.7578158      6.8739421      8.1838861      7.8788570      6.8696849      6.5107070     -5.6180713     -7.9138199      0.2500812 
    98.5000000        3.2388991      2.5100636      3.0406545      6.0189312      0.6803158     -0.6356569      2.9543289      3.3559735     -2.4751653     -1.6642720      0.1902741     -6.4128671      1.1451772     -4.4693308     -5.5697534      1.9858697      4.5617124      4.6133623      1.5548118      1.3109412      4.1400667      2.7013402      8.3626168      7.9168692     12.1106698     12.2451634     10.8488012      5.6364795      6.4089511      5.3111727      4.9429452      5.7451118      6.8607066      8.1699146      7.8658927      6.8586115      6.4985302     -5.6322093     -7.9312109      0.2300353 
    99.0000000        3.2213619      2.4952011      3.0249030      6.0066208      0.6661327     -0.6498619      2.9372193      3.3403228     -2.4955457     -1.6792972      0.1755973     -6.4327488      1.1301818     -4.4886188     -5.5909042      1.9700955      4.5475472      4.5980373      1.5385412      1.2944757      4.1263778      2.6870598      8.3510778      7.9052461     12.0987798     12.2324423     10.8378675      5.6204292      6.3953007      5.2981816      4.9309635      5.7324079      6.8474711      8.1559431      7.8529285      6.8475381      6.4863535     -5.6463473     -7.9486019      0.2099893 
    99.5000000        3.2038247      2.4803387      3.0091515      5.9943104      0.6519497     -0.6640669      2.9201096      3.3246720     -2.5159261     -1.6943225      0.1609205     -6.4526304      1.1151865     -4.5079068     -5.6116922      1.9543214      4.5333820      4.5827123      1.5222706      1.2780103      4.1126889      2.6727794      8.3395389      7.8936231     12.0868899     12.2197211     10.8269337      5.6043790      6.3816504      5.2855140      4.9189817      5.7197039      6.8342355      8.1419715      7.8399642      6.8364648      6.4741767     -5.6604853     -7.9659928      0.1896474 
   100.0000000        3.1862876      2.4654762      2.9934000      5.9820000      0.6377666     -0.6782719      2.9030000      3.3090212     -2.5363065     -1.7093478      0.1462438     -6.4725121      1.1001911     -4.5271948     -5.6324802      1.9385473      4.5192169      4.5673873      1.5060000      1.2615448      4.0990000      2.6584990      8.3280000      7.8820000     12.0750000     12.2070000     10.8160000      5.5883288      6.3680000      5.2730000      4.9070000      5.7070000      6.8210000      8.1280000      7.8270000      6.8250000      6.4620000     -5.6746233     -7.9833838      0.1692074 
   100.5000000        3.1687504      2.4506137      2.9786350      5.9697323      0.6235835     -0.6924768      2.8875524      3.2933704     -2.5566868     -1.7243731      0.1315670     -6.4923938      1.0851958     -4.5464828     -5.6532683      1.9227732      4.5050517      4.5520623      1.4897008      1.2450794      4.0852458      2.6442186      8.3165340      7.8704441     12.0630320     12.1951449     10.8056088      5.5724447      6.3543534      5.2607335      4.8950014      5.6942202      6.8079419      8.1142031      7.8140197      6.8144991      6.4502975     -5.6887613     -7.9990250      0.1487675 
   101.0000000        3.1512132      2.4360520      2.9638930      5.9574645      0.6094005     -0.7066818      2.8721048      3.2784415     -2.5770672     -1.7393984      0.1168902     -6.5122755      1.0702004     -4.5657708     -5.6740563      1.9069991      4.4908866      4.5367373      1.4734017      1.2286139      4.0714916      2.6299381      8.3050680      7.8588883     12.0510639     12.1832898     10.7952177      5.5565605      6.3407068      5.2484670      4.8830027      5.6814403      6.7951407      8.1004062      7.8010393      6.8039983      6.4387207     -5.7028993     -8.0146662      0.1283275 
   101.0000000        3.1512132      2.4360520      2.9638930      5.9574645      0.6094005     -0.7066818      2.8721048      3.2784415     -2.5770672     -1.7393984      0.1168902     -6.5122755      1.0702004     -4.5657708     -5.6740563      1.9069991      4.4908866      4.5367373      1.4734017      1.2286139      4.0714916      2.6299381      8.3050680      7.8588883     12.0510639     12.1832898     10.7952177      5.5565605      6.3407068      5.2484670      4.8830027      5.6814403      6.7951407      8.1004062      7.8010393      6.8039983      6.4387207     -5.7028993     -8.0146662      0.1283275 
   101.5000000        3.1336760      2.4216728      2.9491538      5.9451968      0.5952174     -0.7208868      2.8566573      3.2638897     -2.5974476     -1.7544237      0.1022134     -6.5321572      1.0552051     -4.5850587     -5.6948443      1.8912250      4.4767214      4.5214123      1.4571025      1.2121484      4.0577375      2.6156577      8.2936020      7.8473324     12.0390959     12.1714346     10.7848835      5.5406764      6.3270603      5.2362005      4.8710041      5.6686605      6.7827384      8.0869403      7.7880590      6.7934974      6.4271438     -5.7170374     -8.0303074      0.1078876 
   102.0000000        3.1161389      2.4072936      2.9344147      5.9329291      0.5810344     -0.7350918      2.8412097      3.2493379     -2.6178280     -1.7694489      0.0875367     -6.5520389      1.0402097     -4.6032936     -5.7156323      1.8754508      4.4625563      4.5060873      1.4408033      1.1956830      4.0439833      2.6013773      8.2821360      7.8357766     12.0271279     12.1595795     10.7745569      5.5247923      6.3134137      5.2239340      4.8590055      5.6558806      6.7703360      8.0736877      7.7758194      6.7829965      6.4155669     -5.7311754     -8.0459486      0.0874477 
   102.5000000        3.0986017      2.3929144      2.9196756      5.9206613      0.5668513     -0.7492968      2.8257621      3.2347861     -2.6382083     -1.7844742      0.0728599     -6.5719206      1.0263039     -4.6209363     -5.7364204      1.8596767      4.4483911      4.4907623      1.4245041      1.1792175      4.0302291      2.5870969      8.2706700      7.8242207     12.0151598     12.1477244     10.7642303      5.5089082      6.2997671      5.2116675      4.8470068      5.6431008      6.7579337      8.0604351      7.7635831      6.7724957      6.4039900     -5.7453134     -8.0615898      0.0670077 
   103.0000000        3.0810645      2.3785352      2.9049364      5.9083936      0.5526682     -0.7635018      2.8103145      3.2202344     -2.6585887     -1.7994995      0.0581831     -6.5920459      1.0125864     -4.6385791     -5.7572084      1.8439026      4.4342259      4.4754373      1.4082050      1.1627521      4.0164749      2.5728165      8.2592040      7.8126649     12.0031918     12.1358693     10.7539037      5.4930240      6.2861205      5.1994010      4.8350082      5.6303210      6.7455314      8.0471825      7.7513469      6.7619948      6.3924132     -5.7594514     -8.0772311      0.0465678 
   103.5000000        3.0635274      2.3641560      2.8901973      5.8961259      0.5384852     -0.7777067      2.7948670      3.2056826     -2.6789691     -1.8145248      0.0435063     -6.6121722      0.9988689     -4.6562218     -5.7779964      1.8281285      4.4200608      4.4601123      1.3919058      1.1462866      4.0027208      2.5587538      8.2477380      7.8011090     11.9912238     12.1240141     10.7435771      5.4771399      6.2724739      5.1871344      4.8230095      5.6175411      6.7331290      8.0339299      7.7391106      6.7514939      6.3808363     -5.7735894     -8.0928723      0.0261278 
   104.0000000        3.0459902      2.3497768      2.8754581      5.8838581      0.5243021     -0.7919117      2.7794194      3.1911308     -2.6993495     -1.8295501      0.0288296     -6.6322984      0.9851514     -4.6738646     -5.7987845      1.8123544      4.4058956      4.4447873      1.3756066      1.1298212      3.9889666      2.5450424      8.2362720      7.7895532     11.9792558     12.1121645     10.7332506      5.4612558      6.2588274      5.1748679      4.8110109      5.6047613      6.7207267      8.0206773      7.7268744      6.7409930      6.3692594     -5.7877274     -8.1085135      0.0056879 
   104.5000000        3.0291729      2.3353976      2.8607190      5.8715904      0.5101190     -0.8061167      2.7639718      3.1765790     -2.7197298     -1.8445754      0.0141528     -6.6524247      0.9714339     -4.6915073     -5.8195725      1.7965803      4.3917305      4.4294623      1.3593461      1.1133557      3.9755765      2.5313310      8.2248059      7.7779973     11.9674882     12.1003447     10.7229240      5.4453717      6.2451808      5.1626014      4.7990123      5.5920471      6.7083244      8.0074247      7.7146382      6.7304922      6.3576826     -5.8018654     -8.1241547     -0.0147521 
   105.0000000        3.0126418      2.3210184      2.8459798      5.8593227      0.4959360     -0.8203217      2.7485242      3.1620272     -2.7401102     -1.8596006     -0.0005240     -6.6725510      0.9577164     -4.7091501     -5.8403605      1.7808061      4.3775653      4.4141373      1.3431009      1.0968902      3.9623339      2.5176197      8.2133399      7.7664415     11.9561664     12.0885250     10.7125974      5.4294876      6.2322056      5.1503349      4.7870136      5.5800910      6.6959220      7.9941720      7.7024019      6.7199913      6.3461057     -5.8160034     -8.1397959     -0.0351920 
   105.5000000        2.9961108      2.3066392      2.8312407      5.8470549      0.4817529     -0.8345267      2.7330767      3.1474754     -2.7604906     -1.8746259     -0.0152008     -6.6926772      0.9439989     -4.7267929     -5.8611486      1.7650320      4.3634002      4.3988123      1.3268557      1.0804248      3.9490913      2.5039083      8.2018739      7.7548856     11.9448446     12.0767052     10.7022708      5.4136034      6.2195269      5.1380684      4.7750150      5.5681349      6.6835197      7.9809194      7.6901657      6.7094904      6.3345288     -5.8301414     -8.1554371     -0.0556320 
   106.0000000        2.9795798      2.2922600      2.8165016      5.8347872      0.4675699     -0.8487317      2.7176291      3.1329236     -2.7808709     -1.8896512     -0.0298775     -6.7128035      0.9302814     -4.7444356     -5.8819366      1.7492579      4.3499961      4.3834873      1.3106105      1.0639593      3.9358488      2.4901969      8.1904079      7.7433623     11.9335228     12.0648854     10.6919442      5.3977193      6.2068482      5.1258019      4.7630164      5.5561788      6.6711174      7.9676668      7.6779294      6.6989896      6.3229519     -5.8442794     -8.1710783     -0.0760719 
   106.5000000        2.9630487      2.2778808      2.8017624      5.8225195      0.4533868     -0.8629366      2.7021815      3.1183719     -2.8000474     -1.9046765     -0.0445543     -6.7329298      0.9165638     -4.7620784     -5.9027246      1.7337064      4.3367473      4.3681623      1.2943653      1.0481983      3.9226062      2.4764855      8.1789419      7.7323674     11.9222011     12.0530657     10.6816176      5.3818352      6.1941696      5.1135354      4.7510177      5.5442227      6.6587150      7.9544142      7.6656932      6.6884887      6.3113751     -5.8584174     -8.1867195     -0.0965119 
   107.0000000        2.9465177      2.2635016      2.7870233      5.8102517      0.4392037     -0.8771416      2.6867339      3.1038201     -2.8187062     -1.9197018     -0.0592311     -6.7530561      0.9028463     -4.7797211     -5.9235126      1.7185688      4.3234985      4.3528373      1.2781201      1.0325915      3.9093637      2.4627742      8.1674759      7.7213725     11.9108793     12.0412459     10.6712910      5.3659511      6.1814909      5.1012689      4.7390191      5.5322667      6.6463127      7.9411616      7.6534569      6.6779878      6.2997982     -5.8725554     -8.2023607     -0.1169518 
   107.5000000        2.9299867      2.2491224      2.7722841      5.7979840      0.4250207     -0.8913466      2.6712864      3.0892683     -2.8373650     -1.9347270     -0.0739079     -6.7731823      0.8891288     -4.7973639     -5.9443007      1.7034312      4.3102497      4.3380227      1.2618749      1.0169848      3.8961211      2.4490628      8.1560099      7.7103776     11.8995575     12.0294261     10.6609644      5.3500670      6.1688122      5.0890024      4.7270205      5.5203106      6.6339104      7.9279090      7.6412207      6.6674870      6.2882213     -5.8866934     -8.2180019     -0.1373918 
   108.0000000        2.9134557      2.2347432      2.7575450      5.7857163      0.4108376     -0.9055516      2.6558388      3.0747165     -2.8560237     -1.9497523     -0.0885846     -6.7933086      0.8754113     -4.8150066     -5.9650887      1.6882935      4.2970010      4.3236192      1.2456297      1.0013781      3.8828785      2.4353514      8.1445439      7.6993827     11.8882357     12.0176064     10.6506378      5.3341828      6.1561336      5.0767359      4.7150218      5.5083545      6.6215080      7.9146564      7.6289845      6.6569861      6.2766444     -5.9008314     -8.2336432     -0.1578317 
   108.5000000        2.8969246      2.2203640      2.7428058      5.7734485      0.3967843     -0.9197566      2.6403912      3.0601647     -2.8746825     -1.9647776     -0.1028668     -6.8134349      0.8616938     -4.8326494     -5.9858767      1.6731559      4.2837522      4.3092157      1.2293844      0.9857713      3.8696360      2.4216400      8.1330779      7.6883878     11.8769139     12.0057866     10.6403113      5.3182987      6.1434549      5.0644694      4.7030232      5.4963984      6.6091057      7.9014038      7.6167482      6.6464852      6.2650676     -5.9149695     -8.2492844     -0.1782717 
   109.0000000        2.8803936      2.2059847      2.7280667      5.7611808      0.3828519     -0.9339615      2.6249436      3.0456129     -2.8933412     -1.9798029     -0.1164427     -6.8335611      0.8479763     -4.8502921     -6.0066648      1.6580183      4.2705034      4.2948121      1.2131392      0.9701646      3.8563934      2.4079287      8.1216119      7.6773929     11.8655922     11.9939668     10.6299847      5.3024146      6.1307762      5.0522029      4.6914508      5.4844423      6.5967033      7.8881512      7.6045120      6.6359843      6.2534907     -5.9291075     -8.2649256     -0.1987116 
   109.5000000        2.8638626      2.1916055      2.7133275      5.7489131      0.3689194     -0.9481665      2.6094961      3.0310611     -2.9120000     -1.9948282     -0.1300186     -6.8536874      0.8342588     -4.8679349     -6.0257429      1.6428807      4.2572546      4.2804086      1.1968940      0.9545579      3.8431509      2.3942173      8.1101459      7.6663980     11.8542704     11.9821471     10.6196581      5.2865305      6.1180975      5.0399364      4.6803079      5.4724862      6.5843010      7.8748986      7.5922757      6.6254835      6.2419138     -5.9432455     -8.2805668     -0.2191516 
   110.0000000        2.8473315      2.1772263      2.6985884      5.7373805      0.3549870     -0.9622689      2.5940485      3.0165094     -2.9306587     -2.0098535     -0.1435945     -6.8738137      0.8205413     -4.8855776     -6.0438888      1.6277431      4.2440058      4.2660051      1.1806488      0.9389511      3.8299083      2.3805059      8.0988781      7.6554031     11.8429486     11.9703273     10.6093315      5.2709137      6.1054189      5.0276698      4.6691651      5.4605301      6.5718987      7.8616459      7.5800395      6.6149826      6.2303370     -5.9573835     -8.2962080     -0.2395915 
   110.5000000        2.8308005      2.1628471      2.6838493      5.7261924      0.3410545     -0.9760416      2.5786009      3.0019576     -2.9493175     -2.0248787     -0.1571704     -6.8939399      0.8068238     -4.9032204     -6.0620347      1.6126055      4.2307570      4.2516016      1.1644036      0.9233444      3.8166657      2.3667945      8.0878394      7.6444082     11.8316268     11.9585075     10.5990049      5.2556978      6.0927402      5.0154033      4.6580223      5.4485740      6.5594963      7.8483933      7.5678032      6.6044817      6.2187601     -5.9715215     -8.3118492     -0.2601568 
   111.0000000        2.8142695      2.1484679      2.6691101      5.7150042      0.3271221     -0.9898143      2.5631533      2.9874058     -2.9679762     -2.0399040     -0.1707464     -6.9140662      0.7931063     -4.9208632     -6.0801805      1.5974679      4.2175082      4.2371981      1.1481584      0.9077377      3.8034232      2.3530832      8.0768007      7.6334132     11.8203050     11.9466878     10.5886783      5.2404820      6.0800615      5.0031368      4.6468795      5.4366179      6.5470940      7.8351407      7.5555670      6.5939809      6.2071832     -5.9856595     -8.3274904     -0.2814420 
   111.5000000        2.7977385      2.1340887      2.6543710      5.7038161      0.3131896     -1.0035870      2.5477058      2.9728540     -2.9866350     -2.0549293     -0.1843223     -6.9341925      0.7793887     -4.9385059     -6.0983264      1.5823303      4.2042595      4.2227946      1.1319132      0.8921309      3.7901806      2.3393718      8.0657620      7.6224183     11.8089833     11.9348680     10.5783517      5.2252662      6.0673829      4.9908765      4.6357367      5.4246618      6.5346917      7.8218881      7.5433308      6.5834800      6.1956063     -5.9997975     -8.3431316     -0.3027271 
   112.0000000        2.7812074      2.1197095      2.6396318      5.6926279      0.2992571     -1.0173597      2.5322582      2.9583022     -3.0052937     -2.0699546     -0.1978982     -6.9543188      0.7656712     -4.9561487     -6.1164722      1.5671926      4.1910107      4.2083911      1.1156679      0.8765242      3.7769380      2.3256604      8.0547233      7.6114234     11.7976615     11.9230482     10.5680251      5.2100504      6.0547042      4.9791893      4.6245939      5.4127057      6.5222893      7.8086355      7.5310945      6.5729791      6.1840295     -6.0139355     -8.3587728     -0.3240122 
   112.5000000        2.7646764      2.1053303      2.6248997      5.6814398      0.2853247     -1.0311324      2.5168343      2.9437504     -3.0239525     -2.0849799     -0.2114741     -6.9744450      0.7519537     -4.9737914     -6.1346181      1.5520550      4.1777619      4.1939876      1.0994227      0.8609175      3.7636955      2.3119490      8.0436846      7.6004285     11.7863397     11.9112285     10.5576985      5.1948345      6.0420255      4.9675021      4.6134510      5.4007496      6.5098870      7.7953829      7.5188583      6.5624783      6.1724526     -6.0282126     -8.3744140     -0.3452974 
   113.0000000        2.7481454      2.0912329      2.6111257      5.6702516      0.2713922     -1.0449051      2.5015541      2.9291986     -3.0426112     -2.1000052     -0.2250500     -6.9945713      0.7382362     -4.9914342     -6.1527639      1.5369174      4.1645131      4.1795840      1.0831775      0.8453107      3.7504529      2.2982377      8.0326459      7.5894336     11.7750179     11.8994087     10.5473720      5.1796187      6.0293468      4.9558149      4.6023082      5.3887936      6.4974847      7.7821303      7.5066220      6.5519774      6.1608757     -6.0425281     -8.3900553     -0.3665825 
   113.5000000        2.7316143      2.0773572      2.5973516      5.6590635      0.2574598     -1.0586778      2.4862740      2.9146468     -3.0612700     -2.1150304     -0.2386260     -7.0146976      0.7245187     -5.0090769     -6.1709098      1.5217798      4.1512643      4.1651805      1.0669323      0.8297040      3.7372104      2.2845263      8.0216072      7.5784387     11.7636961     11.8875889     10.5370454      5.1644029      6.0166682      4.9441278      4.5911654      5.3768375      6.4850823      7.7688777      7.4943858      6.5414765      6.1492989     -6.0568436     -8.4056965     -0.3878677 
   114.0000000        2.7150833      2.0634815      2.5835776      5.6478753      0.2435273     -1.0724505      2.4709938      2.9009881     -3.0799287     -2.1300557     -0.2522019     -7.0348238      0.7108012     -5.0267197     -6.1890557      1.5066422      4.1380155      4.1507770      1.0506871      0.8140973      3.7239678      2.2708149      8.0105685      7.5674438     11.7523744     11.8757692     10.5267188      5.1491871      6.0039895      4.9324406      4.5800226      5.3648814      6.4726800      7.7556251      7.4821495      6.5309756      6.1377220     -6.0711592     -8.4213377     -0.4091528 
   114.5000000        2.6985523      2.0496057      2.5698036      5.6366872      0.2295949     -1.0862232      2.4557136      2.8874433     -3.0985875     -2.1448310     -0.2657778     -7.0549501      0.6970837     -5.0443624     -6.2072015      1.4915046      4.1247667      4.1363735      1.0344419      0.7984905      3.7107252      2.2571035      7.9995297      7.5564489     11.7410526     11.8639494     10.5163922      5.1339712      5.9913108      4.9207534      4.5688798      5.3529253      6.4602776      7.7423725      7.4699133      6.5206303      6.1263274     -6.0854747     -8.4369789     -0.4304380 
   114.5000000        2.6985523      2.0496057      2.5698036      5.6366872      0.2295949     -1.0862232      2.4557136      2.8874433     -3.0985875     -2.1448310     -0.2657778     -7.0549501      0.6970837     -5.0443624     -6.2072015      1.4915046      4.1247667      4.1363735      1.0344419      0.7984905      3.7107252      2.2571035      7.9995297      7.5564489     11.7410526     11.8639494     10.5163922      5.1339712      5.9913108      4.9207534      4.5688798      5.3529253      6.4602776      7.7423725      7.4699133      6.5206303      6.1263274     -6.0854747     -8.4369789     -0.4304380 
   115.0000000        2.6820212      2.0357300      2.5560296      5.6254990      0.2156624     -1.0999960      2.4404334      2.8738985     -3.1172462     -2.1593257     -0.2793537     -7.0755057      0.6833662     -5.0620052     -6.2253474      1.4763670      4.1115179      4.1219700      1.0181967      0.7828838      3.6974827      2.2433922      7.9884910      7.5454540     11.7297308     11.8521296     10.5060656      5.1187554      5.9786322      4.9090662      4.5577370      5.3409692      6.4486086      7.7294101      7.4576771      6.5104903      6.1152980     -6.0997902     -8.4526201     -0.4517231 
   115.5000000        2.6654902      2.0218542      2.5422555      5.6143109      0.2017299     -1.1137687      2.4251532      2.8603536     -3.1359050     -2.1738204     -0.2929296     -7.0962050      0.6696487     -5.0798097     -6.2434932      1.4612293      4.0982692      4.1075665      1.0019514      0.7672771      3.6842401      2.2296808      7.9774523      7.5344591     11.7184090     11.8403099     10.4957390      5.1035396      5.9659535      4.8973791      4.5465941      5.3290131      6.4370238      7.7168118      7.4454408      6.5003503      6.1042686     -6.1141058     -8.4682613     -0.4730083 
   116.0000000        2.6489592      2.0079785      2.5284815      5.6031227      0.1877975     -1.1275414      2.4098730      2.8468088     -3.1545637     -2.1883151     -0.3065056     -7.1169044      0.6565006     -5.0982349     -6.2616391      1.4460917      4.0850204      4.0931630      0.9857062      0.7516704      3.6709975      2.2159694      7.9664136      7.5234642     11.7070872     11.8284901     10.4856196      5.0883237      5.9532748      4.8856919      4.5354513      5.3170570      6.4254389      7.7042135      7.4332046      6.4902102      6.0932393     -6.1284213     -8.4839025     -0.4942934 
   116.5000000        2.6333668      1.9941028      2.5147075      5.5919346      0.1738650     -1.1413141      2.3945928      2.8332640     -3.1732225     -2.2028098     -0.3200815     -7.1376037      0.6438881     -5.1166600     -6.2797850      1.4309541      4.0717716      4.0787595      0.9694610      0.7360636      3.6577550      2.2022580      7.9553749      7.5124693     11.6957655     11.8166703     10.4757594      5.0731079      5.9405961      4.8740047      4.5243085      5.3051009      6.4138541      7.6916151      7.4216654      6.4800702      6.0822099     -6.1427368     -8.4995437     -0.5155786 
   117.0000000        2.6179007      1.9802270      2.5009334      5.5807464      0.1599326     -1.1550868      2.3793126      2.8197192     -3.1918812     -2.2173045     -0.3336574     -7.1583031      0.6312756     -5.1350852     -6.2979308      1.4158165      4.0585228      4.0643559      0.9532158      0.7204569      3.6445124      2.1885467      7.9443362      7.5014744     11.6844690     11.8048596     10.4658992      5.0578921      5.9279175      4.8623176      4.5131657      5.2931448      6.4022693      7.6790168      7.4101382      6.4699302      6.0711805     -6.1570524     -8.5151849     -0.5368637 
   117.5000000        2.6024346      1.9663513      2.4871594      5.5695583      0.1460001     -1.1688595      2.3640324      2.8061744     -3.2105400     -2.2317992     -0.3472333     -7.1790025      0.6186631     -5.1535104     -6.3160767      1.4007930      4.0452740      4.0499524      0.9369706      0.7048502      3.6312699      2.1748919      7.9332975      7.4904795     11.6736624     11.7937525     10.4560389      5.0426763      5.9152388      4.8506304      4.5020229      5.2811887      6.3906844      7.6664185      7.3986109      6.4597902      6.0601511     -6.1713679     -8.5301631     -0.5581488 
   118.0000000        2.5869684      1.9524755      2.4733854      5.5583701      0.1320677     -1.1826322      2.3487523      2.7926296     -3.2285097     -2.2462939     -0.3608092     -7.1997018      0.6060506     -5.1719355     -6.3342225      1.3861755      4.0320252      4.0355489      0.9207254      0.6892434      3.6180273      2.1618473      7.9222588      7.4794846     11.6628558     11.7826454     10.4461787      5.0274604      5.9025601      4.8389432      4.4908801      5.2692326      6.3790996      7.6538201      7.3870836      6.4496502      6.0491217     -6.1856834     -8.5450542     -0.5794340 
   118.5000000        2.5715023      1.9385998      2.4596114      5.5471820      0.1181352     -1.1964049      2.3334721      2.7790848     -3.2453824     -2.2607886     -0.3743852     -7.2204012      0.5934382     -5.1903607     -6.3523684      1.3715580      4.0187764      4.0211454      0.9044802      0.6736367      3.6047847      2.1488028      7.9112200      7.4684897     11.6520492     11.7715384     10.4363185      5.0122446      5.8905885      4.8272560      4.4797372      5.2579459      6.3675148      7.6412218      7.3755563      6.4395102      6.0380923     -6.1999990     -8.5599454     -0.6007191 
   119.0000000        2.5560361      1.9247241      2.4458373      5.5359938      0.1042027     -1.2101776      2.3181919      2.7655400     -3.2622551     -2.2752833     -0.3879611     -7.2411005      0.5808257     -5.2087859     -6.3705142      1.3569405      4.0056941      4.0067419      0.8881407      0.6580300      3.5915422      2.1357582      7.9001813      7.4574948     11.6412425     11.7604313     10.4264583      4.9970288      5.8787958      4.8155689      4.4685944      5.2466724      6.3559299      7.6286235      7.3640291      6.4293702      6.0270629     -6.2143145     -8.5748365     -0.6220043 
   119.5000000        2.5405700      1.9108483      2.4320633      5.5248057      0.0902703     -1.2239503      2.3029117      2.7519952     -3.2791278     -2.2897780     -0.4015370     -7.2617999      0.5682132     -5.2272110     -6.3886601      1.3423230      3.9933374      3.9923384      0.8717842      0.6424232      3.5784478      2.1227136      7.8891426      7.4464999     11.6304359     11.7493243     10.4165981      4.9818129      5.8670031      4.8038817      4.4574516      5.2353990      6.3443451      7.6160251      7.3525018      6.4192302      6.0160336     -6.2286300     -8.5897276     -0.6432894 
   120.0000000        2.5251038      1.8969726      2.4182893      5.5136175      0.0763378     -1.2377230      2.2876315      2.7384503     -3.2960005     -2.3042727     -0.4151129     -7.2824992      0.5556007     -5.2456362     -6.4068060      1.3277055      3.9809807      3.9779349      0.8554277      0.6304368      3.5656228      2.1096690      7.8781039      7.4355050     11.6196293     11.7382172     10.4067379      4.9665971      5.8552104      4.7921945      4.4463088      5.2241255      6.3327603      7.6034268      7.3409745      6.4090902      6.0050042     -6.2429456     -8.6046187     -0.6645746 
   120.5000000        2.5096377      1.8830969      2.4045152      5.5024294      0.0624054     -1.2514957      2.2723513      2.7249055     -3.3128732     -2.3187674     -0.4286888     -7.3031986      0.5429882     -5.2640613     -6.4249518      1.3130880      3.9686239      3.9636461      0.8390712      0.6194676      3.5527977      2.0966244      7.8670652      7.4245101     11.6088227     11.7271101     10.3968776      4.9513813      5.8434177      4.7805073      4.4351660      5.2128521      6.3211755      7.5908284      7.3294472      6.3989501      5.9939748     -6.2572611     -8.6195099     -0.6858597 
   121.0000000        2.4941716      1.8692211      2.3907412      5.4912412      0.0484729     -1.2652684      2.2570711      2.7113607     -3.3297459     -2.3332621     -0.4422648     -7.3238980      0.5303757     -5.2824865     -6.4430977      1.2984705      3.9562672      3.9503683      0.8227147      0.6084984      3.5399727      2.0835798      7.8560265      7.4136518     11.5980161     11.7160031     10.3870174      4.9361655      5.8316249      4.7688202      4.4240232      5.2015786      6.3095906      7.5782301      7.3179200      6.3888101      5.9829454     -6.2715767     -8.6344010     -0.7071449 
   121.5000000        2.4787054      1.8553454      2.3769672      5.4800531      0.0345405     -1.2790411      2.2417909      2.6978159     -3.3466186     -2.3477568     -0.4558407     -7.3445973      0.5177632     -5.3009117     -6.4612435      1.2838530      3.9439105      3.9370904      0.8063582      0.5975292      3.5271476      2.0705353      7.8449878      7.4032616     11.5872095     11.7048960     10.3771572      4.9209496      5.8198322      4.7571330      4.4128803      5.1903052      6.2980058      7.5656318      7.3063927      6.3786701      5.9719160     -6.2858922     -8.6492921     -0.7284300 
   122.0000000        2.4632393      1.8414696      2.3631932      5.4688649      0.0206830     -1.2928138      2.2265107      2.6842711     -3.3634913     -2.3622515     -0.4694166     -7.3652967      0.5051507     -5.3193368     -6.4782495      1.2692355      3.9315537      3.9238126      0.7900018      0.5865600      3.5143226      2.0574907      7.8339491      7.3928714     11.5764028     11.6937890     10.3672970      4.9057338      5.8080395      4.7454458      4.4017375      5.1790317      6.2864210      7.5530334      7.2948654      6.3685301      5.9608866     -6.3002077     -8.6641832     -0.7498989 
   122.5000000        2.4477731      1.8275939      2.3494191      5.4576767      0.0075009     -1.3065865      2.2112306      2.6707263     -3.3803640     -2.3767462     -0.4829925     -7.3859960      0.4925382     -5.3377620     -6.4935960      1.2546180      3.9191970      3.9105347      0.7736453      0.5755908      3.5014975      2.0444461      7.8229104      7.3824811     11.5655962     11.6826819     10.3574368      4.8905180      5.7962468      4.7337587      4.3906819      5.1677583      6.2748361      7.5404351      7.2833381      6.3583901      5.9498573     -6.3145233     -8.6790744     -0.7714916 
   123.0000000        2.4323070      1.8137182      2.3356451      5.4464886     -0.0056812     -1.3203592      2.1959504      2.6571815     -3.3972367     -2.3912409     -0.4960046     -7.4066954      0.4799258     -5.3561871     -6.5089426      1.2400005      3.9068403      3.8972569      0.7572888      0.5646216      3.4886725      2.0314015      7.8118716      7.3720909     11.5547896     11.6715748     10.3475765      4.8753022      5.7844541      4.7220715      4.3802304      5.1564848      6.2632513      7.5278368      7.2718109      6.3482501      5.9388279     -6.3288388     -8.6939655     -0.7930843 
   123.5000000        2.4168409      1.7998424      2.3218711      5.4353004     -0.0188634     -1.3341319      2.1806702      2.6436367     -3.4141094     -2.4057357     -0.5088562     -7.4273947      0.4673133     -5.3746123     -6.5242891      1.2253830      3.8944836      3.8839791      0.7409323      0.5536524      3.4758474      2.0183569      7.8008329      7.3617007     11.5439830     11.6604678     10.3377163      4.8600863      5.7726614      4.7103843      4.3697790      5.1452114      6.2516665      7.5152384      7.2602836      6.3381101      5.9277985     -6.3431543     -8.7088566     -0.8146770 
   124.0000000        2.4013747      1.7859667      2.3080970      5.4249675     -0.0320455     -1.3479046      2.1653900      2.6300919     -3.4309821     -2.4202304     -0.5217079     -7.4480941      0.4547008     -5.3930375     -6.5396357      1.2107655      3.8821268      3.8707012      0.7245758      0.5426832      3.4630224      2.0053123      7.7897942      7.3513105     11.5331764     11.6493607     10.3278561      4.8453846      5.7608686      4.6986971      4.3593275      5.1339379      6.2400816      7.5026401      7.2487563      6.3279701      5.9167691     -6.3574699     -8.7237477     -0.8362697 
   124.0000000        2.4013747      1.7859667      2.3080970      5.4249675     -0.0320455     -1.3479046      2.1653900      2.6300919     -3.4309821     -2.4202304     -0.5217079     -7.4480941      0.4547008     -5.3930375     -6.5396357      1.2107655      3.8821268      3.8707012      0.7245758      0.5426832      3.4630224      2.0053123      7.7897942      7.3513105     11.5331764     11.6493607     10.3278561      4.8453846      5.7608686      4.6986971      4.3593275      5.1339379      6.2400816      7.5026401      7.2487563      6.3279701      5.9167691     -6.3574699     -8.7237477     -0.8362697 
   124.5000000        2.3859086      1.7720909      2.2943230      5.4148558     -0.0452276     -1.3633444      2.1501098      2.6165470     -3.4478548     -2.4347251     -0.5345595     -7.4687935      0.4420883     -5.4114626     -6.5549822      1.1961480      3.8697701      3.8574234      0.7082193      0.5317140      3.4501974      1.9922678      7.7787555      7.3409202     11.5223698     11.6382536     10.3179959      4.8310256      5.7490759      4.6870100      4.3488761      5.1226644      6.2284968      7.4900418      7.2372290      6.3178300      5.9057397     -6.3717854     -8.7386389     -0.8578624 
   125.0000000        2.3704424      1.7582152      2.2805490      5.4047442     -0.0584097     -1.3789283      2.1348995      2.6030022     -3.4647276     -2.4492198     -0.5474111     -7.4894928      0.4294758     -5.4298878     -6.5703287      1.1815305      3.8574134      3.8441455      0.6918628      0.5207448      3.4373723      1.9792232      7.7677168      7.3305300     11.5115631     11.6271466     10.3081357      4.8166667      5.7372832      4.6753228      4.3384246      5.1113910      6.2169120      7.4774434      7.2257018      6.3076900      5.8947103     -6.3861009     -8.7535300     -0.8794552 
   125.5000000        2.3549763      1.7443395      2.2667750      5.3946325     -0.0715918     -1.3945121      2.1205317      2.5894574     -3.4816003     -2.4637145     -0.5602628     -7.5101922      0.4168633     -5.4483130     -6.5856753      1.1669130      3.8450566      3.8308677      0.6755064      0.5097756      3.4245473      1.9661786      7.7566781      7.3201398     11.5007565     11.6160395     10.2982755      4.8023077      5.7254905      4.6639330      4.3279731      5.1001175      6.2053271      7.4648451      7.2141745      6.2975500      5.8836809     -6.4004165     -8.7684211     -0.9010479 
   126.0000000        2.3395101      1.7304637      2.2530009      5.3845209     -0.0847739     -1.4100960      2.1061640      2.5759126     -3.4984730     -2.4782092     -0.5731144     -7.5308915      0.4042508     -5.4667381     -6.6010218      1.1522955      3.8326999      3.8175898      0.6591499      0.4988065      3.4117222      1.9531340      7.7458513      7.3097496     11.4899499     11.6049325     10.2884152      4.7879487      5.7136978      4.6527918      4.3175217      5.0888441      6.1937423      7.4522467      7.2026472      6.2874100      5.8726516     -6.4147320     -8.7833123     -0.9226406 
   126.5000000        2.3240440      1.7165880      2.2400255      5.3744092     -0.0979560     -1.4256798      2.0917962      2.5623678     -3.5153457     -2.4927039     -0.5859661     -7.5515909      0.3916383     -5.4851633     -6.6163684      1.1376780      3.8203432      3.8043120      0.6427934      0.4878373      3.3988972      1.9400894      7.7351305      7.2993593     11.4791433     11.5938254     10.2785550      4.7735897      5.7019051      4.6416507      4.3070702      5.0775706      6.1821575      7.4396484      7.1911199      6.2772700      5.8616222     -6.4290475     -8.7982034     -0.9442333 
   127.0000000        2.3085779      1.7027122      2.2271127      5.3642976     -0.1111381     -1.4412637      2.0774284      2.5488230     -3.5322184     -2.5071986     -0.5988177     -7.5725409      0.3790259     -5.5035884     -6.6317149      1.1230605      3.8079864      3.7910341      0.6264369      0.4768681      3.3860721      1.9270448      7.7244096      7.2889691     11.4683367     11.5827183     10.2686948      4.7592308      5.6901123      4.6305095      4.2966188      5.0662972      6.1705726      7.4270501      7.1795927      6.2671300      5.8505928     -6.4433631     -8.8130945     -0.9658260 
   127.5000000        2.2931117      1.6888365      2.2141999      5.3541859     -0.1243202     -1.4568475      2.0630607      2.5352782     -3.5490911     -2.5216933     -0.6116693     -7.5972618      0.3664134     -5.5220136     -6.6470615      1.1084430      3.7956297      3.7777563      0.6100804      0.4658989      3.3732471      1.9140003      7.7136888      7.2785789     11.4575301     11.5716113     10.2588346      4.7448718      5.6783196      4.6193683      4.2861673      5.0550237      6.1589878      7.4144517      7.1680654      6.2569900      5.8395634     -6.4576786     -8.8279856     -0.9874187 
   128.0000000        2.2776456      1.6749608      2.2012871      5.3440743     -0.1375023     -1.4724314      2.0486929      2.5217334     -3.5659638     -2.5361880     -0.6245210     -7.6219827      0.3538009     -5.5404388     -6.6624080      1.0938255      3.7832730      3.7644784      0.5937239      0.4549297      3.3604220      1.9009557      7.7029679      7.2681887     11.4467234     11.5605042     10.2489744      4.7305128      5.6665269      4.6082272      4.2757158      5.0437503      6.1474030      7.4018534      7.1565381      6.2468500      5.8285340     -6.4714103     -8.8428768     -1.0090114 
   128.5000000        2.2621794      1.6610850      2.1883743      5.3339626     -0.1506845     -1.4880152      2.0343251      2.5081886     -3.5828365     -2.5506827     -0.6373726     -7.6467037      0.3411884     -5.5588639     -6.6777546      1.0792080      3.7709163      3.7512006      0.5773674      0.4439605      3.3475970      1.8879111      7.6922471      7.2577985     11.4359168     11.5493972     10.2391141      4.7161538      5.6547342      4.5970860      4.2652644      5.0324768      6.1358181      7.3892551      7.1450108      6.2367100      5.8175046     -6.4846802     -8.8577679     -1.0306042 
   129.0000000        2.2467133      1.6472093      2.1754614      5.3238510     -0.1638666     -1.5035991      2.0199573      2.4946438     -3.5997092     -2.5651774     -0.6502242     -7.6714246      0.3285759     -5.5771374     -6.6931011      1.0645904      3.7585595      3.7379227      0.5610110      0.4329913      3.3347719      1.8748665      7.6815262      7.2474082     11.4251102     11.5382901     10.2292539      4.7017949      5.6429415      4.5859449      4.2548129      5.0212034      6.1242333      7.3766567      7.1334836      6.2265699      5.8064753     -6.4979501     -8.8726590     -1.0521969 
   129.5000000        2.2314294      1.6333335      2.1625486      5.3137393     -0.1770487     -1.5191829      2.0055896      2.4810989     -3.6165819     -2.5796721     -0.6630759     -7.6961455      0.3159634     -5.5953797     -6.7084477      1.0502042      3.7462028      3.7246449      0.5446545      0.4220221      3.3219469      1.8618219      7.6708054      7.2370180     11.4143036     11.5271830     10.2193937      4.6874359      5.6311488      4.5748037      4.2443615      5.0099299      6.1126485      7.3640584      7.1219563      6.2164299      5.7954459     -6.5112201     -8.8875501     -1.0737896 
   130.0000000        2.2169875      1.6194578      2.1496358      5.3036277     -0.1902308     -1.5347668      1.9912218      2.4675541     -3.6334546     -2.5941668     -0.6759275     -7.7208664      0.3033509     -5.6136220     -6.7237942      1.0361475      3.7338461      3.7113670      0.5282980      0.4110529      3.3091219      1.8487773      7.6600845      7.2266278     11.4034970     11.5160760     10.2095335      4.6730769      5.6193560      4.5636626      4.2339100      4.9986564      6.1010636      7.3514894      7.1104290      6.2062899      5.7844165     -6.5244900     -8.9024413     -1.0953823 
   130.5000000        2.2025455      1.6055821      2.1367230      5.2935160     -0.2034129     -1.5503506      1.9768540      2.4540093     -3.6503273     -2.6085700     -0.6887791     -7.7455873      0.2907384     -5.6318643     -6.7391408      1.0220908      3.7214893      3.6980892      0.5119415      0.4000837      3.2962968      1.8357328      7.6493637      7.2162376     11.3926904     11.5049689     10.1996733      4.6587179      5.6075633      4.5525214      4.2234585      4.9873830      6.0899882      7.3395764      7.0989017      6.1961499      5.7735623     -6.5377600     -8.9173324     -1.1169750 
   131.0000000        2.1881035      1.5917063      2.1238102      5.2834044     -0.2165950     -1.5659345      1.9624863      2.4404645     -3.6672000     -2.6229402     -0.7016308     -7.7703082      0.2781259     -5.6501066     -6.7544873      1.0080342      3.7091326      3.6848114      0.4955850      0.3891145      3.2834718      1.8226882      7.6386428      7.2058473     11.3818901     11.4938618     10.1898130      4.6443590      5.5957706      4.5413803      4.2130071      4.9761095      6.0790960      7.3276634      7.0873745      6.1862459      5.7628772     -6.5510299     -8.9322235     -1.1385677 
   131.0000000        2.1881035     -3.3428094      2.1238102      5.2834044     -0.2165950     -1.5659345      1.9624863      2.4404645     -3.6672000     -2.6229402     -0.7016308     -7.7703082      0.2781259     -5.6501066     -6.7544873      1.0080342      3.7091326      3.6848114      0.4955850      0.3891145      3.2834718      1.8226882      7.6386428      7.2058473     11.3818901     11.4938618     10.1898130      4.6443590      5.5957706      4.5413803      4.2130071      4.9761095      6.0790960      7.3276634      7.0873745      6.1862459      5.7628772     -6.5510299     -8.9322235     -1.1385677 
   131.5000000        2.1736615     -3.3659257      2.1108974      5.2732928     -0.2297771     -1.5815183      1.9481185      2.4269197     -3.6826180     -2.6373104     -0.7144824     -7.7950291      0.2655135     -5.6683489     -6.7698339      0.9939775      3.6967759      3.6715335      0.4792285      0.3781453      3.2706467      1.8096436      7.6279220      7.1954571     11.3716771     11.4827548     10.1799528      4.6300000      5.5839779      4.5302391      4.2025556      4.9648361      6.0682038      7.3157503      7.0758472      6.1763720      5.7521921     -6.5642998     -8.9471146     -1.1601604 
   132.0000000        2.1592195     -3.3890419      2.0979845      5.2631811     -0.2429592     -1.5971022      1.9337507      2.4133749     -3.6977465     -2.6516806     -0.7273341     -7.8197501      0.2536241     -5.6865912     -6.7851804      0.9799208      3.6844191      3.6582557      0.4628720      0.3671761      3.2578217      1.7965990      7.6172011      7.1850669     11.3614640     11.4720186     10.1700926      4.6156410      5.5721852      4.5190980      4.1921042      4.9535626      6.0573115      7.3038373      7.0643199      6.1664982      5.7415070     -6.5775698     -8.9620058     -1.1817532 
   132.5000000        2.1447775     -3.4121582      2.0850717      5.2530695     -0.2561413     -1.6126860      1.9193830      2.3998301     -3.7128751     -2.6660508     -0.7401857     -7.8444710      0.2419147     -5.7048336     -6.8005270      0.9658642      3.6720624      3.6449778      0.4465156      0.3562069      3.2449966      1.7835544      7.6064803      7.1746767     11.3512509     11.4616812     10.1602676      4.6012821      5.5603925      4.5079568      4.1816527      4.9422892      6.0464193      7.2919243      7.0528563      6.1566244      5.7308219     -6.5908397     -8.9768969     -1.2033459 
   133.0000000        2.1303355     -3.4352745      2.0721589      5.2429578     -0.2693234     -1.6282699      1.9050152      2.3862853     -3.7280036     -2.6804210     -0.7530373     -7.8691919      0.2302053     -5.7230759     -6.8158735      0.9518075      3.6597057      3.6317000      0.4301591      0.3452377      3.2321716      1.7705098      7.5957594      7.1642864     11.3410378     11.4513438     10.1508602      4.5869231      5.5485997      4.4968157      4.1712012      4.9310157      6.0355270      7.2800112      7.0419369      6.1467505      5.7201367     -6.6041097     -8.9917880     -1.2249386 
   133.0000000        2.1303355     -3.4352745      2.0721589      5.2429578     -0.2693234     -1.6282699      1.9050152     -1.1728214     -3.7280036     -2.6804210     -0.7530373     -7.8691919      0.2302053     -5.7230759     -6.8158735      0.9518075      3.6597057      3.6317000      0.4301591      0.3452377      3.2321716      1.7705098      7.5957594      7.1642864     11.3410378     11.4513438     10.1508602      4.5869231      5.5485997      4.4968157      4.1712012      4.9310157      6.0355270      7.2800112      7.0419369      6.1467505      5.7201367     -6.6041097     -8.9917880     -1.2249386 
   133.5000000        2.1158936     -3.4583907      2.0592461      5.2328462     -0.2825055     -1.6438537      1.8906474     -1.1871487     -3.7431321     -2.6947912     -0.7658890     -7.8939128      0.2184959     -5.7413182     -6.8312201      0.9377508      3.6473490      3.6184221      0.4138026      0.3342685      3.2193465      1.7577806      7.5850386      7.1538962     11.3308247     11.4410063     10.1414527      4.5725641      5.5369660      4.4856745      4.1607498      4.9200420      6.0246348      7.2680982      7.0310176      6.1368767      5.7094516     -6.6173796     -9.0066791     -1.2466482 
   134.0000000        2.1014516     -3.4815070      2.0463333      5.2227345     -0.2956877     -1.6594376      1.8762797     -1.2014759     -3.7582606     -2.7091614     -0.7787406     -7.9186337      0.2067865     -5.7595605     -6.8465666      0.9236941      3.6350618      3.6051443      0.3974083      0.3232993      3.2065215      1.7453654      7.5743177      7.1435060     11.3206117     11.4306689     10.1320452      4.5582051      5.5260284      4.4745334      4.1502983      4.9094113      6.0137426      7.2561852      7.0200982      6.1270028      5.6987665     -6.6306496     -9.0220789     -1.2685056 
   134.5000000        2.0870096     -3.5046187      2.0334204      5.2126229     -0.3088698     -1.6750214      1.8619119     -1.2158032     -3.7733892     -2.7235316     -0.7915922     -7.9433546      0.1950771     -5.7778028     -6.8619132      0.9096375      3.6235579      3.5918664      0.3806539      0.3123301      3.1936965      1.7329502      7.5635969      7.1331158     11.3103986     11.4203315     10.1226378      4.5438462      5.5150907      4.4633922      4.1398469      4.8987805      6.0028503      7.2442722      7.0091788      6.1171290      5.6880814     -6.6439195     -9.0375282     -1.2903630 
   135.0000000        2.0725676     -3.5277122      2.0205076      5.2025112     -0.3220519     -1.6906053      1.8475441     -1.2301305     -3.7885177     -2.7379018     -0.8044439     -7.9680755      0.1833676     -5.7960451     -6.8772597      0.8955808      3.6120541      3.5785886      0.3638995      0.3013609      3.1808714      1.7205351      7.5528760      7.1227255     11.3001855     11.4099941     10.1132303      4.5294872      5.5041531      4.4522510      4.1293954      4.8881497      5.9919581      7.2323591      6.9982594      6.1072551      5.6773963     -6.6571894     -9.0529775     -1.3122205 
   135.5000000        2.0581256     -3.5508058      2.0075948      5.1923996     -0.3352340     -1.7061891      1.8331763     -1.2444577     -3.8036462     -2.7522720     -0.8172955     -7.9927965      0.1716582     -5.8142874     -6.8926063      0.8815241      3.6005503      3.5653107      0.3471451      0.2903917      3.1680464      1.7081199      7.5421551      7.1123353     11.2899724     11.3996567     10.1038229      4.5151282      5.4932154      4.4411099      4.1189439      4.8775190      5.9810658      7.2204461      6.9873400      6.0973813      5.6667112     -6.6704594     -9.0684267     -1.3340779 
   136.0000000        2.0436836     -3.5738993      1.9946820      5.1822879     -0.3484161     -1.7217730      1.8188086     -1.2587850     -3.8187747     -2.7666422     -0.8301471     -8.0175174      0.1599488     -5.8325297     -6.9079528      0.8674674      3.5890464      3.5530315      0.3303907      0.2794225      3.1552213      1.6957047      7.5314343      7.1019451     11.2797594     11.3893192     10.0944154      4.5007692      5.4822778      4.4299687      4.1084925      4.8668882      5.9701736      7.2085331      6.9764207      6.0875075      5.6560261     -6.6837293     -9.0838760     -1.3559354 
   136.5000000        2.0292417     -3.5969928      1.9817692      5.1721763     -0.3615982     -1.7373568      1.8044408     -1.2731123     -3.8339033     -2.7810124     -0.8429988     -8.0422383      0.1482394     -5.8507721     -6.9232994      0.8534108      3.5775426      3.5409627      0.3136363      0.2684533      3.1425806      1.6832895      7.5207134      7.0915549     11.2695463     11.3789818     10.0850079      4.4864103      5.4713402      4.4188276      4.0980410      4.8562575      5.9592813      7.1966200      6.9655013      6.0776336      5.6453409     -6.6969993     -9.0993253     -1.3777928 
   137.0000000        2.0147997     -3.6200863      1.9688564      5.1620646     -0.3747803     -1.7529407      1.7900730     -1.2874395     -3.8490318     -2.7953826     -0.8558504     -8.0667744      0.1365300     -5.8690144     -6.9386459      0.8393541      3.5660387      3.5288938      0.2968819      0.2574841      3.1300664      1.6708744      7.5099926      7.0811646     11.2593332     11.3686444     10.0756005      4.4720513      5.4604025      4.4076864      4.0875896      4.8456267      5.9483891      7.1847070      6.9545819      6.0677598      5.6346558     -6.7102692     -9.1147746     -1.3996503 
   137.5000000        2.0003577     -3.6431799      1.9559435      5.1519530     -0.3879624     -1.7685245      1.7757053     -1.3017668     -3.8641603     -2.8097528     -0.8687020     -8.0899514      0.1248206     -5.8872567     -6.9539925      0.8252974      3.5545349      3.5168250      0.2801276      0.2465149      3.1175522      1.6584592      7.4992717      7.0707744     11.2491201     11.3583070     10.0661930      4.4576923      5.4494649      4.3965453      4.0771381      4.8349960      5.9374969      7.1727940      6.9436625      6.0578859      5.6239707     -6.7235391     -9.1302239     -1.4215077 
   138.0000000        1.9859157     -3.6662734      1.9430307      5.1418414     -0.4011445     -1.7841084      1.7613375     -1.3160940     -3.8792889     -2.8241230     -0.8815537     -8.1131283      0.1131112     -5.9054990     -6.9674213      0.8112408      3.5430310      3.5047561      0.2633732      0.2355457      3.1050381      1.6460440      7.4885509      7.0606018     11.2389071     11.3479696     10.0567855      4.4433333      5.4385272      4.3854041      4.0667080      4.8243652      5.9266046      7.1608810      6.9327432      6.0480121      5.6132856     -6.7368091     -9.1456731     -1.4433652 
   138.0000000        1.9859157     -3.6662734      1.9430307      5.1418414     -0.4011445     -1.7841084      1.7613375     -1.3160940     -3.8792889     -2.8241230     -3.6859227     -8.1131283      0.1131112     -5.9054990     -6.9674213      0.8112408      3.5430310      3.5047561      0.2633732      0.2355457      3.1050381      1.6460440      7.4885509      7.0606018     11.2389071     11.3479696     10.0567855      4.4433333      5.4385272      4.3854041      4.0667080      4.8243652      5.9266046      7.1608810      6.9327432      6.0480121      5.6132856     -6.7368091     -9.1456731     -1.4433652 
   138.5000000        1.9714737     -3.6893669      1.9301179      5.1317297     -0.4143266     -1.7996922      1.7469697     -1.3304213     -3.8944174     -2.8384932     -3.7002521     -8.1363053      0.1014018     -5.9237413     -6.9803828      0.7971841      3.5315272      3.4926873      0.2466188      0.2245765      3.0925239      1.6336289      7.4778300      7.0508369     11.2286940     11.3376321     10.0473781      4.4289744      5.4275896      4.3742630      4.0569706      4.8137344      5.9157124      7.1489679      6.9218238      6.0381383      5.6026005     -6.7500790     -9.1611224     -1.4652226 
   139.0000000        1.9570317     -3.7124604      1.9172051      5.1216181     -0.4275088     -1.8152761      1.7327779     -1.3447486     -3.9095459     -2.8528634     -3.7145815     -8.1594823      0.0896924     -5.9419836     -6.9933443      0.7831274      3.5200234      3.4806184      0.2298644      0.2136073      3.0800097      1.6212137      7.4671092      7.0410720     11.2184809     11.3272947     10.0379706      4.4146154      5.4166519      4.3631218      4.0472332      4.8031037      5.9048201      7.1370549      6.9109044      6.0282644      5.5919154     -6.7633490     -9.1765717     -1.4870801 
   139.5000000        1.9425898     -3.7355540      1.9042923      5.1115064     -0.4406909     -1.8308599      1.7194645     -1.3590758     -3.9246744     -2.8672336     -3.7289108     -8.1826593      0.0779830     -5.9602259     -7.0063057      0.7690707      3.5085195      3.4685496      0.2131100      0.2026381      3.0674955      1.6087985      7.4563883      7.0313071     11.2082678     11.3169573     10.0285631      4.4004884      5.4057143      4.3519807      4.0374957      4.7924729      5.8939279      7.1251419      6.8999850      6.0183906      5.5812303     -6.7766189     -9.1920210     -1.5089375 
   140.0000000        1.9281478     -3.7586475      1.8913794      5.1013948     -0.4538730     -1.8464438      1.7061511     -1.3734031     -3.9398030     -2.8816038     -3.7432402     -8.2058363      0.0662736     -5.9784682     -7.0192672      0.7550141      3.4970157      3.4564808      0.1963556      0.1916689      3.0549814      1.5963833      7.4456675      7.0215421     11.1980547     11.3066199     10.0191557      4.3867093      5.3947766      4.3408395      4.0277583      4.7818422      5.8830356      7.1132288      6.8890656      6.0085167      5.5705452     -6.7898889     -9.2074702     -1.5307950 
   140.0000000        1.9281478     -3.7586475      1.8913794      5.1013948     -0.4538730     -1.8464438      1.7061511     -1.3734031     -3.9398030     -2.8816038     -3.7432402     -8.2058363      0.0662736     -5.9784682     -7.0192672      0.7550141      3.4970157      3.4564808      0.1963556      0.1916689      3.0549814      1.5963833      7.4456675      7.0215421     11.1980547     11.3066199     10.0191557      4.3867093      5.3947766      4.3408395      4.0277583      4.7818422      5.8830356      7.1132288      6.8890656      6.0085167      5.5705452     -6.7898889     -9.2074702     -1.5307950 
   140.5000000        1.9137058     -3.7817410      1.8784666      5.0920995     -0.4670551     -1.8620276      1.6928376     -1.3877304     -3.9549315     -2.8959740     -3.7575696     -8.2290132      0.0545642     -5.9967106     -7.0322286      0.7409574      3.4855118      3.4444119      0.1796012      0.1806997      3.0424672      1.5839682      7.4349466      7.0117772     11.1878417     11.2962825     10.0097482      4.3729302      5.3838390      4.3297547      4.0180208      4.7712114      5.8721434      7.1013158      6.8781463      5.9986429      5.5598600     -6.8031588     -9.2229195     -1.5526524 
   141.0000000        1.8992638     -3.8048345      1.8655538      5.0829349     -0.4802372     -1.8776115      1.6795242     -1.4020576     -3.9700600     -2.9103442     -3.7718989     -8.2521902      0.0428548     -6.0149529     -7.0451901      0.7269007      3.4740080      3.4323431      0.1628468      0.1697305      3.0299530      1.5715530      7.4242258      7.0020123     11.1776286     11.2859451     10.0003407      4.3591512      5.3729013      4.3190958      4.0082834      4.7605807      5.8612512      7.0894028      6.8672269      5.9887690      5.5491749     -6.8164287     -9.2383688     -1.5745098 
   141.5000000        1.8848218     -3.8279281      1.8527912      5.0737702     -0.4934193     -1.8931953      1.6662108     -1.4163849     -3.9851885     -2.9247144     -3.7862283     -8.2753672      0.0311454     -6.0331952     -7.0581516      0.7128441      3.4625041      3.4202742      0.1460924      0.1587613      3.0174388      1.5591378      7.4135049      6.9922474     11.1674155     11.2756076      9.9909333      4.3453721      5.3619637      4.3084369      3.9985460      4.7499499      5.8503589      7.0774897      6.8563075      5.9788952      5.5384898     -6.8296987     -9.2538181     -1.5963673 
   142.0000000        1.8703798     -3.8510216      1.8407006      5.0646056     -0.5066014     -1.9087792      1.6528974     -1.4307121     -4.0003171     -2.9390846     -3.8005577     -8.2985442      0.0194360     -6.0514375     -7.0711130      0.6987874      3.4510003      3.4082054      0.1293380      0.1477921      3.0049247      1.5467227      7.4027841      6.9824825     11.1572024     11.2652702      9.9815258      4.3315930      5.3510260      4.2977780      3.9888085      4.7393191      5.8394667      7.0655767      6.8453881      5.9690214      5.5278047     -6.8429686     -9.2692674     -1.6182247 
   142.5000000        1.8559378     -3.8741151      1.8286100      5.0554410     -0.5197835     -1.9243630      1.6395839     -1.4450394     -4.0154456     -2.9534548     -3.8148870     -8.3217211      0.0077266     -6.0696610     -7.0840745      0.6852529      3.4394965      3.3961366      0.1125836      0.1368229      2.9924105      1.5343075      7.3920632      6.9727175     11.1469894     11.2549328      9.9721184      4.3178140      5.3400884      4.2871191      3.9790711      4.7286884      5.8285744      7.0536637      6.8344688      5.9591475      5.5171196     -6.8562386     -9.2847166     -1.6400822 
   142.8000000        1.8472727     -3.8879712      1.8213556      5.0499422     -0.5276928     -1.9337133      1.6315959     -1.4536358     -4.0245227     -2.9620770     -3.8234847     -8.3356273      0.0007009     -6.0803036     -7.0918514      0.6772098      3.4325942      3.3888953      0.1025310      0.1302414      2.9849020      1.5268584      7.3856307      6.9668586     11.1408615     11.2487303      9.9664739      4.3095465      5.3335258      4.2807238      3.9732286      4.7223099      5.8220391      7.0465159      6.8279171      5.9532232      5.5107085     -6.8642005     -9.2939862     -1.6531967 
   142.8000000        1.8472727     -3.8879712      1.8213556      5.0499422     -0.5276928     -4.8837707      1.6315959     -1.4536358     -4.0245227     -2.9620770     -3.8234847     -8.3356273      0.0007009     -6.0803036     -7.0918514      0.6772098      3.4325942      3.3888953      0.1025310      0.1302414      2.9849020      1.5268584      7.3856307      6.9668586     11.1408615     11.2487303      9.9664739      4.3095465      5.3335258      4.2807238      3.9732286      4.7223099      5.8220391      7.0465159      6.8279171      5.9532232      5.5107085     -6.8642005     -9.2939862     -1.6531967 
   143.0000000        1.8414959     -3.8972086      1.8165193      5.0462763     -0.5329656     -4.8903460      1.6262705     -1.4593667     -4.0305741     -2.9678250     -3.8292164     -8.3448981     -0.0039828     -6.0873987     -7.0970359      0.6718477      3.4279926      3.3840677      0.0958292      0.1258537      2.9798963      1.5218923      7.3813424      6.9629526     11.1367763     11.2445954      9.9627109      4.3040349      5.3291507      4.2764602      3.9693336      4.7180576      5.8176822      7.0417507      6.8235494      5.9492737      5.5064345     -6.8695085     -9.3001659     -1.6619396 
   143.5000000        1.8270539     -3.9203022      1.8044287      5.0371117     -0.5461477     -4.9067843      1.6129571     -1.4736939     -4.0457026     -2.9821952     -3.8435458     -8.3680751     -0.0156923     -6.1051364     -7.1099974      0.6584424      3.4164888      3.3719989      0.0790749      0.1148845      2.9673821      1.5094771      7.3706215      6.9531877     11.1265632     11.2342580      9.9533034      4.2902558      5.3182131      4.2658014      3.9595962      4.7074269      5.8067899      7.0298376      6.8126300      5.9393998      5.4957494     -6.8827784     -9.3156152     -1.6837971 
   144.0000000        1.8126119     -3.9433957      1.7923381      5.0279470     -0.5593298     -4.9232225      1.5996436     -1.4880212     -4.0608312     -2.9965654     -3.8578751     -8.3912521     -0.0274017     -6.1228741     -7.1229589      0.6450371      3.4049849      3.3599300      0.0623205      0.1039153      2.9548680      1.4970620      7.3601198      6.9434228     11.1163501     11.2239205      9.9438960      4.2764767      5.3072754      4.2551425      3.9498588      4.6967961      5.7958977      7.0179246      6.8017106      5.9295260      5.4850642     -6.8960484     -9.3310645     -1.7056545 
   144.0000000        1.8126119     -3.9433957      1.7923381      5.0279470     -6.0752030     -4.9232225      1.5996436     -1.4880212     -4.0608312     -2.9965654     -3.8578751     -8.3912521     -0.0274017     -6.1228741     -7.1229589      0.6450371      3.4049849      3.3599300      0.0623205      0.1039153      2.9548680      1.4970620      7.3601198      6.9434228     11.1163501     11.2239205      9.9438960      4.2764767      5.3072754      4.2551425      3.9498588      4.6967961      5.7958977      7.0179246      6.8017106      5.9295260      5.4850642     -6.8960484     -9.3310645     -1.7056545 
   144.2000000        1.8068351     -3.9526331      1.7875018      5.0242812     -6.0815101     -4.9297978      1.5943183     -1.4937521     -4.0668826     -3.0023135     -3.8636069     -8.4005229     -0.0320854     -6.1299692     -7.1281435      0.6396750      3.4003834      3.3551025      0.0556187      0.0995276      2.9498623      1.4920959      7.3559475      6.9395168     11.1122649     11.2197856      9.9401330      4.2709651      5.3029004      4.2508789      3.9459638      4.6925438      5.7915408      7.0131594      6.7973429      5.9255765      5.4807902     -6.9013564     -9.3372442     -1.7143975 
   144.2000000        1.8068351     -3.9526331      1.7875018      5.0242812     -6.0815101     -4.9297978      1.5943183     -1.4937521     -4.0668826     -3.0023135     -3.8636069     -8.4005229     -0.0320854     -6.1299692     -7.1281435      0.6396750      3.4003834      3.3551025      0.0556187      0.0995276      2.9498623      1.4920959      7.3559475      6.9395168     11.1122649     11.2197856      9.9401330      4.2709651      5.3029004      4.2508789      3.9459638      4.6925438      5.7915408      7.0131594      6.7973429      5.9255765      5.4807902     -6.9013564     -9.3372442     -1.7143975 
   144.5000000        1.7983034     -3.9664892      1.7802475      5.0187824     -6.0909707     -4.9396608      1.5863302     -1.5023485     -4.0759597     -3.0109356     -3.8722045     -8.4144291     -0.0391111     -6.1406118     -7.1359203      0.6316318      3.3934811      3.3478612      0.0455661      0.0929461      2.9423538      1.4846468      7.3496891      6.9336579     11.1061371     11.2135831      9.9344885      4.2626977      5.2963378      4.2444836      3.9401213      4.6861654      5.7850055      7.0060116      6.7907912      5.9196521      5.4743791     -6.9093183     -9.3465137     -1.7275120 
   145.0000000        1.7849152     -3.9895827      1.7681568      5.0096178     -6.1067383     -4.9560990      1.5730168     -1.5166757     -4.0910882     -3.0253058     -3.8865339     -8.4376060     -0.0508205     -6.1583495     -7.1488818      0.6182266      3.3819773      3.3357924      0.0288117      0.0819769      2.9298396      1.4722316      7.3392583      6.9238929     11.0959240     11.2032457      9.9250810      4.2489186      5.2854001      4.2338247      3.9303839      4.6755346      5.7741132      6.9940985      6.7798719      5.9097783      5.4636940     -6.9225883     -9.3619630     -1.7493505 
   145.5000000        1.7715270     -4.0126763      1.7560662      5.0004531     -6.1225060     -4.9725373      1.5597033     -1.5310030     -4.1062168     -3.0396760     -3.9008633     -8.4607830     -0.0625299     -6.1760872     -7.1618433      0.6048213      3.3704734      3.3237235      0.0120573      0.0710077      2.9173254      1.4598165      7.3288276      6.9141280     11.0857109     11.1929083      9.9156736      4.2351395      5.2744625      4.2231658      3.9206464      4.6649038      5.7632210      6.9821855      6.7689525      5.8999045      5.4530089     -6.9358582     -9.3774123     -1.7709052 
   146.0000000        1.7581388     -4.0357698      1.7439756      4.9912885     -6.1382736     -4.9889755      1.5463899     -1.5453302     -4.1213453     -3.0540463     -3.9151926     -8.4839600     -0.0742393     -6.1938248     -7.1748047      0.5914160      3.3589696      3.3116547     -0.0046971      0.0600385      2.9048113      1.4474013      7.3183968      6.9043631     11.0754978     11.1825709      9.9062661      4.2213605      5.2635248      4.2125069      3.9109090      4.6542731      5.7523287      6.9702725      6.7580331      5.8900306      5.4423238     -6.9486695     -9.3928616     -1.7924600 
   146.5000000        1.7447505     -4.0588633      1.7318850      4.9821239     -6.1540413     -5.0054138      1.5330765     -1.5596575     -4.1360625     -3.0684165     -3.9295220     -8.5071370     -0.0859487     -6.2115625     -7.1877662      0.5780108      3.3474657      3.2995858     -0.0214515      0.0490693      2.8922971      1.4349861      7.3079661      6.8945982     11.0652847     11.1722334      9.8968586      4.2075814      5.2525872      4.2018480      3.9011716      4.6436423      5.7414365      6.9583594      6.7471137      5.8801568      5.4316387     -6.9611906     -9.4083108     -1.8140148 
   147.0000000        1.7313623     -4.0819568      1.7197943      4.9729592     -6.1698089     -5.0218520      1.5197630     -1.5739848     -4.1493995     -3.0827867     -3.9438514     -8.5303140     -0.0976581     -6.2293002     -7.2007276      0.5646055      3.3359619      3.2875170     -0.0382059      0.0381001      2.8797829      1.4225710      7.2975353      6.8848333     11.0554562     11.1618960      9.8874512      4.1938023      5.2416496      4.1911891      3.8914341      4.6330116      5.7305442      6.9464757      6.7361944      5.8702829      5.4209536     -6.9737117     -9.4237601     -1.8355696 
   147.5000000        1.7179741     -4.1050504      1.7077037      4.9637946     -6.1855766     -5.0382903      1.5064496     -1.5883120     -4.1627366     -3.0971789     -3.9581807     -8.5534909     -0.1093675     -6.2470379     -7.2136891      0.5512002      3.3244580      3.2754482     -0.0549603      0.0271309      2.8672687      1.4101558      7.2871046      6.8750684     11.0458099     11.1515586      9.8780437      4.1800233      5.2307119      4.1805302      3.8816967      4.6223808      5.7196520      6.9351922      6.7252750      5.8604091      5.4102685     -6.9862329     -9.4392094     -1.8571243 
   148.0000000        1.7045858     -4.1281439      1.6956131      4.9546300     -6.2013442     -5.0547285      1.4931362     -1.6026393     -4.1760736     -3.1116107     -3.9725101     -8.5766679     -0.1210769     -6.2647756     -7.2266506      0.5377949      3.3129542      3.2633793     -0.0717147      0.0161617      2.8547546      1.3977406      7.2766738      6.8653034     11.0361636     11.1412212      9.8686362      4.1662442      5.2197743      4.1698713      3.8719592      4.6117501      5.7090509      6.9239088      6.7143556      5.8505353      5.3997059     -6.9987540     -9.4546587     -1.8786791 
   148.5000000        1.6911976     -4.1483388      1.6835225      4.9454653     -6.2171119     -5.0711668      1.4798227     -1.6169319     -4.1894107     -3.1260424     -3.9868395     -8.5998449     -0.1327863     -6.2825133     -7.2396120      0.5243897      3.3014504      3.2513105     -0.0884691      0.0051925      2.8422404      1.3853254      7.2662431      6.8555385     11.0265173     11.1308838      9.8592288      4.1524651      5.2088366      4.1592125      3.8622218      4.6011193      5.6987639      6.9126253      6.7034362      5.8406614      5.3894040     -7.0112751     -9.4701080     -1.9002339 
   149.0000000        1.6778094     -4.1641858      1.6714318      4.9363007     -6.2328795     -5.0876050      1.4665093     -1.6307459     -4.2027478     -3.1404741     -4.0011688     -8.6191488     -0.1444957     -6.3002510     -7.2525735      0.5109844      3.2899465      3.2392416     -0.1052235     -0.0057766      2.8297262      1.3729103      7.2558123      6.8457736     11.0168710     11.1212171      9.8498213      4.1386860      5.1978990      4.1485536      3.8524843      4.5904885      5.6884769      6.9013418      6.6925168      5.8309736      5.3791022     -7.0237962     -9.4855572     -1.9217887 
   149.5000000        1.6644212     -4.1800328      1.6593412      4.9271360     -6.2486472     -5.1040433      1.4531959     -1.6445599     -4.2160848     -3.1549058     -4.0154982     -8.6378423     -0.1562051     -6.3179887     -7.2655349      0.4975791      3.2784427      3.2271728     -0.1219778     -0.0167458      2.8172120      1.3604951      7.2453816      6.8360087     11.0072247     11.1116999      9.8404139      4.1249070      5.1869613      4.1378947      3.8427469      4.5798578      5.6781899      6.8900584      6.6815975      5.8212991      5.3688003     -7.0363174     -9.5010065     -1.9433434 
   150.0000000        1.6510329     -4.1958798      1.6472506      4.9179714     -6.2644148     -5.1204815      1.4398824     -1.6583738     -4.2294219     -3.1693375     -4.0298276     -8.6565359     -0.1676695     -6.3357264     -7.2784964      0.4841738      3.2669388      3.2151040     -0.1389212     -0.0277150      2.8046978      1.3480799      7.2349508      6.8262438     10.9975784     11.1021826      9.8310064      4.1111279      5.1760237      4.1272358      3.8330095      4.5692270      5.6679029      6.8787749      6.6706781      5.8116247      5.3584985     -7.0488385     -9.5164558     -1.9648982 
   150.0000000        1.6510329     -4.1958798      1.6472506      4.9179714     -6.2644148     -5.1204815      1.4398824     -1.6583738     -4.2294219     -3.1693375     -4.0298276     -8.6565359     -0.1676695     -6.3357264     -7.2784964      0.4841738     -0.2482278      3.2151040     -0.1389212     -0.0277150      2.8046978      1.3480799      7.2349508      6.8262438     10.9975784     11.1021826      9.8310064      4.1111279      5.1760237      4.1272358      3.8330095      4.5692270      5.6679029      6.8787749      6.6706781      5.8116247      5.3584985     -7.0488385     -9.5164558     -1.9648982 
   150.5000000        1.6376447     -4.2117268      1.6351600      4.9088068     -6.2801825     -5.1369198      1.4265690     -1.6721878     -4.2427590     -3.1837692     -4.0441569     -8.6752295     -0.1786458     -6.3534641     -7.2914579      0.4707686     -0.2653934      3.2030351     -0.1563447     -0.0386842      2.7921837      1.3356648      7.2245201      6.8164788     10.9879321     11.0926654      9.8215989      4.0973488      5.1650860      4.1165769      3.8232720      4.5587663      5.6576159      6.8674915      6.6597587      5.8019502      5.3481966     -7.0613596     -9.5319051     -1.9864530 
   151.0000000        1.6242565     -4.2275738      1.6230693      4.8996421     -6.2959501     -5.1533580      1.4132556     -1.6860017     -4.2560960     -3.1982010     -4.0584863     -8.6939230     -0.1896221     -6.3712018     -7.3044193      0.4573633     -0.2825589      3.1909663     -0.1737682     -0.0496534      2.7796695      1.3234027      7.2140893      6.8067139     10.9782858     11.0831482      9.8121915      4.0835698      5.1544098      4.1059180      3.8135346      4.5486667      5.6473289      6.8562080      6.6488973      5.7922757      5.3378948     -7.0738807     -9.5473543     -2.0080078 
   151.5000000        1.6108683     -4.2434208      1.6109787      4.8904775     -6.3117178     -5.1697963      1.3999421     -1.6998157     -4.2694331     -3.2126327     -4.0728157     -8.7126166     -0.2005985     -6.3889395     -7.3173808      0.4439580     -0.2997244      3.1788974     -0.1911917     -0.0606226      2.7671553      1.3116788      7.2036586      6.7969490     10.9686396     11.0736310      9.8029375      4.0697907      5.1442145      4.0952591      3.8037971      4.5385670      5.6370419      6.8449245      6.6385235      5.7826013      5.3275930     -7.0864018     -9.5628036     -2.0295625 
   152.0000000        1.5974800     -4.2592678      1.5988881      4.8813129     -6.3274854     -5.1862345      1.3866287     -1.7136297     -4.2827701     -3.2270644     -4.0871450     -8.7313102     -0.2115748     -6.4066772     -7.3303422      0.4305528     -0.3168900      3.1668286     -0.2086151     -0.0715918      2.7546411      1.2999549      7.1932278      6.7871841     10.9589933     11.0641137      9.7939791      4.0560116      5.1340192      4.0846002      3.7940597      4.5284674      5.6267549      6.8336411      6.6281497      5.7729268      5.3172911     -7.0989230     -9.5782529     -2.0511173 
   152.5000000        1.5840918     -4.2751148      1.5867975      4.8721482     -6.3432531     -5.2026728      1.3733153     -1.7274436     -4.2961072     -3.2414961     -4.1014744     -8.7500037     -0.2225512     -6.4244149     -7.3433037      0.4171475     -0.3340555      3.1547597     -0.2260386     -0.0825610      2.7421270      1.2882309      7.1827971      6.7774192     10.9493470     11.0545965      9.7850207      4.0422326      5.1238239      4.0739413      3.7843223      4.5183677      5.6164679      6.8223576      6.6177760      5.7632524      5.3069893     -7.1114441     -9.5937022     -2.0726721 
   153.0000000        1.5707036     -4.2909617      1.5747069      4.8629836     -6.3590207     -5.2177088      1.3600019     -1.7412576     -4.3094443     -3.2559278     -4.1158038     -8.7686973     -0.2335275     -6.4421525     -7.3562652      0.4037422     -0.3512210      3.1426909     -0.2434621     -0.0935302      2.7296128      1.2765070      7.1723663      6.7676542     10.9397007     11.0450793      9.7760623      4.0284535      5.1136286      4.0632824      3.7745848      4.5082681      5.6061809      6.8110742      6.6074022      5.7535779      5.2966874     -7.1239652     -9.6091514     -2.0942268 
   153.5000000        1.5573153     -4.3068087      1.5626162      4.8538189     -6.3747884     -5.2320724      1.3466884     -1.7550716     -4.3227813     -3.2703596     -4.1301332     -8.7873909     -0.2445038     -6.4598902     -7.3692266      0.3903369     -0.3683866      3.1315548     -0.2608856     -0.1044994      2.7170986      1.2647830      7.1619356      6.7578893     10.9300544     11.0355621      9.7671038      4.0146744      5.1034333      4.0526235      3.7648474      4.4981684      5.5958939      6.7997907      6.5970284      5.7439034      5.2863856     -7.1364863     -9.6246007     -2.1157816 
   154.0000000        1.5439271     -4.3226557      1.5505256      4.8446543     -6.3905560     -5.2464361      1.3333750     -1.7688855     -4.3361184     -3.2847913     -4.1444625     -8.8060844     -0.2554802     -6.4776279     -7.3821881      0.3769317     -0.3855521      3.1206862     -0.2783091     -0.1154686      2.7045844      1.2530591      7.1515048      6.7481244     10.9204081     11.0260449      9.7581454      4.0008953      5.0932380      4.0419647      3.7551099      4.4880688      5.5856069      6.7885073      6.5866546      5.7342290      5.2760837     -7.1490075     -9.6400500     -2.1373364 
   154.5000000        1.5305389     -4.3385027      1.5384350      4.8354897     -6.4051424     -5.2607998      1.3200616     -1.7826995     -4.3494555     -3.2992230     -4.1587919     -8.8247780     -0.2664565     -6.4953656     -7.3951495      0.3635264     -0.4027177      3.1098177     -0.2957325     -0.1264378      2.6920703      1.2413352      7.1410741      6.7383595     10.9107618     11.0165276      9.7491870      3.9871163      5.0830427      4.0313058      3.7453725      4.4779691      5.5753199      6.7772238      6.5762808      5.7245545      5.2657819     -7.1615286     -9.6554993     -2.1588912 
   155.0000000        1.5171507     -4.3543497      1.5263444      4.8263250     -6.4186722     -5.2751635      1.3067481     -1.7965135     -4.3627925     -3.3136547     -4.1731213     -8.8434715     -0.2774328     -6.5131033     -7.4081110      0.3501211     -0.4198832      3.0989492     -0.3131560     -0.1374070      2.6796790      1.2296112      7.1306433      6.7285946     10.9011155     11.0070104      9.7402286      3.9733372      5.0728474      4.0206469      3.7356351      4.4678695      5.5650329      6.7659403      6.5659070      5.7148800      5.2554800     -7.1740497     -9.6709486     -2.1804459 
   155.5000000        1.5037624     -4.3701967      1.5142537      4.8171604     -6.4322020     -5.2895271      1.2934347     -1.8103274     -4.3761296     -3.3280864     -4.1874506     -8.8621651     -0.2884092     -6.5308410     -7.4210725      0.3367158     -0.4370487      3.0880807     -0.3305795     -0.1483762      2.6674475      1.2178873      7.1202126      6.7188297     10.8914692     10.9974932      9.7312702      3.9595581      5.0626521      4.0099880      3.7258976      4.4577698      5.5547459      6.7546569      6.5555332      5.7052056      5.2451782     -7.1865708     -9.6863978     -2.2020007 
   156.0000000        1.4903742     -4.3860437      1.5021631      4.8079958     -6.4457318     -5.3038908      1.2801213     -1.8241414     -4.3894666     -3.3425181     -4.2017800     -8.8808587     -0.2993855     -6.5485787     -7.4340339      0.3233550     -0.4542143      3.0772122     -0.3480030     -0.1593454      2.6552160      1.2061634      7.1097818      6.7090647     10.8818230     10.9879760      9.7223118      3.9457791      5.0524568      3.9993291      3.7164727      4.4476702      5.5444589      6.7433734      6.5451594      5.6955311      5.2348763     -7.1990920     -9.7018471     -2.2235555 
   156.5000000        1.4769860     -4.4018907      1.4900725      4.7988311     -6.4592616     -5.3182545      1.2668078     -1.8379553     -4.4028037     -3.3569499     -4.2161094     -8.8995522     -0.3103619     -6.5663164     -7.4469954      0.3108145     -0.4713798      3.0663436     -0.3654264     -0.1703146      2.6429844      1.1944394      7.0993511      6.6992998     10.8721767     10.9784587      9.7133533      3.9320000      5.0422614      3.9886702      3.7073640      4.4375705      5.5341719      6.7320900      6.5347857      5.6858567      5.2245745     -7.2116131     -9.7172964     -2.2451103 
   157.0000000        1.4635977     -4.4177377      1.4779819      4.7896665     -6.4727914     -5.3326181      1.2534944     -1.8517693     -4.4161408     -3.3713816     -4.2304387     -8.9182458     -0.3213382     -6.5840541     -7.4599569      0.2982740     -0.4885453      3.0554751     -0.3828499     -0.1812838      2.6307529      1.1827155      7.0889203      6.6895349     10.8625304     10.9689415      9.7043949      3.9188586      5.0320661      3.9780113      3.6982553      4.4274709      5.5238849      6.7208065      6.5244119      5.6761822      5.2142726     -7.2241342     -9.7327457     -2.2666230 
   157.0000000        1.4635977     -4.4177377      1.4779819      4.7896665     -6.4727914     -5.3326181     -3.9425209     -1.8517693     -4.4161408     -3.3713816     -4.2304387     -8.9182458     -0.3213382     -6.5840541     -7.4599569      0.2982740     -0.4885453      3.0554751     -0.3828499     -0.1812838      2.6307529      1.1827155      7.0889203      6.6895349     10.8625304     10.9689415      9.7043949      3.9188586      5.0320661      3.9780113      3.6982553      4.4274709      5.5238849      6.7208065      6.5244119      5.6761822      5.2142726     -7.2241342     -9.7327457     -2.2666230 
   157.5000000        1.4502095     -4.4335847      1.4658912      4.7805019     -6.4863212     -5.3469818     -3.9554803     -1.8655833     -4.4294778     -3.3858133     -4.2447681     -8.9369394     -0.3323145     -6.6016484     -7.4729183      0.2857335     -0.5057109      3.0446066     -0.4002734     -0.1922530      2.6185214      1.1709916      7.0784895      6.6801619     10.8528841     10.9594243      9.6954365      3.9057173      5.0218708      3.9675962      3.6891466      4.4173712      5.5135979      6.7095230      6.5140381      5.6665077      5.2039708     -7.2366553     -9.7481949     -2.2868135 
   158.0000000        1.4368213     -4.4494317      1.4538006      4.7713372     -6.4998510     -5.3613455     -3.9684397     -1.8793972     -4.4428149     -3.4002450     -4.2590975     -8.9556329     -0.3432909     -6.6190597     -7.4850810      0.2731930     -0.5228764      3.0337381     -0.4176969     -0.2032222      2.6062898      1.1592676      7.0680588      6.6710113     10.8432378     10.9499071      9.6864781      3.8925759      5.0116755      3.9573282      3.6800380      4.4072716      5.5033109      6.6982396      6.5036643      5.6568333      5.1936689     -7.2491765     -9.7636442     -2.3070040 
   158.5000000        1.4234331     -4.4652787      1.4417100      4.7621726     -6.5133809     -5.3757092     -3.9813991     -1.8932112     -4.4561520     -3.4146767     -4.2734268     -8.9743265     -0.3542672     -6.6364710     -7.4965377      0.2606525     -0.5400419      3.0228695     -0.4351204     -0.2141914      2.5940583      1.1475437      7.0576280      6.6618607     10.8335915     10.9403899      9.6775197      3.8794346      5.0014802      3.9470603      3.6709293      4.3971719      5.4930239      6.6869561      6.4932905      5.6471588      5.1833671     -7.2616976     -9.7790935     -2.3271945 
   159.0000000        1.4100448     -4.4811257      1.4298599      4.7530079     -6.5269107     -5.3900728     -3.9943585     -1.9070252     -4.4694890     -3.4291085     -4.2877562     -8.9930201     -0.3652436     -6.6538823     -7.5079944      0.2481120     -0.5572075      3.0120010     -0.4525438     -0.2251606      2.5818267      1.1358198      7.0471973      6.6527101     10.8239452     10.9308726      9.6685613      3.8662932      4.9912849      3.9367923      3.6618206      4.3870723      5.4827369      6.6756727      6.4829167      5.6374843      5.1730652     -7.2742187     -9.7945428     -2.3473850 
   159.5000000        1.3966566     -4.4969727      1.4184332      4.7438433     -6.5404405     -5.4044365     -4.0073179     -1.9208391     -4.4828261     -3.4435402     -4.3020856     -9.0117136     -0.3762199     -6.6712936     -7.5194510      0.2355716     -0.5743730      3.0011325     -0.4699673     -0.2361298      2.5695952      1.1240958      7.0367665      6.6435596     10.8142989     10.9213554      9.6596028      3.8531518      4.9810896      3.9265243      3.6527119      4.3769726      5.4724499      6.6643892      6.4725429      5.6278099      5.1627634     -7.2867398     -9.8099920     -2.3675755 
   160.0000000        1.3832684     -4.5128197      1.4070065      4.7353067     -6.5539703     -5.4188002     -4.0202773     -1.9346531     -4.4961631     -3.4579719     -4.3164149     -9.0304072     -0.3871962     -6.6887049     -7.5309077      0.2230311     -0.5915386      2.9902640     -0.4873908     -0.2470990      2.5573637      1.1123719      7.0263358      6.6344090     10.8046526     10.9118382      9.6506444      3.8400105      4.9708943      3.9162563      3.6436032      4.3668730      5.4621629      6.6531057      6.4621691      5.6181354      5.1524615     -7.2992609     -9.8254413     -2.3877660 
   160.5000000        1.3698802     -4.5286667      1.3955798      4.7269283     -6.5675001     -5.4331639     -4.0332367     -1.9484670     -4.5095002     -3.4724036     -4.3307443     -9.0491008     -0.3981726     -6.7061162     -7.5423643      0.2104906     -0.6087041      2.9793955     -0.5048143     -0.2580682      2.5451321      1.1006480      7.0159050      6.6252584     10.7950064     10.9023210      9.6416860      3.8268691      4.9606990      3.9059884      3.6344945      4.3567733      5.4518759      6.6418223      6.4517954      5.6084610      5.1421597     -7.3117821     -9.8408906     -2.4079566 
   161.0000000        1.3564919     -4.5445137      1.3841531      4.7185498     -6.5810299     -5.4475275     -4.0461962     -1.9622810     -4.5228373     -3.4868353     -4.3450737     -9.0677943     -0.4091489     -6.7235275     -7.5538210      0.1979501     -0.6258696      2.9685269     -0.5222378     -0.2690374      2.5329006      1.0889240      7.0054743      6.6161078     10.7853601     10.8928037      9.6327276      3.8137277      4.9505037      3.8957204      3.6253859      4.3466737      5.4415889      6.6305388      6.4414216      5.5987865      5.1318578     -7.3243032     -9.8563399     -2.4281471 
   161.5000000        1.3431689     -4.5603607      1.3727264      4.7101713     -6.5945597     -5.4618912     -4.0591556     -1.9760950     -4.5361743     -3.5012670     -4.3594030     -9.0864879     -0.4201252     -6.7409388     -7.5652776      0.1854096     -0.6430352      2.9576584     -0.5396612     -0.2800066      2.5206690      1.0772001      6.9950435      6.6069572     10.7757138     10.8832865      9.6237692      3.8005864      4.9403084      3.8854524      3.6162772      4.3365740      5.4313019      6.6192554      6.4310478      5.5891120      5.1215560     -7.3368243     -9.8717892     -2.4483376 
   162.0000000        1.3307548     -4.5762077      1.3612997      4.7017929     -6.6080896     -5.4762549     -4.0721150     -1.9899089     -4.5495114     -3.5156988     -4.3737324     -9.1051814     -0.4311016     -6.7583501     -7.5767343      0.1728691     -0.6602007      2.9467899     -0.5570847     -0.2909758      2.5084375      1.0654762      6.9846128      6.5978066     10.7660675     10.8737693      9.6148107      3.7874450      4.9301131      3.8751844      3.6071685      4.3264744      5.4210149      6.6079719      6.4206740      5.5794376      5.1112541     -7.3493454     -9.8872384     -2.4685281 
   162.5000000        1.3183407     -4.5920546      1.3498730      4.6934144     -6.6216194     -5.4906185     -4.0850744     -2.0037229     -4.5628485     -3.5301305     -4.3880618     -9.1238750     -0.4420779     -6.7757614     -7.5881909      0.1603286     -0.6773662      2.9359214     -0.5745082     -0.3019450      2.4962060      1.0537522      6.9741820      6.5886560     10.7564212     10.8642521      9.6058523      3.7743037      4.9199178      3.8649165      3.5980598      4.3163747      5.4107279      6.5966884      6.4103002      5.5697631      5.1009523     -7.3618666     -9.9026877     -2.4887186 
   163.0000000        1.3059266     -4.6079016      1.3384463      4.6850359     -6.6351492     -5.5049822     -4.0980338     -2.0175369     -4.5761855     -3.5445622     -4.4023912     -9.1425686     -0.4530543     -6.7931727     -7.5996476      0.1477881     -0.6945318      2.9250528     -0.5919317     -0.3129142      2.4839744      1.0420283      6.9637513      6.5795054     10.7467749     10.8547349      9.5968939      3.7611623      4.9097225      3.8546485      3.5889511      4.3062751      5.4004409      6.5854050      6.3999264      5.5600886      5.0906505     -7.3743877     -9.9181370     -2.5089091 
   163.5000000        1.2935125     -4.6237486      1.3270196      4.6766574     -6.6486790     -5.5193459     -4.1109932     -2.0313508     -4.5895226     -3.5589939     -4.4167205     -9.1612621     -0.4640306     -6.8105840     -7.6111042      0.1352476     -0.7116973      2.9141843     -0.6093551     -0.3238834      2.4717429      1.0303044      6.9533205      6.5703548     10.7371286     10.8452176      9.5879355      3.7480209      4.8995272      3.8443805      3.5798424      4.2961754      5.3901539      6.5741215      6.3895526      5.5504142      5.0803486     -7.3869088     -9.9335863     -2.5290997 
   164.0000000        1.2810984     -4.6395956      1.3155929      4.6682790     -6.6622088     -5.5337096     -4.1239526     -2.0451648     -4.6028597     -3.5734256     -4.4310499     -9.1799557     -0.4750069     -6.8279953     -7.6225609      0.1227071     -0.7288628      2.9033158     -0.6267786     -0.3348526      2.4595113      1.0185804      6.9429966      6.5612042     10.7274823     10.8357004      9.5789771      3.7348796      4.8893319      3.8341125      3.5707337      4.2860758      5.3798669      6.5628381      6.3791788      5.5407397      5.0700468     -7.3994299     -9.9490355     -2.5492902 
   164.5000000        1.2686843     -4.6554426      1.3041662      4.6599005     -6.6757386     -5.5480732     -4.1369120     -2.0589788     -4.6160361     -3.5878574     -4.4453793     -9.1986493     -0.4859833     -6.8454066     -7.6340175      0.1101666     -0.7460284      2.8924473     -0.6442021     -0.3458218      2.4472798      1.0068565      6.9327840      6.5520536     10.7181677     10.8261832      9.5700187      3.7217382      4.8791366      3.8238446      3.5616251      4.2759761      5.3695799      6.5515546      6.3688051      5.5310653      5.0597449     -7.4119511     -9.9644848     -2.5694807 
   165.0000000        1.2562703     -4.6712896      1.2927395      4.6515220     -6.6892684     -5.5624369     -4.1498714     -2.0727927     -4.6275830     -3.6022891     -4.4597086     -9.2178526     -0.4969596     -6.8628179     -7.6454742      0.0976261     -0.7631939      2.8815788     -0.6616256     -0.3567910      2.4350483      0.9951326      6.9225714      6.5429031     10.7091409     10.8166660      9.5610602      3.7085969      4.8689413      3.8135766      3.5525164      4.2658765      5.3592929      6.5402712      6.3584313      5.5213908      5.0494431     -7.4244722     -9.9799341     -2.5896712 
   165.5000000        1.2438562     -4.6871366      1.2813128      4.6431436     -6.7027983     -5.5768006     -4.1628308     -2.0866067     -4.6391300     -3.6167269     -4.4740380     -9.2376883     -0.5079360     -6.8802292     -7.6569308      0.0850856     -0.7803595      2.8707102     -0.6790491     -0.3677602      2.4228167      0.9834086      6.9123587      6.5337525     10.7001142     10.8071487      9.5521018      3.6954555      4.8587460      3.8033086      3.5434077      4.2557768      5.3490059      6.5289877      6.3480575      5.5117163      5.0391412     -7.4369933     -9.9953834     -2.6098617 
   166.0000000        1.2314421     -4.7029836      1.2698861      4.6347651     -6.7163281     -5.5911643     -4.1757902     -2.1004206     -4.6506769     -3.6312809     -4.4883674     -9.2575240     -0.5189123     -6.8976405     -7.6683875      0.0725451     -0.7975250      2.8598417     -0.6964552     -0.3787294      2.4105852      0.9716847      6.9021461      6.5246019     10.6910874     10.7976315      9.5431434      3.6823141      4.8485507      3.7930406      3.5342990      4.2456772      5.3387189      6.5177215      6.3376837      5.5020419      5.0288394     -7.4495144    -10.0108327     -2.6300522 
   166.5000000        1.2190280     -4.7188306      1.2584594      4.6263866     -6.7298579     -5.6055279     -4.1886326     -2.1142346     -4.6622239     -3.6458350     -4.5026967     -9.2773597     -0.5298886     -6.9150518     -7.6798441      0.0600046     -0.8146905      2.8489732     -0.7138109     -0.3896986      2.3983536      0.9599608      6.8919334      6.5154513     10.6820607     10.7881143      9.5341850      3.6691728      4.8383554      3.7827727      3.5251903      4.2355775      5.3284319      6.5070971      6.3273099      5.4923674      5.0185375     -7.4621022    -10.0262819     -2.6502428 
   167.0000000        1.2066139     -4.7320131      1.2470327      4.6180082     -6.7433877     -5.6198916     -4.2007251     -2.1280486     -4.6737708     -3.6603890     -4.5170261     -9.2971955     -0.5408650     -6.9324631     -7.6913008      0.0474641     -0.8316917      2.8381047     -0.7311667     -0.4006678      2.3861221      0.9482368      6.8817208      6.5063007     10.6730339     10.7785971      9.5252266      3.6560314      4.8281601      3.7725047      3.5160816      4.2254779      5.3181449      6.4964727      6.3169361      5.4826929      5.0082357     -7.4747065    -10.0417312     -2.6704333 
   167.5000000        1.1941998     -4.7445295      1.2356060      4.6096297     -6.7569175     -5.6342553     -4.2128177     -2.1417289     -4.6853178     -3.6749430     -4.5313555     -9.3170312     -0.5518413     -6.9498744     -7.7027575      0.0349236     -0.8486377      2.8272362     -0.7485224     -0.4116370      2.3738906      0.9365129      6.8715082      6.4971501     10.6640071     10.7690799      9.5162682      3.6428901      4.8179648      3.7622367      3.5069730      4.2153782      5.3078579      6.4858483      6.3065623      5.4730185      4.9981198     -7.4873108    -10.0571805     -2.6906238 
   168.0000000        1.1817857     -4.7570459      1.2241793      4.6012512     -6.7704473     -5.6486190     -4.2249102     -2.1550651     -4.6968647     -3.6894971     -4.5455554     -9.3368669     -0.5628176     -6.9672857     -7.7142141      0.0223831     -0.8655837      2.8163676     -0.7658782     -0.4226062      2.3616590      0.9247890      6.8612955      6.4879995     10.6549804     10.7595626      9.5073097      3.6297487      4.8077695      3.7519687      3.4978643      4.2052786      5.2980635      6.4752238      6.2961885      5.4633440      4.9881337     -7.4999151    -10.0726298     -2.7108143 
   168.5000000        1.1693716     -4.7695623      1.2127526      4.5928728     -6.7839771     -5.6627138     -4.2370028     -2.1684013     -4.7084117     -3.7040511     -4.5596434     -9.3567026     -0.5737940     -6.9846970     -7.7256708      0.0098426     -0.8825297      2.8054991     -0.7832340     -0.4335754      2.3494275      0.9130650      6.8510829      6.4788489     10.6459536     10.7508276      9.4983513      3.6166073      4.7975742      3.7417008      3.4887556      4.1951789      5.2883139      6.4645994      6.2858148      5.4537326      4.9781477     -7.5125194    -10.0880790     -2.7310048 
   169.0000000        1.1569575     -4.7820786      1.2013259      4.5844943     -6.7975070     -5.6751300     -4.2490953     -2.1817375     -4.7199586     -3.7186051     -4.5737314     -9.3765383     -0.5847703     -7.0021083     -7.7371274     -0.0026979     -0.8994757      2.7946306     -0.8005897     -0.4445446      2.3371959      0.9013411      6.8408702      6.4696983     10.6369268     10.7421418      9.4893929      3.6034660      4.7873789      3.7314328      3.4796469      4.1850793      5.2785643      6.4539750      6.2754410      5.4441727      4.9681617     -7.5251237    -10.1035283     -2.7511953 
   169.5000000        1.1445434     -4.7945950      1.1898992      4.5761158     -6.8110368     -5.6875462     -4.2611879     -2.1950737     -4.7315055     -3.7331592     -4.5878194     -9.3963741     -0.5957467     -7.0195196     -7.7485841     -0.0152384     -0.9164218      2.7837621     -0.8179455     -0.4555138      2.3249644      0.8896172      6.8306576      6.4605477     10.6279001     10.7334560      9.4804345      3.5903246      4.7771836      3.7211648      3.4705382      4.1750870      5.2688146      6.4433506      6.2650672      5.4346127      4.9581756     -7.5377280    -10.1189776     -2.7713859 
   170.0000000        1.1321293     -4.8071114      1.1784725      4.5677374     -6.8245666     -5.6999624     -4.2732805     -2.2084098     -4.7430525     -3.7477132     -4.6019074     -9.4162098     -0.6067230     -7.0369309     -7.7600407     -0.0277789     -0.9333678      2.7728935     -0.8353013     -0.4664830      2.3127329      0.8778932      6.8204450      6.4513971     10.6188733     10.7247701      9.4714761      3.5771832      4.7669883      3.7108969      3.4614295      4.1655239      5.2590650      6.4327261      6.2546934      5.4250527      4.9481896     -7.5503323    -10.1344269     -2.7904104 
   170.5000000        1.1197152     -4.8196278      1.1670458      4.5593589     -6.8380964     -5.7123786     -4.2853730     -2.2217460     -4.7545994     -3.7622672     -4.6159954     -9.4360455     -0.6176993     -7.0543422     -7.7714974     -0.0403194     -0.9503138      2.7620250     -0.8526570     -0.4774522      2.3005013      0.8661693      6.8102323      6.4422465     10.6098466     10.7160843      9.4625177      3.5640419      4.7567930      3.7006289      3.4523209      4.1559609      5.2493154      6.4221017      6.2443196      5.4154928      4.9382035     -7.5629366    -10.1498761     -2.8063795 
   171.0000000        1.1073011     -4.8321442      1.1556191      4.5509804     -6.8516262     -5.7247948     -4.2974656     -2.2350822     -4.7661464     -3.7768213     -4.6300834     -9.4558812     -0.6282950     -7.0717535     -7.7829540     -0.0528599     -0.9672598      2.7511565     -0.8700128     -0.4884214      2.2882698      0.8548917      6.8000197      6.4330960     10.6008198     10.7073984      9.4535592      3.5509005      4.7471067      3.6903609      3.4432122      4.1463979      5.2395658      6.4114773      6.2339458      5.4059328      4.9282175     -7.5755409    -10.1653254     -2.8223485 
   171.5000000        1.0948870     -4.8446606      1.1441923      4.5426020     -6.8651560     -5.7372110     -4.3095581     -2.2484184     -4.7776933     -3.7913753     -4.6441714     -9.4757170     -0.6387271     -7.0891648     -7.7944107     -0.0648400     -0.9842058      2.7402880     -0.8873685     -0.4993906      2.2760382      0.8439662      6.7898070      6.4239454     10.5917930     10.6987126      9.4446008      3.5377592      4.7375292      3.6800929      3.4341035      4.1368348      5.2298161      6.4008529      6.2235720      5.3963728      4.9182314     -7.5881452    -10.1807747     -2.8383175 
   172.0000000        1.0824729     -4.8571769      1.1327656      4.5342235     -6.8786858     -5.7496272     -4.3216507     -2.2617546     -4.7892403     -3.8059294     -4.6582594     -9.4955527     -0.6491591     -7.1065761     -7.8058673     -0.0762824     -1.0011519      2.7294195     -0.9047243     -0.5103598      2.2638067      0.8330406      6.7795944      6.4147948     10.5827663     10.6900267      9.4356424      3.5246178      4.7279516      3.6698250      3.4249948      4.1272718      5.2200665      6.3902285      6.2135149      5.3868128      4.9082454     -7.6007495    -10.1962240     -2.8542865 
   172.5000000        1.0700588     -4.8696933      1.1213389      4.5258450     -6.8922157     -5.7620434     -4.3337432     -2.2750907     -4.8007872     -3.8204834     -4.6723474     -9.5153884     -0.6595911     -7.1239874     -7.8173240     -0.0877248     -1.0180979      2.7185509     -0.9220801     -0.5213289      2.2515752      0.8221151      6.7693818      6.4056442     10.5737395     10.6813409      9.4266840      3.5114764      4.7183740      3.6595570      3.4158861      4.1177088      5.2103169      6.3796040      6.2036241      5.3772529      4.8982593     -7.6133538    -10.2116733     -2.8702555 
   173.0000000        1.0576447     -4.8822097      1.1099122      4.5174666     -6.9057455     -5.7744596     -4.3458358     -2.2884269     -4.8123342     -3.8350374     -4.6864354     -9.5352241     -0.6700232     -7.1394771     -7.8287806     -0.0991672     -1.0350439      2.7076824     -0.9394358     -0.5322981      2.2393436      0.8111895      6.7591691      6.3964936     10.5647128     10.6726551      9.4180315      3.4983351      4.7087964      3.6492890      3.4067774      4.1081457      5.2005673      6.3689796      6.1937332      5.3676929      4.8882733     -7.6259581    -10.2271225     -2.8862246 
   173.5000000        1.0452306     -4.8947261      1.0984855      4.5090881     -6.9192753     -5.7868758     -4.3579283     -2.3017631     -4.8238811     -3.8495915     -4.7005234     -9.5550598     -0.6804552     -7.1543914     -7.8402373     -0.1106095     -1.0519899      2.6968139     -0.9567916     -0.5432673      2.2271121      0.8002640      6.7489565      6.3873430     10.5556860     10.6639692      9.4095100      3.4851937      4.6992189      3.6390210      3.3976688      4.0985827      5.1908176      6.3583552      6.1838424      5.3581329      4.8782873     -7.6385624    -10.2425718     -2.9021936 
   174.0000000        1.0328165     -4.9072425      1.0870588      4.5007096     -6.9323953     -5.7992920     -4.3700209     -2.3150993     -4.8354281     -3.8641455     -4.7146114     -9.5748956     -0.6908872     -7.1693057     -7.8516939     -0.1220519     -1.0689359      2.6866488     -0.9741474     -0.5542365      2.2148805      0.7893384      6.7387438      6.3781924     10.5466592     10.6552834      9.4009885      3.4720524      4.6896413      3.6287531      3.3885601      4.0890197      5.1810680      6.3477308      6.1739515      5.3485730      4.8683012     -7.6511667    -10.2580211     -2.9181626 
   174.5000000        1.0204025     -4.9197588      1.0756321      4.4923312     -6.9439488     -5.8117082     -4.3821134     -2.3284355     -4.8469750     -3.8786995     -4.7286994     -9.5947313     -0.7013193     -7.1842199     -7.8631506     -0.1334943     -1.0858820      2.6768641     -0.9915031     -0.5652057      2.2026490      0.7784129      6.7285312      6.3690418     10.5376325     10.6465975      9.3924669      3.4589110      4.6800637      3.6184851      3.3794514      4.0794566      5.1713184      6.3371064      6.1640607      5.3390130      4.8583152     -7.6637710    -10.2734704     -2.9341316 
   175.0000000        1.0079884     -4.9322752      1.0642054      4.4839527     -6.9555023     -5.8241244     -4.3942060     -2.3417716     -4.8585219     -3.8932536     -4.7427874     -9.6145670     -0.7117513     -7.1991342     -7.8746073     -0.1449367     -1.1028280      2.6670793     -1.0088589     -0.5761749      2.1904175      0.7674873      6.7183186      6.3598912     10.5286057     10.6379117      9.3839454      3.4457696      4.6704861      3.6082171      3.3703427      4.0698936      5.1615688      6.3264819      6.1541698      5.3294530      4.8483291     -7.6763753    -10.2889196     -2.9501006 
   175.5000000        0.9955743     -4.9447916      1.0527787      4.4755742     -6.9670558     -5.8365406     -4.4062985     -2.3551078     -4.8700689     -3.9078076     -4.7568754     -9.6344027     -0.7221833     -7.2140485     -7.8860639     -0.1563791     -1.1197740      2.6572946     -1.0262146     -0.5871441      2.1783792      0.7565618      6.7081059      6.3507406     10.5195790     10.6292258      9.3754238      3.4326283      4.6609085      3.5979491      3.3612340      4.0603306      5.1518191      6.3158575      6.1442790      5.3198930      4.8383431     -7.6889796    -10.3043689     -2.9660696 
   176.0000000        0.9831602     -4.9573080      1.0413520      4.4671958     -6.9786093     -5.8489568     -4.4183911     -2.3684440     -4.8816158     -3.9223616     -4.7709634     -9.6542385     -0.7326154     -7.2289627     -7.8975206     -0.1678215     -1.1367200      2.6475098     -1.0435704     -0.5981133      2.1663477      0.7456362      6.6978933      6.3415900     10.5105522     10.6205400      9.3669023      3.4199716      4.6513310      3.5880141      3.3521253      4.0507676      5.1420695      6.3052331      6.1343882      5.3103331      4.8283570     -7.7015839    -10.3198182     -2.9820387 
   176.5000000        0.9707461     -4.9698244      1.0299253      4.4588173     -6.9901628     -5.8613730     -4.4304836     -2.3817802     -4.8931628     -3.9369157     -4.7850514     -9.6740742     -0.7430474     -7.2438770     -7.9089772     -0.1792639     -1.1536660      2.6377250     -1.0609262     -0.6090825      2.1543162      0.7347107      6.6876806      6.3324395     10.5015254     10.6118542      9.3583807      3.4074360      4.6417534      3.5781130      3.3434284      4.0412045      5.1323199      6.2946087      6.1244973      5.3007731      4.8183710     -7.7141882    -10.3352675     -2.9980077 
   177.0000000        0.9583320     -4.9823408      1.0184986      4.4504388     -7.0017163     -5.8737892     -4.4425762     -2.3951164     -4.9047097     -3.9514697     -4.7991394     -9.6939099     -0.7534794     -7.2587913     -7.9204339     -0.1907063     -1.1706121      2.6279403     -1.0782819     -0.6200517      2.1422847      0.7237852      6.6774680      6.3232889     10.4924987     10.6031683      9.3498592      3.3949005      4.6321758      3.5682119      3.3348567      4.0316415      5.1225703      6.2839843      6.1146065      5.2912131      4.8083850     -7.7267925    -10.3507167     -3.0139767 
   177.5000000        0.9459179     -4.9948571      1.0070719      4.4420604     -7.0132698     -5.8862054     -4.4546687     -2.4084526     -4.9162567     -3.9660237     -4.8132274     -9.7137456     -0.7639114     -7.2737055     -7.9318905     -0.2021487     -1.1875581      2.6181555     -1.0956377     -0.6310209      2.1302532      0.7128596      6.6672554      6.3141383     10.4834719     10.5944825      9.3413377      3.3823649      4.6225982      3.5583108      3.3262850      4.0220785      5.1128206      6.2733598      6.1047156      5.2816532      4.7983989     -7.7393968    -10.3661660     -3.0299457 
   178.0000000        0.9335038     -5.0073735      0.9956452      4.4336819     -7.0248233     -5.8986216     -4.4667613     -2.4217887     -4.9278036     -3.9805778     -4.8273154     -9.7335813     -0.7743435     -7.2886198     -7.9433472     -0.2135911     -1.2045041      2.6083708     -1.1129935     -0.6419901      2.1182217      0.7019341      6.6570427      6.3049877     10.4744451     10.5857966      9.3328161      3.3698294      4.6130206      3.5484097      3.3177133      4.0125154      5.1030710      6.2627354      6.0948248      5.2720932      4.7884129     -7.7520011    -10.3816153     -3.0459147 
   178.5000000        0.9210897     -5.0198899      0.9843626      4.4253034     -7.0363768     -5.9110377     -4.4788539     -2.4351249     -4.9393506     -3.9951318     -4.8414034     -9.7534171     -0.7847755     -7.3035341     -7.9548038     -0.2250335     -1.2214501      2.5985860     -1.1303492     -0.6529593      2.1061902      0.6910085      6.6468301      6.2958371     10.4654184     10.5771108      9.3242946      3.3572938      4.6034431      3.5385086      3.3091417      4.0029524      5.0933214      6.2521110      6.0849340      5.2625332      4.7784268     -7.7646054    -10.3970646     -3.0618837 
   179.0000000        0.9086756     -5.0324063      0.9735278      4.4169250     -7.0479303     -5.9234539     -4.4909464     -2.4484611     -4.9508975     -4.0096858     -4.8554914     -9.7727153     -0.7952075     -7.3184483     -7.9662605     -0.2364759     -1.2383961      2.5888012     -1.1477050     -0.6639285      2.0941588      0.6800830      6.6366174      6.2866865     10.4563916     10.5684249      9.3157730      3.3447583      4.5938655      3.5286075      3.3005700      3.9933894      5.0835718      6.2414866      6.0750431      5.2529732      4.7684408     -7.7772097    -10.4125139     -3.0778528 
   179.5000000        0.8962615     -5.0449227      0.9626929      4.4085465     -7.0594838     -5.9358701     -4.5030390     -2.4617973     -4.9624444     -4.0242399     -4.8695794     -9.7892736     -0.8056396     -7.3333626     -7.9777171     -0.2479183     -1.2553421      2.5790165     -1.1650607     -0.6748977      2.0821273      0.6691574      6.6264048      6.2776412     10.4473649     10.5597391      9.3072515      3.3322227      4.5842879      3.5187064      3.2919983      3.9838263      5.0738221      6.2308622      6.0651523      5.2434133      4.7584547     -7.7898140    -10.4279631     -3.0938218 
   180.0000000        0.8838474     -5.0574391      0.9518581      4.4001680     -7.0710373     -5.9482863     -4.5151315     -2.4751335     -4.9739914     -4.0387939     -4.8836674     -9.8058319     -0.8160716     -7.3482769     -7.9891738     -0.2593607     -1.2722882      2.5692317     -1.1824165     -0.6858669      2.0700958      0.6582319      6.6161922      6.2691484     10.4383381     10.5510533      9.2987299      3.3196872      4.5747103      3.5088053      3.2834266      3.9742633      5.0640725      6.2202377      6.0552614      5.2338533      4.7484687     -7.8024183    -10.4434124     -3.1097908 
   180.5000000        0.8714333     -5.0699554      0.9410232      4.3917896     -7.0825908     -5.9607025     -4.5272241     -2.4884696     -4.9855383     -4.0533479     -4.8977554     -9.8223902     -0.8265036     -7.3631911     -8.0006304     -0.2708031     -1.2892342      2.5594470     -1.1997723     -0.6968361      2.0580643      0.6473063      6.6059795      6.2606557     10.4293113     10.5423674      9.2902084      3.3071517      4.5651327      3.4989042      3.2748550      3.9647003      5.0543229      6.2096133      6.0453706      5.2242933      4.7384826     -7.8150226    -10.4588617     -3.1257598 
   181.0000000        0.8593216     -5.0824718      0.9301884      4.3834111     -7.0941443     -5.9731187     -4.5393166     -2.5018058     -4.9970853     -4.0679020     -4.9118434     -9.8389485     -0.8369357     -7.3781054     -8.0120871     -0.2822455     -1.3061802      2.5496622     -1.2171280     -0.7078053      2.0460328      0.6363808      6.5957669      6.2521630     10.4202846     10.5336816      9.2816869      3.2946161      4.5555552      3.4890031      3.2662833      3.9551372      5.0445733      6.1989889      6.0354797      5.2147334      4.7284966     -7.8276269    -10.4743110     -3.1417288 
   181.5000000        0.8478505     -5.0949882      0.9193536      4.3750326     -7.1056978     -5.9855349     -4.5514092     -2.5151420     -5.0086322     -4.0824560     -4.9259314     -9.8555068     -0.8473677     -7.3930197     -8.0235437     -0.2936879     -1.3231262      2.5398775     -1.2344838     -0.7187745      2.0340013      0.6254552      6.5855542      6.2436702     10.4112578     10.5249957      9.2731653      3.2820806      4.5459776      3.4791020      3.2577116      3.9455742      5.0348236      6.1883645      6.0255889      5.2051734      4.7185106     -7.8402312    -10.4897602     -3.1576979 
   182.0000000        0.8363794     -5.1075046      0.9085187      4.3666542     -7.1172513     -5.9979511     -4.5635017     -2.5284782     -5.0201792     -4.0970100     -4.9400194     -9.8720650     -0.8577997     -7.4079339     -8.0350004     -0.3051303     -1.3400722      2.5300927     -1.2518396     -0.7297437      2.0219699      0.6145297      6.5753416      6.2351775     10.4022311     10.5163099      9.2646438      3.2695450      4.5364000      3.4692008      3.2491399      3.9360112      5.0250740      6.1777401      6.0156981      5.1956134      4.7085245     -7.8528355    -10.5052095     -3.1736669 
   182.5000000        0.8249083     -5.1200210      0.8976839      4.3582757     -7.1288048     -6.0103673     -4.5755943     -2.5418144     -5.0317261     -4.1115641     -4.9541074     -9.8886233     -0.8682318     -7.4228482     -8.0457848     -0.3165727     -1.3570183      2.5203079     -1.2691953     -0.7407129      2.0099384      0.6036041      6.5651290      6.2266848     10.3932043     10.5076240      9.2561222      3.2570095      4.5268224      3.4592997      3.2405683      3.9264481      5.0153244      6.1671156      6.0058072      5.1860535      4.6985385     -7.8654398    -10.5206588     -3.1896359 
   183.0000000        0.8134371     -5.1325374      0.8868491      4.3499847     -7.1403583     -6.0227835     -4.5876868     -2.5551505     -5.0432731     -4.1261181     -4.9681954     -9.9051816     -0.8786638     -7.4377625     -8.0562086     -0.3280151     -1.3739643      2.5105232     -1.2868165     -0.7516821      1.9979069      0.5926786      6.5549163      6.2181920     10.3841775     10.4989382      9.2476007      3.2444739      4.5172448      3.4493986      3.2319966      3.9168851      5.0055748      6.1564912      5.9959164      5.1764935      4.6885524     -7.8780441    -10.5361081     -3.2056049 
   183.5000000        0.8019660     -5.1450537      0.8760142      4.3422711     -7.1519118     -6.0351997     -4.5997794     -2.5684867     -5.0548200     -4.1406722     -4.9822834     -9.9217399     -0.8890958     -7.4526767     -8.0666324     -0.3394575     -1.3909103      2.5007384     -1.3054693     -0.7626513      1.9858754      0.5817530      6.5447037      6.2096993     10.3751508     10.4902524      9.2390791      3.2319384      4.5076673      3.4394975      3.2234249      3.9073221      4.9958252      6.1458668      5.9860255      5.1669335      4.6785664     -7.8906484    -10.5515574     -3.2215739 
   184.0000000        0.7904949     -5.1575701      0.8651794      4.3345575     -7.1634653     -6.0476159     -4.6118719     -2.5818229     -5.0663670     -4.1552262     -4.9963714     -9.9382982     -0.8995279     -7.4675910     -8.0770563     -0.3508999     -1.4078563      2.4909537     -1.3241221     -0.7736205      1.9738439      0.5708275      6.5344910      6.2012066     10.3661240     10.4815665      9.2305576      3.2194028      4.4980897      3.4295964      3.2148532      3.8977590      4.9860755      6.1352424      5.9761347      5.1573735      4.6685803     -7.9032527    -10.5670066     -3.2375429 
   184.5000000        0.7790238     -5.1700865      0.8543446      4.3268438     -7.1750188     -6.0600321     -4.6239645     -2.5951591     -5.0779139     -4.1698227     -5.0104594     -9.9548565     -0.9099599     -7.4825053     -8.0874801     -0.3623423     -1.4248023      2.4811689     -1.3427750     -0.7845897      1.9618124      0.5599019      6.5242784      6.1927138     10.3574764     10.4728807      9.2220360      3.2068673      4.4885121      3.4196953      3.2062816      3.8881960      4.9763259      6.1246180      5.9662439      5.1478136      4.6585943     -7.9158570    -10.5824559     -3.2535120 
   185.0000000        0.7675527     -5.1826029      0.8435097      4.3191302     -7.1865723     -6.0724483     -4.6360570     -2.6084953     -5.0894608     -4.1845992     -5.0245474     -9.9714148     -0.9203919     -7.4974196     -8.0979039     -0.3737847     -1.4417484      2.4713841     -1.3614278     -0.7955589      1.9497809      0.5489764      6.5140658      6.1842211     10.3490295     10.4641948      9.2135145      3.1943318      4.4789345      3.4097942      3.1977099      3.8786330      4.9665763      6.1139935      5.9563530      5.1382536      4.6486083     -7.9284613    -10.5979052     -3.2694810 
   185.5000000        0.7560816     -5.1951193      0.8326749      4.3114166     -7.1981258     -6.0848645     -4.6481496     -2.6218314     -5.1010078     -4.1993756     -5.0386354     -9.9879730     -0.9308239     -7.5123338     -8.1083277     -0.3852271     -1.4586944      2.4615994     -1.3800806     -0.8065281      1.9377495      0.5380508      6.5038531      6.1757283     10.3405826     10.4555090      9.2049930      3.1817962      4.4693569      3.3998931      3.1891382      3.8690699      4.9568267      6.1033691      5.9464622      5.1286936      4.6386222     -7.9410656    -10.6133545     -3.2854500 
   186.0000000        0.7446105     -5.2076356      0.8218401      4.3037029     -7.2096793     -6.0972807     -4.6602421     -2.6351676     -5.1125547     -4.2141521     -5.0522860    -10.0045313     -0.9412560     -7.5272481     -8.1187516     -0.3966695     -1.4756404      2.4518146     -1.3987334     -0.8174973      1.9257180      0.5271253      6.4936405      6.1672356     10.3321357     10.4468231      9.1964714      3.1692607      4.4597794      3.3899920      3.1805666      3.8595069      4.9470770      6.0927447      5.9365713      5.1191337      4.6286362     -7.9536699    -10.6286005     -3.3014190 
   186.5000000        0.7331393     -5.2201520      0.8110052      4.2959893     -7.2212328     -6.1096969     -4.6723347     -2.6485038     -5.1233498     -4.2289285     -5.0656675    -10.0210896     -0.9516880     -7.5421624     -8.1291754     -0.4081119     -1.4925864      2.4420299     -1.4173863     -0.8284665      1.9136865      0.5161997      6.4835746      6.1587429     10.3236887     10.4381373      9.1879499      3.1567251      4.4502018      3.3800909      3.1719949      3.8499439      4.9373274      6.0821203      5.9266805      5.1095737      4.6186501     -7.9662742    -10.6437295     -3.3173880 
   187.0000000        0.7216682     -5.2326684      0.8001704      4.2882756     -7.2327863     -6.1218751     -4.6844272     -2.6618400     -5.1331948     -4.2437050     -5.0790490    -10.0376479     -0.9621200     -7.5570766     -8.1395992     -0.4195542     -1.5095324      2.4322451     -1.4360391     -0.8394357      1.9016550      0.5052742      6.4735599      6.1502501     10.3152418     10.4294515      9.1794283      3.1441896      4.4406242      3.3701898      3.1634232      3.8403808      4.9275778      6.0714958      5.9167896      5.1000137      4.6086641     -7.9788785    -10.6588585     -3.3322085 
   187.5000000        0.7101971     -5.2451848      0.7893356      4.2805620     -7.2443398     -6.1316369     -4.6965198     -2.6751762     -5.1430399     -4.2584814     -5.0924305    -10.0542062     -0.9725521     -7.5719909     -8.1500230     -0.4309966     -1.5258421      2.4224604     -1.4546919     -0.8504049      1.8896235      0.4943487      6.4635451      6.1417574     10.3067949     10.4207656      9.1709068      3.1316540      4.4310466      3.3602887      3.1548515      3.8308178      4.9178282      6.0611318      5.9068988      5.0904537      4.5986780     -7.9905844    -10.6739875     -3.3464066 
   188.0000000        0.6987260     -5.2577012      0.7785007      4.2728484     -7.2558933     -6.1413988     -4.7086124     -2.6885123     -5.1528850     -4.2732579     -5.1058120    -10.0707645     -0.9829841     -7.5869052     -8.1604469     -0.4424390     -1.5408195      2.4126756     -1.4733448     -0.8613741      1.8775920      0.4834231      6.4535304      6.1332647     10.2983480     10.4120798      9.1623852      3.1191185      4.4214690      3.3503876      3.1462799      3.8212548      4.9080785      6.0511775      5.8970080      5.0808938      4.5886920     -8.0022026    -10.6891165     -3.3606048 
   188.5000000        0.6872549     -5.2702176      0.7676659      4.2651347     -7.2674468     -6.1511606     -4.7207049     -2.7013734     -5.1627300     -4.2880343     -5.1191935    -10.0873227     -0.9934161     -7.6018194     -8.1708707     -0.4538814     -1.5557970      2.4028908     -1.4919976     -0.8723433      1.8655606      0.4724976      6.4435157      6.1247719     10.2899011     10.4033939      9.1538637      3.1065829      4.4118915      3.3404865      3.1377082      3.8116917      4.8983289      6.0412232      5.8871171      5.0713338      4.5788012     -8.0138208    -10.7042455     -3.3748029 
   189.0000000        0.6757838     -5.2827339      0.7568311      4.2574211     -7.2790003     -6.1609224     -4.7327975     -2.7142165     -5.1725751     -4.3028108     -5.1325750    -10.1038810     -1.0038482     -7.6167337     -8.1812945     -0.4641136     -1.5707745      2.3931061     -1.5106504     -0.8833125      1.8535291      0.4615720      6.4335010      6.1162792     10.2814541     10.3947081      9.1453422      3.0940474      4.4023139      3.3305854      3.1291365      3.8021287      4.8885793      6.0312689      5.8772263      5.0617738      4.5692300     -8.0254390    -10.7193745     -3.3890011 
   189.5000000        0.6643127     -5.2952095      0.7459962      4.2497075     -7.2905538     -6.1706842     -4.7448900     -2.7270596     -5.1824202     -4.3175872     -5.1459565    -10.1204393     -1.0142802     -7.6316480     -8.1917183     -0.4743330     -1.5857519      2.3833213     -1.5293032     -0.8942817      1.8414976      0.4506465      6.4234863      6.1077865     10.2730072     10.3860222      9.1368206      3.0815118      4.3927363      3.3206843      3.1205648      3.7925657      4.8788297      6.0213146      5.8673354      5.0522139      4.5596588     -8.0370572    -10.7345035     -3.4031992 
   190.0000000        0.6528415     -5.3056849      0.7351614      4.2419938     -7.3021073     -6.1804460     -4.7569826     -2.7399027     -5.1922653     -4.3323637     -5.1593380    -10.1369976     -1.0247122     -7.6465622     -8.2021422     -0.4845525     -1.6007294      2.3735366     -1.5479561     -0.9052509      1.8294661      0.4397209      6.4134716      6.0992937     10.2645603     10.3773364      9.1282991      3.0689763      4.3831587      3.3107832      3.1119932      3.7830026      4.8694254      6.0113603      5.8574446      5.0428000      4.5500876     -8.0486754    -10.7496325     -3.4173973 
   190.5000000        0.6413704     -5.3161603      0.7243266      4.2342802     -7.3136607     -6.1902078     -4.7690751     -2.7527457     -5.2021103     -4.3471401     -5.1727195    -10.1535559     -1.0351443     -7.6614765     -8.2125660     -0.4947719     -1.6157069      2.3637518     -1.5666089     -0.9162201      1.8174346      0.4287954      6.4034568      6.0908010     10.2561134     10.3686506      9.1197775      3.0564408      4.3735811      3.3008821      3.1034215      3.7734396      4.8601624      6.0014060      5.8475538      5.0334073      4.5405164     -8.0602935    -10.7647615     -3.4315955 
   191.0000000        0.6298993     -5.3266357      0.7134917      4.2265665     -7.3252142     -6.1999697     -4.7808887     -2.7655888     -5.2119554     -4.3619166     -5.1861010    -10.1701142     -1.0455763     -7.6763908     -8.2229898     -0.5049914     -1.6306844      2.3539670     -1.5852617     -0.9271893      1.8054031      0.4178698      6.3934421      6.0823083     10.2476664     10.3603963      9.1112560      3.0439052      4.3640036      3.2909810      3.0948498      3.7642359      4.8508993      5.9914517      5.8376629      5.0240146      4.5309452     -8.0719117    -10.7798904     -3.4457936 
   191.5000000        0.6184282     -5.3371110      0.7026569      4.2188529     -7.3367677     -6.2097315     -4.7926792     -2.7784319     -5.2218005     -4.3766930     -5.1994825    -10.1866725     -1.0560083     -7.6909460     -8.2334136     -0.5152108     -1.6456618      2.3441823     -1.6039145     -0.9381585      1.7933716      0.4069443      6.3834274      6.0738155     10.2392195     10.3524548      9.1027344      3.0313697      4.3544260      3.2810798      3.0862781      3.7551553      4.8416363      5.9814974      5.8277721      5.0146220      4.5213740     -8.0835299    -10.7950194     -3.4599917 
   192.0000000        0.6069571     -5.3475864      0.6918221      4.2111393     -7.3483212     -6.2194933     -4.8044697     -2.7912750     -5.2316455     -4.3914695     -5.2128640    -10.2032307     -1.0664404     -7.7035374     -8.2438375     -0.5254303     -1.6606393      2.3343975     -1.6225674     -0.9491277      1.7813402      0.3960187      6.3734127      6.0653228     10.2307726     10.3445134      9.0942129      3.0188341      4.3448484      3.2711787      3.0777065      3.7460747      4.8323733      5.9715431      5.8178812      5.0052293      4.5118028     -8.0951481    -10.8101484     -3.4741899 
   192.5000000        0.5954860     -5.3580618      0.6809872      4.2034256     -7.3598747     -6.2292551     -4.8162602     -2.8041180     -5.2414906     -4.4062459     -5.2262455    -10.2197890     -1.0768724     -7.7161287     -8.2542613     -0.5356497     -1.6756168      2.3246128     -1.6412202     -0.9600969      1.7693087      0.3850932      6.3633980      6.0568301     10.2223257     10.3365719      9.0856913      3.0062986      4.3352708      3.2612776      3.0691348      3.7369941      4.8231102      5.9615888      5.8079904      4.9958366      4.5022316     -8.1067663    -10.8252774     -3.4883880 
   193.0000000        0.5840149     -5.3685372      0.6701524      4.1957120     -7.3714282     -6.2390169     -4.8280507     -2.8169611     -5.2513357     -4.4210224     -5.2396270    -10.2363473     -1.0873044     -7.7287201     -8.2646851     -0.5458691     -1.6905942      2.3148280     -1.6598730     -0.9710661      1.7572772      0.3741676      6.3533832      6.0483373     10.2138788     10.3286305      9.0771698      2.9937630      4.3258184      3.2513765      3.0605631      3.7279134      4.8138472      5.9516345      5.7980995      4.9864440      4.4926604     -8.1183845    -10.8404064     -3.5025862 
   193.5000000        0.5725437     -5.3790126      0.6593175      4.1879984     -7.3829817     -6.2487787     -4.8398412     -2.8298042     -5.2611807     -4.4357989     -5.2530086    -10.2529056     -1.0977364     -7.7413114     -8.2751089     -0.5560886     -1.7055717      2.3050432     -1.6785259     -0.9820353      1.7452457      0.3638037      6.3433685      6.0398446     10.2054318     10.3206890      9.0686483      2.9812275      4.3167606      3.2414754      3.0519914      3.7188328      4.8045842      5.9416802      5.7882087      4.9770513      4.4830892     -8.1300026    -10.8555354     -3.5167843 
   194.0000000        0.5610726     -5.3894879      0.6484827      4.1802847     -7.3945352     -6.2585405     -4.8516317     -2.8426472     -5.2710258     -4.4505753     -5.2663901    -10.2694639     -1.1081685     -7.7539027     -8.2855328     -0.5663080     -1.7205492      2.2952585     -1.6971787     -0.9930045      1.7332142      0.3537861      6.3333538      6.0313519     10.1969849     10.3127476      9.0601267      2.9686919      4.3077028      3.2315743      3.0434198      3.7097522      4.7953211      5.9317259      5.7783179      4.9676587      4.4735180     -8.1416208    -10.8706644     -3.5309824 
   194.5000000        0.5496015     -5.3999633      0.6376479      4.1725711     -7.4060887     -6.2683024     -4.8634222     -2.8554903     -5.2808709     -4.4653518     -5.2797716    -10.2860222     -1.1182819     -7.7664941     -8.2959566     -0.5765275     -1.7355267      2.2854737     -1.7158315     -1.0039737      1.7211827      0.3437686      6.3233391      6.0228591     10.1885380     10.3048061      9.0516052      2.9561564      4.2986450      3.2216732      3.0348481      3.7006716      4.7860581      5.9217715      5.7684270      4.9582660      4.4639468     -8.1532390    -10.8857934     -3.5451806 
   195.0000000        0.5381304     -5.4104387      0.6268130      4.1648575     -7.4176422     -6.2780642     -4.8752127     -2.8683334     -5.2907160     -4.4801282     -5.2931531    -10.3025805     -1.1282766     -7.7790854     -8.3063804     -0.5867469     -1.7505041      2.2756890     -1.7344843     -1.0149429      1.7091513      0.3337510      6.3133244      6.0143664     10.1800911     10.2968647      9.0430836      2.9436209      4.2895872      3.2117721      3.0262764      3.6915909      4.7767951      5.9118172      5.7587567      4.9488733      4.4543756     -8.1648572    -10.9009224     -3.5593787 
   195.5000000        0.5266593     -5.4209141      0.6159782      4.1571438     -7.4291957     -6.2878260     -4.8870032     -2.8811765     -5.3005610     -4.4949047     -5.3065346    -10.3191387     -1.1382713     -7.7916768     -8.3168042     -0.5969664     -1.7654816      2.2659042     -1.7531372     -1.0259121      1.6971198      0.3237335      6.3033096      6.0058737     10.1716442     10.2889232      9.0345621      2.9310853      4.2805294      3.2018710      3.0177047      3.6825103      4.7675320      5.9018629      5.7493545      4.9394807      4.4448044     -8.1764754    -10.9160514     -3.5735768 
   196.0000000        0.5151882     -5.4313895      0.6051434      4.1494302     -7.4407492     -6.2975878     -4.8987937     -2.8940195     -5.3104061     -4.5096811     -5.3199161    -10.3356970     -1.1482660     -7.8042681     -8.3272281     -0.6071858     -1.7804591      2.2561195     -1.7717900     -1.0368812      1.6850883      0.3137159      6.2932949      5.9973809     10.1631972     10.2809818      9.0260405      2.9185498      4.2714716      3.1924261      3.0091331      3.6734297      4.7582690      5.8919086      5.7399523      4.9300880      4.4352332     -8.1880936    -10.9311804     -3.5877750 
   196.5000000        0.5037171     -5.4418649      0.5943085      4.1417165     -7.4523027     -6.3073496     -4.9105842     -2.9068626     -5.3202512     -4.5244576     -5.3332976    -10.3498826     -1.1582607     -7.8168595     -8.3376519     -0.6174053     -1.7954365      2.2463347     -1.7904428     -1.0478504      1.6730568      0.3036983      6.2832802      5.9888882     10.1547503     10.2730403      9.0175190      2.9060142      4.2624138      3.1830875      3.0005614      3.6643491      4.7490060      5.8819543      5.7305502      4.9206953      4.4256620     -8.1997117    -10.9463094     -3.6019731 
   197.0000000        0.4922459     -5.4523402      0.5834737      4.1340029     -7.4638562     -6.3171114     -4.9223747     -2.9197057     -5.3300962     -4.5392340     -5.3466791    -10.3629503     -1.1682554     -7.8294508     -8.3480757     -0.6276247     -1.8104140      2.2365499     -1.8090957     -1.0596147      1.6611422      0.2936808      6.2732655      5.9803955     10.1463034     10.2650989      9.0092243      2.8939258      4.2533560      3.1737489      2.9919897      3.6552685      4.7397429      5.8720000      5.7211480      4.9113027      4.4160908     -8.2113299    -10.9614384     -3.6161713 
   197.5000000        0.4807748     -5.4628156      0.5726389      4.1262893     -7.4754097     -6.3268733     -4.9341652     -2.9325487     -5.3399413     -4.5540105     -5.3600606    -10.3760179     -1.1782501     -7.8420422     -8.3584995     -0.6378442     -1.8253915      2.2267652     -1.8277485     -1.0713899      1.6493461      0.2836632      6.2632508      5.9719027     10.1378565     10.2571574      9.0011857      2.8821354      4.2442982      3.1644103      2.9834180      3.6461878      4.7304799      5.8620457      5.7117458      4.9019100      4.4065196     -8.2229481    -10.9765674     -3.6303694 
   198.0000000        0.4693037     -5.4732910      0.5618040      4.1185756     -7.4869632     -6.3366351     -4.9459557     -2.9453918     -5.3497864     -4.5687869     -5.3734421    -10.3890856     -1.1882448     -7.8546335     -8.3689234     -0.6480636     -1.8403690      2.2169804     -1.8464013     -1.0831652      1.6375500      0.2736456      6.2532360      5.9634100     10.1294096     10.2492160      8.9931472      2.8703450      4.2352404      3.1550717      2.9748464      3.6371072      4.7212169      5.8520914      5.7023436      4.8925173      4.3969483     -8.2345663    -10.9916964     -3.6445675 
   198.5000000        0.4578326     -5.4837664      0.5509692      4.1108620     -7.4980643     -6.3463969     -4.9577462     -2.9582349     -5.3596314     -4.5835634     -5.3868236    -10.4021533     -1.1982395     -7.8672249     -8.3793472     -0.6582831     -1.8553464      2.2071957     -1.8650541     -1.0949404      1.6257538      0.2636281      6.2432213      5.9549173     10.1209626     10.2412745      8.9851086      2.8585546      4.2261826      3.1457331      2.9662747      3.6280266      4.7119538      5.8421371      5.6929414      4.8831247      4.3873771     -8.2461845    -11.0068254     -3.6587657 
   199.0000000        0.4463615     -5.4942418      0.5401344      4.1031484     -7.5081314     -6.3561587     -4.9695367     -2.9710780     -5.3694765     -4.5983398     -5.4002051    -10.4152210     -1.2082342     -7.8798162     -8.3897710     -0.6685025     -1.8703239      2.1974109     -1.8839338     -1.1067157      1.6139577      0.2536105      6.2332066      5.9464245     10.1125157     10.2333331      8.9770700      2.8467642      4.2171248      3.1363945      2.9577030      3.6189460      4.7026908      5.8321828      5.6835392      4.8737320      4.3778059     -8.2578027    -11.0219544     -3.6729638 
   199.5000000        0.4348904     -5.5047171      0.5292995      4.0954347     -7.5181986     -6.3659205     -4.9813272     -2.9839210     -5.3793216     -4.6131163     -5.4135866    -10.4282886     -1.2182289     -7.8924075     -8.4001948     -0.6787220     -1.8853014      2.1876261     -1.9031358     -1.1184909      1.6021616      0.2435930      6.2231919      5.9379318     10.1040688     10.2253917      8.9690315      2.8349738      4.2080669      3.1270559      2.9491876      3.6098653      4.6934278      5.8222285      5.6741371      4.8643394      4.3682347     -8.2694208    -11.0370834     -3.6871619 
   200.0000000        0.4234192     -5.5151925      0.5184647      4.0877211     -7.5282657     -6.3756823     -4.9931177     -2.9967641     -5.3891667     -4.6278927     -5.4269681    -10.4413563     -1.2282236     -7.9049989     -8.4106187     -0.6889414     -1.9002788      2.1778414     -1.9223377     -1.1302662      1.5903655      0.2335754      6.2131772      5.9294391     10.0956219     10.2174502      8.9609929      2.8231834      4.1990091      3.1177174      2.9411708      3.6007847      4.6841647      5.8122742      5.6647349      4.8549467      4.3586635     -8.2810390    -11.0522124     -3.7013601 
   200.5000000        0.4119481     -5.5256679      0.5076296      4.0800074     -7.5383329     -6.3854441     -5.0049082     -3.0096072     -5.3990117     -4.6426692     -5.4403496    -10.4544240     -1.2382183     -7.9175902     -8.4210425     -0.6991609     -1.9152563      2.1680566     -1.9415396     -1.1420414      1.5785694      0.2235578      6.2031624      5.9209463     10.0871749     10.2095088      8.9529543      2.8113930      4.1899513      3.1083788      2.9331540      3.5917041      4.6749017      5.8023199      5.6553327      4.8455540      4.3490923     -8.2926572    -11.0673414     -3.7155582 
   201.0000000        0.4004770     -5.5361433      0.4967943      4.0722938     -7.5484000     -6.3952060     -5.0166987     -3.0224503     -5.4088568     -4.6574456     -5.4537311    -10.4674916     -1.2482130     -7.9301816     -8.4314663     -0.7093803     -1.9302338      2.1582719     -1.9607415     -1.1538167      1.5667733      0.2135403      6.1931477      5.9124536     10.0787280     10.2015673      8.9449157      2.7996026      4.1808935      3.0990402      2.9251373      3.5826235      4.6656387      5.7923656      5.6459305      4.8361614      4.3395211     -8.3042754    -11.0824704     -3.7297563 
   201.5000000        0.3890059     -5.5466187      0.4859590      4.0645802     -7.5584671     -6.4049678     -5.0284892     -3.0352933     -5.4187019     -4.6722221     -5.4671126    -10.4805593     -1.2582077     -7.9427729     -8.4418901     -0.7195998     -1.9452113      2.1484871     -1.9799434     -1.1655919      1.5549772      0.2035227      6.1831330      5.9039608     10.0702811     10.1936259      8.9368772      2.7878122      4.1718357      3.0897016      2.9171205      3.5735429      4.6563756      5.7824113      5.6365283      4.8267687      4.3299499     -8.3158936    -11.0975993     -3.7439545 
   202.0000000        0.3775348     -5.5570941      0.4751237      4.0568665     -7.5685343     -6.4147296     -5.0402796     -3.0481364     -5.4285469     -4.6869985     -5.4804942    -10.4936270     -1.2682024     -7.9553643     -8.4523140     -0.7298192     -1.9601887      2.1387024     -1.9991453     -1.1773672      1.5431810      0.1935052      6.1731183      5.8954681     10.0618342     10.1856844      8.9288386      2.7760218      4.1627779      3.0803630      2.9091037      3.5644622      4.6471126      5.7724570      5.6271261      4.8173760      4.3203787     -8.3275118    -11.1127283     -3.7581526 
   202.5000000        0.3660637     -5.5675694      0.4642884      4.0491529     -7.5786014     -6.4244914     -5.0520701     -3.0609795     -5.4383920     -4.7017750     -5.4938757    -10.5066947     -1.2781971     -7.9679556     -8.4627378     -0.7400387     -1.9751662      2.1289176     -2.0183473     -1.1891424      1.5313849      0.1834876      6.1631036      5.8869754     10.0533873     10.1777430      8.9208000      2.7642314      4.1537201      3.0710244      2.9010870      3.5553816      4.6378496      5.7625027      5.6177239      4.8079834      4.3108075     -8.3391299    -11.1278573     -3.7723508 
   203.0000000        0.3547347     -5.5780448      0.4534531      4.0414393     -7.5886686     -6.4342532     -5.0638606     -3.0738225     -5.4482371     -4.7165514     -5.5072572    -10.5197623     -1.2881918     -7.9805470     -8.4731616     -0.7502581     -1.9901437      2.1191328     -2.0375492     -1.2009176      1.5195888      0.1734700      6.1530889      5.8784826     10.0449403     10.1698015      8.9127615      2.7524410      4.1446623      3.0616858      2.8930702      3.5463010      4.6285865      5.7525483      5.6083218      4.7985907      4.3012363     -8.3507481    -11.1429863     -3.7865489 
   203.5000000        0.3439410     -5.5885202      0.4426178      4.0337256     -7.5987357     -6.4440150     -5.0756511     -3.0866656     -5.4580821     -4.7313279     -5.5206387    -10.5328300     -1.2981865     -7.9931383     -8.4835854     -0.7604776     -2.0051211      2.1093481     -2.0567511     -1.2126929      1.5077927      0.1634525      6.1430741      5.8699899     10.0364934     10.1618601      8.9047229      2.7406507      4.1356045      3.0523472      2.8850534      3.5372204      4.6193235      5.7425940      5.5989196      4.7891981      4.2916651     -8.3623663    -11.1581153     -3.8007470 
   204.0000000        0.3331472     -5.5989956      0.4317825      4.0260120     -7.6088029     -6.4537769     -5.0874416     -3.0995087     -5.4679272     -4.7457051     -5.5340202    -10.5458977     -1.3081812     -8.0057297     -8.4940093     -0.7706970     -2.0200986      2.0995633     -2.0759530     -1.2244681      1.4959966      0.1534349      6.1330594      5.8614972     10.0280465     10.1539186      8.8966843      2.7288603      4.1265467      3.0430086      2.8770367      3.5281397      4.6100605      5.7326397      5.5895174      4.7798054      4.2820939     -8.3739845    -11.1732443     -3.8149452 
   204.5000000        0.3223535     -5.6094710      0.4209472      4.0182984     -7.6188700     -6.4635387     -5.0992321     -3.1123518     -5.4777723     -4.7597536     -5.5474017    -10.5589653     -1.3181759     -8.0183210     -8.5044331     -0.7809165     -2.0350761      2.0897786     -2.0951549     -1.2362434      1.4842005      0.1434173      6.1230447      5.8530044     10.0195996     10.1459772      8.8886458      2.7170699      4.1174889      3.0336700      2.8690199      3.5190591      4.6007975      5.7226854      5.5801152      4.7704127      4.2725227     -8.3856027    -11.1883733     -3.8291433 
   205.0000000        0.3115597     -5.6199463      0.4101119      4.0105847     -7.6289371     -6.4733005     -5.1110226     -3.1251948     -5.4876174     -4.7738020     -5.5607832    -10.5720330     -1.3281706     -8.0309123     -8.5148569     -0.7911359     -2.0500536      2.0799938     -2.1143569     -1.2480186      1.4724043      0.1333998      6.1130300      5.8445117     10.0111527     10.1380357      8.8806072      2.7052795      4.1084311      3.0243314      2.8610031      3.5099785      4.5915344      5.7127311      5.5707130      4.7610201      4.2629515     -8.3972209    -11.2035023     -3.8433414 
   205.5000000        0.3007659     -5.6304217      0.3992765      4.0028711     -7.6390043     -6.4830623     -5.1228131     -3.1380379     -5.4974624     -4.7878505     -5.5732334    -10.5851007     -1.3381653     -8.0435037     -8.5252807     -0.8013554     -2.0650310      2.0702090     -2.1335588     -1.2597939      1.4606082      0.1233822      6.1030153      5.8365306     10.0027057     10.1300943      8.8725686      2.6934891      4.0993733      3.0149928      2.8529864      3.5008979      4.5822714      5.7027768      5.5613108      4.7516274      4.2533803     -8.4088390    -11.2186313     -3.8557583 
   206.0000000        0.2899722     -5.6408971      0.3884412      3.9951574     -7.6490714     -6.4928241     -5.1346036     -3.1508810     -5.5073075     -4.8018990     -5.5853888    -10.5981683     -1.3481600     -8.0560950     -8.5357046     -0.8115748     -2.0800085      2.0604243     -2.1527607     -1.2715691      1.4488121      0.1133647      6.0930005      5.8286603      9.9942588     10.1221528      8.8645301      2.6816987      4.0903155      3.0056542      2.8449696      3.4918173      4.5730084      5.6928225      5.5519087      4.7422347      4.2438091     -8.4204572    -11.2328094     -3.8675569 
   206.5000000        0.2791784     -5.6513725      0.3776059      3.9874438     -7.6591386     -6.5025859     -5.1463941     -3.1637241     -5.5171526     -4.8159475     -5.5975443    -10.6112360     -1.3581547     -8.0686864     -8.5461284     -0.8217943     -2.0949860      2.0506395     -2.1719626     -1.2833444      1.4370160      0.1033471      6.0829858      5.8207900      9.9858119     10.1142114      8.8564915      2.6699083      4.0812577      2.9963156      2.8369528      3.4827366      4.5637453      5.6828682      5.5425065      4.7328421      4.2342379     -8.4320754    -11.2468110     -3.8793555 
   207.0000000        0.2683847     -5.6618479      0.3667706      3.9797302     -7.6692057     -6.5123477     -5.1581846     -3.1765671     -5.5269976     -4.8299959     -5.6096997    -10.6243037     -1.3681494     -8.0812777     -8.5565522     -0.8320137     -2.1099634      2.0408548     -2.1911645     -1.2951196      1.4252199      0.0933295      6.0729711      5.8129197      9.9775654     10.1062700      8.8484529      2.6581179      4.0721998      2.9869770      2.8289361      3.4736560      4.5544823      5.6729139      5.5331043      4.7234494      4.2246667     -8.4436936    -11.2608126     -3.8911541 
   207.5000000        0.2575909     -5.6723233      0.3559353      3.9720165     -7.6792729     -6.5221096     -5.1699751     -3.1894102     -5.5368427     -4.8440444     -5.6218552    -10.6373714     -1.3781441     -8.0938691     -8.5669760     -0.8422332     -2.1249409      2.0310700     -2.2103665     -1.3068949      1.4134238      0.0833120      6.0629564      5.8050494      9.9697612     10.0983285      8.8404143      2.6463275      4.0631420      2.9776384      2.8209193      3.4645754      4.5452193      5.6629596      5.5237021      4.7140568      4.2150955     -8.4553118    -11.2748142     -3.9029526 
   208.0000000        0.2467972     -5.6827986      0.3451000      3.9643029     -7.6893400     -6.5318714     -5.1817656     -3.2022533     -5.5466878     -4.8580929     -5.6340106    -10.6504390     -1.3881388     -8.1064604     -8.5773999     -0.8524526     -2.1399184      2.0212853     -2.2295684     -1.3186701      1.4016277      0.0732944      6.0529417      5.7971791      9.9619569     10.0903871      8.8323758      2.6345371      4.0540842      2.9682998      2.8129025      3.4554948      4.5359562      5.6530053      5.5142999      4.7046641      4.2055242     -8.4669300    -11.2888158     -3.9147512 
   208.0000000        0.2467972     -5.6827986     -5.4640000      3.9643029     -7.6893400     -6.5318714     -5.1817656     -3.2022533     -5.5466878     -4.8580929     -5.6340106    -10.6504390     -1.3881388     -8.1064604     -8.5773999     -0.8524526     -2.1399184      2.0212853     -2.2295684     -1.3186701      1.4016277      0.0732944      6.0529417      5.7971791      9.9619569     10.0903871      8.8323758      2.6345371      4.0540842      2.9682998      2.8129025      3.4554948      4.5359562      5.6530053      5.5142999      4.7046641      4.2055242     -8.4669300    -11.2888158     -3.9147512 
   208.5000000        0.2360034     -5.6932740     -5.4790168      3.9565893     -7.6994071     -6.5416332     -5.1935561     -3.2150963     -5.5565328     -4.8721413     -5.6461661    -10.6635067     -1.3981335     -8.1190518     -8.5878237     -0.8626721     -2.1548959      2.0115005     -2.2487703     -1.3304453      1.3898315      0.0632768      6.0429269      5.7893088      9.9541526     10.0824456      8.8243372      2.6227467      4.0450264      2.9589613      2.8048857      3.4464141      4.5266932      5.6430510      5.5048977      4.6952714      4.1959530     -8.4785481    -11.3028174     -3.9265498 
   209.0000000        0.2252097     -5.7037494     -5.4940335      3.9488756     -7.7094743     -6.5513950     -5.2053466     -3.2279394     -5.5663779     -4.8861898     -5.6583216    -10.6765744     -1.4081282     -8.1316431     -8.5982475     -0.8717939     -2.1698733      2.0017157     -2.2679722     -1.3422206      1.3780354      0.0532593      6.0329122      5.7814385      9.9463483     10.0745042      8.8162986      2.6109563      4.0359686      2.9496227      2.7968690      3.4373335      4.5174302      5.6330967      5.4954956      4.6858788      4.1863818     -8.4901663    -11.3168190     -3.9383484 
   209.0000000        0.2252097     -5.7037494     -5.4940335      3.9488756     -7.7094743     -6.5513950     -5.2053466     -3.2279394     -5.5663779     -4.8861898     -5.6583216    -10.6765744     -1.4081282     -8.1316431     -8.5982475     -0.8717939     -2.1698733      2.0017157     -2.2679722     -1.3422206      1.3780354      0.0532593      6.0329122      5.7814385      9.9463483     10.0745042      8.8162986      2.6109563      4.0359686      2.9496227      2.7968690      3.4373335      4.5174302      5.6330967      5.4954956      4.6858788      4.1863818     -8.4901663    -11.3168190     -3.9383484 
   209.5000000        0.2144159     -5.7142248     -5.5090503      3.9411620     -7.7195414     -6.5611568     -5.2171371     -3.2407825     -5.5762230     -4.9002383     -5.6704770    -10.6896420     -1.4181229     -8.1442345     -8.6086713     -0.8807518     -2.1848508      1.9919310     -2.2871741     -1.3539958      1.3662393      0.0432417      6.0228975      5.7735681      9.9385440     10.0665627      8.8082601      2.5991659      4.0269108      2.9402841      2.7888522      3.4282529      4.5081671      5.6231424      5.4860934      4.6764861      4.1768106     -8.5017845    -11.3308206     -3.9501469 
   210.0000000        0.2036221     -5.7247002     -5.5240671      3.9334483     -7.7296086     -6.5709186     -5.2289276     -3.2536256     -5.5860681     -4.9142868     -5.6826325    -10.7027097     -1.4281176     -8.1568258     -8.6190952     -0.8897097     -2.1998283      1.9821462     -2.3063761     -1.3657711      1.3544432      0.0332242      6.0128828      5.7656978      9.9307397     10.0586213      8.8002215      2.5873755      4.0178530      2.9309455      2.7808354      3.4191723      4.4989041      5.6131881      5.4766912      4.6670934      4.1672394     -8.5134027    -11.3448222     -3.9619455 
   210.0000000        0.2036221     -5.7247002     -5.5240671      3.9334483     -7.7296086     -6.5709186     -5.2289276     -3.2536256     -5.5860681     -4.9142868     -5.6826325    -10.7027097     -1.4281176     -8.1568258     -8.6190952     -0.8897097     -2.1998283     -0.9641816     -2.3063761     -1.3657711      1.3544432      0.0332242      6.0128828      5.7656978      9.9307397     10.0586213      8.8002215      2.5873755      4.0178530      2.9309455      2.7808354      3.4191723      4.4989041      5.6131881      5.4766912      4.6670934      4.1672394     -8.5134027    -11.3448222     -3.9619455 
   210.5000000        0.1928284     -5.7351756     -5.5390852      3.9257347     -7.7396757     -6.5806805     -5.2407181     -3.2664686     -5.5959131     -4.9283352     -5.6947879    -10.7157774     -1.4381123     -8.1694171     -8.6295190     -0.8986675     -2.2148057     -0.9730304     -2.3255780     -1.3775463      1.3426471      0.0232066      6.0028681      5.7578275      9.9229355     10.0506798      8.7921829      2.5755852      4.0087952      2.9216069      2.7728187      3.4100917      4.4896411      5.6032338      5.4672890      4.6577008      4.1576682     -8.5250209    -11.3588238     -3.9737441 
   211.0000000        0.1820346     -5.7456509     -5.5541088      3.9182761     -7.7497429     -6.5904423     -5.2525086     -3.2796582     -5.6057582     -4.9423837     -5.7069434    -10.7288451     -1.4481070     -8.1820085     -8.6399428     -0.9076254     -2.2297832     -0.9818792     -2.3447799     -1.3893216      1.3308510      0.0131890      5.9929700      5.7499572      9.9151312     10.0427384      8.7841444      2.5637948      3.9997374      2.9122683      2.7648019      3.4010110      4.4803780      5.5932795      5.4578868      4.6483081      4.1480970     -8.5366391    -11.3728253     -3.9855427 
   211.5000000        0.1712409     -5.7561263     -5.5691323      3.9110568     -7.7598100     -6.6002041     -5.2642991     -3.2928947     -5.6156033     -4.9564322     -5.7190988    -10.7419127     -1.4581017     -8.1945998     -8.6502604     -0.9165833     -2.2447607     -0.9907279     -2.3639818     -1.4010968      1.3190548      0.0031715      5.9831822      5.7420869      9.9073269     10.0347969      8.7761058      2.5520044      3.9906796      2.9029297      2.7567851      3.3919304      4.4711150      5.5835775      5.4484846      4.6389155      4.1385258     -8.5482572    -11.3868269     -3.9973412 
   212.0000000        0.1604471     -5.7666017     -5.5841558      3.9038375     -7.7698772     -6.6095930     -5.2760896     -3.3061312     -5.6254483     -4.9704807     -5.7312543    -10.7549804     -1.4680964     -8.2071912     -8.6602163     -0.9255412     -2.2597382     -0.9995767     -2.3831837     -1.4128721      1.3072587     -0.0068461      5.9733944      5.7342166      9.8995226     10.0268555      8.7680672      2.5402140      3.9816218      2.8935911      2.7487684      3.3828498      4.4618520      5.5743066      5.4390824      4.6295228      4.1292770     -8.5598754    -11.4008285     -4.0091398 
   212.5000000        0.1496534     -5.7770771     -5.5991793      3.8966182     -7.7799443     -6.6175033     -5.2878801     -3.3193677     -5.6352934     -4.9845291     -5.7434097    -10.7680481     -1.4780911     -8.2197825     -8.6701723     -0.9344991     -2.2767382     -1.0084255     -2.4023856     -1.4246473      1.2954626     -0.0168636      5.9636066      5.7263463      9.8917183     10.0189140      8.7600287      2.5284236      3.9725640      2.8842525      2.7407516      3.3737692      4.4525889      5.5650357      5.4296803      4.6201301      4.1202163     -8.5714936    -11.4148301     -4.0209384 
   213.0000000        0.1388596     -5.7875525     -5.6142028      3.8893989     -7.7900114     -6.6254136     -5.2996706     -3.3326042     -5.6451385     -4.9985776     -5.7555652    -10.7811157     -1.4880858     -8.2323739     -8.6801282     -0.9434570     -2.2945427     -1.0172743     -2.4215876     -1.4364226      1.2836665     -0.0268812      5.9538188      5.7184760      9.8839140     10.0109726      8.7519901      2.5166332      3.9635062      2.8749139      2.7327348      3.3646885      4.4433259      5.5557648      5.4202781      4.6108542      4.1111556     -8.5830534    -11.4288317     -4.0327370 
   213.5000000        0.1280658     -5.7980278     -5.6292264      3.8821796     -7.8000786     -6.6333239     -5.3114611     -3.3458408     -5.6545414     -5.0126261     -5.7677206    -10.7941834     -1.4980805     -8.2449652     -8.6900842     -0.9524149     -2.3123473     -1.0261230     -2.4407895     -1.4481978      1.2718704     -0.0368988      5.9440310      5.7106057      9.8761098     10.0030311      8.7439515      2.5048428      3.9544484      2.8655753      2.7247181      3.3556079      4.4340629      5.5464940      5.4108759      4.6016366      4.1020949     -8.5946046    -11.4428333     -4.0445355 
   214.0000000        0.1172721     -5.8085032     -5.6442499      3.8749603     -7.8101457     -6.6412342     -5.3232516     -3.3590773     -5.6629275     -5.0266746     -5.7798761    -10.8072511     -1.5080752     -8.2575566     -8.7000401     -0.9613728     -2.3301518     -1.0349718     -2.4599914     -1.4599730      1.2600743     -0.0469163      5.9342432      5.7027354      9.8683055      9.9950897      8.7359129      2.4930524      3.9453906      2.8562367      2.7167013      3.3465273      4.4247998      5.5372231      5.4014737      4.5924191      4.0930342     -8.6061557    -11.4568349     -4.0563341 
   214.5000000        0.1064783     -5.8189786     -5.6592734      3.8677411     -7.8202129     -6.6491445     -5.3350421     -3.3723138     -5.6713136     -5.0407230     -5.7920316    -10.8203188     -1.5180699     -8.2701479     -8.7099961     -0.9703307     -2.3479563     -1.0438206     -2.4777033     -1.4717483      1.2482782     -0.0569339      5.9244555      5.6948651      9.8605012      9.9871482      8.7278744      2.4812620      3.9363328      2.8468981      2.7086845      3.3376930      4.4157947      5.5279522      5.3920715      4.5832015      4.0839735     -8.6177068    -11.4708365     -4.0681327 
   215.0000000        0.0956846     -5.8294540     -5.6742969      3.8605218     -7.8302800     -6.6570547     -5.3468326     -3.3855503     -5.6796997     -5.0547715     -5.8041870    -10.8333864     -1.5280646     -8.2822115     -8.7199520     -0.9792886     -2.3657608     -1.0526693     -2.4951383     -1.4835235      1.2364820     -0.0669515      5.9146677      5.6869948      9.8526969      9.9792068      8.7198358      2.4694716      3.9272749      2.8375595      2.7006678      3.3291037      4.4069690      5.5186813      5.3826693      4.5739839      4.0749128     -8.6292580    -11.4848381     -4.0799313 
   215.5000000        0.0848908     -5.8399294     -5.6893204      3.8533025     -7.8403472     -6.6649650     -5.3586231     -3.3987868     -5.6880857     -5.0688200     -5.8163425    -10.8464541     -1.5380593     -8.2941206     -8.7299080     -0.9882465     -2.3835653     -1.0615181     -2.5125733     -1.4952988      1.2246859     -0.0769690      5.9048799      5.6791244      9.8448926      9.9712654      8.7117972      2.4576812      3.9182171      2.8282209      2.6926510      3.3205143      4.3981433      5.5094104      5.3732672      4.5647663      4.0658521     -8.6408091    -11.4988397     -4.0917298 
   216.0000000        0.0740971     -5.8504048     -5.7043439      3.8460832     -7.8504143     -6.6728753     -5.3704136     -3.4120233     -5.6964718     -5.0828685     -5.8284979    -10.8595218     -1.5480540     -8.3060296     -8.7398639     -0.9972044     -2.4013699     -1.0703669     -2.5300083     -1.5070740      1.2128898     -0.0869866      5.8950921      5.6712541      9.8370883      9.9633239      8.7037587      2.4458908      3.9091593      2.8188823      2.6846342      3.3119250      4.3893176      5.5001396      5.3638650      4.5555488      4.0567914     -8.6523602    -11.5128413     -4.1035284 
   216.5000000        0.0633033     -5.8608801     -5.7193675      3.8388639     -7.8604814     -6.6807856     -5.3822041     -3.4252598     -5.7048579     -5.0969169     -5.8406534    -10.8725894     -1.5580487     -8.3179387     -8.7498198     -1.0061622     -2.4191744     -1.0792157     -2.5474433     -1.5188493      1.2010937     -0.0970041      5.8853043      5.6633838      9.8292841      9.9553825      8.6957201      2.4341004      3.9001015      2.8095437      2.6766175      3.3033356      4.3804919      5.4908687      5.3544628      4.5463312      4.0477307     -8.6639114    -11.5268429     -4.1153270 
   217.0000000        0.0525096     -5.8713555     -5.7343910      3.8316446     -7.8705486     -6.6886959     -5.3939946     -3.4384963     -5.7132440     -5.1109654     -5.8528088    -10.8856571     -1.5680434     -8.3298477     -8.7597758     -1.0151201     -2.4369789     -1.0880644     -2.5648783     -1.5306245      1.1892976     -0.1070217      5.8755165      5.6555135      9.8214798      9.9474410      8.6876815      2.4223100      3.8910437      2.8002051      2.6686007      3.2947463      4.3716662      5.4815978      5.3450606      4.5371136      4.0386700     -8.6754625    -11.5408445     -4.1271256 
   217.5000000        0.0417158     -5.8818309     -5.7494145      3.8244253     -7.8806157     -6.6966062     -5.4059191     -3.4517328     -5.7216301     -5.1250139     -5.8649643    -10.8987248     -1.5780381     -8.3417568     -8.7697317     -1.0240780     -2.4547834     -1.0969132     -2.5823133     -1.5423998      1.1775015     -0.1170393      5.8657287      5.6476432      9.8136755      9.9397130      8.6796430      2.4105197      3.8819859      2.7908666      2.6605839      3.2861569      4.3628404      5.4723269      5.3356584      4.5278961      4.0296093     -8.6870136    -11.5548461     -4.1389241 
   218.0000000        0.0309220     -5.8923063     -5.7644380      3.8172060     -7.8906829     -6.7045165     -5.4178896     -3.4649693     -5.7300162     -5.1390623     -5.8771197    -10.9117924     -1.5880328     -8.3536658     -8.7796877     -1.0330359     -2.4725879     -1.1057620     -2.5997483     -1.5541750      1.1657053     -0.1270568      5.8559410      5.6397729      9.8058712      9.9324493      8.6716044      2.3987293      3.8730634      2.7817433      2.6525672      3.2775676      4.3540147      5.4630561      5.3262562      4.5186785      4.0205486     -8.6985648    -11.5688477     -4.1507227 
   218.5000000        0.0201283     -5.9027817     -5.7794615      3.8099867     -7.9007500     -6.7124268     -5.4298601     -3.4782058     -5.7384023     -5.1531108     -5.8892752    -10.9248601     -1.5980275     -8.3655749     -8.7896436     -1.0419938     -2.4903924     -1.1146107     -2.6171834     -1.5659503      1.1539092     -0.1370744      5.8461532      5.6319026      9.7980669      9.9251856      8.6635658      2.3869389      3.8644044      2.7729839      2.6445504      3.2689783      4.3451890      5.4537852      5.3168541      4.5094609      4.0114879     -8.7101159    -11.5828492     -4.1625213 
   219.0000000        0.0093345     -5.9131798     -5.7944850      3.8027675     -7.9108172     -6.7203370     -5.4418305     -3.4914423     -5.7467883     -5.1671593     -5.9014306    -10.9361680     -1.6080222     -8.3774839     -8.7995996     -1.0509517     -2.5081970     -1.1234595     -2.6346184     -1.5777255      1.1421131     -0.1470920      5.8363654      5.6240323      9.7902626      9.9179219      8.6555273      2.3751485      3.8557455      2.7642245      2.6365336      3.2603889      4.3363633      5.4445143      5.3074519      4.5002433      4.0024272     -8.7216670    -11.5968508     -4.1743199 
   219.5000000       -0.0014592     -5.9230116     -5.8095086      3.7955482     -7.9208843     -6.7282473     -5.4538010     -3.5046788     -5.7551744     -5.1812078     -5.9135861    -10.9463349     -1.6180169     -8.3893930     -8.8095555     -1.0599096     -2.5260015     -1.1323083     -2.6520534     -1.5895007      1.1303170     -0.1564162      5.8265776      5.6161620      9.7824584      9.9106583      8.6474887      2.3633581      3.8470866      2.7554651      2.6285168      3.2517996      4.3275376      5.4352434      5.2980497      4.4910258      3.9933665     -8.7332182    -11.6108524     -4.1861184 
   220.0000000       -0.0122530     -5.9328434     -5.8245321      3.7883289     -7.9309514     -6.7361576     -5.4657715     -3.5179153     -5.7635605     -5.1952562     -5.9257416    -10.9565018     -1.6280116     -8.4013020     -8.8195115     -1.0688675     -2.5438060     -1.1411571     -2.6694884     -1.6012760      1.1185356     -0.1654570      5.8167898      5.6082917      9.7746541      9.9033946      8.6394501      2.3516615      3.8384276      2.7467058      2.6205001      3.2432102      4.3187119      5.4259726      5.2886475      4.4818082      3.9843058     -8.7447693    -11.6248540     -4.1979170 
   220.5000000       -0.0230467     -5.9426752     -5.8395556      3.7811096     -7.9410186     -6.7440679     -5.4777419     -3.5311518     -5.7719466     -5.2093047     -5.9378970    -10.9666687     -1.6378290     -8.4132111     -8.8294674     -1.0778254     -2.5616105     -1.1500058     -2.6869234     -1.6130512      1.1071008     -0.1744977      5.8070020      5.6004214      9.7668498      9.8961309      8.6314115      2.3399883      3.8297687      2.7379464      2.6124833      3.2346209      4.3098862      5.4167017      5.2792831      4.4725906      3.9752451     -8.7563204    -11.6388556     -4.2097156 
   221.0000000       -0.0338405     -5.9525070     -5.8545791      3.7738903     -7.9510857     -6.7519782     -5.4897124     -3.5443884     -5.7803327     -5.2233532     -5.9500525    -10.9768356     -1.6474695     -8.4251201     -8.8394234     -1.0867833     -2.5794150     -1.1588546     -2.7043584     -1.6248265      1.0956661     -0.1835384      5.7972142      5.5925511      9.7590455      9.8888672      8.6233730      2.3283152      3.8211098      2.7291870      2.6044665      3.2260315      4.3010605      5.4074308      5.2703521      4.4633731      3.9661844     -8.7678716    -11.6528572     -4.2215142 
   221.5000000       -0.0446342     -5.9623388     -5.8696026      3.7666710     -7.9611529     -6.7598885     -5.5016829     -3.5576249     -5.7887188     -5.2374017     -5.9622079    -10.9870025     -1.6571101     -8.4370292     -8.8493793     -1.0957412     -2.5972195     -1.1677034     -2.7217934     -1.6366017      1.0842313     -0.1925791      5.7874264      5.5846807      9.7512412      9.8816036      8.6153344      2.3166420      3.8124508      2.7204276      2.5964498      3.2174422      4.2922347      5.3981599      5.2614211      4.4541555      3.9571237     -8.7794227    -11.6668588     -4.2333127 
   222.0000000       -0.0554280     -5.9721706     -5.8846261      3.7594517     -7.9712200     -6.7677988     -5.5136533     -3.5708614     -5.7971049     -5.2514501     -5.9743634    -10.9971694     -1.6667507     -8.4489382     -8.8593352     -1.1046991     -2.6150241     -1.1765521     -2.7392284     -1.6483770      1.0727966     -0.2016198      5.7776387      5.5768104      9.7434369      9.8743399      8.6072958      2.3049689      3.8037919      2.7116682      2.5884330      3.2088528      4.2834090      5.3888891      5.2524901      4.4449379      3.9480630     -8.7909738    -11.6808604     -4.2451113 
   222.5000000       -0.0662218     -5.9820024     -5.8996497      3.7522324     -7.9812872     -6.7757091     -5.5256238     -3.5840979     -5.8054909     -5.2654986     -5.9865188    -11.0073362     -1.6763913     -8.4608473     -8.8692912     -1.1136569     -2.6328286     -1.1854009     -2.7566635     -1.6601522      1.0613618     -0.2106605      5.7678509      5.5689401      9.7356326      9.8670762      8.5992573      2.2932957      3.7951330      2.7029088      2.5804162      3.2002635      4.2745833      5.3796182      5.2435591      4.4357203      3.9390022     -8.8025250    -11.6948620     -4.2569099 
   223.0000000       -0.0770155     -5.9918343     -5.9146732      3.7450131     -7.9913543     -6.7836193     -5.5375942     -3.5973344     -5.8138770     -5.2795471     -5.9986743    -11.0175031     -1.6860319     -8.4727563     -8.8792471     -1.1226148     -2.6506331     -1.1942497     -2.7740985     -1.6719701      1.0499271     -0.2197012      5.7580631      5.5610698      9.7278284      9.8598125      8.5912187      2.2816226      3.7864740      2.6941494      2.5723995      3.1916742      4.2657576      5.3703473      5.2346280      4.4265028      3.9299415     -8.8140761    -11.7088636     -4.2687085 
   223.5000000       -0.0878093     -6.0016661     -5.9296967      3.7377939     -8.0014214     -6.7915296     -5.5495647     -3.6105709     -5.8222631     -5.2935956     -6.0108297    -11.0276700     -1.6956724     -8.4846654     -8.8892031     -1.1315727     -2.6684376     -1.2030985     -2.7915335     -1.6842864      1.0384923     -0.2287419      5.7482753      5.5531995      9.7200241      9.8525489      8.5831801      2.2699494      3.7778151      2.6853901      2.5643827      3.1830848      4.2569319      5.3610764      5.2256970      4.4172852      3.9208808     -8.8256273    -11.7228652     -4.2805070 
   224.0000000       -0.0986030     -6.0114979     -5.9447202      3.7305746     -8.0114886     -6.7994399     -5.5615352     -3.6238074     -5.8306492     -5.3076440     -6.0229852    -11.0378369     -1.7053130     -8.4965744     -8.8991590     -1.1405306     -2.6862421     -1.2119472     -2.8089685     -1.6966028      1.0270576     -0.2377827      5.7384875      5.5453292      9.7122198      9.8452852      8.5751416      2.2582763      3.7691561      2.6766307      2.5563659      3.1744955      4.2481062      5.3518056      5.2167660      4.4080676      3.9118201     -8.8371784    -11.7368668     -4.2923056 
   224.5000000       -0.1093968     -6.0213297     -5.9597437      3.7233553     -8.0215557     -6.8073502     -5.5735056     -3.6370439     -5.8390353     -5.3216925     -6.0351406    -11.0480038     -1.7149536     -8.5084834     -8.9091150     -1.1494885     -2.7040466     -1.2207960     -2.8264035     -1.7089191      1.0156228     -0.2468234      5.7286997      5.5374589      9.7044155      9.8380215      8.5674641      2.2466031      3.7604972      2.6678713      2.5483492      3.1659061      4.2392805      5.3425347      5.2078350      4.3988501      3.9027594     -8.8487295    -11.7508684     -4.3041042 
   225.0000000       -0.1201905     -6.0311615     -5.9747672      3.7161360     -8.0316229     -6.8152605     -5.5854761     -3.6502804     -5.8474214     -5.3354907     -6.0472961    -11.0581707     -1.7245942     -8.5203925     -8.9190709     -1.1584464     -2.7218512     -1.2296448     -2.8438385     -1.7212354      1.0041881     -0.2558641      5.7189119      5.5295886      9.6966112      9.8307578      8.5599179      2.2349300      3.7518383      2.6591119      2.5403324      3.1573168      4.2304547      5.3332638      5.1989039      4.3896325      3.8936987     -8.8602807    -11.7648700     -4.3159028 
   225.5000000       -0.1309843     -6.0409933     -5.9897908      3.7089167     -8.0416900     -6.8231708     -5.5974466     -3.6635169     -5.8558075     -5.3482567     -6.0594516    -11.0683376     -1.7342348     -8.5323015     -8.9290269     -1.1674043     -2.7396557     -1.2384935     -2.8612735     -1.7335518      0.9927533     -0.2649048      5.7091242      5.5217183      9.6888069      9.8234942      8.5523716      2.2232568      3.7431793      2.6503525      2.5323156      3.1487274      4.2216290      5.3239929      5.1899729      4.3804149      3.8846380     -8.8718318    -11.7788716     -4.3277013 
   226.0000000       -0.1417780     -6.0508251     -6.0048143      3.7016974     -8.0517572     -6.8310811     -5.6094170     -3.6767534     -5.8641935     -5.3610227     -6.0716070    -11.0785045     -1.7438753     -8.5442106     -8.9389828     -1.1763622     -2.7574602     -1.2473423     -2.8787085     -1.7458681      0.9813186     -0.2739455      5.6993364      5.5138480      9.6810027      9.8162305      8.5448254      2.2115837      3.7345204      2.6415931      2.5242989      3.1401381      4.2128033      5.3147221      5.1810419      4.3711973      3.8755773     -8.8833829    -11.7928731     -4.3394999 
   226.5000000       -0.1525718     -6.0606569     -6.0198378      3.6944781     -8.0618243     -6.8389914     -5.6213875     -3.6899899     -5.8725796     -5.3737886     -6.0837625    -11.0886714     -1.7535159     -8.5561196     -8.9489387     -1.1853201     -2.7752647     -1.2561911     -2.8961436     -1.7581844      0.9698838     -0.2829862      5.6895486      5.5059777      9.6731984      9.8089668      8.5372791      2.1999105      3.7258615      2.6328337      2.5164205      3.1315487      4.2039776      5.3054512      5.1721109      4.3619798      3.8665166     -8.8949341    -11.8068747     -4.3512985 
   227.0000000       -0.1633656     -6.0704887     -6.0348613      3.6872588     -8.0718915     -6.8469016     -5.6333580     -3.7032264     -5.8809657     -5.3865546     -6.0959179    -11.0988383     -1.7631565     -8.5680287     -8.9588947     -1.1942780     -2.7930692     -1.2650399     -2.9135786     -1.7705008      0.9584491     -0.2920269      5.6797608      5.4981074      9.6653941      9.8017032      8.5297329      2.1882374      3.7172025      2.6240744      2.5088121      3.1229594      4.1951519      5.2961803      5.1631799      4.3527622      3.8574559     -8.9064852    -11.8208763     -4.3630971 
   227.5000000       -0.1741593     -6.0803205     -6.0498848      3.6800395     -8.0819586     -6.8548119     -5.6453284     -3.7164629     -5.8893518     -5.3993205     -6.1069434    -11.1090052     -1.7727971     -8.5799377     -8.9688506     -1.2032359     -2.8108737     -1.2738886     -2.9310136     -1.7828171      0.9470143     -0.3010676      5.6699730      5.4902371      9.6575898      9.7944395      8.5221866      2.1765642      3.7085436      2.6153150      2.5012037      3.1143700      4.1863262      5.2869094      5.1542488      4.3435446      3.8483952     -8.9180363    -11.8348779     -4.3718760 
   228.0000000       -0.1847609     -6.0901523     -6.0649084      3.6728203     -8.0920257     -6.8627222     -5.6572989     -3.7296994     -5.8977379     -5.4120865     -6.1173974    -11.1191721     -1.7824377     -8.5918468     -8.9788066     -1.2121938     -2.8286783     -1.2827374     -2.9484486     -1.7951334      0.9355796     -0.3101084      5.6601852      5.4823667      9.6497855      9.7871758      8.5146404      2.1648911      3.6998847      2.6065556      2.4935953      3.1057807      4.1775005      5.2776386      5.1453178      4.3343270      3.8393345     -8.9295875    -11.8481828     -4.3804048 
   228.5000000       -0.1948524     -6.0999841     -6.0799319      3.6656010     -8.1020929     -6.8706325     -5.6692694     -3.7429360     -5.9061240     -5.4248525     -6.1278515    -11.1293390     -1.7920782     -8.6037558     -8.9887625     -1.2211516     -2.8464828     -1.2915862     -2.9658836     -1.8074498      0.9241448     -0.3191491      5.6503974      5.4744964      9.6419812      9.7799121      8.5070941      2.1532179      3.6912257      2.5977962      2.4859870      3.0971914      4.1686748      5.2683677      5.1363868      4.3251095      3.8302738     -8.9411386    -11.8601853     -4.3889335 
   229.0000000       -0.2049439     -6.1098159     -6.0937633      3.6583817     -8.1129573     -6.8785428     -5.6812398     -3.7561725     -5.9145101     -5.4376184     -6.1383056    -11.1395059     -1.8017188     -8.6156649     -8.9987185     -1.2301095     -2.8642873     -1.3004349     -2.9833186     -1.8197661      0.9127101     -0.3281898      5.6406096      5.4666261      9.6341770      9.7726485      8.4995478      2.1415447      3.6825668      2.5890368      2.4783786      3.0886020      4.1598490      5.2590968      5.1274558      4.3158919      3.8212131     -8.9526897    -11.8721877     -4.3974622 
   229.5000000       -0.2150354     -6.1196477     -6.1051727      3.6511624     -8.1239007     -6.8864531     -5.6932103     -3.7694090     -5.9228961     -5.4503844     -6.1487597    -11.1496728     -1.8113594     -8.6275739     -9.0086744     -1.2390674     -2.8820918     -1.3092837     -3.0007536     -1.8320825      0.9012753     -0.3372305      5.6308219      5.4587558      9.6263727      9.7653848      8.4920016      2.1298716      3.6739078      2.5802774      2.4707702      3.0800127      4.1510233      5.2498259      5.1185248      4.3066743      3.8121524     -8.9642409    -11.8841902     -4.4059909 
   230.0000000       -0.2251269     -6.1294795     -6.1165821      3.6439431     -8.1348440     -6.8943634     -5.7051807     -3.7826455     -5.9312822     -5.4631503     -6.1592138    -11.1598397     -1.8210000     -8.6394830     -9.0186304     -1.2480253     -2.8998963     -1.3181325     -3.0181886     -1.8443988      0.8898405     -0.3462712      5.6210341      5.4508855      9.6185684      9.7581211      8.4844553      2.1181984      3.6652489      2.5715180      2.4631618      3.0714233      4.1421976      5.2405551      5.1095937      4.2974568      3.8030917     -8.9757920    -11.8961926     -4.4145197 
   230.5000000       -0.2352185     -6.1393113     -6.1279916      3.6367238     -8.1457874     -6.9022737     -5.7171512     -3.7958820     -5.9396683     -5.4759163     -6.1696679    -11.1700066     -1.8306406     -8.6513920     -9.0285863     -1.2569832     -2.9177009     -1.3269813     -3.0356237     -1.8567151      0.8784058     -0.3553119      5.6112463      5.4430152      9.6107641      9.7508574      8.4769091      2.1065253      3.6565900      2.5627586      2.4555534      3.0628340      4.1333719      5.2312842      5.1006627      4.2882392      3.7940310     -8.9873431    -11.9081951     -4.4230484 
   231.0000000       -0.2453100     -6.1491431     -6.1394010      3.6295045     -8.1567308     -6.9101839     -5.7291217     -3.8091185     -5.9480544     -5.4886822     -6.1801219    -11.1801735     -1.8402811     -8.6633011     -9.0385422     -1.2659411     -2.9355054     -1.3358300     -3.0530587     -1.8690315      0.8669710     -0.3643526      5.6014585      5.4351449      9.6029598      9.7435938      8.4693628      2.0948521      3.6479310      2.5539993      2.4479450      3.0542446      4.1245462      5.2220133      5.0917317      4.2790216      3.7849703     -8.9988943    -11.9201976     -4.4315771 
   231.5000000       -0.2554015     -6.1589749     -6.1508104      3.6222852     -8.1676742     -6.9180942     -5.7410921     -3.8223550     -5.9564405     -5.5014482     -6.1905760    -11.1903404     -1.8499217     -8.6752101     -9.0484982     -1.2748990     -2.9533099     -1.3446788     -3.0687419     -1.8813478      0.8555363     -0.3733933      5.5916707      5.4272746      9.5951555      9.7363301      8.4618166      2.0831790      3.6392721      2.5452399      2.4403366      3.0456553      4.1157205      5.2127424      5.0828007      4.2698040      3.7759096     -9.0104454    -11.9322000     -4.4401058 
   232.0000000       -0.2654930     -6.1688067     -6.1622198      3.6150659     -8.1786175     -6.9260045     -5.7530626     -3.8355915     -5.9648266     -5.5142142     -6.2010301    -11.2005073     -1.8595623     -8.6871192     -9.0584541     -1.2838569     -2.9711144     -1.3535276     -3.0839136     -1.8936641      0.8441015     -0.3824341      5.5818829      5.4194043      9.5873513      9.7290664      8.4542703      2.0715058      3.6306132      2.5364805      2.4327282      3.0370659      4.1068948      5.2034716      5.0738696      4.2605865      3.7668489     -9.0219965    -11.9442025     -4.4486346 
   232.5000000       -0.2755845     -6.1786385     -6.1736292      3.6078467     -8.1895609     -6.9339148     -5.7650331     -3.8488280     -5.9732127     -5.5269801     -6.2114842    -11.2106742     -1.8692029     -8.6990282     -9.0684101     -1.2928148     -2.9889189     -1.3623763     -3.0990852     -1.9059805      0.8326668     -0.3914748      5.5720951      5.4115340      9.5795470      9.7218027      8.4467240      2.0598327      3.6219542      2.5277211      2.4251198      3.0284766      4.0980691      5.1942007      5.0649386      4.2513689      3.7577882     -9.0335477    -11.9562049     -4.4571633 
   233.0000000       -0.2856760     -6.1884703     -6.1850386      3.6006274     -8.2005043     -6.9418251     -5.7770035     -3.8604203     -5.9815987     -5.5397461     -6.2219383    -11.2208411     -1.8788435     -8.7109373     -9.0783660     -1.3006157     -3.0067234     -1.3712251     -3.1142568     -1.9182968      0.8212320     -0.4005155      5.5623074      5.4036637      9.5718346      9.7145391      8.4391778      2.0481595      3.6132953      2.5189617      2.4175114      3.0198873      4.0892433      5.1849298      5.0560076      4.2421513      3.7487275     -9.0450988    -11.9682074     -4.4656920 
   233.5000000       -0.2957675     -6.1983021     -6.1964481      3.5934081     -8.2114477     -6.9497354     -5.7889740     -3.8719910     -5.9899848     -5.5525120     -6.2323923    -11.2310080     -1.8884840     -8.7228463     -9.0883220     -1.3083921     -3.0245280     -1.3800739     -3.1294284     -1.9306131      0.8097973     -0.4095562      5.5525196      5.3957934      9.5646009      9.7072754      8.4316315      2.0364864      3.6046364      2.5102023      2.4099030      3.0112979      4.0804176      5.1756589      5.0470766      4.2329338      3.7396667     -9.0566499    -11.9802098     -4.4742207 
   234.0000000       -0.3058590     -6.2081339     -6.2078575      3.5861888     -8.2223910     -6.9576457     -5.8009445     -3.8835617     -5.9983709     -5.5652780     -6.2428464    -11.2411749     -1.8981246     -8.7347554     -9.0982779     -1.3161686     -3.0423325     -1.3889227     -3.1446000     -1.9429295      0.7983625     -0.4185969      5.5427318      5.3879230      9.5573672      9.7000117      8.4240853      2.0248132      3.5959774      2.5014429      2.4022946      3.0027086      4.0715919      5.1663881      5.0381456      4.2237162      3.7306060     -9.0682011    -11.9922123     -4.4827495 
   234.5000000       -0.3159505     -6.2179657     -6.2192669      3.5789695     -8.2333344     -6.9655560     -5.8129149     -3.8951323     -6.0067570     -5.5780440     -6.2533005    -11.2513418     -1.9077652     -8.7466644     -9.1082339     -1.3239450     -3.0601370     -1.3977714     -3.1597716     -1.9552458      0.7869278     -0.4276376      5.5329440      5.3800527      9.5501336      9.6927480      8.4165390      2.0131401      3.5873185      2.4926836      2.3946862      2.9941192      4.0627662      5.1571172      5.0292145      4.2144986      3.7215453     -9.0797522    -12.0042147     -4.4912782 
   235.0000000       -0.3260420     -6.2277976     -6.2306763      3.5717502     -8.2442778     -6.9734662     -5.8248854     -3.9067030     -6.0151431     -5.5908099     -6.2637546    -11.2615087     -1.9174058     -8.7585735     -9.1181898     -1.3317215     -3.0779415     -1.4066202     -3.1749432     -1.9675622      0.7754930     -0.4366783      5.5231562      5.3723944      9.5428999      9.6854844      8.4089928      2.0014669      3.5786595      2.4839242      2.3870778      2.9855299      4.0539405      5.1478463      5.0202835      4.2052810      3.7124846     -9.0913033    -12.0162172     -4.4998069 
   235.5000000       -0.3361335     -6.2376294     -6.2420857      3.5645309     -8.2552211     -6.9813765     -5.8368559     -3.9182737     -6.0235292     -5.6035759     -6.2742087    -11.2716756     -1.9270464     -8.7704825     -9.1281458     -1.3394980     -3.0957460     -1.4154690     -3.1901149     -1.9798785      0.7640583     -0.4457190      5.5133684      5.3651161      9.5356662      9.6782207      8.4014465      1.9897938      3.5700006      2.4751648      2.3794694      2.9769405      4.0451148      5.1385754      5.0113525      4.1960635      3.7034239     -9.1028545    -12.0282196     -4.5083357 
   236.0000000       -0.3462250     -6.2474612     -6.2534951      3.5573116     -8.2661645     -6.9892868     -5.8488263     -3.9298443     -6.0319153     -5.6163418     -6.2846628    -11.2818425     -1.9366869     -8.7823916     -9.1381017     -1.3472744     -3.1135505     -1.4243177     -3.2052865     -1.9921948      0.7526235     -0.4547598      5.5035806      5.3578378      9.5284325      9.6709570      8.3939003      1.9781206      3.5613417      2.4664054      2.3718610      2.9683512      4.0362891      5.1293046      5.0024215      4.1868459      3.6943632     -9.1144056    -12.0402221     -4.5168644 
   236.5000000       -0.3563165     -6.2572930     -6.2649046      3.5500923     -8.2771079     -6.9971971     -5.8607968     -3.9414150     -6.0403014     -5.6291078     -6.2951168    -11.2920094     -1.9463275     -8.7943006     -9.1480576     -1.3550509     -3.1313623     -1.4331665     -3.2204581     -2.0045112      0.7411888     -0.4638005      5.4937928      5.3505596      9.5211988      9.6636933      8.3863540      1.9664475      3.5526827      2.4576460      2.3642526      2.9597618      4.0274634      5.1200337      4.9934905      4.1776283      3.6853025     -9.1259567    -12.0522246     -4.5253931 
   237.0000000       -0.3664080     -6.2671248     -6.2763140      3.5428731     -8.2880513     -7.0051074     -5.8727672     -3.9529857     -6.0486874     -5.6418737     -6.3055709    -11.3021763     -1.9559681     -8.8062097     -9.1580136     -1.3628274     -3.1495299     -1.4420153     -3.2356297     -2.0168275      0.7297540     -0.4728412      5.4840051      5.3432813      9.5139651      9.6564297      8.3788077      1.9547743      3.5440238      2.4488866      2.3566442      2.9511725      4.0186376      5.1107628      4.9845594      4.1684107      3.6762418     -9.1375079    -12.0642270     -4.5339218 
   237.5000000       -0.3764995     -6.2769566     -6.2877234      3.5356538     -8.2989946     -7.0130177     -5.8847377     -3.9645564     -6.0570735     -5.6546397     -6.3160250    -11.3123432     -1.9656087     -8.8181187     -9.1679695     -1.3706038     -3.1676975     -1.4508641     -3.2508013     -2.0291438      0.7183193     -0.4818819      5.4742173      5.3360030      9.5067314      9.6491660      8.3712615      1.9431012      3.5353649      2.4401272      2.3490358      2.9425832      4.0098119      5.1014919      4.9756284      4.1591932      3.6671811     -9.1490590    -12.0762295     -4.5424506 
   238.0000000       -0.3865910     -6.2867884     -6.2991328      3.5284345     -8.3099380     -7.0209280     -5.8967082     -3.9761270     -6.0654596     -5.6674057     -6.3264791    -11.3225101     -1.9752493     -8.8300278     -9.1779255     -1.3783803     -3.1858651     -1.4597128     -3.2659729     -2.0414602      0.7068845     -0.4909226      5.4645944      5.3287247      9.4994977      9.6419023      8.3637152      1.9314280      3.5267059      2.4313679      2.3414274      2.9339938      4.0009862      5.0922211      4.9666974      4.1501201      3.6586017     -9.1606102    -12.0882319     -4.5509793 
   238.5000000       -0.3966825     -6.2966202     -6.3105422      3.5212152     -8.3208814     -7.0288383     -5.9086786     -3.9876977     -6.0738457     -5.6801716     -6.3369332    -11.3326770     -1.9848898     -8.8416746     -9.1878814     -1.3861567     -3.2040327     -1.4685616     -3.2811445     -2.0537765      0.6954498     -0.4999633      5.4550965      5.3214465      9.4922640      9.6346386      8.3561690      1.9197549      3.5180470      2.4226085      2.3338190      2.9254045      3.9921605      5.0830349      4.9577664      4.1412336      3.6501749     -9.1721613    -12.1002344     -4.5595080 
   239.0000000       -0.4067740     -6.3064520     -6.3219517      3.5139959     -8.3318248     -7.0367485     -5.9206491     -3.9992684     -6.0822318     -5.6929376     -6.3473872    -11.3428438     -1.9945304     -8.8502503     -9.1978374     -1.3939332     -3.2222004     -1.4774104     -3.2963162     -2.0660928      0.6840150     -0.5090040      5.4455985      5.3141682      9.4850304      9.6273750      8.3486227      1.9080817      3.5093880      2.4138491      2.3262106      2.9168151      3.9833348      5.0745119      4.9488354      4.1323470      3.6417481     -9.1837124    -12.1122368     -4.5680367 
   239.5000000       -0.4168655     -6.3162838     -6.3333611      3.5067766     -8.3427681     -7.0446588     -5.9326196     -4.0108390     -6.0906179     -5.7057035     -6.3578413    -11.3530107     -2.0041710     -8.8588259     -9.2077933     -1.4017097     -3.2403680     -1.4862591     -3.3114878     -2.0784092      0.6725803     -0.5180448      5.4361006      5.3068899      9.4777967      9.6201113      8.3410765      1.8964086      3.5007291      2.4050897      2.3186022      2.9082258      3.9745091      5.0659888      4.9399043      4.1234604      3.6333213     -9.1949892    -12.1242393     -4.5765655 
   240.0000000       -0.4269570     -6.3261156     -6.3447705      3.4995573     -8.3537115     -7.0525691     -5.9445900     -4.0224097     -6.0990040     -5.7184695     -6.3682954    -11.3631776     -2.0138116     -8.8674015     -9.2177493     -1.4094861     -3.2585356     -1.4951079     -3.3266594     -2.0907255      0.6611455     -0.5270855      5.4266026      5.2996117      9.4705630      9.6128476      8.3335302      1.8847354      3.4920702      2.3963303      2.3109938      2.8996364      3.9656834      5.0574658      4.9309733      4.1145739      3.6248945     -9.2059382    -12.1362417     -4.5850942 
   240.5000000       -0.4370485     -6.3359474     -6.3561799      3.4923380     -8.3646549     -7.0604794     -5.9565605     -4.0339804     -6.1073900     -5.7312354     -6.3787495    -11.3733445     -2.0234522     -8.8759772     -9.2277052     -1.4172626     -3.2767032     -1.5039567     -3.3418310     -2.1030418      0.6497108     -0.5361262      5.4171047      5.2923334      9.4633293      9.6055839      8.3259839      1.8730623      3.4834112      2.3875709      2.3033854      2.8910471      3.9568576      5.0489428      4.9220423      4.1056873      3.6164677     -9.2168872    -12.1482442     -4.5936229 
   241.0000000       -0.4471400     -6.3457792     -6.3675893      3.4851187     -8.3755983     -7.0683897     -5.9685310     -4.0455511     -6.1157761     -5.7440014     -6.3892036    -11.3835114     -2.0330927     -8.8845528     -9.2376611     -1.4250390     -3.2948708     -1.5128055     -3.3570026     -2.1153582      0.6382760     -0.5451669      5.4076067      5.2850551      9.4560956      9.5983203      8.3184377      1.8613891      3.4747523      2.3788115      2.2957770      2.8829196      3.9480319      5.0404198      4.9131113      4.0968008      3.6080409     -9.2278362    -12.1602466     -4.6021516 
   241.5000000       -0.4572315     -6.3556110     -6.3789987      3.4778995     -8.3865416     -7.0763000     -5.9805014     -4.0571217     -6.1241622     -5.7567674     -6.3996576    -11.3936783     -2.0427333     -8.8931285     -9.2476171     -1.4328155     -3.3130384     -1.5216542     -3.3721742     -2.1276745      0.6268413     -0.5542076      5.3981088      5.2777768      9.4488619      9.5910566      8.3108914      1.8497160      3.4660934      2.3700522      2.2881686      2.8748563      3.9393004      5.0318968      4.9041802      4.0879142      3.5996141     -9.2387851    -12.1722491     -4.6106804 
   242.0000000       -0.4673230     -6.3654428     -6.3904082      3.4706802     -8.3974850     -7.0842103     -5.9924719     -4.0686924     -6.1325483     -5.7695333     -6.4101117    -11.4038452     -2.0523739     -8.9017041     -9.2575730     -1.4405920     -3.3312060     -1.5305086     -3.3873458     -2.1399909      0.6154065     -0.5632483      5.3886108      5.2704986      9.4416282      9.5837929      8.3033452      1.8380428      3.4574344      2.3612928      2.2805602      2.8667930      3.9309382      5.0233738      4.8952492      4.0790277      3.5911873     -9.2497341    -12.1842516     -4.6192091 
   242.5000000       -0.4774145     -6.3752746     -6.4018176      3.4634609     -8.4084284     -7.0921206     -6.0044424     -4.0802631     -6.1409344     -5.7822993     -6.4205658    -11.4140121     -2.0620145     -8.9102798     -9.2675290     -1.4483684     -3.3493736     -1.5393640     -3.4025175     -2.1523072      0.6039718     -0.5722890      5.3791129      5.2632203      9.4343945      9.5765292      8.2957989      1.8263696      3.4487755      2.3525334      2.2729518      2.8587297      3.9225760      5.0148508      4.8863182      4.0701411      3.5827605     -9.2606831    -12.1962540     -4.6277378 
   243.0000000       -0.4875060     -6.3851064     -6.4132270      3.4562416     -8.4193717     -7.1000308     -6.0164128     -4.0918337     -6.1493205     -5.7950652     -6.4310199    -11.4241790     -2.0716551     -8.9188554     -9.2774849     -1.4561449     -3.3675413     -1.5482194     -3.4176891     -2.1646235      0.5925370     -0.5813297      5.3696149      5.2559420      9.4271608      9.5692656      8.2882527      1.8146965      3.4401166      2.3440239      2.2653434      2.8506663      3.9142138      5.0063278      4.8773872      4.0612545      3.5743337     -9.2716321    -12.2082565     -4.6362665 
   243.5000000       -0.4975975     -6.3949382     -6.4246364      3.4490223     -8.4303151     -7.1079411     -6.0283833     -4.1034044     -6.1577066     -5.8078312     -6.4414740    -11.4343459     -2.0812956     -8.9274310     -9.2874409     -1.4639213     -3.3857089     -1.5570748     -3.4328607     -2.1769399      0.5811023     -0.5903705      5.3601170      5.2486638      9.4199272      9.5620019      8.2807064      1.8030233      3.4314576      2.3359430      2.2577350      2.8426030      3.9058515      4.9978047      4.8684562      4.0523680      3.5659070     -9.2825811    -12.2202589     -4.6447953 
   244.0000000       -0.5076890     -6.4047700     -6.4360458      3.4420650     -8.4412585     -7.1158514     -6.0403537     -4.1149751     -6.1660926     -5.8205972     -6.4519281    -11.4445128     -2.0909362     -8.9360067     -9.2973968     -1.4716978     -3.4038765     -1.5659302     -3.4480323     -2.1892562      0.5696675     -0.5994112      5.3506190      5.2413855      9.4126935      9.5547382      8.2731602      1.7913502      3.4227987      2.3278622      2.2501266      2.8345397      3.8974893      4.9892817      4.8595251      4.0434814      3.5574802     -9.2935301    -12.2322614     -4.6533240 
   244.5000000       -0.5177805     -6.4146018     -6.4474552      3.4351085     -8.4522019     -7.1237617     -6.0523242     -4.1265457     -6.1744787     -5.8333631     -6.4623821    -11.4546797     -2.1005768     -8.9445823     -9.3073528     -1.4794743     -3.4220441     -1.5747856     -3.4632039     -2.2015725      0.5582328     -0.6084519      5.3411211      5.2341072      9.4054598      9.5474745      8.2656139      1.7796770      3.4141397      2.3197813      2.2425182      2.8264764      3.8891271      4.9807587      4.8505941      4.0345949      3.5490534     -9.3044791    -12.2442638     -4.6618527 
   245.0000000       -0.5278720     -6.4244336     -6.4588647      3.4281520     -8.4631452     -7.1310781     -6.0642947     -4.1381164     -6.1828648     -5.8461291     -6.4728362    -11.4648466     -2.1102174     -8.9531580     -9.3173035     -1.4872507     -3.4402117     -1.5836410     -3.4783755     -2.2138889      0.5469849     -0.6174926      5.3316231      5.2268289      9.3982261      9.5402109      8.2580676      1.7680039      3.4054808      2.3117004      2.2349098      2.8184130      3.8807649      4.9722357      4.8416631      4.0257083      3.5406266     -9.3154281    -12.2562663     -4.6703814 
   245.5000000       -0.5379635     -6.4342654     -6.4702741      3.4211955     -8.4740886     -7.1381601     -6.0797492     -4.1496871     -6.1912509     -5.8588950     -6.4832903    -11.4750135     -2.1198580     -8.9617336     -9.3272474     -1.4950272     -3.4583793     -1.5924964     -3.4935471     -2.2262052      0.5360587     -0.6265333      5.3221252      5.2195507      9.3909924      9.5329472      8.2505214      1.7567123      3.3969127      2.3036196      2.2273014      2.8103497      3.8724027      4.9637127      4.8327321      4.0168217      3.5321998     -9.3263771    -12.2682687     -4.6789102 
   246.0000000       -0.5480550     -6.4440972     -6.4816835      3.4142391     -8.4850320     -7.1452421     -6.0954218     -4.1612578     -6.1996370     -5.8716610     -6.4937444    -11.4851804     -2.1294985     -8.9703093     -9.3371914     -1.5028036     -3.4765469     -1.6013518     -3.5087188     -2.2385215      0.5251324     -0.6355740      5.3126272      5.2122724      9.3837587      9.5256835      8.2429751      1.7459930      3.3886148      2.2955387      2.2196930      2.8022864      3.8640404      4.9551897      4.8238011      4.0079352      3.5237730     -9.3373261    -12.2802712     -4.6874389 
   246.5000000       -0.5581465     -6.4539291     -6.4930929      3.4072826     -8.4959754     -7.1523242     -6.1110944     -4.1728284     -6.2080231     -5.8844269     -6.5041985    -11.4953473     -2.1391391     -8.9788849     -9.3471353     -1.5105801     -3.4947145     -1.6102072     -3.5238904     -2.2508379      0.5142062     -0.6446147      5.3031293      5.2049941      9.3765250      9.5184198      8.2354289      1.7352737      3.3803169      2.2874578      2.2120846      2.7942231      3.8556782      4.9466667      4.8148700      3.9990486      3.5153462     -9.3482751    -12.2922736     -4.6959676 
   247.0000000       -0.5682380     -6.4637609     -6.5045023      3.4003261     -8.5069187     -7.1594062     -6.1267671     -4.1843991     -6.2164092     -5.8971929     -6.5146525    -11.5055142     -2.1487797     -8.9874605     -9.3570792     -1.5183566     -3.5128821     -1.6190626     -3.5390620     -2.2631542      0.5032800     -0.6536554      5.2936313      5.1977159      9.3692913      9.5111562      8.2278826      1.7245544      3.3720190      2.2793770      2.2044762      2.7861597      3.8473160      4.9381436      4.8059390      3.9901621      3.5069194     -9.3592241    -12.3042761     -4.7044964 
   247.5000000       -0.5783296     -6.4735927     -6.5159117      3.3933696     -8.5178621     -7.1664882     -6.1424397     -4.1959698     -6.2243508     -5.9099589     -6.5251066    -11.5156811     -2.1584203     -8.9960362     -9.3670231     -1.5261330     -3.5310498     -1.6279180     -3.5542336     -2.2754706      0.4923537     -0.6626962      5.2841334      5.1904376      9.3620576      9.5038925      8.2203364      1.7138351      3.3637211      2.2712961      2.1968678      2.7780964      3.8389538      4.9296206      4.7970080      3.9812755      3.4984926     -9.3701731    -12.3162786     -4.7130251 
   248.0000000       -0.5884211     -6.4834245     -6.5273212      3.3864131     -8.5288055     -7.1735702     -6.1581124     -4.2075404     -6.2314037     -5.9227248     -6.5355607    -11.5258480     -2.1680609     -9.0046118     -9.3769671     -1.5339095     -3.5492174     -1.6367734     -3.5694052     -2.2877869      0.4814275     -0.6717369      5.2746354      5.1831593      9.3548240      9.4966288      8.2127901      1.7031158      3.3554232      2.2632153      2.1892594      2.7700331      3.8305915      4.9210976      4.7880770      3.9723890      3.4900658     -9.3811221    -12.3282810     -4.7215538 
   248.5000000       -0.5985126     -6.4932563     -6.5387306      3.3794566     -8.5397488     -7.1806522     -6.1737850     -4.2191111     -6.2384566     -5.9354908     -6.5460148    -11.5360149     -2.1777014     -9.0131875     -9.3869110     -1.5416859     -3.5673850     -1.6456288     -3.5845768     -2.3001032      0.4705013     -0.6807776      5.2651375      5.1758810      9.3475903      9.4893651      8.2052438      1.6923965      3.3471253      2.2551344      2.1816510      2.7619698      3.8222293      4.9125746      4.7791459      3.9635024      3.4816390     -9.3920711    -12.3402835     -4.7300825 
   249.0000000       -0.6086041     -6.5030881     -6.5501400      3.3725002     -8.5506922     -7.1877342     -6.1894576     -4.2306818     -6.2455094     -5.9482199     -6.5564689    -11.5461818     -2.1873303     -9.0217631     -9.3968549     -1.5494624     -3.5855526     -1.6544842     -3.5997484     -2.3124196      0.4595750     -0.6898183      5.2556395      5.1686028      9.3403566      9.4826250      8.1976976      1.6816772      3.3388274      2.2470535      2.1740426      2.7539064      3.8138671      4.9040516      4.7702149      3.9546158      3.4732122     -9.4030201    -12.3522859     -4.7386113 
   249.5000000       -0.6186956     -6.5129199     -6.5615494      3.3655437     -8.5616356     -7.1948163     -6.2051303     -4.2422525     -6.2525623     -5.9591518     -6.5669230    -11.5569686     -2.1966412     -9.0303388     -9.4067988     -1.5572389     -3.6037202     -1.6633396     -3.6149201     -2.3247359      0.4486488     -0.6988590      5.2461416      5.1613245      9.3331229      9.4759126      8.1901513      1.6709579      3.3305295      2.2389727      2.1664342      2.7458431      3.8055049      4.8955286      4.7618122      3.9457293      3.4647854     -9.4139690    -12.3642884     -4.7471400 
   250.0000000       -0.6287871     -6.5227517     -6.5729588      3.3585872     -8.5725790     -7.2018983     -6.2208029     -4.2538231     -6.2596151     -5.9700837     -6.5773770    -11.5681282     -2.2059520     -9.0389144     -9.4167428     -1.5650153     -3.6218878     -1.6721950     -3.6300917     -2.3370522      0.4377225     -0.7073005      5.2366436      5.1540462      9.3258892      9.4692002      8.1826051      1.6602386      3.3222316      2.2308918      2.1588258      2.7377798      3.7971427      4.8870056      4.7534226      3.9368427      3.4563586     -9.4249180    -12.3762908     -4.7556687 
   250.5000000       -0.6388786     -6.5325835     -6.5843683      3.3516307     -8.5835223     -7.2089803     -6.2364755     -4.2653938     -6.2666680     -5.9810156     -6.5878311    -11.5792877     -2.2152629     -9.0474900     -9.4266867     -1.5727918     -3.6400554     -1.6810504     -3.6452633     -2.3493686      0.4267963     -0.7154230      5.2271456      5.1467680      9.3186555      9.4624877      8.1750588      1.6495193      3.3139337      2.2228109      2.1512174      2.7297164      3.7887804      4.8784826      4.7450329      3.9279562      3.4479318     -9.4358670    -12.3882933     -4.7641974 
   251.0000000       -0.6489701     -6.5424153     -6.5957777      3.3446742     -8.5944657     -7.2160623     -6.2521482     -4.2769645     -6.2737208     -5.9919475     -6.5982852    -11.5904473     -2.2245737     -9.0560657     -9.4366306     -1.5805682     -3.6582230     -1.6899058     -3.6577385     -2.3616849      0.4158701     -0.7235456      5.2176477      5.1394897      9.3114218      9.4557753      8.1675126      1.6388000      3.3056358      2.2147301      2.1436090      2.7216531      3.7804182      4.8699595      4.7366433      3.9190696      3.4395050     -9.4468160    -12.4002957     -4.7727262 
   251.5000000       -0.6590616     -6.5522471     -6.6071871      3.3377177     -8.6054091     -7.2231443     -6.2678208     -4.2885351     -6.2807737     -6.0028795     -6.6087393    -11.6016069     -2.2338846     -9.0646413     -9.4465746     -1.5883447     -3.6763907     -1.6987612     -3.6698652     -2.3717644      0.4049438     -0.7316681      5.2081497      5.1322114      9.3041881      9.4490629      8.1599663      1.6280807      3.2973380      2.2066492      2.1360006      2.7135898      3.7720560      4.8614365      4.7282536      3.9101830      3.4310782     -9.4577650    -12.4122982     -4.7812549 
   252.0000000       -0.6691531     -6.5617537     -6.6185965      3.3307613     -8.6163525     -7.2302264     -6.2834935     -4.3001058     -6.2878266     -6.0138114     -6.6191934    -11.6127665     -2.2431954     -9.0732170     -9.4565185     -1.5961212     -3.6945583     -1.7076166     -3.6819919     -2.3794900      0.3940176     -0.7397906      5.1986518      5.1249331      9.2969544      9.4423505      8.1524201      1.6173614      3.2890401      2.1985683      2.1283922      2.7055265      3.7636938      4.8529135      4.7198640      3.9012965      3.4226514     -9.4687140    -12.4243007     -4.7897836 
   252.5000000       -0.6792446     -6.5711338     -6.6300059      3.3238048     -8.6272958     -7.2373084     -6.2991661     -4.3116765     -6.2948794     -6.0247433     -6.6296474    -11.6239261     -2.2525063     -9.0817926     -9.4664624     -1.6038976     -3.7127259     -1.7164720     -3.6941186     -2.3872156      0.3830914     -0.7479131      5.1891538      5.1176549      9.2897208      9.4356380      8.1448738      1.6066421      3.2807422      2.1904875      2.1207838      2.6974631      3.7553315      4.8443905      4.7114743      3.8924099      3.4142246     -9.4796630    -12.4363031     -4.7983123 
   253.0000000       -0.6893361     -6.5805139     -6.6414153      3.3168483     -8.6382392     -7.2443904     -6.3148387     -4.3232472     -6.3019323     -6.0356752     -6.6401015    -11.6350857     -2.2618171     -9.0903683     -9.4764063     -1.6116741     -3.7308935     -1.7253274     -3.7062453     -2.3949412      0.3721651     -0.7560356      5.1796559      5.1103766      9.2824871      9.4289256      8.1373275      1.5959228      3.2724443      2.1824066      2.1131754      2.6893998      3.7469693      4.8358675      4.7030847      3.8835234      3.4057978     -9.4906120    -12.4483056     -4.8068411 
   253.5000000       -0.6994276     -6.5898940     -6.6528248      3.3098918     -8.6489545     -7.2514724     -6.3305114     -4.3348178     -6.3089851     -6.0466072     -6.6505556    -11.6462453     -2.2711279     -9.0989439     -9.4863503     -1.6194505     -3.7490611     -1.7341828     -3.7183720     -2.4026668      0.3612389     -0.7641581      5.1701579      5.1030983      9.2752534      9.4222132      8.1297813      1.5852035      3.2641464      2.1743258      2.1055670      2.6813365      3.7386071      4.8273445      4.6946950      3.8746368      3.3973710     -9.5015610    -12.4603080     -4.8153698 
   254.0000000       -0.7095191     -6.5992741     -6.6642342      3.3029353     -8.6577875     -7.2585544     -6.3461840     -4.3463885     -6.3160380     -6.0575391     -6.6597042    -11.6574049     -2.2804388     -9.1075196     -9.4962942     -1.6272270     -3.7672287     -1.7430382     -3.7304987     -2.4103924      0.3503127     -0.7722806      5.1606600      5.0958201      9.2680197      9.4155008      8.1222350      1.5744842      3.2558485      2.1662449      2.0979586      2.6732732      3.7302449      4.8188215      4.6863054      3.8657502      3.3889442     -9.5125100    -12.4723105     -4.8238985 
   254.5000000       -0.7196106     -6.6086542     -6.6756436      3.2959788     -8.6666204     -7.2656365     -6.3618567     -4.3579592     -6.3230909     -6.0684710     -6.6684544    -11.6685644     -2.2897496     -9.1160952     -9.5062381     -1.6350035     -3.7853963     -1.7518936     -3.7426254     -2.4181180      0.3393864     -0.7804032      5.1511620      5.0885418      9.2607860      9.4087883      8.1146888      1.5637649      3.2475506      2.1581640      2.0903502      2.6652098      3.7218827      4.8102985      4.6779157      3.8568637      3.3805174     -9.5234590    -12.4843129     -4.8324272 
   255.0000000       -0.7297021     -6.6180343     -6.6870530      3.2890224     -8.6754534     -7.2727185     -6.3775293     -4.3695298     -6.3301437     -6.0794029     -6.6772046    -11.6797240     -2.2990605     -9.1246708     -9.5161820     -1.6427799     -3.8035639     -1.7607490     -3.7547521     -2.4258436      0.3284602     -0.7885257      5.1416641      5.0812635      9.2535523      9.4020759      8.1071425      1.5530456      3.2392527      2.1500832      2.0827418      2.6571465      3.7135204      4.8017754      4.6695261      3.8479771      3.3720906     -9.5344080    -12.4979743     -4.8409560 
   255.5000000       -0.7397936     -6.6274144     -6.6984624      3.2820659     -8.6842863     -7.2798005     -6.3932019     -4.3811005     -6.3371966     -6.0903348     -6.6859548    -11.6908836     -2.3083713     -9.1332465     -9.5261260     -1.6505564     -3.8217315     -1.7696044     -3.7668788     -2.4335692      0.3175339     -0.7966482      5.1321661      5.0739852      9.2463186      9.3953635      8.0998321      1.5423263      3.2309548      2.1420023      2.0751334      2.6490832      3.7051582      4.7932524      4.6611364      3.8390906      3.3636638     -9.5453570    -12.5145908     -4.8494847 
   256.0000000       -0.7498851     -6.6367945     -6.7082082      3.2751094     -8.6931193     -7.2868825     -6.4088746     -4.3926712     -6.3442494     -6.1012668     -6.6947049    -11.7020432     -2.3176822     -9.1418221     -9.5360699     -1.6583329     -3.8398992     -1.7784598     -3.7790055     -2.4412948      0.3066077     -0.8047707      5.1226682      5.0667070      9.2390849      9.3886511      8.0928088      1.5316070      3.2226569      2.1339214      2.0675250      2.6410199      3.6967960      4.7847294      4.6527468      3.8302040      3.3552370     -9.5563060    -12.5312072     -4.8580134 
   256.5000000       -0.7596755     -6.6461746     -6.7176948      3.2681529     -8.7019522     -7.2939645     -6.4245472     -4.4042419     -6.3513023     -6.1121987     -6.7034551    -11.7132028     -2.3269930     -9.1503978     -9.5460138     -1.6661093     -3.8580668     -1.7873151     -3.7911322     -2.4490204      0.2956815     -0.8128932      5.1131702      5.0594287      9.2318512      9.3819386      8.0857855      1.5208877      3.2143590      2.1258406      2.0599166      2.6329565      3.6884338      4.7762064      4.6443571      3.8213175      3.3468102     -9.5672550    -12.5478237     -4.8665421 
   257.0000000       -0.7694286     -6.6555546     -6.7271814      3.2611964     -8.7107852     -7.3010466     -6.4402198     -4.4158125     -6.3583551     -6.1231306     -6.7122053    -11.7243624     -2.3363039     -9.1589734     -9.5559577     -1.6738858     -3.8762344     -1.7961705     -3.8032589     -2.4567460      0.2847552     -0.8210157      5.1036723      5.0521504      9.2246176      9.3752262      8.0787622      1.5101684      3.2060611      2.1177597      2.0523916      2.6248932      3.6800716      4.7676834      4.6359675      3.8124309      3.3383834     -9.5782039    -12.5644401     -4.8750709 
   257.5000000       -0.7791816     -6.6649347     -6.7366681      3.2542399     -8.7196181     -7.3081286     -6.4558925     -4.4273832     -6.3654080     -6.1340625     -6.7209555    -11.7355220     -2.3456147     -9.1675491     -9.5659017     -1.6816622     -3.8944020     -1.8050259     -3.8153856     -2.4644716      0.2738290     -0.8291383      5.0941743      5.0448722      9.2173839      9.3685138      8.0717389      1.4994491      3.1977632      2.1096788      2.0451583      2.6168299      3.6717093      4.7591604      4.6275778      3.8035443      3.3299566     -9.5891529    -12.5810566     -4.8835996 
   258.0000000       -0.7889346     -6.6743148     -6.7461547      3.2472835     -8.7284511     -7.3152106     -6.4715651     -4.4389539     -6.3724609     -6.1449945     -6.7297057    -11.7466816     -2.3549256     -9.1761247     -9.5758456     -1.6894387     -3.9125696     -1.8138813     -3.8275122     -2.4721972      0.2629028     -0.8372608      5.0846764      5.0375939      9.2101502      9.3618014      8.0647155      1.4887298      3.1894653      2.1015980      2.0379249      2.6087666      3.6633471      4.7506374      4.6191882      3.7946578      3.3215298     -9.6001019    -12.5976730     -4.8921283 
   258.5000000       -0.7986877     -6.6836949     -6.7556413      3.2403270     -8.7372840     -7.3222926     -6.4872378     -4.4505245     -6.3795137     -6.1559264     -6.7384559    -11.7578411     -2.3642364     -9.1847003     -9.5857895     -1.6972152     -3.9307372     -1.8227367     -3.8396389     -2.4799228      0.2519765     -0.8453833      5.0751784      5.0303156      9.2029165      9.3550889      8.0576922      1.4780105      3.1811674      2.0935171      2.0306915      2.6007032      3.6549849      4.7421144      4.6107985      3.7857712      3.3131031     -9.6110509    -12.6142895     -4.9006571 
   259.0000000       -0.8084407     -6.6930750     -6.7651280      3.2333705     -8.7461169     -7.3293746     -6.5029104     -4.4620952     -6.3865666     -6.1668583     -6.7472060    -11.7690007     -2.3735473     -9.1932760     -9.5957335     -1.7049916     -3.9489048     -1.8315921     -3.8517656     -2.4876484      0.2410503     -0.8535058      5.0656805      5.0230373      9.1956828      9.3483765      8.0506689      1.4672912      3.1728695      2.0854363      2.0234582      2.5926399      3.6466227      4.7335913      4.6024089      3.7768847      3.3046763     -9.6219999    -12.6309060     -4.9091858 
   259.5000000       -0.8181937     -6.7024551     -6.7746146      3.2264140     -8.7549499     -7.3364567     -6.5185830     -4.4736659     -6.3936194     -6.1777902     -6.7559562    -11.7801603     -2.3828581     -9.2018516     -9.6056774     -1.7127681     -3.9670724     -1.8404475     -3.8638923     -2.4953740      0.2301241     -0.8616283      5.0561825      5.0157591      9.1884491      9.3416641      8.0436456      1.4565719      3.1645716      2.0773554      2.0162248      2.5845766      3.6382604      4.7250683      4.5940193      3.7679981      3.2962495     -9.6329489    -12.6475224     -4.9177145 
   260.0000000       -0.8279467     -6.7118352     -6.7841012      3.2194575     -8.7637828     -7.3435387     -6.5342557     -4.4844275     -6.4006723     -6.1887222     -6.7647064    -11.7913199     -2.3921690     -9.2104273     -9.6156213     -1.7205445     -3.9852400     -1.8493029     -3.8760190     -2.5030996      0.2191978     -0.8697508      5.0466846      5.0084808      9.1812154      9.3349517      8.0366223      1.4458526      3.1562737      2.0692745      2.0089914      2.5765133      3.6298982      4.7165453      4.5856296      3.7591115      3.2878227     -9.6438979    -12.6641389     -4.9262432 
   260.5000000       -0.8376998     -6.7212153     -6.7935879      3.2125010     -8.7726158     -7.3506207     -6.5499283     -4.4942104     -6.4077251     -6.1996541     -6.7734566    -11.8024795     -2.4014798     -9.2190029     -9.6255652     -1.7283210     -4.0034077     -1.8581583     -3.8881457     -2.5108252      0.2082716     -0.8778733      5.0371866      5.0012025      9.1739817      9.3282393      8.0295989      1.4351333      3.1479758      2.0611937      2.0017581      2.5684499      3.6215360      4.7080223      4.5772400      3.7502250      3.2793959     -9.6548469    -12.6807553     -4.9347720 
   261.0000000       -0.8474528     -6.7305954     -6.8030745      3.2055445     -8.7814487     -7.3577027     -6.5656009     -4.5039933     -6.4147780     -6.2105860     -6.7822068    -11.8136391     -2.4107907     -9.2275786     -9.6355092     -1.7360975     -4.0215753     -1.8670137     -3.9002724     -2.5185508      0.1973454     -0.8859959      5.0276887      4.9939243      9.1667480      9.3215268      8.0225756      1.4244140      3.1396780      2.0531128      1.9945247      2.5603866      3.6131738      4.6994993      4.5688503      3.7413384      3.2709691     -9.6657959    -12.6973718     -4.9433007 
   261.5000000       -0.8572058     -6.7399755     -6.8125611      3.1985881     -8.7902817     -7.3647847     -6.5812736     -4.5137762     -6.4218309     -6.2215179     -6.7909570    -11.8247987     -2.4201015     -9.2361542     -9.6454531     -1.7438739     -4.0397429     -1.8758691     -3.9123991     -2.5262764      0.1864191     -0.8941184      5.0181907      4.9866460      9.1595144      9.3148144      8.0155523      1.4136947      3.1313801      2.0450319      1.9872913      2.5523233      3.6048116      4.6909763      4.5604607      3.7324519      3.2625423     -9.6767449    -12.7139883     -4.9518294 
   262.0000000       -0.8669589     -6.7493556     -6.8220478      3.1916316     -8.7991146     -7.3718668     -6.5969462     -4.5235592     -6.4288837     -6.2324498     -6.7997071    -11.8359583     -2.4294124     -9.2447298     -9.6553970     -1.7507229     -4.0579105     -1.8847245     -3.9245258     -2.5340020      0.1754929     -0.9022409      5.0086928      4.9793677      9.1522807      9.3081020      8.0085290      1.4029754      3.1230822      2.0369511      1.9800580      2.5442600      3.5964493      4.6824533      4.5520710      3.7235653      3.2541155     -9.6876939    -12.7306047     -4.9603581 
   262.5000000       -0.8767119     -6.7587357     -6.8315344      3.1846751     -8.8079476     -7.3789488     -6.6126189     -4.5333421     -6.4359366     -6.2433818     -6.8084573    -11.8471178     -2.4387232     -9.2533055     -9.6653409     -1.7575567     -4.0760781     -1.8935799     -3.9366525     -2.5417276      0.1645666     -0.9103634      4.9991948      4.9720894      9.1450470      9.3013896      8.0015057      1.3922561      3.1147843      2.0288702      1.9728246      2.5361966      3.5880871      4.6739303      4.5436814      3.7146788      3.2456887     -9.6986429    -12.7472212     -4.9688869 
   263.0000000       -0.8864649     -6.7681158     -6.8410210      3.1777186     -8.8167805     -7.3860308     -6.6282915     -4.5431250     -6.4429894     -6.2543137     -6.8172075    -11.8582774     -2.4480341     -9.2618811     -9.6752849     -1.7643904     -4.0942457     -1.9024353     -3.9487792     -2.5494532      0.1536404     -0.9184859      4.9896969      4.9648112      9.1378133      9.2946771      7.9944823      1.3815368      3.1064864      2.0207894      1.9655912      2.5281333      3.5797249      4.6654072      4.5352917      3.7057922      3.2372619     -9.7095919    -12.7638376     -4.9774156 
   263.5000000       -0.8962180     -6.7774959     -6.8505077      3.1707621     -8.8256135     -7.3931128     -6.6439641     -4.5529079     -6.4500423     -6.2652456     -6.8259577    -11.8694370     -2.4573449     -9.2704568     -9.6852288     -1.7712242     -4.1124133     -1.9112907     -3.9609059     -2.5571788      0.1427142     -0.9266084      4.9801989      4.9575329      9.1309942      9.2879647      7.9874590      1.3708175      3.0981885      2.0127085      1.9583579      2.5200700      3.5713627      4.6568842      4.5269021      3.6969056      3.2288351     -9.7205409    -12.7804541     -4.9859443 
   264.0000000       -0.9059710     -6.7868760     -6.8599943      3.1638056     -8.8344464     -7.4001948     -6.6596368     -4.5626909     -6.4570951     -6.2761775     -6.8347079    -11.8805966     -2.4666558     -9.2790324     -9.6951727     -1.7780579     -4.1305809     -1.9201461     -3.9730326     -2.5649044      0.1317879     -0.9347309      4.9707009      4.9502546      9.1243138      9.2812523      7.9804357      1.3600982      3.0898906      2.0046276      1.9511245      2.5120067      3.5630004      4.6483612      4.5185124      3.6880191      3.2204083     -9.7314899    -12.7970705     -4.9944730 
   264.5000000       -0.9157240     -6.7962561     -6.8694809      3.1568492     -8.8432794     -7.4072768     -6.6753094     -4.5724738     -6.4641480     -6.2871095     -6.8434581    -11.8917562     -2.4759666     -9.2876081     -9.7051167     -1.7848917     -4.1487486     -1.9290015     -3.9851593     -2.5726300      0.1208617     -0.9428535      4.9612030      4.9429764      9.1176334      9.2745399      7.9734124      1.3493789      3.0815927      1.9965468      1.9438912      2.5039433      3.5546382      4.6398382      4.5101228      3.6791325      3.2119815     -9.7424388    -12.8136870     -5.0030018 
   265.0000000       -0.9254771     -6.8056362     -6.8789676      3.1498927     -8.8521123     -7.4143589     -6.6907191     -4.5822567     -6.4712009     -6.2980414     -6.8522082    -11.9029158     -2.4852775     -9.2961837     -9.7150606     -1.7917254     -4.1669162     -1.9378569     -3.9972860     -2.5803556      0.1099355     -0.9509760      4.9517050      4.9356981      9.1109530      9.2678274      7.9663891      1.3386596      3.0732948      1.9884659      1.9366578      2.4958800      3.5462760      4.6313152      4.5017331      3.6702460      3.2035547     -9.7533878    -12.8303035     -5.0115305 
   265.5000000       -0.9352301     -6.8150163     -6.8884542      3.1429362     -8.8609453     -7.4214409     -6.7050101     -4.5920396     -6.4782537     -6.3089733     -6.8609584    -11.9140754     -2.4945883     -9.3047593     -9.7250045     -1.7985592     -4.1850838     -1.9467123     -4.0094127     -2.5880812      0.0990092     -0.9590985      4.9422071      4.9284198      9.1042726      9.2611150      7.9593657      1.3279404      3.0649969      1.9803850      1.9294244      2.4878167      3.5379138      4.6227922      4.4933435      3.6614878      3.1951279     -9.7643368    -12.8469199     -5.0200592 
   266.0000000       -0.9449831     -6.8243964     -6.8979408      3.1359797     -8.8697782     -7.4285229     -6.7193010     -4.6018226     -6.4853066     -6.3199052     -6.8697086    -11.9252350     -2.5038991     -9.3133350     -9.7349484     -1.8053929     -4.2032514     -1.9555677     -4.0215394     -2.5958069      0.0880830     -0.9672210      4.9327091      4.9211415      9.0975922      9.2544026      7.9523424      1.3172211      3.0566990      1.9723042      1.9221911      2.4797534      3.5295516      4.6142692      4.4849538      3.6530334      3.1867011     -9.7752858    -12.8635364     -5.0285879 
   266.5000000       -0.9547362     -6.8337765     -6.9074275      3.1290232     -8.8786112     -7.4356049     -6.7335919     -4.6116055     -6.4923594     -6.3308371     -6.8784588    -11.9363945     -2.5132100     -9.3219106     -9.7448924     -1.8122267     -4.2214190     -1.9644231     -4.0336660     -2.6035325      0.0771568     -0.9753435      4.9232112      4.9138633      9.0909118      9.2476902      7.9453191      1.3065018      3.0484011      1.9642233      1.9149577      2.4716900      3.5211893      4.6057461      4.4765642      3.6445791      3.1782743     -9.7862348    -12.8801528     -5.0371167 
   267.0000000       -0.9644892     -6.8431566     -6.9169141      3.1220667     -8.8874441     -7.4426869     -6.7478828     -4.6213884     -6.4994123     -6.3417691     -6.8872090    -11.9475541     -2.5225208     -9.3304863     -9.7548363     -1.8190604     -4.2395866     -1.9732785     -4.0457927     -2.6112581      0.0662305     -0.9834660      4.9137132      4.9065850      9.0842314      9.2409777      7.9382958      1.2957825      3.0401032      1.9561424      1.9077243      2.4636267      3.5128271      4.5972231      4.4681745      3.6361247      3.1698475     -9.7971838    -12.8967693     -5.0456454 
   267.0000000       -0.9644892     -6.8431566     -6.9169141      3.1220667     -8.8874441     -7.4426869     -6.7478828     -4.6213884     -6.4994123     -6.3417691     -6.8872090    -11.9475541     -2.5225208     -9.3304863     -9.7548363     -1.8190604     -4.2395866     -1.9732785     -4.0457927     -2.6112581      0.0662305     -0.9834660      4.9137132      4.9065850      9.0842314      9.2409777      7.9382958      1.2957825      3.0401032      1.9561424      1.9077243      2.4636267      3.5128271      4.5972231      4.4681745      3.6361247      3.1698475     -9.7971838    -12.8967693     -5.0456454 
   267.5000000       -0.9742422     -6.8525367     -6.9264007      3.1151103     -8.8962771     -7.4497690     -6.7621738     -4.6311713     -6.5064651     -6.3527010     -6.8959592    -11.9587137     -2.5318317     -9.3390619     -9.7647802     -1.8258942     -4.2577542     -1.9821339     -4.0579194     -2.6189837      0.0553043     -0.9915886      4.9060545      4.8993067      9.0775510      9.2342653      7.9312725      1.2850632      3.0318053      1.9480616      1.9004910      2.4555634      3.5044649      4.5887001      4.4597849      3.6276703      3.1621758     -9.8081328    -12.9133857     -5.0541741 
   268.0000000       -0.9839953     -6.8619168     -6.9358874      3.1081538     -8.9051100     -7.4568510     -6.7764647     -4.6409543     -6.5135180     -6.3636329     -6.9047093    -11.9698733     -2.5411425     -9.3476376     -9.7747241     -1.8327279     -4.2759218     -1.9909893     -4.0700461     -2.6267093      0.0443781     -0.9997111      4.9002075      4.8920285      9.0708706      9.2275529      7.9242492      1.2743439      3.0235074      1.9399807      1.8932576      2.4475001      3.4961027      4.5801771      4.4513952      3.6192159      3.1545884     -9.8190818    -12.9300022     -5.0627028 
   268.5000000       -0.9937483     -6.8712969     -6.9453740      3.1011973     -8.9139430     -7.4639330     -6.7907556     -4.6507372     -6.5205709     -6.3745648     -6.9134595    -11.9810329     -2.5504534     -9.3562132     -9.7846681     -1.8395617     -4.2940894     -1.9998447     -4.0821728     -2.6344349      0.0334518     -1.0078336      4.8943605      4.8847502      9.0641902      9.2208405      7.9172258      1.2636246      3.0152095      1.9318999      1.8860242      2.4394367      3.4877405      4.5716541      4.4430056      3.6107615      3.1470011     -9.8300308    -12.9466187     -5.0712316 
   269.0000000       -1.0035013     -6.8806770     -6.9548606      3.0942408     -8.9227759     -7.4710150     -6.8050466     -4.6605201     -6.5276237     -6.3854968     -6.9222097    -11.9921925     -2.5597642     -9.3647889     -9.7946120     -1.8463954     -4.3122571     -2.0087001     -4.0942995     -2.6421605      0.0225256     -1.0159561      4.8885135      4.8774719      9.0575098      9.2141280      7.9102025      1.2529053      3.0069116      1.9238190      1.8787909      2.4313734      3.4793782      4.5631311      4.4346159      3.6023072      3.1394138     -9.8409798    -12.9632351     -5.0797603 
   269.5000000       -1.0132544     -6.8900571     -6.9643473      3.0872843     -8.9316089     -7.4780970     -6.8193375     -4.6703030     -6.5346766     -6.3964287     -6.9309599    -12.0033521     -2.5690751     -9.3733645     -9.8045559     -1.8532292     -4.3304247     -2.0175555     -4.1064262     -2.6498861      0.0115993     -1.0240786      4.8826665      4.8701936      9.0508295      9.2074156      7.9031792      1.2421860      2.9986137      1.9157381      1.8715575      2.4233101      3.4710160      4.5546081      4.4262263      3.5938528      3.1318265     -9.8519288    -12.9798516     -5.0882890 
   270.0000000       -1.0230074     -6.8994372     -6.9738339      3.0803278     -8.9404418     -7.4851791     -6.8336284     -4.6800860     -6.5417294     -6.4073606     -6.9397101    -12.0145117     -2.5783859     -9.3819401     -9.8144998     -1.8600629     -4.3485923     -2.0264109     -4.1185529     -2.6576117      0.0006731     -1.0322011      4.8768195      4.8629124      9.0441491      9.2007032      7.8961559      1.2314667      2.9903158      1.9076573      1.8643241      2.4152467      3.4626538      4.5468517      4.4178366      3.5853984      3.1242392     -9.8656024    -12.9964680     -5.0968178 
   270.5000000       -1.0327604     -6.9088173     -6.9833205      3.0733714     -8.9492748     -7.4922611     -6.8479193     -4.6898689     -6.5487823     -6.4182925     -6.9484603    -12.0256712     -2.5876968     -9.3905158     -9.8244438     -1.8668967     -4.3667599     -2.0352663     -4.1306796     -2.6653373     -0.0102531     -1.0403236      4.8709725      4.8556305      9.0374687      9.1939908      7.8891326      1.2207474      2.9820179      1.8995764      1.8570908      2.4077421      3.4542916      4.5391541      4.4094470      3.5769440      3.1166518     -9.8816268    -13.0130845     -5.1053465 
   271.0000000       -1.0425134     -6.9181974     -6.9928072      3.0664149     -8.9581077     -7.4993431     -6.8622103     -4.6996518     -6.5558351     -6.4292245     -6.9572104    -12.0368308     -2.5970076     -9.3990914     -9.8343877     -1.8737304     -4.3849275     -2.0441217     -4.1428063     -2.6730629     -0.0211794     -1.0484462      4.8651256      4.8483486      9.0307883      9.1872783      7.8821092      1.2100281      2.9737201      1.8914955      1.8498574      2.4003397      3.4459293      4.5314566      4.4010573      3.5684896      3.1090645     -9.8976512    -13.0297009     -5.1138752 
   271.5000000       -1.0522665     -6.9275775     -7.0022938      3.0594584     -8.9669407     -7.5064251     -6.8765012     -4.7094347     -6.5628880     -6.4401564     -6.9659606    -12.0479904     -2.6063185     -9.4076671     -9.8443316     -1.8805642     -4.4030951     -2.0529771     -4.1549330     -2.6807885     -0.0321056     -1.0565687      4.8592786      4.8410667      9.0241079      9.1805659      7.8750859      1.1993088      2.9654222      1.8839094      1.8426240      2.3929373      3.4375671      4.5237591      4.3926677      3.5600353      3.1014772     -9.9136756    -13.0463174     -5.1224039 
   272.0000000       -1.0620195     -6.9369576     -7.0117804      3.0525019     -8.9757736     -7.5135071     -6.8907921     -4.7192177     -6.5699409     -6.4510883     -6.9747108    -12.0591500     -2.6156293     -9.4162427     -9.8542756     -1.8873979     -4.4212627     -2.0618325     -4.1670597     -2.6885141     -0.0423967     -1.0646912      4.8534316      4.8337849      9.0174275      9.1738535      7.8680626      1.1885895      2.9571243      1.8767005      1.8353907      2.3855349      3.4296923      4.5160615      4.3842780      3.5515809      3.0938899     -9.9297000    -13.0629339     -5.1309327 
   272.5000000       -1.0717725     -6.9463377     -7.0212671      3.0455454     -8.9846066     -7.5205892     -6.9050830     -4.7290006     -6.5769937     -6.4620202     -6.9834610    -12.0683277     -2.6249402     -9.4248184     -9.8642195     -1.8942317     -4.4394303     -2.0706879     -4.1791864     -2.6962397     -0.0523360     -1.0728137      4.8475846      4.8265030      9.0107471      9.1671411      7.8610393      1.1778702      2.9488264      1.8694916      1.8281573      2.3781325      3.4219300      4.5083640      4.3758884      3.5431265      3.0863026     -9.9457244    -13.0795503     -5.1394614 
   273.0000000       -1.0815256     -6.9557178     -7.0307537      3.0385889     -8.9934395     -7.5276712     -6.9193740     -4.7387835     -6.5840466     -6.4729521     -6.9922112    -12.0753217     -2.6342510     -9.4333940     -9.8741634     -1.9010654     -4.4575979     -2.0795433     -4.1913131     -2.7039653     -0.0622754     -1.0809362      4.8417376      4.8192211      9.0040667      9.1604286      7.8540160      1.1671509      2.9405285      1.8622826      1.8209239      2.3707301      3.4141676      4.5006665      4.3674987      3.5346721      3.0787152     -9.9617488    -13.0961668     -5.1479901 
   273.5000000       -1.0912786     -6.9650979     -7.0402403      3.0316324     -9.0022725     -7.5347532     -6.9336649     -4.7485664     -6.5910994     -6.4838841     -7.0009614    -12.0823158     -2.6435619     -9.4419696     -9.8841073     -1.9078992     -4.4757656     -2.0883987     -4.2034398     -2.7116909     -0.0722147     -1.0890587      4.8358906      4.8119392      8.9973863      9.1537162      7.8469926      1.1564316      2.9322306      1.8550737      1.8136906      2.3633277      3.4064053      4.4929690      4.3591091      3.5262177      3.0711279     -9.9777733    -13.1127832     -5.1565188 
   274.0000000       -1.1010316     -6.9744780     -7.0497270      3.0246760     -9.0111054     -7.5418352     -6.9479558     -4.7583493     -6.5981523     -6.4948160     -7.0097115    -12.0893098     -2.6528727     -9.4505453     -9.8940513     -1.9147329     -4.4939332     -2.0972541     -4.2155665     -2.7194165     -0.0821541     -1.0971812      4.8300436      4.8046574      8.9907059      9.1470038      7.8399693      1.1460153      2.9239327      1.8478647      1.8064572      2.3559253      3.3986429      4.4852714      4.3507194      3.5177634      3.0635406     -9.9937977    -13.1293997     -5.1650476 
   274.5000000       -1.1107847     -6.9838581     -7.0592136      3.0177195     -9.0199384     -7.5489172     -6.9622467     -4.7681323     -6.6052051     -6.5057479     -7.0184617    -12.0963038     -2.6621836     -9.4591209     -9.9039952     -1.9215667     -4.5121008     -2.1061095     -4.2276931     -2.7271421     -0.0920934     -1.1053038      4.8241966      4.7973755      8.9840255      9.1402914      7.8329460      1.1360534      2.9156348      1.8406558      1.7992238      2.3485229      3.3908805      4.4775739      4.3423298      3.5093090      3.0559533    -10.0098221    -13.1460161     -5.1735763 
   275.0000000       -1.1205377     -6.9932382     -7.0687002      3.0107630     -9.0287713     -7.5559993     -6.9765377     -4.7779152     -6.6122580     -6.5166798     -7.0272119    -12.1032979     -2.6714944     -9.4676966     -9.9139391     -1.9284004     -4.5302684     -2.1149649     -4.2398186     -2.7348677     -0.1020328     -1.1134263      4.8183496      4.7900936      8.9773451      9.1335789      7.8259227      1.1260916      2.9073369      1.8334469      1.7919905      2.3411205      3.3831182      4.4698764      4.3339401      3.5008546      3.0483660    -10.0258465    -13.1626326     -5.1821050 
   275.5000000       -1.1302907     -7.0026183     -7.0781869      3.0038065     -9.0376043     -7.5630813     -6.9908286     -4.7876981     -6.6193109     -6.5276118     -7.0359621    -12.1102919     -2.6808053     -9.4762722     -9.9238830     -1.9352341     -4.5484360     -2.1224165     -4.2519422     -2.7425933     -0.1119721     -1.1215488      4.8125026      4.7828118      8.9706647      9.1268665      7.8188994      1.1161298      2.8990390      1.8262379      1.7847571      2.3337181      3.3753558      4.4621788      4.3255505      3.4924002      3.0407787    -10.0418709    -13.1792491     -5.1906337 
   276.0000000       -1.1400438     -7.0119984     -7.0876735      2.9968500     -9.0464372     -7.5701633     -7.0051195     -4.7974810     -6.6263637     -6.5385437     -7.0447123    -12.1172860     -2.6901161     -9.4848479     -9.9338270     -1.9420679     -4.5666036     -2.1298626     -4.2640659     -2.7503189     -0.1219115     -1.1296713      4.8066556      4.7755299      8.9639843      9.1201541      7.8118760      1.1061679      2.8909798      1.8190290      1.7775237      2.3263156      3.3675934      4.4544813      4.3171608      3.4839458      3.0331913    -10.0578953    -13.1958655     -5.1991625 
   276.5000000       -1.1497968     -7.0213785     -7.0971601      2.9898935     -9.0552701     -7.5772453     -7.0194104     -4.8072640     -6.6334166     -6.5494756     -7.0534625    -12.1242800     -2.6994270     -9.4934235     -9.9437709     -1.9489016     -4.5847712     -2.1373087     -4.2761895     -2.7580445     -0.1318508     -1.1377938      4.8008086      4.7682480      8.9573039      9.1134417      7.8048527      1.0962061      2.8831468      1.8118201      1.7702904      2.3189132      3.3598311      4.4467838      4.3087712      3.4754915      3.0256040    -10.0739197    -13.2124820     -5.2076912 
   277.0000000       -1.1595498     -7.0307586     -7.1066468      2.9829371     -9.0641031     -7.5843273     -7.0337014     -4.8170469     -6.6404694     -6.5604075     -7.0622126    -12.1312741     -2.7087378     -9.5006667     -9.9537148     -1.9557354     -4.6029388     -2.1447548     -4.2883131     -2.7657701     -0.1417901     -1.1459163      4.7949616      4.7609661      8.9506235      9.1067293      7.7978294      1.0862443      2.8753139      1.8046111      1.7630570      2.3115108      3.3520687      4.4390863      4.3003815      3.4670371      3.0180167    -10.0899441    -13.2290984     -5.2162199 
   277.5000000       -1.1693029     -7.0401387     -7.1161334      2.9759806     -9.0729360     -7.5914093     -7.0479923     -4.8268298     -6.6475223     -6.5713395     -7.0709628    -12.1382681     -2.7180486     -9.5069565     -9.9636588     -1.9625691     -4.6211065     -2.1522009     -4.3004368     -2.7734957     -0.1517295     -1.1540388      4.7891147      4.7536843      8.9439431      9.1000168      7.7908061      1.0762824      2.8674810      1.7974022      1.7558236      2.3041084      3.3443063      4.4313887      4.2919919      3.4585827      3.0104294    -10.1059685    -13.2457149     -5.2247486 
   278.0000000       -1.1790559     -7.0495188     -7.1256200      2.9690241     -9.0817690     -7.5984914     -7.0622832     -4.8366127     -6.6545751     -6.5822714     -7.0797130    -12.1452621     -2.7273595     -9.5132464     -9.9736027     -1.9694029     -4.6392741     -2.1596470     -4.3125604     -2.7812213     -0.1616688     -1.1621614      4.7832677      4.7464024      8.9372627      9.0933044      7.7837828      1.0663206      2.8596481      1.7901932      1.7485903      2.2967060      3.3365440      4.4236912      4.2836022      3.4501283      3.0028421    -10.1219929    -13.2623314     -5.2332774 
   278.5000000       -1.1888089     -7.0588989     -7.1351067      2.9620676     -9.0906019     -7.6055734     -7.0765741     -4.8463957     -6.6616280     -6.5932033     -7.0884632    -12.1522562     -2.7366703     -9.5195362     -9.9835466     -1.9762366     -4.6574417     -2.1670931     -4.3246840     -2.7889469     -0.1716082     -1.1702839      4.7774207      4.7391205      8.9305823      9.0865920      7.7767595      1.0563588      2.8518152      1.7829843      1.7413569      2.2893036      3.3287816      4.4159937      4.2752126      3.4416739      2.9952547    -10.1380173    -13.2789478     -5.2418061 
   279.0000000       -1.1985620     -7.0682790     -7.1445933      2.9551111     -9.0994349     -7.6126554     -7.0908651     -4.8561786     -6.6686809     -6.6041352     -7.0972134    -12.1592502     -2.7459812     -9.5258261     -9.9934905     -1.9830704     -4.6756093     -2.1745391     -4.3368076     -2.7966725     -0.1815475     -1.1784064      4.7715737      4.7318386      8.9239019      9.0798796      7.7697361      1.0463969      2.8439823      1.7757754      1.7341235      2.2819012      3.3210193      4.4082962      4.2668229      3.4332195      2.9876674    -10.1540417    -13.2955643     -5.2503348 
   279.5000000       -1.2083150     -7.0776591     -7.1540799      2.9481546     -9.1082678     -7.6197374     -7.1051560     -4.8659615     -6.6757337     -6.6150671     -7.1059635    -12.1662443     -2.7552920     -9.5321159    -10.0034345     -1.9899041     -4.6937769     -2.1819852     -4.3489313     -2.8043981     -0.1914869     -1.1865289      4.7657267      4.7245568      8.9172215      9.0731671      7.7627128      1.0364351      2.8361494      1.7685664      1.7268902      2.2744988      3.3132569      4.4005986      4.2584333      3.4247652      2.9800801    -10.1700661    -13.3121807     -5.2588635 
   280.0000000       -1.2180680     -7.0870392     -7.1635666      2.9411982     -9.1171008     -7.6268194     -7.1194469     -4.8757444     -6.6827866     -6.6259991     -7.1147137    -12.1732383     -2.7646029     -9.5384058    -10.0133784     -1.9967379     -4.7119445     -2.1894313     -4.3610549     -2.8121237     -0.2014262     -1.1946514      4.7598797      4.7172749      8.9105412      9.0664547      7.7556895      1.0264733      2.8283165      1.7613575      1.7196568      2.2670964      3.3054945      4.3929011      4.2500436      3.4163108      2.9724928    -10.1860905    -13.3287972     -5.2673923 
   280.5000000       -1.2278210     -7.0964192     -7.1730532      2.9342417     -9.1259337     -7.6339015     -7.1337379     -4.8855274     -6.6898394     -6.6369310     -7.1234639    -12.1802324     -2.7737930     -9.5446956    -10.0233223     -2.0035716     -4.7301121     -2.1968774     -4.3731785     -2.8198493     -0.2113656     -1.2027739      4.7540327      4.7099930      8.9038608      9.0597423      7.7486662      1.0165115      2.8204836      1.7541486      1.7124234      2.2596940      3.2977322      4.3852036      4.2416540      3.4078564      2.9649055    -10.2021149    -13.3454136     -5.2759210 
   281.0000000       -1.2375741     -7.1057993     -7.1825398      2.9272852     -9.1347667     -7.6409835     -7.1480288     -4.8953103     -6.6968923     -6.6478629     -7.1322141    -12.1872264     -2.7825162     -9.5509855    -10.0334383     -2.0104054     -4.7482797     -2.2043235     -4.3853022     -2.8275749     -0.2213049     -1.2108965      4.7481857      4.7027112      8.8971804      9.0530299      7.7416429      1.0065496      2.8126506      1.7469396      1.7051901      2.2522916      3.2899698      4.3775060      4.2333300      3.3994020      2.9573181    -10.2181393    -13.3620301     -5.2844497 
   281.5000000       -1.2473271     -7.1151794     -7.1920264      2.9205576     -9.1435996     -7.6480655     -7.1623197     -4.9050932     -6.7039451     -6.6587948     -7.1409643    -12.1942204     -2.7912395     -9.5572754    -10.0441373     -2.0172391     -4.7664473     -2.2117696     -4.3974258     -2.8353005     -0.2312442     -1.2190190      4.7423387      4.6954293      8.8905000      9.0463174      7.7346195      0.9965878      2.8048177      1.7397307      1.6979567      2.2448891      3.2822074      4.3698085      4.2256898      3.3909476      2.9497308    -10.2341637    -13.3786466     -5.2929785 
   282.0000000       -1.2570801     -7.1245595     -7.2015131      2.9138399     -9.1524326     -7.6551475     -7.1766106     -4.9148761     -6.7109980     -6.6697268     -7.1497145    -12.2012145     -2.7999627     -9.5635652    -10.0548363     -2.0240729     -4.7846150     -2.2192157     -4.4095494     -2.8430261     -0.2411836     -1.2271415      4.7364917      4.6881474      8.8838196      9.0396050      7.7275962      0.9866260      2.7969848      1.7325217      1.6907233      2.2374867      3.2744451      4.3621110      4.2180495      3.3824933      2.9421435    -10.2501881    -13.3952630     -5.3015072 
   282.5000000       -1.2668332     -7.1339396     -7.2109997      2.9071221     -9.1612655     -7.6622295     -7.1909016     -4.9246591     -6.7180509     -6.6806587     -7.1584646    -12.2082085     -2.8086860     -9.5698551    -10.0655353     -2.0309066     -4.8027826     -2.2266617     -4.4216730     -2.8507517     -0.2511229     -1.2352640      4.7306447      4.6808655      8.8771392      9.0328926      7.7205729      0.9766641      2.7891519      1.7253128      1.6834900      2.2300843      3.2666827      4.3544135      4.2104092      3.3740389      2.9345562    -10.2662125    -13.4118795     -5.3100359 
   283.0000000       -1.2765862     -7.1433197     -7.2204863      2.9004043     -9.1700985     -7.6693116     -7.2051925     -4.9344420     -6.7251037     -6.6915906     -7.1672148    -12.2152026     -2.8174092     -9.5761449    -10.0762343     -2.0377404     -4.8209502     -2.2341078     -4.4337967     -2.8584773     -0.2610623     -1.2433865      4.7247977      4.6735837      8.8704588      9.0261802      7.7135496      0.9667023      2.7813190      1.7181039      1.6762566      2.2226819      3.2589204      4.3467159      4.2027690      3.3655845      2.9269689    -10.2822369    -13.4284959     -5.3185646 
   283.5000000       -1.2863392     -7.1526998     -7.2299730      2.8936865     -9.1789314     -7.6763936     -7.2194834     -4.9442249     -6.7321566     -6.7025225     -7.1759650    -12.2221966     -2.8261325     -9.5824348    -10.0869333     -2.0445741     -4.8391178     -2.2415539     -4.4459203     -2.8662030     -0.2710016     -1.2515090      4.7189507      4.6663018      8.8637784      9.0194677      7.7065263      0.9567405      2.7734861      1.7108949      1.6690233      2.2152795      3.2511580      4.3390184      4.1951287      3.3571301      2.9193815    -10.2982613    -13.4451124     -5.3270934 
   284.0000000       -1.2960923     -7.1620799     -7.2394596      2.8869688     -9.1877644     -7.6834756     -7.2337743     -4.9540078     -6.7392094     -6.7134544     -7.1847152    -12.2291907     -2.8348558     -9.5887246    -10.0976323     -2.0514079     -4.8572854     -2.2490000     -4.4580439     -2.8739286     -0.2809410     -1.2596315      4.7131038      4.6590199      8.8570980      9.0127553      7.6995029      0.9467786      2.7656532      1.7036860      1.6617899      2.2078771      3.2433956      4.3313209      4.1874884      3.3486757      2.9117942    -10.3142857    -13.4617288     -5.3356221 
   284.5000000       -1.3058453     -7.1714600     -7.2489462      2.8802510     -9.1965973     -7.6905576     -7.2480653     -4.9637908     -6.7462623     -6.7243864     -7.1934654    -12.2361847     -2.8435790     -9.5950145    -10.1083313     -2.0582416     -4.8754530     -2.2564461     -4.4701675     -2.8816542     -0.2908803     -1.2677541      4.7072568      4.6517380      8.8504176      9.0060429      7.6924796      0.9368168      2.7578203      1.6964771      1.6545565      2.2004747      3.2356333      4.3236234      4.1798482      3.3402214      2.9042069    -10.3303102    -13.4783453     -5.3441508 
   285.0000000       -1.3155983     -7.1808401     -7.2584329      2.8735332     -9.2054303     -7.6976396     -7.2623562     -4.9735737     -6.7533151     -6.7353183     -7.2022156    -12.2431787     -2.8523023     -9.6013043    -10.1190303     -2.0650754     -4.8936206     -2.2638922     -4.4822912     -2.8893798     -0.3008197     -1.2758766      4.7014098      4.6444562      8.8437372      8.9993305      7.6854563      0.9268550      2.7499873      1.6892681      1.6473232      2.1930723      3.2278709      4.3159258      4.1722079      3.3317670      2.8966196    -10.3463346    -13.4949618     -5.3526795 
   285.5000000       -1.3253514     -7.1902202     -7.2679195      2.8668154     -9.2142632     -7.7047217     -7.2766471     -4.9833566     -6.7603680     -6.7462502     -7.2109657    -12.2501728     -2.8610255     -9.6075942    -10.1297292     -2.0719091     -4.9117882     -2.2713383     -4.4944148     -2.8971054     -0.3107590     -1.2839991      4.6955628      4.6371743      8.8370568      8.9931034      7.6784330      0.9168931      2.7421544      1.6820592      1.6400898      2.1856699      3.2201085      4.3082283      4.1645676      3.3233126      2.8890323    -10.3623590    -13.5115470     -5.3612083 
   286.0000000       -1.3351044     -7.1996003     -7.2774061      2.8600977     -9.2230962     -7.7118037     -7.2909380     -4.9931395     -6.7674209     -6.7571821     -7.2197159    -12.2571668     -2.8697488     -9.6138840    -10.1404282     -2.0787429     -4.9264087     -2.2787844     -4.5065384     -2.9048310     -0.3206983     -1.2917922      4.6897158      4.6298924      8.8303764      8.9869964      7.6714097      0.9069313      2.7343215      1.6748502      1.6328564      2.1782675      3.2123462      4.3005308      4.1569274      3.3148582      2.8814449    -10.3783834    -13.5281143     -5.3697370 
   286.5000000       -1.3448574     -7.2089804     -7.2868928      2.8533799     -9.2319291     -7.7188857     -7.3052290     -5.0029225     -6.7744737     -6.7681141     -7.2283805    -12.2641609     -2.8784721     -9.6201739    -10.1511272     -2.0855766     -4.9381033     -2.2862304     -4.5186621     -2.9125566     -0.3306377     -1.2990577      4.6838688      4.6226106      8.8236960      8.9808894      7.6643863      0.8969695      2.7264886      1.6676413      1.6256231      2.1708651      3.2045838      4.2928332      4.1492871      3.3064038      2.8738576    -10.3944078    -13.5446816     -5.3782657 
   287.0000000       -1.3546105     -7.2183605     -7.2963794      2.8466621     -9.2407621     -7.7259677     -7.3195199     -5.0127054     -6.7815266     -6.7790460     -7.2355237    -12.2711549     -2.8871953     -9.6264638    -10.1618262     -2.0924104     -4.9497980     -2.2936765     -4.5307857     -2.9202822     -0.3405770     -1.3063232      4.6780218      4.6153287      8.8170156      8.9747824      7.6573630      0.8870076      2.7186557      1.6604324      1.6183897      2.1634626      3.1968214      4.2851357      4.1416469      3.2979495      2.8662703    -10.4104322    -13.5612490     -5.3867944 
   287.5000000       -1.3643635     -7.2277406     -7.3058660      2.8399443     -9.2495950     -7.7330497     -7.3338108     -5.0224883     -6.7885794     -6.7899779     -7.2426669    -12.2781489     -2.8959186     -9.6327536    -10.1725252     -2.0992441     -4.9614926     -2.3011226     -4.5429093     -2.9280078     -0.3505164     -1.3135887      4.6721748      4.6080468      8.8103352      8.9686754      7.6503397      0.8770458      2.7108228      1.6532234      1.6111563      2.1560602      3.1890591      4.2774382      4.1340066      3.2894951      2.8586830    -10.4264566    -13.5778163     -5.3953232 
   288.0000000       -1.3730223     -7.2371207     -7.3153527      2.8332266     -9.2584280     -7.7401318     -7.3481017     -5.0322712     -6.7956323     -6.8009098     -7.2498100    -12.2851430     -2.9046418     -9.6390435    -10.1832242     -2.1060778     -4.9731873     -2.3085687     -4.5550329     -2.9357334     -0.3604557     -1.3208542      4.6663278      4.6007649      8.8036548      8.9625684      7.6433164      0.8670840      2.7029899      1.6460145      1.6039230      2.1486578      3.1812967      4.2697407      4.1263663      3.2810407      2.8510957    -10.4424810    -13.5943837     -5.4038519 
   288.5000000       -1.3816047     -7.2465014     -7.3248393      2.8265088     -9.2672609     -7.7472138     -7.3623927     -5.0420542     -6.8026852     -6.8118418     -7.2569532    -12.2921370     -2.9133651     -9.6453333    -10.1939232     -2.1129116     -4.9848819     -2.3160148     -4.5671566     -2.9434590     -0.3703951     -1.3281197      4.6604808      4.5934831      8.7969744      8.9564614      7.6362931      0.8571221      2.6951570      1.6388056      1.5966896      2.1412554      3.1735344      4.2620431      4.1187261      3.2725863      2.8435083    -10.4585054    -13.6109510     -5.4123806 
   289.0000000       -1.3901871     -7.2558852     -7.3343259      2.8197910     -9.2760939     -7.7542958     -7.3766836     -5.0518371     -6.8097380     -6.8227737     -7.2640964    -12.2991311     -2.9220883     -9.6516232    -10.2046222     -2.1197453     -4.9965766     -2.3234609     -4.5792802     -2.9511846     -0.3803344     -1.3353852      4.6546338      4.5862012      8.7902940      8.9503543      7.6292697      0.8471603      2.6873241      1.6315966      1.5894562      2.1338530      3.1657720      4.2543456      4.1110858      3.2641319      2.8359210    -10.4745298    -13.6275184     -5.4209093 
   289.5000000       -1.3987695     -7.2652690     -7.3438124      2.8130732     -9.2849268     -7.7613778     -7.3909745     -5.0616200     -6.8167909     -6.8337056     -7.2712395    -12.3061251     -2.9308116     -9.6579130    -10.2153212     -2.1265791     -5.0082712     -2.3309070     -4.5914038     -2.9589102     -0.3902738     -1.3426507      4.6487868      4.5789193      8.7836136      8.9442473      7.6222464      0.8371985      2.6794911      1.6243877      1.5822229      2.1264506      3.1580096      4.2466481      4.1034455      3.2556776      2.8283337    -10.4905542    -13.6440857     -5.4294381 
   290.0000000       -1.4073519     -7.2746528     -7.3532976      2.8063555     -9.2937598     -7.7684598     -7.4052654     -5.0714029     -6.8238437     -6.8446375     -7.2783827    -12.3131192     -2.9395349     -9.6642029    -10.2260202     -2.1334128     -5.0199659     -2.3383530     -4.6035274     -2.9666562     -0.4002131     -1.3499162      4.6429398      4.5716375      8.7769332      8.9381403      7.6152231      0.8272366      2.6716582      1.6171787      1.5749895      2.1190482      3.1502473      4.2389506      4.0958053      3.2472232      2.8207464    -10.5065786    -13.6606531     -5.4379668 
   290.5000000       -1.4159343     -7.2840366     -7.3627827      2.7996377     -9.3025927     -7.7755418     -7.4195564     -5.0811859     -6.8308966     -6.8555694     -7.2855259    -12.3201132     -2.9482581     -9.6704927    -10.2367192     -2.1402466     -5.0316605     -2.3457991     -4.6156511     -2.9744783     -0.4101525     -1.3571817      4.6370929      4.5643556      8.7702528      8.9320333      7.6081998      0.8172748      2.6638253      1.6099698      1.5677561      2.1116458      3.1424849      4.2312530      4.0881650      3.2387688      2.8131591    -10.5226030    -13.6772204     -5.4464955 
   291.0000000       -1.4245167     -7.2934204     -7.3722678      2.7929199     -9.3114257     -7.7826239     -7.4338473     -5.0909688     -6.8379494     -6.8665014     -7.2926691    -12.3271072     -2.9569814     -9.6767826    -10.2474182     -2.1470803     -5.0433552     -2.3532452     -4.6277747     -2.9823003     -0.4200918     -1.3644471      4.6312459      4.5570737      8.7635725      8.9259263      7.6011765      0.8073130      2.6559924      1.6027609      1.5605228      2.1042434      3.1347225      4.2235555      4.0805247      3.2303144      2.8055717    -10.5386274    -13.6937878     -5.4550242 
   291.5000000       -1.4330991     -7.3028042     -7.3817529      2.7862022     -9.3202586     -7.7897059     -7.4481382     -5.1007517     -6.8450023     -6.8774333     -7.2998122    -12.3341013     -2.9657046     -9.6830725    -10.2581171     -2.1539141     -5.0550498     -2.3606913     -4.6398983     -2.9901224     -0.4300311     -1.3717126      4.6253989      4.5497918      8.7568921      8.9198193      7.5945977      0.7973511      2.6481595      1.5955519      1.5532894      2.0968410      3.1269602      4.2158580      4.0728845      3.2218600      2.7979844    -10.5546518    -13.7103551     -5.4635530 
   292.0000000       -1.4416815     -7.3121880     -7.3912381      2.7794844     -9.3290916     -7.7967879     -7.4624292     -5.1105346     -6.8520552     -6.8883652     -7.3069554    -12.3410953     -2.9744279     -9.6893623    -10.2688161     -2.1607478     -5.0667445     -2.3681374     -4.6520220     -2.9979444     -0.4399705     -1.3789781      4.6195519      4.5425100      8.7502117      8.9137122      7.5883861      0.7873893      2.6403266      1.5883430      1.5466038      2.0894385      3.1191978      4.2081604      4.0652442      3.2134057      2.7903971    -10.5706762    -13.7269225     -5.4720817 
   292.5000000       -1.4502639     -7.3215717     -7.4007232      2.7727666     -9.3379245     -7.8038699     -7.4767201     -5.1203176     -6.8591080     -6.8992971     -7.3140986    -12.3480894     -2.9831511     -9.6956522    -10.2795151     -2.1675816     -5.0784391     -2.3755835     -4.6641456     -3.0057665     -0.4499098     -1.3862436      4.6137049      4.5352281      8.7435313      8.9076052      7.5821745      0.7774275      2.6324937      1.5811341      1.5399411      2.0820361      3.1114354      4.2004629      4.0576040      3.2049513      2.7828098    -10.5867006    -13.7434898     -5.4806104 
   293.0000000       -1.4588463     -7.3309555     -7.4102083      2.7660488     -9.3467575     -7.8109519     -7.4910110     -5.1301005     -6.8661609     -6.9102291     -7.3212417    -12.3550834     -2.9918744     -9.7019420    -10.2902141     -2.1744153     -5.0901338     -2.3830296     -4.6762692     -3.0135885     -0.4598492     -1.3935091      4.6078579      4.5279462      8.7368509      8.9014982      7.5759628      0.7674656      2.6246608      1.5739251      1.5332784      2.0746337      3.1036731      4.1927654      4.0499637      3.1964969      2.7752225    -10.6027250    -13.7600571     -5.4891391 
   293.5000000       -1.4674287     -7.3403393     -7.4196934      2.7593311     -9.3555909     -7.8180340     -7.5053019     -5.1398834     -6.8732137     -6.9211610     -7.3283849    -12.3620775     -3.0005977     -9.7082319    -10.3009131     -2.1812491     -5.1018284     -2.3904757     -4.6883928     -3.0214106     -0.4697885     -1.4007746      4.6020109      4.5206643      8.7301705      8.8953912      7.5697512      0.7575038      2.6168279      1.5667162      1.5266156      2.0672313      3.0959107      4.1850679      4.0423234      3.1880425      2.7676352    -10.6187494    -13.7766245     -5.4976679 
   294.0000000       -1.4760111     -7.3497231     -7.4291785      2.7526133     -9.3644265     -7.8251160     -7.5195929     -5.1496663     -6.8802666     -6.9320929     -7.3355281    -12.3690715     -3.0093209     -9.7145217    -10.3116121     -2.1880828     -5.1135231     -2.3979217     -4.7005165     -3.0292326     -0.4797279     -1.4080401      4.5961639      4.5133825      8.7234901      8.8892842      7.5635396      0.7475420      2.6089949      1.5595072      1.5199529      2.0598289      3.0881484      4.1773703      4.0346832      3.1795881      2.7600478    -10.6347738    -13.7931918     -5.5061966 
   294.5000000       -1.4845936     -7.3591069     -7.4386637      2.7458955     -9.3732621     -7.8321980     -7.5338838     -5.1594493     -6.8873194     -6.9430248     -7.3426713    -12.3760655     -3.0180442     -9.7208116    -10.3223111     -2.1949166     -5.1252177     -2.4053678     -4.7126401     -3.0370547     -0.4896672     -1.4153056      4.5903169      4.5061006      8.7168097      8.8831772      7.5573279      0.7375802      2.6011620      1.5522983      1.5132901      2.0524265      3.0803860      4.1696728      4.0270429      3.1711338      2.7524605    -10.6507982    -13.8097592     -5.5147253 
   295.0000000       -1.4931760     -7.3684907     -7.4481488      2.7391777     -9.3820978     -7.8392800     -7.5481747     -5.1692322     -6.8943723     -6.9539567     -7.3498144    -12.3830596     -3.0267674     -9.7271014    -10.3330101     -2.2017503     -5.1369124     -2.4128139     -4.7247637     -3.0448767     -0.4996066     -1.4225711      4.5844699      4.4988187      8.7101293      8.8770702      7.5511163      0.7276183      2.5933291      1.5450894      1.5066274      2.0450241      3.0726236      4.1619753      4.0194026      3.1626794      2.7448732    -10.6668226    -13.8263265     -5.5232541 
   295.5000000       -1.5017584     -7.3778745     -7.4576339      2.7324600     -9.3909334     -7.8463620     -7.5624656     -5.1790151     -6.9014252     -6.9648887     -7.3569576    -12.3900536     -3.0354907     -9.7333913    -10.3437091     -2.2085841     -5.1486070     -2.4202600     -4.7368874     -3.0526988     -0.5095459     -1.4298366      4.5786229      4.4915369      8.7034489      8.8709631      7.5449047      0.7176565      2.5854962      1.5378804      1.4999647      2.0376217      3.0648613      4.1542777      4.0117624      3.1542250      2.7372859    -10.6828471    -13.8428939     -5.5317828 
   296.0000000       -1.5103408     -7.3872583     -7.4671190      2.7257422     -9.3997690     -7.8534441     -7.5767566     -5.1887980     -6.9084780     -6.9758206     -7.3641008    -12.3970477     -3.0442139     -9.7396812    -10.3544081     -2.2154178     -5.1603017     -2.4277061     -4.7490110     -3.0605208     -0.5194852     -1.4371021      4.5727759      4.4842550      8.6967685      8.8648561      7.5386931      0.7076947      2.5776633      1.5306715      1.4933019      2.0302193      3.0570989      4.1465802      4.0041221      3.1457706      2.7296986    -10.6988715    -13.8594612     -5.5403115 
   296.5000000       -1.5189232     -7.3966421     -7.4766041      2.7190244     -9.4086046     -7.8605261     -7.5910475     -5.1985810     -6.9155309     -6.9867525     -7.3712439    -12.4040417     -3.0529372     -9.7459710    -10.3651071     -2.2222516     -5.1719963     -2.4351522     -4.7611346     -3.0683428     -0.5294246     -1.4443676      4.5669289      4.4769731      8.6900881      8.8587491      7.5324814      0.6977328      2.5698304      1.5234626      1.4866392      2.0228169      3.0493365      4.1388827      3.9964818      3.1373025      2.7221112    -10.7148959    -13.8760286     -5.5488402 
   297.0000000       -1.5275056     -7.4060259     -7.4860893      2.7123066     -9.4174403     -7.8676081     -7.6053384     -5.2083639     -6.9225837     -6.9976844     -7.3783871    -12.4110357     -3.0616605     -9.7522609    -10.3758061     -2.2282619     -5.1836910     -2.4425983     -4.7732582     -3.0761649     -0.5393639     -1.4516330      4.5610820      4.4696912      8.6834077      8.8526421      7.5262698      0.6877710      2.5619975      1.5162536      1.4799764      2.0154145      3.0415742      4.1311852      3.9888416      3.1288307      2.7145239    -10.7309203    -13.8925959     -5.5573690 
   297.5000000       -1.5360880     -7.4154097     -7.4955744      2.7055889     -9.4262759     -7.8746901     -7.6196293     -5.2181468     -6.9296366     -7.0086164     -7.3855303    -12.4180298     -3.0703837     -9.7585507    -10.3865050     -2.2337182     -5.1953856     -2.4500443     -4.7853819     -3.0839869     -0.5493033     -1.4588985      4.5552350      4.4624094      8.6767273      8.8465351      7.5200582      0.6778092      2.5541646      1.5090447      1.4733137      2.0080120      3.0338118      4.1234876      3.9812013      3.1203589      2.7069366    -10.7469447    -13.9091633     -5.5658977 
   298.0000000       -1.5446704     -7.4247935     -7.5050595      2.6988711     -9.4351115     -7.8817721     -7.6339203     -5.2279297     -6.9366894     -7.0195483     -7.3926735    -12.4250238     -3.0791070     -9.7648406    -10.3972040     -2.2391746     -5.2070803     -2.4574904     -4.7975055     -3.0918090     -0.5592426     -1.4661640      4.5493880      4.4551275      8.6700469      8.8404281      7.5138465      0.6678473      2.5463316      1.5018357      1.4666510      2.0006096      3.0260495      4.1157901      3.9735611      3.1118871      2.6993493    -10.7629691    -13.9257306     -5.5744264 
   298.5000000       -1.5532528     -7.4341773     -7.5145446      2.6921533     -9.4439471     -7.8888542     -7.6482112     -5.2377126     -6.9437423     -7.0304802     -7.3998166    -12.4320179     -3.0878302     -9.7711304    -10.4079030     -2.2446309     -5.2187750     -2.4649365     -4.8096291     -3.0996310     -0.5691820     -1.4734295      4.5435410      4.4478456      8.6643909      8.8343210      7.5076349      0.6578855      2.5384987      1.4946268      1.4599882      1.9932072      3.0182871      4.1080926      3.9659208      3.1034153      2.6917620    -10.7789935    -13.9422980     -5.5829551 
   299.0000000       -1.5618352     -7.4435610     -7.5240298      2.6854355     -9.4527828     -7.8959362     -7.6625021     -5.2474956     -6.9507952     -7.0414121     -7.4069598    -12.4390119     -3.0965535     -9.7774203    -10.4186020     -2.2500873     -5.2304696     -2.4723826     -4.8217527     -3.1074531     -0.5791213     -1.4806950      4.5376940      4.4405637      8.6595939      8.8282140      7.5014233      0.6479237      2.5306658      1.4874179      1.4533255      1.9858048      3.0105247      4.1003951      3.9582805      3.0949436      2.6841746    -10.7950179    -13.9588653     -5.5914839 
   299.5000000       -1.5704176     -7.4529448     -7.5335149      2.6787178     -9.4616184     -7.9030182     -7.6767930     -5.2572785     -6.9578480     -7.0523441     -7.4141030    -12.4460060     -3.1052767     -9.7837101    -10.4293010     -2.2555436     -5.2421643     -2.4798287     -4.8338764     -3.1152751     -0.5890607     -1.4879605      4.5318470      4.4332819      8.6547970      8.8221070      7.4952116      0.6379618      2.5228329      1.4802089      1.4466627      1.9784024      3.0027624      4.0926975      3.9506403      3.0864718      2.6765873    -10.8110423    -13.9754327     -5.6000126 
   300.0000000       -1.5790000     -7.4623286     -7.5430000      2.6720000     -9.4704540     -7.9101002     -7.6910840     -5.2670614     -6.9649009     -7.0632760     -7.4212461    -12.4530000     -3.1140000     -9.7900000    -10.4400000     -2.2610000     -5.2538589     -2.4872748     -4.8460000     -3.1230972     -0.5990000     -1.4952260      4.5260000      4.4260000      8.6500000      8.8160000      7.4890000      0.6280000      2.5150000      1.4730000      1.4400000      1.9710000      2.9950000      4.0850000      3.9430000      3.0780000      2.6690000    -10.8270667    -13.9920000     -5.6085413 
