# This data was generated by https://sharc.materialsmodeling.org/
# The data has been obtained by linear interpolation between raw data points.
# If you use it in your research, please cite:
# M. Rahm, M. Ångqvist, J. M. Rahm, P. Erhart, and R. Cammi, Non-bonded Radii of the Atoms Under Compression. ChemPhysChem, 2020, 21, 2441-2453. DOI: 10.1002/cphc.202000624
# M. Rahm, R. Hoffmann, N. W. Ashcroft, Atomic and Ionic Radii of Elements 1-96. Chemistry - A European Journal, 2016, 22, 14625-14632. DOI: 10.1002/chem.201602949
# Column 1: Pressure (GPa)
# Column 2: Al radius (Å)
# Column 3: Co radius (Å)
# Column 4: Cr radius (Å)
# Column 5: Cu radius (Å)
# Column 6: Fe radius (Å)
# Column 7: Hf radius (Å)
# Column 8: Mn radius (Å)
# Column 9: Mo radius (Å)
# Column 10: Nb radius (Å)
# Column 11: Ni radius (Å)
# Column 12: Ta radius (Å)
# Column 13: Ti radius (Å)
# Column 14: W radius (Å)
# Column 15: Zr radius (Å)
# Column 16: V radius (Å)
# Column 17: Mg radius (Å)
# Column 18: Re radius (Å)
# Column 19: Os radius (Å)
# Column 20: Rh radius (Å)
# Column 21: Ir radius (Å)
# Column 22: Pd radius (Å)
# Column 23: Pt radius (Å)
# Column 24: Ag radius (Å)
# Column 25: Au radius (Å)
# Column 26: Zn radius (Å)
# Column 27: Cd radius (Å)
# Column 28: Hg radius (Å)
# Column 29: Si radius (Å)
# Column 30: Ge radius (Å)
# Column 31: Ga radius (Å)
# Column 32: In radius (Å)
# Column 33: Sn radius (Å)
# Column 34: Sb radius (Å)
# Column 35: As radius (Å)
# Column 36: Te radius (Å)
# Column 37: Pb radius (Å)
# Column 38: Bi radius (Å)
# Column 39: Y radius (Å)
# Column 40: Sc radius (Å)
# Column 41: Ru radius (Å)
     0.0000000        2.3900000      2.3300000      2.3300000      2.1700000      2.3700000      2.6400000      2.4200000      2.4400000      2.5100000      2.2900000      2.5800000      2.5700000      2.5300000      2.6900000      2.5200000      2.4000000      2.4900000      2.4400000      2.3300000      2.4000000      2.1500000      2.3000000      2.2500000      2.2600000      2.2200000      2.3800000      2.2900000      2.3200000      2.3400000      2.3300000      2.4600000      2.4800000      2.4600000      2.3100000      2.4200000      2.4900000      2.5000000      2.7400000      2.6300000      2.3700000 
     1.0000000        2.1983076      2.1352403      2.1437976      1.9941857      2.1719942      2.4086747      2.2187469      2.2341230      2.2997458      2.0755966      2.3519517      2.3213182      2.2719672      2.4327522      2.2776879      2.2047039      2.2638786      2.1911231      2.1299750      2.1786173      1.9549103      2.0876249      2.0637018      2.0550643      2.0322644      2.1563641      2.0752760      2.1175909      2.1393580      2.1471855      2.2616286      2.2664508      2.2305044      2.0910773      2.1929412      2.2828930      2.2725921      2.5145702      2.4152863      2.1652319 
     1.1000000        2.1905477      2.1271120      2.1360984      1.9870796      2.1638328      2.3987469      2.2103519      2.2255660      2.2909472      2.0652859      2.3422723      2.2890000      2.2593958      2.4199800      2.2653273      2.1966029      2.2542575      2.1791986      2.1215263      2.1691475      1.9466901      2.0785104      2.0560229      2.0465466      2.0246587      2.1461204      2.0660493      2.1094545      2.1310682      2.1397648      2.2533005      2.2575429      2.2206225      2.0815002      2.1833971      2.2745059      2.2630062      2.5049863      2.4061430      2.1566109 
     1.1000000        2.1905477      2.1271120      2.1360984      1.9870796      2.1638328      2.3987469      2.2103519      2.2255660      2.2909472      2.0652859      2.3422723      2.3220000      2.2593958      2.4199800      2.2653273      2.1966029      2.2542575      2.1791986      2.1215263      2.1691475      1.9466901      2.0785104      2.0560229      2.0465466      2.0246587      2.1461204      2.0660493      2.1094545      2.1310682      2.1397648      2.2533005      2.2575429      2.2206225      2.0815002      2.1833971      2.2745059      2.2630062      2.5049863      2.4061430      2.1566109 
     1.5000000        2.1595082      2.0945987      2.1053012      1.9586553      2.1311871      2.3590359      2.1767721      2.1913381      2.2557527      2.0240433      2.3035546      2.2749445      2.2091103      2.3688914      2.2158846      2.1641987      2.2157729      2.1315009      2.0877317      2.1312682      1.9138094      2.0420524      2.0253075      2.0124758      1.9942362      2.1051455      2.0291425      2.0769091      2.0979091      2.1100820      2.2199880      2.2219114      2.1810952      2.0431920      2.1452209      2.2409573      2.2246630      2.4666507      2.3695701      2.1221269 
     2.0000000        2.1207087      2.0539571      2.0668048      1.9231249      2.0903800      2.3093971      2.1347973      2.1485531      2.2117596      1.9724900      2.2551576      2.2161251      2.1462535      2.3050306      2.1540814      2.1236935      2.1676671      2.0718787      2.0454885      2.0839190      1.8727085      1.9964800      1.9869132      1.9698873      1.9562080      2.0539269      1.9830090      2.0362273      2.0564603      2.0729785      2.1783474      2.1773721      2.1316861      1.9953067      2.0975007      2.1990215      2.1767340      2.4187312      2.3238538      2.0790218 
     2.5000000        2.0819092      2.0133155      2.0283084      1.8875944      2.0495729      2.2597582      2.0928225      2.1057682      2.1677665      1.9330348      2.2067605      2.1693595      2.1265101      2.2659836      2.1205254      2.0831884      2.1195613      2.0520471      2.0032452      2.0365698      1.8316076      1.9509076      1.9485189      1.9272988      1.9181798      2.0109185      1.9375011      1.9955455      2.0150114      2.0358750      2.1367067      2.1328327      2.0822770      1.9529012      2.0497805      2.1570857      2.1288050      2.3708117      2.2781376      2.0359168 
     3.0000000        2.0431097      1.9728304      1.9898119      1.8520640      2.0087658      2.2273411      2.0508477      2.0641738      2.1238261      1.9187045      2.1765629      2.1514994      2.1108880      2.2474185      2.1023342      2.0426832      2.0981315      2.0377353      1.9640530      2.0206887      1.8122594      1.9365408      1.9101246      1.9058260      1.8801516      1.9974556      1.9267024      1.9609059      1.9783060      1.9987715      2.0950661      2.0957765      2.0698795      1.9414909      2.0372461      2.1151500      2.1065426      2.3228922      2.2324214      2.0020872 
     3.2000000        2.0275899      1.9613239      1.9744134      1.8378518      2.0017609      2.2218974      2.0430729      2.0595430      2.1189704      1.9129725      2.1714603      2.1443554      2.1046391      2.2399925      2.0950577      2.0294918      2.0933617      2.0320106      1.9520486      2.0160936      1.8082693      1.9322320      1.9014236      1.9018249      1.8748383      1.9920704      1.9223829      1.9567176      1.9739430      1.9839301      2.0806429      2.0910721      2.0651452      1.9369268      2.0328764      2.1045287      2.1016304      2.3141853      2.2219055      1.9975651 
     3.2000000        2.0275899      1.9613239      1.9744134      1.8378518      2.0017609      2.2218974      2.0430729      2.0595430      2.1189704      1.9129725      2.1714603      2.1443554      2.1046391      2.2399925      2.0950577      2.0294918      2.0933617      2.0320106      1.9520486      2.0160936      1.8082693      1.9322320      1.9014236      1.9018249      1.8748383      1.9920704      1.9223829      1.9567176      1.9739430      1.9839301      2.0806429      2.0910721      2.0651452      1.9369268      2.0328764      2.1045287      2.1016304      2.3141853      2.2219055      1.9975651 
     3.5000000        2.0171718      1.9440643      1.9656245      1.8306879      1.9949052      2.2137318      2.0345401      2.0525968      2.1116869      1.9043743      2.1638064      2.1336394      2.0952658      2.2288534      2.0841430      2.0222522      2.0862071      2.0234236      1.9340419      2.0092009      1.8022841      1.9257689      1.8952768      1.8958233      1.8687242      1.9839926      1.9159037      1.9504353      1.9673986      1.9687027      2.0734916      2.0840154      2.0580436      1.9300807      2.0263219      2.0974803      2.0942620      2.3058425      2.2134225      1.9907821 
     4.0000000        2.0060997      1.9152982      1.9543668      1.8207895      1.9834790      2.2001225      2.0203189      2.0410199      2.0995478      1.8900441      2.1510499      2.1157794      2.0796437      2.2102883      2.0659518      2.0101860      2.0742828      2.0091118      1.9040309      1.9977130      1.7923089      1.9149969      1.8850322      1.8858207      1.8585339      1.9705296      1.9051050      1.9399647      1.9564913      1.9580430      2.0615727      2.0722542      2.0462078      1.9186704      2.0153976      2.0857330      2.0819814      2.2919378      2.1992843      1.9794770 
     4.5000000        1.9950276      1.8865321      1.9431091      1.8108912      1.9720528      2.1865132      2.0060976      2.0294430      2.0874086      1.8757139      2.1382934      2.0979194      2.0640215      2.1917233      2.0477606      1.9981199      2.0623585      1.9948000      1.8740199      1.9862252      1.7823336      1.9042250      1.8747877      1.8758180      1.8483437      1.9570667      1.8943063      1.9294941      1.9455840      1.9473832      2.0496537      2.0604931      2.0343719      1.9072602      2.0044734      2.0739856      2.0697008      2.2780332      2.1851460      1.9681720 
     4.7000000        1.9905988      1.8750257      1.9386060      1.8069319      1.9674823      2.1810694      2.0004091      2.0248122      2.0825530      1.8699818      2.1331908      2.0907754      2.0577727      2.1842972      2.0404841      1.9932934      2.0575887      1.9890753      1.8620155      1.9816301      1.7783435      1.8999162      1.8706898      1.8718169      1.8442676      1.9516815      1.8899868      1.9253059      1.9412210      1.9431193      2.0448862      2.0557887      2.0296376      1.9026961      2.0001037      2.0692867      2.0647886      2.2724713      2.1794907      1.9636499 
     4.7000000        1.9905988      1.8750257      1.9386060      1.8069319      1.9674823      2.1810694      2.0004091      2.0248122      2.0825530      1.8699818      2.1331908      2.0907754      2.0577727      2.1842972      2.0404841      1.9932934      2.0575887      1.9890753      1.8620155      1.9816301      1.7783435      1.8999162      1.8706898      1.8718169      1.8442676      1.9516815      1.8899868      1.9253059      1.9412210      1.9431193      2.0448862      2.0557887      2.0296376      1.9026961      2.0001037      2.0692867      2.0647886      2.2724713      2.1794907      1.9636499 
     5.0000000        1.9839555      1.8577661      1.9318514      1.8009929      1.9606266      2.1729039      1.9918763      2.0178661      2.0752695      1.8613837      2.1255369      2.0800594      2.0483994      2.1731582      2.0295694      1.9860538      2.0504341      1.9804882      1.8440088      1.9747373      1.7723583      1.8934531      1.8645431      1.8658153      1.8381534      1.9436037      1.8835076      1.9190235      1.9346766      1.9367235      2.0377348      2.0487320      2.0225360      1.8958499      1.9935492      2.0622382      2.0574202      2.2641285      2.1710077      1.9568669 
     5.4000000        1.9750978      1.8347532      1.9228452      1.7930742      1.9514857      2.1620164      1.9804993      2.0086045      2.0655582      1.8499195      2.1153317      2.0657714      2.0359017      2.1583061      2.0150164      1.9764009      2.0408946      1.9690388      1.8200000      1.9655471      1.7643781      1.8848355      1.8563474      1.8578132      1.8300012      1.9328333      1.8748687      1.9106471      1.9259508      1.9281957      2.0281997      2.0393231      2.0130673      1.8867217      1.9848098      2.0528404      2.0475957      2.2530048      2.1596971      1.9478229 
     5.4000000        1.9750978      1.8347532      1.9228452      1.7930742      1.9514857      2.1620164      1.9804993      2.0086045      2.0655582      1.8499195      2.1153317      2.0657714      2.0359017      2.1583061      2.0150164      1.9764009      2.0408946      1.9690388      1.8200000      1.9655471      1.7643781      1.8848355      1.8563474      1.8578132      1.8300012      1.9328333      1.8748687      1.9106471      1.9259508      1.9281957      2.0281997      2.0393231      2.0130673      1.8867217      1.9848098      2.0528404      2.0475957      2.2530048      2.1596971      1.9478229 
     5.5000000        1.9728834      1.8290000      1.9205936      1.7910945      1.9492004      2.1592946      1.9776551      2.0062892      2.0631304      1.8470535      2.1127804      2.0621994      2.0327772      2.1545931      2.0113782      1.9739876      2.0385098      1.9661765      1.8187408      1.9632495      1.7623831      1.8826811      1.8542985      1.8558127      1.8279632      1.9301407      1.8727089      1.9085529      1.9237693      1.9260637      2.0258159      2.0369709      2.0107002      1.8844397      1.9826249      2.0504909      2.0451396      2.2502238      2.1568694      1.9455618 
     5.5000000        1.9728834      1.8290000      1.9205936      1.7910945      1.9492004      2.1592946      1.9776551      2.0062892      2.0631304      1.8470535      2.1127804      2.0621994      2.0327772      2.1545931      2.0113782      1.9739876      2.0385098      1.9661765      1.8187408      1.9632495      1.7623831      1.8826811      1.8542985      1.8558127      1.8279632      1.9301407      1.8727089      1.9085529      1.9237693      1.9260637      2.0258159      2.0369709      2.0107002      1.8844397      1.9826249      2.0504909      2.0451396      2.2502238      2.1568694      1.9455618 
     6.0000000        1.9618113      1.8226124      1.9093359      1.7811962      1.9377742      2.1456853      1.9634338      1.9947122      2.0509912      1.8327233      2.1000239      2.0443394      2.0171551      2.1360280      1.9931870      1.9619215      2.0265854      1.9518647      1.8124450      1.9517617      1.7524078      1.8719092      1.8440539      1.8458100      1.8177729      1.9166778      1.8619102      1.8980824      1.9128620      1.9154040      2.0138970      2.0252097      1.9988643      1.8730294      1.9717007      2.0387435      2.0328590      2.2363192      2.1427311      1.9342568 
     6.5000000        1.9507392      1.8162248      1.8980782      1.7712978      1.9263481      2.1320759      1.9492126      1.9831353      2.0388521      1.8183931      2.0872674      2.0264794      2.0015329      2.1174629      1.9749958      1.9498554      2.0146611      1.9375529      1.8061491      1.9402738      1.7424326      1.8611373      1.8338093      1.8358074      1.8075827      1.9032148      1.8511115      1.8876118      1.9019546      1.9047443      2.0019781      2.0134486      1.9870284      1.8616192      1.9607765      2.0269962      2.0205784      2.2224145      2.1285929      1.9229517 
     6.5000000        1.9507392      1.8162248      1.8980782      1.7712978      1.9263481      2.1320759      1.9492126      1.9831353      2.0388521      1.8183931      2.0872674      2.0264794      2.0015329      2.1174629      1.9749958      1.9498554      2.0146611      1.9375529      1.8061491      1.9402738      1.7424326      1.8611373      1.8338093      1.8358074      1.8075827      1.9032148      1.8511115      1.8876118      1.9019546      1.9047443      2.0019781      2.0134486      1.9870284      1.8616192      1.9607765      2.0269962      2.0205784      2.2224145      2.1285929      1.9229517 
     7.0000000        1.9396671      1.8098372      1.8868204      1.7613995      1.9149219      2.1184666      1.9349913      1.9715584      2.0267129      1.8040628      2.0745109      2.0086194      1.9859108      2.0988979      1.9568046      1.9377892      2.0027368      1.9232412      1.7998533      1.9287860      1.7324573      1.8503653      1.8235647      1.8258047      1.7973925      1.8897518      1.8403128      1.8771412      1.8910473      1.8940845      1.9900592      2.0016875      1.9751926      1.8502089      1.9498522      2.0152488      2.0082978      2.2085098      2.1144546      1.9116466 
     7.5000000        1.9285950      1.8034496      1.8755627      1.7515012      1.9034957      2.1048573      1.9207701      1.9599815      2.0145738      1.7897326      2.0617544      1.9907594      1.9702887      2.0803328      1.9386134      1.9257231      1.9908124      1.9089294      1.7935574      1.9172981      1.7224821      1.8395934      1.8133201      1.8158021      1.7872022      1.8762889      1.8295141      1.8666706      1.8801400      1.8834248      1.9781402      1.9899263      1.9633567      1.8387986      1.9389280      2.0035015      1.9960172      2.1946052      2.1003163      1.9003416 
     8.0000000        1.9175229      1.7970620      1.8643050      1.7416028      1.8920695      2.0912480      1.9065488      1.9484046      2.0024346      1.7754024      2.0489979      1.9750872      1.9546665      2.0659824      1.9306439      1.9136570      1.9788881      1.8946176      1.7872386      1.9058103      1.7125068      1.8288215      1.8030756      1.8057994      1.7770120      1.8628259      1.8187154      1.8562000      1.8692326      1.8727651      1.9662213      1.9781652      1.9515208      1.8273884      1.9280038      1.9917541      1.9837366      2.1807005      2.0861780      1.8890365 
     8.5000000        1.9064508      1.7906939      1.8530472      1.7317045      1.8806433      2.0776387      1.8923275      1.9368276      1.9902955      1.7613443      2.0362414      1.9669383      1.9433966      2.0579019      1.9227603      1.9015908      1.9669637      1.8803058      1.7809142      1.8943224      1.7025315      1.8180495      1.7928310      1.7957968      1.7668217      1.8493629      1.8079167      1.8457294      1.8583253      1.8621053      1.9543024      1.9664041      1.9396850      1.8159781      1.9170795      1.9800068      1.9714560      2.1667958      2.0720397      1.8777315 
     9.0000000        1.8953787      1.7843457      1.8417895      1.7218062      1.8692171      2.0640294      1.8781063      1.9252507      1.9781564      1.7553752      2.0234849      1.9587895      1.9373379      2.0498214      1.9148768      1.8895247      1.9550394      1.8728435      1.7745897      1.8828346      1.6925563      1.8072776      1.7825864      1.7857941      1.7566315      1.8359000      1.7971180      1.8352588      1.8474179      1.8514456      1.9423835      1.9546429      1.9278491      1.8045679      1.9061553      1.9682594      1.9591754      2.1528912      2.0579015      1.8664264 
     9.5000000        1.8843066      1.7779975      1.8305318      1.7119078      1.8577910      2.0504201      1.8638850      1.9136738      1.9660172      1.7494062      2.0107283      1.9506406      1.9312792      2.0417408      1.9069933      1.8774586      1.9431151      1.8675012      1.7682653      1.8713467      1.6825810      1.7965057      1.7723418      1.7757914      1.7464412      1.8274367      1.7863193      1.8247882      1.8365106      1.8407859      1.9304646      1.9428818      1.9160132      1.7931576      1.8952311      1.9565121      1.9468948      2.1389865      2.0437632      1.8551213 
    10.0000000        1.8732345      1.7716494      1.8192740      1.7020095      1.8463648      2.0368108      1.8496638      1.9020969      1.9538781      1.7434372      1.9979718      1.9424917      1.9252205      2.0336603      1.8991098      1.8653924      1.9311907      1.8621590      1.7619408      1.8598589      1.6726058      1.7857337      1.7620972      1.7657888      1.7362510      1.8220521      1.7755206      1.8143176      1.8256033      1.8301261      1.9185457      1.9311207      1.9041773      1.7817474      1.8843068      1.9447647      1.9346142      2.1250818      2.0296249      1.8438163 
    10.5000000        1.8621624      1.7653012      1.8080163      1.6921111      1.8349386      2.0276079      1.8354425      1.8905200      1.9417389      1.7374682      1.9852153      1.9343428      1.9191617      2.0255798      1.8912263      1.8533263      1.9192664      1.8568167      1.7556163      1.8483710      1.6626305      1.7749618      1.7518526      1.7557861      1.7260607      1.8166676      1.7647219      1.8038471      1.8146959      1.8194664      1.9066267      1.9193595      1.8923415      1.7744462      1.8733826      1.9330174      1.9227779      2.1111772      2.0155209      1.8325112 
    11.0000000        1.8510903      1.7589530      1.7967586      1.6822128      1.8235124      2.0219229      1.8212213      1.8789430      1.9302885      1.7314992      1.9796920      1.9261940      1.9131030      2.0174993      1.8833428      1.8439452      1.9122308      1.8514744      1.7492919      1.8426864      1.6533996      1.7673398      1.7416080      1.7457835      1.7158705      1.8112830      1.7587262      1.7933765      1.8037886      1.8088066      1.8947078      1.9076542      1.8878300      1.7701551      1.8624584      1.9212700      1.9178374      2.1029296      2.0014465      1.8223426 
    11.5000000        1.8400182      1.7526048      1.7893696      1.6723145      1.8184587      2.0162378      1.8070000      1.8730339      1.9252981      1.7255302      1.9745256      1.9180451      1.9070443      2.0094187      1.8754593      1.8384994      1.9075547      1.8461322      1.7429674      1.8383896      1.6496589      1.7633405      1.7313635      1.7374811      1.7068668      1.8058984      1.7547382      1.7841429      1.7971378      1.7981469      1.8882896      1.9028851      1.8833395      1.7658639      1.8578402      1.9128765      1.9128969      2.0965740      1.9873721      1.8179052 
    11.5000000        1.8400182      1.7526048      1.7893696      1.6723145      1.8184587      2.0162378      1.8070000      1.8730339      1.9252981      1.7255302      1.9745256      1.9180451      1.9070443      2.0094187      1.8754593      1.8384994      1.9075547      1.8461322      1.7429674      1.8383896      1.6496589      1.7633405      1.7313635      1.7374811      1.7068668      1.8058984      1.7547382      1.7841429      1.7971378      1.7981469      1.8882896      1.9028851      1.8833395      1.7658639      1.8578402      1.9128765      1.9128969      2.0965740      1.9873721      1.8179052 
    12.0000000        1.8344014      1.7462566      1.7845103      1.6663698      1.8136575      2.0105528      1.7998396      1.8683226      1.9203078      1.7195611      1.9693592      1.9098962      1.9009856      2.0013382      1.8675757      1.8330535      1.9028786      1.8407899      1.7366430      1.8340928      1.6459182      1.7593411      1.7269098      1.7338227      1.7026860      1.8005138      1.7507502      1.7798571      1.7927525      1.7902367      1.8832584      1.8981159      1.8788490      1.7615728      1.8538019      1.9078502      1.9079564      2.0902184      1.9732977      1.8134678 
    12.5000000        1.8296771      1.7399085      1.7796511      1.6622143      1.8088562      2.0048677      1.7926792      1.8636113      1.9153174      1.7135921      1.9641928      1.9017474      1.8949269      1.9932577      1.8596922      1.8276077      1.8982026      1.8354476      1.7303185      1.8297960      1.6421775      1.7553417      1.7228128      1.7301643      1.6985051      1.7951292      1.7467623      1.7755714      1.7883671      1.7856572      1.8782271      1.8933467      1.8743585      1.7572816      1.8497635      1.9028239      1.9030160      2.0838628      1.9592232      1.8090304 
    13.0000000        1.8249528      1.7335603      1.7747918      1.6580587      1.8040550      1.9991827      1.7855189      1.8589001      1.9103271      1.7076231      1.9590264      1.8935985      1.8888682      1.9851771      1.8518087      1.8221619      1.8935265      1.8301054      1.7239940      1.8254993      1.6384369      1.7513423      1.7187157      1.7265060      1.6943243      1.7897447      1.7427743      1.7712857      1.7839817      1.7810776      1.8731959      1.8885775      1.8698680      1.7529905      1.8457252      1.8977976      1.8980755      2.0775072      1.9451488      1.8045930 
    13.1000000        1.8240079      1.7322906      1.7738199      1.6572276      1.8030948      1.9980457      1.7840868      1.8579578      1.9093290      1.7064293      1.9579932      1.8919687      1.8876565      1.9835610      1.8502320      1.8210727      1.8925913      1.8290369      1.7227292      1.8246399      1.6376887      1.7505424      1.7178963      1.7257743      1.6934881      1.7886677      1.7419767      1.7704286      1.7831046      1.7801617      1.8721896      1.8876237      1.8689699      1.7521323      1.8449176      1.8967924      1.8970874      2.0762361      1.9423339      1.8037055 
    13.1000000        1.8240079      1.7322906      1.7738199      1.6572276      1.8030948      1.9980457      1.7840868      1.8579578      1.9093290      1.7064293      1.9579932      1.8919687      1.8876565      1.9835610      1.8502320      1.8210727      1.8925913      1.8290369      1.7227292      1.8246399      1.6376887      1.7505424      1.7178963      1.7257743      1.6934881      1.7886677      1.7419767      1.7704286      1.7831046      1.7801617      1.8721896      1.8876237      1.8689699      1.7521323      1.8449176      1.8967924      1.8970874      2.0762361      1.9423339      1.8037055 
    13.5000000        1.8202285      1.7272121      1.7699325      1.6539032      1.7992538      1.9934976      1.7783585      1.8541888      1.9053367      1.7016541      1.9538600      1.8854496      1.8828095      1.9770966      1.8439252      1.8167161      1.8888505      1.8247631      1.7176696      1.8212025      1.6346962      1.7473429      1.7146187      1.7228476      1.6901434      1.7843601      1.7387864      1.7670000      1.7795963      1.7764981      1.8681646      1.8838084      1.8653775      1.7486993      1.8416869      1.8927713      1.8931350      2.0711516      1.9310744      1.8001556 
    14.0000000        1.8155042      1.7208639      1.7650733      1.6497477      1.7944526      1.9878125      1.7711981      1.8494776      1.9003464      1.6956851      1.9486937      1.8774327      1.8767508      1.9690161      1.8379045      1.8112702      1.8841744      1.8194208      1.7113451      1.8169057      1.6309555      1.7433435      1.7105217      1.7191892      1.6859626      1.7789755      1.7347984      1.7627143      1.7752109      1.7719186      1.8631334      1.8790392      1.8608869      1.7444082      1.8376486      1.8877450      1.8881945      2.0647960      1.9170000      1.7957182 
    14.0000000        1.8155042      1.7208639      1.7650733      1.6497477      1.7944526      1.9878125      1.7711981      1.8494776      1.9003464      1.6956851      1.9486937      1.8774327      1.8767508      1.9690161      1.8379045      1.8112702      1.8841744      1.8194208      1.7113451      1.8169057      1.6309555      1.7433435      1.7105217      1.7191892      1.6859626      1.7789755      1.7347984      1.7627143      1.7752109      1.7719186      1.8631334      1.8790392      1.8608869      1.7444082      1.8376486      1.8877450      1.8881945      2.0647960      1.9210000      1.7957182 
    14.5000000        1.8107798      1.7145157      1.7602140      1.6455921      1.7896514      1.9821275      1.7655604      1.8447663      1.8953561      1.6897161      1.9435273      1.8720301      1.8706921      1.9625521      1.8326925      1.8058244      1.8794984      1.8140786      1.7050207      1.8126090      1.6272148      1.7393442      1.7064246      1.7155308      1.6817817      1.7735909      1.7308105      1.7584286      1.7708255      1.7673390      1.8581021      1.8742700      1.8563964      1.7401170      1.8336103      1.8827187      1.8832540      2.0584404      1.9151676      1.7912807 
    15.0000000        1.8060555      1.7081676      1.7553547      1.6414366      1.7848501      1.9764424      1.7608646      1.8400551      1.8903657      1.6837470      1.9383609      1.8666275      1.8646334      1.9574077      1.8274806      1.8003786      1.8748223      1.8087363      1.7001975      1.8083122      1.6234741      1.7353448      1.7023276      1.7118724      1.6776009      1.7682063      1.7268225      1.7541429      1.7664401      1.7627595      1.8530709      1.8695009      1.8519059      1.7358259      1.8295719      1.8776924      1.8783136      2.0520849      1.9093352      1.7868433 
    15.5000000        1.8013312      1.7026527      1.7504955      1.6372810      1.7800489      1.9707574      1.7561688      1.8353438      1.8853754      1.6777780      1.9331945      1.8612249      1.8585747      1.9522632      1.8222687      1.7949328      1.8701462      1.8033940      1.6965021      1.8040154      1.6197335      1.7313454      1.6982305      1.7082141      1.6734200      1.7628218      1.7228345      1.7498571      1.7620547      1.7581799      1.8480397      1.8647317      1.8474154      1.7315347      1.8255336      1.8726662      1.8733731      2.0457293      1.9035028      1.7824059 
    16.0000000        1.7966069      1.6985885      1.7456362      1.6331255      1.7752477      1.9650723      1.7514729      1.8306326      1.8803850      1.6722850      1.9280281      1.8558222      1.8525159      1.9471188      1.8170568      1.7894869      1.8654702      1.7980518      1.6928067      1.7997186      1.6159928      1.7273460      1.6941335      1.7045557      1.6692392      1.7574372      1.7188466      1.7455714      1.7576693      1.7536004      1.8430084      1.8599625      1.8429249      1.7272436      1.8214953      1.8676399      1.8684326      2.0393737      1.8976704      1.7779685 
    16.5000000        1.7918826      1.6945243      1.7407769      1.6289700      1.7704465      1.9593873      1.7467771      1.8259213      1.8753947      1.6685569      1.9228617      1.8504196      1.8472462      1.9419743      1.8118448      1.7840411      1.8607941      1.7927095      1.6891113      1.7954219      1.6122521      1.7233466      1.6900364      1.7008973      1.6650583      1.7520526      1.7148586      1.7412857      1.7532839      1.7490208      1.8379772      1.8551933      1.8384344      1.7229524      1.8174570      1.8626136      1.8634921      2.0330181      1.8918380      1.7735311 
    17.0000000        1.7871583      1.6904602      1.7359177      1.6248144      1.7656453      1.9537022      1.7420813      1.8212101      1.8704043      1.6648289      1.9176953      1.8450170      1.8435724      1.9368299      1.8066329      1.7785953      1.8561181      1.7873672      1.6854159      1.7911251      1.6085114      1.7193473      1.6859394      1.6972389      1.6608775      1.7466680      1.7108707      1.7370000      1.7488985      1.7444413      1.8329459      1.8504242      1.8339439      1.7186613      1.8134186      1.8575873      1.8585517      2.0266625      1.8860056      1.7690937 
    17.5000000        1.7824339      1.6863960      1.7310584      1.6206589      1.7608440      1.9480172      1.7373855      1.8164988      1.8654140      1.6611008      1.9125290      1.8396144      1.8398986      1.9316855      1.8014210      1.7731495      1.8514420      1.7824698      1.6817205      1.7868283      1.6047708      1.7153479      1.6818424      1.6935805      1.6566966      1.7412834      1.7068827      1.7327143      1.7445131      1.7398617      1.8279147      1.8456550      1.8294534      1.7143701      1.8093803      1.8525610      1.8536112      2.0203069      1.8801732      1.7646563 
    17.5000000        1.7824339      1.6863960      1.7310584      1.6206589      1.7608440      1.9480172      1.7373855      1.8164988      1.8654140      1.6611008      1.9125290      1.8396144      1.8398986      1.9316855      1.8014210      1.7731495      1.8514420      1.7824698      1.6817205      1.7868283      1.6047708      1.7153479      1.6818424      1.6935805      1.6566966      1.7412834      1.7068827      1.7327143      1.7445131      1.7398617      1.8279147      1.8456550      1.8294534      1.7143701      1.8093803      1.8525610      1.8536112      2.0203069      1.8801732      1.7646563 
    17.8000000        1.7795994      1.6839575      1.7281428      1.6181656      1.7579633      1.9446061      1.7345680      1.8136721      1.8624198      1.6588639      1.9094291      1.8363728      1.8376943      1.9285988      1.7982938      1.7698820      1.8486364      1.7806200      1.6795033      1.7842503      1.6025263      1.7129482      1.6793841      1.6913855      1.6541881      1.7385224      1.7044899      1.7301429      1.7418819      1.7371140      1.8248960      1.8427935      1.8267591      1.7117954      1.8069573      1.8495452      1.8506469      2.0164935      1.8766738      1.7619938 
    17.8000000        1.7795994      1.6839575      1.7281428      1.6181656      1.7579633      1.9446061      1.7345680      1.8136721      1.8624198      1.6588639      1.9094291      1.8363728      1.8376943      1.9285988      1.7982938      1.7698820      1.8486364      1.7806200      1.6795033      1.7842503      1.6025263      1.7129482      1.6793841      1.6913855      1.6541881      1.7385224      1.7044899      1.7301429      1.7418819      1.7371140      1.8248960      1.8427935      1.8267591      1.7117954      1.8069573      1.8495452      1.8506469      2.0164935      1.8766738      1.7619938 
    18.0000000        1.7777096      1.6823319      1.7261991      1.6165033      1.7560428      1.9423321      1.7326897      1.8117876      1.8604236      1.6573727      1.9073626      1.8342118      1.8362247      1.9265410      1.7962091      1.7677036      1.8467660      1.7793868      1.6780251      1.7825316      1.6010301      1.7113485      1.6777453      1.6899222      1.6525158      1.7372274      1.7028947      1.7284286      1.7401278      1.7352822      1.8228835      1.8408858      1.8249629      1.7100790      1.8053420      1.8475347      1.8486707      2.0139513      1.8743408      1.7602189 
    18.2000000        1.7758199      1.6807062      1.7242554      1.6148411      1.7541223      1.9400581      1.7308114      1.8099031      1.8584275      1.6558814      1.9052960      1.8320507      1.8347552      1.9244832      1.7941243      1.7655253      1.8448955      1.7781536      1.6765470      1.7808128      1.5995338      1.7097487      1.6761065      1.6884588      1.6508435      1.7359324      1.7012996      1.7267143      1.7383736      1.7334504      1.8208710      1.8389782      1.8231667      1.7083625      1.8037266      1.8455242      1.8466945      2.0114091      1.8720079      1.7584439 
    18.2000000        1.7758199      1.6807062      1.7242554      1.6148411      1.7541223      1.9400581      1.7308114      1.8099031      1.8584275      1.6558814      1.9052960      1.8320507      1.8347552      1.9244832      1.7941243      1.7655253      1.8448955      1.7781536      1.6765470      1.7808128      1.5995338      1.7097487      1.6761065      1.6884588      1.6508435      1.7359324      1.7012996      1.7267143      1.7383736      1.7334504      1.8208710      1.8389782      1.8231667      1.7083625      1.8037266      1.8455242      1.8466945      2.0114091      1.8720079      1.7584439 
    18.5000000        1.7729853      1.6782677      1.7213398      1.6123478      1.7512416      1.9366470      1.7279939      1.8070763      1.8554333      1.6536446      1.9021962      1.8288092      1.8325509      1.9213966      1.7909972      1.7622578      1.8420899      1.7763038      1.6743297      1.7782348      1.5972894      1.7073491      1.6736483      1.6862638      1.6483349      1.7339899      1.6989068      1.7241429      1.7357424      1.7307026      1.8178522      1.8361167      1.8204724      1.7057878      1.8013037      1.8425084      1.8437302      2.0075957      1.8685084      1.7557815 
    19.0000000        1.7682610      1.6742035      1.7164806      1.6081923      1.7464404      1.9309620      1.7232981      1.8023651      1.8504430      1.6499165      1.8970298      1.8234066      1.8288771      1.9162521      1.7857852      1.7568120      1.8374138      1.7732208      1.6706343      1.7739380      1.5935487      1.7033497      1.6695512      1.6826054      1.6441541      1.7307524      1.6949188      1.7198571      1.7313570      1.7261231      1.8128210      1.8313475      1.8159819      1.7014967      1.7972653      1.8374821      1.8387897      2.0012218      1.8626760      1.7513441 
    19.5000000        1.7635367      1.6701394      1.7116213      1.6040367      1.7416392      1.9266849      1.7186023      1.7976538      1.8454526      1.6461884      1.8918634      1.8181083      1.8252033      1.9111077      1.7811759      1.7521931      1.8327378      1.7701378      1.6669389      1.7696412      1.5898080      1.6993503      1.6654542      1.6789470      1.6399732      1.7275149      1.6909309      1.7155714      1.7269716      1.7215435      1.8077897      1.8265783      1.8114913      1.6972055      1.7932270      1.8324558      1.8338493      1.9947574      1.8577466      1.7469066 
    20.0000000        1.7588124      1.6660752      1.7067620      1.5998812      1.7368379      1.9230242      1.7139064      1.7929426      1.8404623      1.6424603      1.8866970      1.8139382      1.8215295      1.9059632      1.7772185      1.7485633      1.8280617      1.7670548      1.6632436      1.7653445      1.5860674      1.6953510      1.6613571      1.6752887      1.6357924      1.7242774      1.6869429      1.7112857      1.7225862      1.7169640      1.8027585      1.8218091      1.8070008      1.6929144      1.7891887      1.8274295      1.8289088      1.9882929      1.8530359      1.7424692 
    20.1000000        1.7578675      1.6652624      1.7057902      1.5990501      1.7358777      1.9222921      1.7129673      1.7920003      1.8394642      1.6417147      1.8856638      1.8131042      1.8207947      1.9049343      1.7764270      1.7478373      1.8271265      1.7664382      1.6625045      1.7644851      1.5853192      1.6945511      1.6605377      1.6745570      1.6349562      1.7236299      1.6861453      1.7104286      1.7217091      1.7160481      1.8017522      1.8208553      1.8061027      1.6920561      1.7883810      1.8264243      1.8279207      1.9870000      1.8520938      1.7415818 
    20.1000000        1.7578675      1.6652624      1.7057902      1.5990501      1.7358777      1.9222921      1.7129673      1.7920003      1.8394642      1.6417147      1.8856638      1.8131042      1.8207947      1.9049343      1.7764270      1.7478373      1.8271265      1.7664382      1.6625045      1.7644851      1.5853192      1.6945511      1.6605377      1.6745570      1.6349562      1.7236299      1.6861453      1.7104286      1.7217091      1.7160481      1.8017522      1.8208553      1.8061027      1.6920561      1.7883810      1.8264243      1.8279207      1.8760000      1.8520938      1.7415818 
    20.5000000        1.7540880      1.6620111      1.7020535      1.5957256      1.7321325      1.9193635      1.7099924      1.7882313      1.8354719      1.6387323      1.8826401      1.8097681      1.8178557      1.9014928      1.7732610      1.7449334      1.8233857      1.7639718      1.6595482      1.7610477      1.5823267      1.6913516      1.6572601      1.6716303      1.6316116      1.7210398      1.6829550      1.7070000      1.7182008      1.7123845      1.7977272      1.8170400      1.8025103      1.6886232      1.7851504      1.8224032      1.8251354      1.8747140      1.8483252      1.7380318 
    20.9000000        1.7503086      1.6587597      1.6996128      1.5924012      1.7296494      1.9164350      1.7071839      1.7844623      1.8324283      1.6357498      1.8796969      1.8064320      1.8149166      1.8982936      1.7700950      1.7420295      1.8196448      1.7615054      1.6565918      1.7576103      1.5793341      1.6881521      1.6539825      1.6687036      1.6282669      1.7184498      1.6797646      1.7035714      1.7146925      1.7087208      1.7951799      1.8132246      1.7989179      1.6864869      1.7819197      1.8187147      1.8227441      1.8729312      1.8445567      1.7344819 
    20.9000000        1.7503086      1.6587597      1.6996128      1.5924012      1.7296494      1.9164350      1.7071839      1.7844623      1.8324283      1.6357498      1.8796969      1.8064320      1.8149166      1.8982936      1.7700950      1.7420295      1.8196448      1.7615054      1.6565918      1.7576103      1.5793341      1.6881521      1.6539825      1.6687036      1.6282669      1.7184498      1.6797646      1.7035714      1.7146925      1.7087208      1.7951799      1.8132246      1.7989179      1.6864869      1.7819197      1.8187147      1.8227441      1.8729312      1.8445567      1.7344819 
    21.0000000        1.7493637      1.6579469      1.6990027      1.5915701      1.7290286      1.9157029      1.7064818      1.7835201      1.8318303      1.6350042      1.8789610      1.8055980      1.8141818      1.8974938      1.7693035      1.7413035      1.8189146      1.7608888      1.6558528      1.7567509      1.5785860      1.6873522      1.6531631      1.6679719      1.6274307      1.7178023      1.6789670      1.7027143      1.7138154      1.7078049      1.7945463      1.8122849      1.7980198      1.6859688      1.7811120      1.8181033      1.8221463      1.8724855      1.8436146      1.7335944 
    21.5000000        1.7454473      1.6538827      1.6959519      1.5874146      1.7259246      1.9120422      1.7029713      1.7804206      1.8288405      1.6312761      1.8752820      1.8014279      1.8105080      1.8934948      1.7653461      1.7376737      1.8160777      1.7578058      1.6521574      1.7530055      1.5748453      1.6833528      1.6490660      1.6643135      1.6232499      1.7145648      1.6749790      1.6984286      1.7096464      1.7032254      1.7913783      1.8093321      1.7951721      1.6833786      1.7770737      1.8150464      1.8191573      1.8702570      1.8389039      1.7304001 
    22.0000000        1.7423943      1.6499400      1.6929011      1.5840430      1.7228207      1.9083815      1.6994607      1.7774885      1.8258507      1.6275480      1.8716029      1.7972577      1.8068342      1.8894958      1.7613886      1.7340438      1.8132409      1.7547228      1.6486805      1.7504108      1.5711047      1.6799545      1.6449690      1.6606551      1.6202786      1.7113273      1.6718826      1.6944804      1.7069259      1.7000028      1.7882103      1.8063794      1.7924537      1.6807883      1.7730354      1.8119895      1.8161682      1.8680285      1.8341933      1.7277135 
    22.5000000        1.7393413      1.6468587      1.6898503      1.5814201      1.7197167      1.9047209      1.6959502      1.7745564      1.8228608      1.6238199      1.8679238      1.7930876      1.8031604      1.8854967      1.7574311      1.7304140      1.8104040      1.7516398      1.6460353      1.7478160      1.5688314      1.6776170      1.6420832      1.6569968      1.6176592      1.7080898      1.6695993      1.6918824      1.7042054      1.6971204      1.7850423      1.8034266      1.7897352      1.6781980      1.7689971      1.8089326      1.8131791      1.8658000      1.8294826      1.7250268 
    22.5000000        1.7393413      1.6468587      1.6898503      1.5814201      1.7197167      1.9047209      1.6959502      1.7745564      1.8228608      1.6238199      1.8679238      1.7930876      1.8031604      1.8854967      1.7574311      1.7304140      1.8104040      1.7516398      1.6460353      1.7478160      1.5688314      1.6776170      1.6420832      1.6569968      1.6176592      1.7080898      1.6695993      1.6918824      1.7042054      1.6971204      1.7850423      1.8034266      1.7897352      1.6781980      1.7689971      1.8089326      1.8131791      1.8658000      1.8294826      1.7250268 
    23.0000000        1.7362883      1.6437774      1.6867995      1.5787972      1.7166128      1.9010602      1.6924396      1.7716243      1.8198710      1.6202443      1.8642447      1.7889175      1.7994866      1.8814977      1.7534737      1.7267841      1.8075672      1.7485568      1.6433901      1.7452212      1.5667027      1.6752794      1.6396546      1.6533384      1.6150398      1.7048522      1.6673159      1.6892843      1.7014849      1.6942379      1.7818743      1.8004739      1.7870167      1.6756077      1.7663783      1.8058757      1.8101901      1.8635715      1.8247719      1.7223402 
    23.5000000        1.7332353      1.6406961      1.6837487      1.5761743      1.7135088      1.8973996      1.6889291      1.7686921      1.8168811      1.6173554      1.8605656      1.7847474      1.7958128      1.8774987      1.7495162      1.7231542      1.8047303      1.7454738      1.6407449      1.7426265      1.5645740      1.6729419      1.6372260      1.6504576      1.6124204      1.7016147      1.6650326      1.6866863      1.6987644      1.6913554      1.7787063      1.7975212      1.7842983      1.6730174      1.7639766      1.8028188      1.8072010      1.8613430      1.8201842      1.7196536 
    24.0000000        1.7301823      1.6376148      1.6806979      1.5735514      1.7104049      1.8937389      1.6854185      1.7657600      1.8138913      1.6144664      1.8568865      1.7805773      1.7921389      1.8734997      1.7455588      1.7195244      1.8018935      1.7423908      1.6380996      1.7400317      1.5624453      1.6706043      1.6347975      1.6483299      1.6098010      1.6983772      1.6627492      1.6840882      1.6960440      1.6884730      1.7755383      1.7945684      1.7815798      1.6704271      1.7615749      1.7997619      1.8042119      1.8591145      1.8162916      1.7169669 
    24.5000000        1.7271293      1.6345334      1.6776471      1.5709285      1.7073010      1.8900782      1.6819080      1.7628279      1.8109015      1.6115775      1.8532075      1.7767732      1.7889920      1.8695006      1.7420522      1.7158945      1.7990566      1.7393078      1.6354544      1.7374369      1.5603166      1.6682668      1.6323689      1.6462022      1.6071816      1.6951397      1.6604658      1.6814902      1.6933235      1.6855905      1.7723703      1.7916157      1.7788614      1.6678369      1.7591731      1.7967050      1.8012229      1.8568859      1.8123989      1.7142803 
    24.5000000        1.7271293      1.6345334      1.6776471      1.5709285      1.7073010      1.8900782      1.6819080      1.7628279      1.8109015      1.6115775      1.8532075      1.7767732      1.7889920      1.8695006      1.7420522      1.7158945      1.7990566      1.7393078      1.6354544      1.7374369      1.5603166      1.6682668      1.6323689      1.6462022      1.6071816      1.6951397      1.6604658      1.6814902      1.6933235      1.6855905      1.7723703      1.7916157      1.7788614      1.6678369      1.7591731      1.7967050      1.8012229      1.8568859      1.8123989      1.7142803 
    24.8000000        1.7252975      1.6326847      1.6758166      1.5693548      1.7054386      1.8878818      1.6798016      1.7610686      1.8091076      1.6098441      1.8510000      1.7745956      1.7872918      1.8671012      1.7400328      1.7137166      1.7973545      1.7374580      1.6338673      1.7358801      1.5590394      1.6668643      1.6309118      1.6449255      1.6056099      1.6931972      1.6590958      1.6799314      1.6916912      1.6838610      1.7704695      1.7898440      1.7772303      1.6662827      1.7577321      1.7948709      1.7994294      1.8555488      1.8100633      1.7126683 
    24.8000000        1.7252975      1.6326847      1.6758166      1.5693548      1.7054386      1.8878818      1.6798016      1.7610686      1.8091076      1.6098441      1.8150000      1.7745956      1.7872918      1.8671012      1.7400328      1.7137166      1.7973545      1.7374580      1.6338673      1.7358801      1.5590394      1.6668643      1.6309118      1.6449255      1.6056099      1.6931972      1.6590958      1.6799314      1.6916912      1.6838610      1.7704695      1.7898440      1.7772303      1.6662827      1.7577321      1.7948709      1.7994294      1.8555488      1.8100633      1.7126683 
    25.0000000        1.7240763      1.6314521      1.6745963      1.5683056      1.7041970      1.8864176      1.6783974      1.7598958      1.8079116      1.6086885      1.8139398      1.7731438      1.7861583      1.8655016      1.7386866      1.7122646      1.7962197      1.7362248      1.6328092      1.7348422      1.5581879      1.6659292      1.6299404      1.6440744      1.6045622      1.6919021      1.6581825      1.6788922      1.6906030      1.6827081      1.7692023      1.7886629      1.7761429      1.6652466      1.7567714      1.7936481      1.7982338      1.8546574      1.8085062      1.7115937 
    25.0000000        1.7240763      1.6314521      1.6745963      1.5683056      1.7041970      1.8864176      1.6783974      1.7598958      1.8079116      1.6086885      1.8139398      1.7731438      1.7861583      1.8655016      1.7386866      1.7122646      1.7962197      1.7362248      1.6328092      1.7348422      1.5581879      1.6659292      1.6299404      1.6440744      1.6045622      1.6919021      1.6581825      1.6788922      1.6906030      1.6827081      1.7692023      1.7886629      1.7761429      1.6652466      1.7567714      1.7936481      1.7982338      1.8546574      1.8085062      1.7115937 
    25.5000000        1.7210233      1.6283708      1.6715455      1.5656828      1.7010931      1.8827569      1.6749627      1.7569637      1.8049218      1.6057996      1.8112891      1.7695144      1.7833246      1.8616175      1.7353211      1.7086348      1.7933829      1.7331418      1.6301640      1.7322474      1.5560592      1.6635917      1.6275118      1.6419467      1.6019428      1.6886646      1.6558991      1.6762941      1.6878825      1.6798256      1.7660343      1.7857102      1.7734245      1.6626563      1.7543697      1.7905912      1.7952447      1.8509982      1.8046136      1.7089070 
    25.6000000        1.7204127      1.6277546      1.6709353      1.5651582      1.7004723      1.8820248      1.6743675      1.7563772      1.8043238      1.6052218      1.8107590      1.7687885      1.7827579      1.8609318      1.7346480      1.7079088      1.7928155      1.7325251      1.6296350      1.7317285      1.5556335      1.6631242      1.6270261      1.6415212      1.6014189      1.6880171      1.6554424      1.6757745      1.6873384      1.6792491      1.7654007      1.7851197      1.7728808      1.6621382      1.7538894      1.7899798      1.7946469      1.8502608      1.8038350      1.7083697 
    25.6000000        1.7204127      1.6277546      1.6709353      1.5651582      1.7004723      1.8820248      1.6743675      1.7563772      1.8043238      1.6052218      1.8107590      1.7687885      1.7827579      1.8609318      1.7346480      1.7079088      1.7928155      1.7325251      1.6296350      1.7317285      1.5556335      1.6631242      1.6270261      1.6415212      1.6014189      1.6880171      1.6554424      1.6757745      1.6873384      1.6792491      1.7654007      1.7851197      1.7728808      1.6621382      1.7538894      1.7899798      1.7946469      1.8502608      1.8038350      1.7083697 
    26.0000000        1.7179702      1.6252895      1.6684947      1.5630599      1.6979891      1.8790962      1.6719869      1.7540316      1.8019320      1.6029107      1.8086385      1.7658849      1.7804909      1.8581890      1.7319556      1.7050049      1.7905460      1.7300587      1.6275188      1.7296526      1.5539305      1.6612541      1.6250832      1.6398190      1.5993234      1.6854271      1.6536157      1.6736961      1.6851620      1.6769431      1.7628663      1.7827575      1.7707060      1.6600660      1.7519680      1.7875343      1.7922557      1.8473114      1.8007242      1.7062204 
    26.5000000        1.7149172      1.6222082      1.6654439      1.5604370      1.6948852      1.8754356      1.6690111      1.7510994      1.7989421      1.6000217      1.8059879      1.7622555      1.7776573      1.8547605      1.7285901      1.7013750      1.7877092      1.7269757      1.6248736      1.7270579      1.5518018      1.6589166      1.6226547      1.6376913      1.5967040      1.6828250      1.6513324      1.6710980      1.6824415      1.6740607      1.7596983      1.7798047      1.7679875      1.6574757      1.7495663      1.7844774      1.7892666      1.8436246      1.7970955      1.7035338 
    27.0000000        1.7118642      1.6191269      1.6623931      1.5578141      1.6917812      1.8717749      1.6660352      1.7481673      1.7959523      1.5971328      1.8033373      1.7587033      1.7748236      1.8513321      1.7252383      1.6979028      1.7848723      1.7247201      1.6222284      1.7244631      1.5496731      1.6565790      1.6202261      1.6355636      1.5940845      1.6804354      1.6490490      1.6685000      1.6797210      1.6711782      1.7565303      1.7768520      1.7652691      1.6548854      1.7471645      1.7814205      1.7862775      1.8399378      1.7934669      1.7008471 
    27.5000000        1.7088112      1.6160456      1.6593423      1.5551912      1.6886773      1.8681754      1.6630594      1.7452352      1.7929624      1.5942438      1.8006867      1.7555379      1.7719899      1.8479036      1.7221594      1.6950716      1.7820355      1.7224789      1.6195832      1.7218683      1.5475444      1.6542415      1.6177975      1.6334359      1.5914651      1.6780459      1.6467657      1.6659020      1.6770005      1.6682958      1.7533623      1.7738993      1.7625506      1.6522951      1.7447628      1.7783636      1.7832885      1.8362510      1.7898382      1.6981605 
    28.0000000        1.7057582      1.6131824      1.6562915      1.5525683      1.6855733      1.8651590      1.6600836      1.7423031      1.7899726      1.5913549      1.7980361      1.7523724      1.7691562      1.8444751      1.7190806      1.6922404      1.7791986      1.7202377      1.6169380      1.7192736      1.5454157      1.6519040      1.6153690      1.6313082      1.5888457      1.6756564      1.6444823      1.6633039      1.6742800      1.6654133      1.7501943      1.7709465      1.7598322      1.6497049      1.7423611      1.7753067      1.7802994      1.8326453      1.7862096      1.6954739 
    28.5000000        1.7027052      1.6105553      1.6532407      1.5499454      1.6824694      1.8621426      1.6571078      1.7393710      1.7869828      1.5884660      1.7953855      1.7492069      1.7663225      1.8410913      1.7160017      1.6894092      1.7763618      1.7179964      1.6142928      1.7166788      1.5432870      1.6495664      1.6129404      1.6291805      1.5862263      1.6732668      1.6421989      1.6607059      1.6715595      1.6625308      1.7470263      1.7679938      1.7571137      1.6471146      1.7399594      1.7722498      1.7773103      1.8291917      1.7825810      1.6927872 
    28.7000000        1.7014840      1.6095044      1.6520203      1.5488963      1.6812278      1.8609361      1.6560278      1.7381981      1.7857868      1.5873104      1.7943253      1.7479407      1.7651890      1.8398445      1.7147702      1.6882768      1.7752270      1.7170999      1.6132347      1.7156409      1.5424355      1.6486314      1.6119690      1.6283294      1.5851786      1.6723110      1.6412856      1.6596667      1.6704713      1.6613779      1.7457591      1.7668127      1.7560263      1.6460785      1.7389987      1.7710271      1.7761147      1.8278102      1.7811295      1.6917126 
    28.7000000        1.7014840      1.6095044      1.6520203      1.5488963      1.6812278      1.8609361      1.6560278      1.7381981      1.7857868      1.5873104      1.7943253      1.7479407      1.7651890      1.8398445      1.7147702      1.6882768      1.7752270      1.7170999      1.6132347      1.7156409      1.5424355      1.6486314      1.6119690      1.6283294      1.5851786      1.6723110      1.6412856      1.6596667      1.6704713      1.6613779      1.7457591      1.7668127      1.7560263      1.6460785      1.7389987      1.7710271      1.7761147      1.8278102      1.7811295      1.6917126 
    29.0000000        1.6996522      1.6079282      1.6501899      1.5473225      1.6793655      1.8591262      1.6544382      1.7364389      1.7839929      1.5855770      1.7927349      1.7460415      1.7634888      1.8379742      1.7129229      1.6865781      1.7735249      1.7157552      1.6119677      1.7140840      1.5411583      1.6472289      1.6105119      1.6270527      1.5836069      1.6708773      1.6399156      1.6581078      1.6688390      1.6596484      1.7438583      1.7650410      1.7543952      1.6445243      1.7375577      1.7691929      1.7743213      1.8257381      1.7790906      1.6901006 
    29.5000000        1.6965992      1.6053010      1.6476047      1.5446996      1.6760000      1.8561099      1.6517888      1.7335067      1.7810031      1.5830955      1.7900843      1.7428760      1.7606551      1.8348571      1.7098441      1.6837469      1.7706880      1.7135140      1.6099148      1.7114893      1.5390296      1.6448913      1.6080833      1.6249250      1.5809875      1.6684878      1.6376322      1.6555098      1.6661186      1.6567659      1.7407107      1.7620883      1.7516768      1.6419340      1.7351559      1.7661360      1.7713322      1.8222845      1.7759409      1.6874140 
    29.5000000        1.6965992      1.6053010      1.6476047      1.5446996      1.6270000      1.8561099      1.6517888      1.7335067      1.7810031      1.5830955      1.7900843      1.7428760      1.7606551      1.8348571      1.7098441      1.6837469      1.7706880      1.7135140      1.6099148      1.7114893      1.5390296      1.6448913      1.6080833      1.6249250      1.5809875      1.6684878      1.6376322      1.6555098      1.6661186      1.6567659      1.7407107      1.7620883      1.7516768      1.6419340      1.7351559      1.7661360      1.7713322      1.8222845      1.7759409      1.6874140 
    30.0000000        1.6935462      1.6026739      1.6452332      1.5420768      1.6242144      1.8530935      1.6491395      1.7305746      1.7780132      1.5806431      1.7874337      1.7397269      1.7578214      1.8317399      1.7067652      1.6809157      1.7678512      1.7112727      1.6078618      1.7088945      1.5369009      1.6425538      1.6056547      1.6227973      1.5783681      1.6660983      1.6353489      1.6529118      1.6633981      1.6538835      1.7383611      1.7591356      1.7489583      1.6393437      1.7327542      1.7630791      1.7685948      1.8188308      1.7727912      1.6847273 
    30.5000000        1.6907424      1.6000468      1.6428616      1.5394539      1.6215473      1.8500771      1.6464901      1.7276425      1.7750234      1.5781906      1.7847790      1.7367407      1.7549877      1.8286228      1.7038351      1.6780845      1.7650143      1.7090315      1.6058089      1.7062997      1.5347722      1.6402162      1.6032262      1.6206696      1.5757487      1.6637087      1.6330655      1.6503137      1.6606776      1.6510010      1.7360114      1.7561828      1.7462399      1.6367534      1.7303525      1.7606488      1.7664531      1.8153772      1.7696415      1.6820407 
    31.0000000        1.6884173      1.5974196      1.6404900      1.5368310      1.6191373      1.8470607      1.6438407      1.7252454      1.7720336      1.5757382      1.7821207      1.7337545      1.7521540      1.8255056      1.7009419      1.6752533      1.7622093      1.7067902      1.6037560      1.7037050      1.5326435      1.6378787      1.6007976      1.6185419      1.5731293      1.6613192      1.6307821      1.6477157      1.6579571      1.6483707      1.7336618      1.7537568      1.7435214      1.6342924      1.7279508      1.7584300      1.7643114      1.8119775      1.7664918      1.6793541 
    31.5000000        1.6860923      1.5949896      1.6381184      1.5344941      1.6167272      1.8440444      1.6411914      1.7230221      1.7690437      1.5732857      1.7794623      1.7307683      1.7496826      1.8223885      1.6980486      1.6724221      1.7600660      1.7045490      1.6017031      1.7011102      1.5305148      1.6355411      1.5983691      1.6164142      1.5705788      1.6589297      1.6284988      1.6451176      1.6554602      1.6461418      1.7313121      1.7515259      1.7408030      1.6324426      1.7255491      1.7562112      1.7621697      1.8090084      1.7633422      1.6767435 
    32.0000000        1.6837672      1.5926646      1.6357468      1.5325090      1.6143171      1.8410280      1.6385420      1.7207989      1.7660539      1.5708333      1.7768039      1.7277821      1.7473117      1.8194213      1.6951553      1.6695909      1.7579227      1.7023078      1.5996502      1.6985154      1.5283861      1.6332036      1.5959405      1.6142865      1.5686550      1.6565401      1.6262154      1.6425196      1.6534031      1.6439129      1.7289625      1.7492949      1.7388090      1.6305927      1.7231473      1.7539924      1.7600280      1.8060394      1.7601925      1.6748559 
    32.5000000        1.6814421      1.5903396      1.6333752      1.5305238      1.6119070      1.8380116      1.6360838      1.7185757      1.7630640      1.5683808      1.7741455      1.7247959      1.7449408      1.8166163      1.6922621      1.6667597      1.7557794      1.7000665      1.5975973      1.6966282      1.5262574      1.6308660      1.5935119      1.6121588      1.5667312      1.6541506      1.6239320      1.6404176      1.6513459      1.6416839      1.7266128      1.7470640      1.7368241      1.6287428      1.7207456      1.7517736      1.7578863      1.8030703      1.7574487      1.6729682 
    33.0000000        1.6791170      1.5880146      1.6310037      1.5285387      1.6094969      1.8349952      1.6336316      1.7163525      1.7600742      1.5661062      1.7714872      1.7218097      1.7425698      1.8138113      1.6893688      1.6639286      1.7536362      1.6978253      1.5955444      1.6947560      1.5241287      1.6285285      1.5914237      1.6100310      1.5648075      1.6517611      1.6216487      1.6384396      1.6492887      1.6394550      1.7242632      1.7448331      1.7348393      1.6268930      1.7183439      1.7495548      1.7557447      1.8001012      1.7547314      1.6710806 
    33.5000000        1.6767919      1.5856896      1.6286321      1.5265535      1.6070868      1.8319789      1.6311794      1.7141293      1.7570844      1.5639009      1.7688288      1.7189345      1.7401989      1.8110063      1.6864755      1.6611586      1.7514929      1.6955841      1.5936902      1.6928838      1.5220000      1.6262000      1.5896702      1.6079033      1.5628837      1.6493716      1.6197572      1.6364615      1.6472315      1.6372261      1.7219135      1.7426022      1.7328544      1.6250431      1.7159422      1.7473360      1.7536030      1.7971322      1.7520140      1.6691930 
    33.5000000        1.6767919      1.5856896      1.6286321      1.5265535      1.6070868      1.8319789      1.6311794      1.7141293      1.7570844      1.5639009      1.7688288      1.7189345      1.7401989      1.8110063      1.6864755      1.6611586      1.7514929      1.6955841      1.5936902      1.6928838      1.5220000      1.5960000      1.5896702      1.6079033      1.5628837      1.6493716      1.6197572      1.6364615      1.6472315      1.6372261      1.7219135      1.7426022      1.7328544      1.6250431      1.7159422      1.7473360      1.7536030      1.7971322      1.7520140      1.6691930 
    34.0000000        1.6744669      1.5833647      1.6262605      1.5245683      1.6046767      1.8289625      1.6287272      1.7119061      1.7540945      1.5616956      1.7661704      1.7162298      1.7378280      1.8082012      1.6839478      1.6587202      1.7493496      1.6933428      1.5918527      1.6910116      1.5203609      1.5943085      1.5879167      1.6057756      1.5609599      1.6471038      1.6181113      1.6344835      1.6451743      1.6349972      1.7195639      1.7403713      1.7308696      1.6231933      1.7135405      1.7451172      1.7514613      1.7941631      1.7492967      1.6673054 
    34.0000000        1.6744669      1.5833647      1.6262605      1.5245683      1.6046767      1.8289625      1.6287272      1.7119061      1.7540945      1.5616956      1.7661704      1.7162298      1.7378280      1.8082012      1.6839478      1.6587202      1.7493496      1.6933428      1.5918527      1.6910116      1.5203609      1.5943085      1.5879167      1.6057756      1.5609599      1.6471038      1.6181113      1.6344835      1.6451743      1.6349972      1.7195639      1.7403713      1.7308696      1.6231933      1.7135405      1.7451172      1.7514613      1.7941631      1.7492967      1.6673054 
    34.5000000        1.6721418      1.5810397      1.6238889      1.5225832      1.6024288      1.8263651      1.6262750      1.7096829      1.7511047      1.5594904      1.7637701      1.7135252      1.7354571      1.8053962      1.6814658      1.6562819      1.7472063      1.6911016      1.5900152      1.6891394      1.5188574      1.5926171      1.5861633      1.6036479      1.5590361      1.6451240      1.6164654      1.6325055      1.6431171      1.6327682      1.7172142      1.7381403      1.7288847      1.6213434      1.7114762      1.7428983      1.7493196      1.7912214      1.7465793      1.6654178 
    35.0000000        1.6698167      1.5787147      1.6215173      1.5205980      1.6001851      1.8240726      1.6238228      1.7074597      1.7481148      1.5572851      1.7613713      1.7108205      1.7330862      1.8025912      1.6789838      1.6538436      1.7450630      1.6889284      1.5881777      1.6872672      1.5173539      1.5909208      1.5844098      1.6015202      1.5571124      1.6431442      1.6148195      1.6305275      1.6410599      1.6305393      1.7148646      1.7359094      1.7268999      1.6194935      1.7097679      1.7406795      1.7471779      1.7884887      1.7438620      1.6635302 
    35.2000000        1.6688867      1.5778712      1.6205687      1.5198039      1.5992876      1.8231555      1.6228419      1.7065704      1.7469189      1.5564030      1.7604118      1.7097387      1.7321484      1.8014692      1.6779910      1.6528683      1.7442057      1.6881964      1.5874427      1.6865183      1.5167525      1.5902418      1.5837084      1.6006691      1.5563428      1.6423523      1.6141611      1.6297363      1.6402371      1.6296477      1.7139247      1.7350170      1.7261059      1.6187536      1.7090846      1.7397920      1.7463213      1.7873956      1.7427750      1.6627751 
    35.2000000        1.6688867      1.5778712      1.6205687      1.5198039      1.5992876      1.8231555      1.6228419      1.7065704      1.7469189      1.5564030      1.7604118      1.7097387      1.7321484      1.8014692      1.6779910      1.6528683      1.7442057      1.6881964      1.5874427      1.6865183      1.5167525      1.5902418      1.5837084      1.6006691      1.5563428      1.6423523      1.6141611      1.6297363      1.6402371      1.6296477      1.7139247      1.7350170      1.7261059      1.6187536      1.7090846      1.7397920      1.7463213      1.7873956      1.7427750      1.6627751 
    35.5000000        1.6674916      1.5766304      1.6191457      1.5186128      1.5979414      1.8217800      1.6213706      1.7052365      1.7451250      1.5550799      1.7589726      1.7081159      1.7308149      1.7998066      1.6765018      1.6514053      1.7429197      1.6870986      1.5863402      1.6853950      1.5158504      1.5892233      1.5826563      1.5993925      1.5551886      1.6411645      1.6131736      1.6285495      1.6390027      1.6283104      1.7125149      1.7336785      1.7249150      1.6176437      1.7080596      1.7384607      1.7450362      1.7857560      1.7411446      1.6616426 
    36.0000000        1.6651665      1.5745623      1.6167741      1.5166277      1.5956978      1.8194874      1.6189599      1.7030133      1.7421352      1.5528746      1.7565739      1.7054113      1.7285923      1.7972694      1.6740198      1.6489669      1.7407764      1.6852688      1.5845027      1.6835228      1.5143469      1.5875259      1.5809028      1.5978356      1.5532648      1.6391847      1.6115276      1.6265714      1.6369456      1.6260815      1.7101653      1.7314476      1.7229302      1.6157938      1.7063513      1.7362419      1.7428946      1.7830233      1.7385443      1.6597550 
    36.5000000        1.6628415      1.5724942      1.6144026      1.5146425      1.5934541      1.8171948      1.6168338      1.7007901      1.7391453      1.5506693      1.7541751      1.7027066      1.7263697      1.7947323      1.6715378      1.6465286      1.7386331      1.6834390      1.5826653      1.6816506      1.5128433      1.5858284      1.5791493      1.5963258      1.5513410      1.6372049      1.6098817      1.6245934      1.6348884      1.6238525      1.7078156      1.7292166      1.7209453      1.6139439      1.7046429      1.7340231      1.7407529      1.7802906      1.7360291      1.6578673 
    36.5000000        1.6628415      1.5724942      1.6144026      1.5146425      1.5934541      1.8171948      1.6168338      1.7007901      1.7391453      1.5506693      1.7541751      1.7027066      1.7263697      1.7947323      1.6715378      1.6465286      1.7386331      1.6834390      1.5826653      1.6816506      1.5128433      1.5858284      1.5791493      1.5963258      1.5513410      1.6372049      1.6098817      1.6245934      1.6348884      1.6238525      1.7078156      1.7292166      1.7209453      1.6139439      1.7046429      1.7340231      1.7407529      1.7802906      1.7360291      1.6578673 
    37.0000000        1.6605164      1.5704261      1.6122040      1.5126574      1.5912104      1.8149023      1.6147078      1.6985669      1.7361362      1.5486185      1.7517764      1.7000020      1.7241471      1.7921951      1.6690558      1.6440903      1.7364898      1.6816092      1.5808278      1.6797784      1.5113398      1.5841310      1.5773959      1.5948159      1.5494173      1.6352251      1.6082358      1.6226154      1.6328312      1.6216236      1.7054660      1.7269857      1.7189605      1.6120941      1.7029346      1.7318043      1.7386112      1.7775578      1.7335139      1.6559797 
    37.5000000        1.6581913      1.5683581      1.6102248      1.5106722      1.5889668      1.8126097      1.6125817      1.6963437      1.7331090      1.5466350      1.7493777      1.6975552      1.7219245      1.7896580      1.6666072      1.6417895      1.7343466      1.6797794      1.5789903      1.6779062      1.5098363      1.5824336      1.5756424      1.5933060      1.5474935      1.6332453      1.6065899      1.6206374      1.6307740      1.6193947      1.7031163      1.7247548      1.7169756      1.6102442      1.7012263      1.7295855      1.7364695      1.7748251      1.7309987      1.6540921 
    38.0000000        1.6558662      1.5662900      1.6082455      1.5086870      1.5867231      1.8103171      1.6104557      1.6941204      1.7300817      1.5446515      1.7469790      1.6951085      1.7197019      1.7871208      1.6643628      1.6395864      1.7322033      1.6779496      1.5771528      1.6760340      1.5083328      1.5807361      1.5738889      1.5917961      1.5455697      1.6312655      1.6049440      1.6186593      1.6287168      1.6171658      1.7010946      1.7225239      1.7149907      1.6083944      1.6995180      1.7273667      1.7343278      1.7720924      1.7284835      1.6522045 
    38.5000000        1.6537001      1.5642219      1.6062663      1.5067019      1.5846494      1.8080245      1.6083296      1.6918972      1.7270545      1.5426680      1.7447614      1.6926619      1.7174793      1.7845836      1.6621184      1.6373834      1.7300600      1.6761198      1.5756360      1.6741618      1.5068293      1.5790387      1.5721354      1.5902863      1.5436459      1.6292857      1.6032981      1.6166813      1.6266596      1.6149368      1.6990784      1.7202930      1.7130059      1.6065445      1.6978096      1.7251479      1.7321861      1.7694444      1.7259684      1.6503169 
    38.5000000        1.6537001      1.5642219      1.6062663      1.5067019      1.5846494      1.8080245      1.6083296      1.6918972      1.7270545      1.5426680      1.7447614      1.6926619      1.7174793      1.7845836      1.6621184      1.6373834      1.7300600      1.6761198      1.5756360      1.6741618      1.5068293      1.5790387      1.5721354      1.5902863      1.5436459      1.6292857      1.6032981      1.6166813      1.6266596      1.6149368      1.6990784      1.7202930      1.7130059      1.6065445      1.6978096      1.7251479      1.7321861      1.7694444      1.7259684      1.6503169 
    39.0000000        1.6517191      1.5621538      1.6042871      1.5047167      1.5826335      1.8058103      1.6062036      1.6896740      1.7240272      1.5406845      1.7426388      1.6902153      1.7152567      1.7820465      1.6598740      1.6351803      1.7279167      1.6742901      1.5741650      1.6722896      1.5053258      1.5773413      1.5703819      1.5887764      1.5417222      1.6275310      1.6016521      1.6147033      1.6246024      1.6127718      1.6970622      1.7180620      1.7110210      1.6046946      1.6961013      1.7231044      1.7301803      1.7668760      1.7234532      1.6484293 
    39.5000000        1.6497381      1.5601467      1.6023078      1.5027315      1.5806176      1.8036093      1.6040775      1.6877526      1.7210000      1.5387010      1.7405161      1.6877686      1.7130341      1.7795093      1.6576296      1.6329773      1.7257734      1.6724603      1.5726940      1.6704174      1.5038222      1.5756438      1.5686285      1.5872665      1.5397984      1.6257828      1.6000062      1.6127253      1.6225452      1.6109288      1.6950460      1.7160071      1.7090362      1.6028448      1.6943930      1.7213097      1.7284399      1.7643075      1.7209380      1.6465417 
    39.5000000        1.6497381      1.5601467      1.6023078      1.5027315      1.5806176      1.8036093      1.6040775      1.6877526      1.6730000      1.5387010      1.7405161      1.6877686      1.7130341      1.7795093      1.6576296      1.6329773      1.7257734      1.6724603      1.5726940      1.6704174      1.5038222      1.5756438      1.5686285      1.5872665      1.5397984      1.6257828      1.6000062      1.6127253      1.6225452      1.6109288      1.6950460      1.7160071      1.7090362      1.6028448      1.6943930      1.7213097      1.7284399      1.7643075      1.7209380      1.6465417 
    40.0000000        1.6477571      1.5583108      1.6003286      1.5009412      1.5786016      1.8014084      1.6019515      1.6859063      1.6709689      1.5367175      1.7383935      1.6853220      1.7110108      1.7771739      1.6553851      1.6307742      1.7236642      1.6706407      1.5712230      1.6685452      1.5023187      1.5740300      1.5668750      1.5857566      1.5378746      1.6240345      1.5983603      1.6107473      1.6204881      1.6090858      1.6930298      1.7141356      1.7070513      1.6009949      1.6926847      1.7195151      1.7266995      1.7617391      1.7185217      1.6446541 
    40.5000000        1.6457760      1.5564749      1.5983493      1.4992037      1.5765857      1.7992074      1.5999455      1.6840600      1.6689378      1.5347340      1.7362709      1.6828754      1.7090842      1.7748634      1.6531407      1.6285712      1.7218596      1.6689460      1.5697520      1.6666730      1.5008152      1.5725496      1.5651215      1.5842468      1.5361062      1.6222863      1.5967144      1.6087692      1.6187022      1.6072428      1.6910136      1.7122641      1.7050665      1.5991600      1.6909764      1.7177204      1.7249591      1.7591706      1.7161643      1.6427664 
    41.0000000        1.6437950      1.5546389      1.5963701      1.4974661      1.5745698      1.7970064      1.5980899      1.6822137      1.6669067      1.5327505      1.7341483      1.6804287      1.7071576      1.7725528      1.6508963      1.6263682      1.7200549      1.6672513      1.5682810      1.6648008      1.4993117      1.5710692      1.5633680      1.5827369      1.5344898      1.6205380      1.5950685      1.6067912      1.6170008      1.6053997      1.6889975      1.7103926      1.7030816      1.5976324      1.6892680      1.7159258      1.7232188      1.7566022      1.7138070      1.6408788 
    41.1000000        1.6433988      1.5542717      1.5959742      1.4971186      1.5741666      1.7965662      1.5977188      1.6818444      1.6665004      1.5323538      1.7337238      1.6799470      1.7067723      1.7720907      1.6504474      1.6259276      1.7196939      1.6669123      1.5679868      1.6644264      1.4990110      1.5707731      1.5630173      1.5824349      1.5341665      1.6201884      1.5947393      1.6063956      1.6166606      1.6050311      1.6885942      1.7100183      1.7027433      1.5973269      1.6889264      1.7155668      1.7228707      1.7560885      1.7133355      1.6405434 
    41.1000000        1.6433988      1.5542717      1.5959742      1.4971186      1.5741666      1.7965662      1.5977188      1.6818444      1.6665004      1.5323538      1.7337238      1.6799470      1.7067723      1.7720907      1.6504474      1.6259276      1.7196939      1.6669123      1.5679868      1.6644264      1.4990110      1.5707731      1.5630173      1.5824349      1.5341665      1.6201884      1.5947393      1.6063956      1.6166606      1.6050311      1.6885942      1.7100183      1.7027433      1.5973269      1.6889264      1.7155668      1.7228707      1.7560885      1.7133355      1.6405434 
    41.2000000        1.6430026      1.5539045      1.5955784      1.4967711      1.5737635      1.7961260      1.5973477      1.6814751      1.6660942      1.5319957      1.7332993      1.6795194      1.7063870      1.7716286      1.6499985      1.6254869      1.7193330      1.6665734      1.5676926      1.6640519      1.4987103      1.5704770      1.5626666      1.5821329      1.5338433      1.6198387      1.5944101      1.6060000      1.6163203      1.6046625      1.6881910      1.7096440      1.7024057      1.5970214      1.6885847      1.7152079      1.7225226      1.7555748      1.7128640      1.6402253 
    41.2000000        1.6430026      1.5539045      1.5955784      1.4967711      1.5737635      1.7961260      1.5973477      1.6814751      1.6660942      1.5319957      1.7332993      1.6795194      1.7063870      1.7716286      1.6499985      1.6254869      1.7193330      1.6665734      1.5676926      1.6640519      1.4987103      1.5704770      1.5626666      1.5821329      1.5338433      1.6198387      1.5944101      1.6060000      1.6163203      1.6046625      1.6881910      1.7096440      1.7024057      1.5970214      1.6885847      1.7152079      1.7225226      1.7555748      1.7128640      1.6402253 
    41.5000000        1.6418140      1.5528030      1.5944513      1.4957286      1.5725539      1.7948054      1.5962344      1.6803673      1.6648755      1.5309365      1.7320257      1.6782366      1.7052311      1.7702423      1.6486519      1.6242090      1.7182502      1.6655566      1.5668100      1.6629286      1.4978082      1.5695888      1.5616145      1.5812270      1.5328734      1.6187898      1.5934225      1.6050182      1.6152994      1.6035567      1.6869813      1.7085212      1.7013928      1.5961048      1.6875597      1.7141311      1.7214784      1.7540337      1.7114496      1.6392708 
    42.0000000        1.6398330      1.5509670      1.5925925      1.4939911      1.5705380      1.7926045      1.5943788      1.6785210      1.6628444      1.5291712      1.7299031      1.6760986      1.7033045      1.7679317      1.6465471      1.6222206      1.7164455      1.6638619      1.5653390      1.6611450      1.4963047      1.5681084      1.5598611      1.5797172      1.5312570      1.6170415      1.5917766      1.6033818      1.6135980      1.6017137      1.6849651      1.7066497      1.6997046      1.5945772      1.6858514      1.7123365      1.7197380      1.7514652      1.7090922      1.6376801 
    42.5000000        1.6378520      1.5491311      1.5907337      1.4922536      1.5685221      1.7904035      1.5925232      1.6766747      1.6608133      1.5274059      1.7277805      1.6739606      1.7013779      1.7656212      1.6445466      1.6202322      1.7146408      1.6621671      1.5638680      1.6596169      1.4948011      1.5666280      1.5581076      1.5782073      1.5296407      1.6152933      1.5901307      1.6017455      1.6118966      1.5998707      1.6830796      1.7047782      1.6980165      1.5930496      1.6841431      1.7105418      1.7179976      1.7489409      1.7067348      1.6360893 
    43.0000000        1.6358994      1.5472951      1.5888749      1.4905161      1.5666358      1.7882025      1.5906676      1.6748284      1.6587084      1.5256406      1.7257575      1.6718225      1.6994514      1.7633106      1.6425461      1.6182438      1.7128361      1.6604724      1.5623970      1.6580888      1.4932976      1.5651477      1.5565784      1.5766974      1.5280243      1.6135450      1.5884848      1.6001091      1.6101952      1.5980277      1.6813570      1.7029067      1.6963283      1.5915220      1.6824347      1.7087471      1.7162573      1.7467118      1.7043774      1.6344985 
    43.0000000        1.6358994      1.5472951      1.5888749      1.4905161      1.5666358      1.7882025      1.5906676      1.6748284      1.6587084      1.5256406      1.7257575      1.6718225      1.6994514      1.7633106      1.6425461      1.6182438      1.7128361      1.6604724      1.5623970      1.6580888      1.4932976      1.5651477      1.5565784      1.5766974      1.5280243      1.6135450      1.5884848      1.6001091      1.6101952      1.5980277      1.6813570      1.7029067      1.6963283      1.5915220      1.6824347      1.7087471      1.7162573      1.7467118      1.7043774      1.6344985 
    43.5000000        1.6341178      1.5454592      1.5870161      1.4887786      1.5648402      1.7861031      1.5888120      1.6729821      1.6566018      1.5238752      1.7238020      1.6696845      1.6975248      1.7610001      1.6405457      1.6162554      1.7110315      1.6587777      1.5609260      1.6565606      1.4917941      1.5636673      1.5551188      1.5751875      1.5264079      1.6117968      1.5868389      1.5984727      1.6084938      1.5961847      1.6796345      1.7010353      1.6946402      1.5899944      1.6807264      1.7069525      1.7145169      1.7444827      1.7020200      1.6329077 
    44.0000000        1.6323362      1.5436233      1.5851573      1.4870411      1.5630446      1.7841447      1.5869565      1.6711358      1.6544952      1.5221099      1.7218465      1.6675465      1.6955982      1.7586895      1.6385452      1.6142670      1.7092268      1.6570830      1.5594550      1.6550325      1.4902906      1.5621869      1.5536592      1.5736777      1.5247915      1.6101573      1.5852285      1.5968364      1.6067924      1.5944152      1.6779119      1.6991638      1.6929521      1.5884668      1.6790181      1.7051578      1.7127765      1.7422536      1.6996626      1.6313170 
    44.0000000        1.6323362      1.5436233      1.5851573      1.4870411      1.5630446      1.7841447      1.5869565      1.6711358      1.6544952      1.5221099      1.7218465      1.6675465      1.6955982      1.7586895      1.6385452      1.6142670      1.7092268      1.6570830      1.5594550      1.6550325      1.4902906      1.5621869      1.5536592      1.5736777      1.5247915      1.6101573      1.5852285      1.5968364      1.6067924      1.5944152      1.6779119      1.6991638      1.6929521      1.5884668      1.6790181      1.7051578      1.7127765      1.7422536      1.6996626      1.6313170 
    44.5000000        1.6305546      1.5418962      1.5832985      1.4853148      1.5612490      1.7821863      1.5851009      1.6693886      1.6523886      1.5203446      1.7198911      1.6654085      1.6936717      1.7566914      1.6365447      1.6122786      1.7074221      1.6553883      1.5581229      1.6535044      1.4887871      1.5607065      1.5521997      1.5721678      1.5231751      1.6086727      1.5838883      1.5952000      1.6050910      1.5927022      1.6761893      1.6973373      1.6912639      1.5869392      1.6773098      1.7035358      1.7111028      1.7400245      1.6975695      1.6297262 
    45.0000000        1.6287729      1.5402815      1.5814397      1.4838169      1.5594534      1.7802279      1.5832453      1.6676658      1.6502820      1.5185793      1.7179356      1.6632704      1.6918780      1.7547274      1.6345442      1.6102903      1.7056174      1.6536936      1.5568158      1.6519763      1.4874884      1.5592261      1.5507401      1.5706579      1.5215588      1.6071882      1.5825481      1.5935636      1.6033896      1.5909891      1.6744668      1.6956760      1.6895758      1.5854116      1.6756014      1.7019885      1.7095933      1.7377954      1.6955358      1.6281354 
    45.2000000        1.6280603      1.5396356      1.5806962      1.4832178      1.5587351      1.7794445      1.5825031      1.6669768      1.6494394      1.5178732      1.7171534      1.6624152      1.6911842      1.7539418      1.6337440      1.6094949      1.7048955      1.6530157      1.5562929      1.6513650      1.4869916      1.5586340      1.5501563      1.5700540      1.5209122      1.6065944      1.5820120      1.5929091      1.6027091      1.5903039      1.6737778      1.6950115      1.6889005      1.5848006      1.6750014      1.7013696      1.7089895      1.7369038      1.6947223      1.6274991 
    45.2000000        1.6280603      1.5396356      1.5806962      1.4832178      1.5587351      1.7794445      1.5825031      1.6669768      1.6494394      1.5178732      1.7171534      1.6624152      1.6911842      1.7539418      1.6337440      1.6094949      1.7048955      1.6530157      1.5562929      1.6513650      1.4869916      1.5586340      1.5501563      1.5700540      1.5209122      1.6065944      1.5820120      1.5929091      1.6027091      1.5903039      1.6737778      1.6950115      1.6889005      1.5848006      1.6750014      1.7013696      1.7089895      1.7369038      1.6947223      1.6274991 
    45.5000000        1.6269913      1.5386668      1.5795809      1.4823191      1.5576578      1.7782695      1.5814935      1.6659431      1.6481754      1.5168140      1.7159801      1.6611324      1.6901436      1.7527635      1.6325438      1.6083019      1.7038996      1.6519989      1.5555086      1.6504482      1.4862464      1.5577457      1.5492805      1.5691480      1.5199487      1.6057037      1.5812079      1.5919273      1.6017295      1.5892761      1.6727442      1.6940148      1.6878876      1.5838841      1.6741593      1.7004413      1.7080838      1.7355663      1.6935020      1.6265446 
    46.0000000        1.6252097      1.5370521      1.5777221      1.4808213      1.5558622      1.7763111      1.5798476      1.6642204      1.6460688      1.5150487      1.7140247      1.6590960      1.6884093      1.7507995      1.6305433      1.6063135      1.7022901      1.6504784      1.5542015      1.6489200      1.4850044      1.5563450      1.5478209      1.5676382      1.5185090      1.6042192      1.5798676      1.5902909      1.6001416      1.5875630      1.6710217      1.6923535      1.6861995      1.5823565      1.6727559      1.6988940      1.7065743      1.7333372      1.6914683      1.6249539 
    46.5000000        1.6234281      1.5354374      1.5760080      1.4793234      1.5540665      1.7743527      1.5782017      1.6624977      1.6439622      1.5134100      1.7120692      1.6570803      1.6866749      1.7488356      1.6285428      1.6045042      1.7006807      1.6490229      1.5528944      1.6473919      1.4837624      1.5550503      1.5463614      1.5661283      1.5170693      1.6027347      1.5785274      1.5886545      1.5985536      1.5858500      1.6692991      1.6906922      1.6845113      1.5809137      1.6713525      1.6973467      1.7050649      1.7311081      1.6894345      1.6233631 
    47.0000000        1.6216464      1.5338227      1.5744029      1.4778256      1.5522709      1.7723942      1.5765559      1.6607750      1.6418557      1.5118124      1.7101137      1.6550647      1.6849406      1.7468716      1.6267563      1.6027106      1.6990712      1.6475675      1.5515872      1.6458638      1.4825204      1.5537557      1.5449018      1.5646184      1.5156296      1.6012502      1.5771872      1.5871639      1.5969657      1.5841370      1.6675765      1.6890310      1.6829780      1.5795688      1.6699491      1.6957995      1.7035554      1.7288790      1.6874007      1.6217723 
    47.5000000        1.6198648      1.5322080      1.5727978      1.4763277      1.5504753      1.7704358      1.5749100      1.6590523      1.6398671      1.5102149      1.7081583      1.6530490      1.6832063      1.7449077      1.6249789      1.6009170      1.6974618      1.6461120      1.5502801      1.6443357      1.4812783      1.5524610      1.5434422      1.5633504      1.5141899      1.5997657      1.5758470      1.5857705      1.5953777      1.5824239      1.6658540      1.6873697      1.6815453      1.5782239      1.6685457      1.6942522      1.7020459      1.7267491      1.6853670      1.6201815 
    47.8000000        1.6187958      1.5312392      1.5718348      1.4754290      1.5493980      1.7692608      1.5739225      1.6580187      1.6387495      1.5092564      1.7069850      1.6518396      1.6821657      1.7437293      1.6239124      1.5998409      1.6964961      1.6452387      1.5494958      1.6434188      1.4805331      1.5516842      1.5425665      1.5625899      1.5133261      1.5988750      1.5750428      1.5849344      1.5944250      1.5813961      1.6648610      1.6863730      1.6806857      1.5774169      1.6677037      1.6933238      1.7011402      1.7254849      1.6841467      1.6192271 
    47.8000000        1.6187958      1.5312392      1.5718348      1.4754290      1.5493980      1.7692608      1.5739225      1.6580187      1.6387495      1.5092564      1.7069850      1.6518396      1.6821657      1.7437293      1.6239124      1.5998409      1.6964961      1.6452387      1.5494958      1.6434188      1.4805331      1.5516842      1.5425665      1.5625899      1.5133261      1.5988750      1.5750428      1.5849344      1.5944250      1.5813961      1.6648610      1.6863730      1.6806857      1.5774169      1.6677037      1.6933238      1.7011402      1.7254849      1.6841467      1.6192271 
    48.0000000        1.6180832      1.5305933      1.5711928      1.4748299      1.5487610      1.7684774      1.5732641      1.6573296      1.6380044      1.5086174      1.7062706      1.6510334      1.6814719      1.7429437      1.6232014      1.5991235      1.6958523      1.6446565      1.5489730      1.6428410      1.4800363      1.5511663      1.5419826      1.5620828      1.5127502      1.5982812      1.5745067      1.5843770      1.5937898      1.5807109      1.6642216      1.6857085      1.6801126      1.5768790      1.6671423      1.6927049      1.7005364      1.7246421      1.6833332      1.6185908 
    48.5000000        1.6164397      1.5289786      1.5695877      1.4733320      1.5472301      1.7665522      1.5716183      1.6556069      1.6361416      1.5070198      1.7044991      1.6490177      1.6797376      1.7409798      1.6214240      1.5973299      1.6942429      1.6432011      1.5476658      1.6415025      1.4787943      1.5498717      1.5405231      1.5608153      1.5113106      1.5967967      1.5731665      1.5829836      1.5922018      1.5789978      1.6626229      1.6840472      1.6786799      1.5755340      1.6657390      1.6911576      1.6990269      1.7225351      1.6812994      1.6170000 
    48.5000000        1.6164397      1.5289786      1.5695877      1.4733320      1.5472301      1.7665522      1.5716183      1.6556069      1.6361416      1.5070198      1.7044991      1.6490177      1.6797376      1.7409798      1.6214240      1.5973299      1.6942429      1.6432011      1.5476658      1.6415025      1.4787943      1.5498717      1.5405231      1.5608153      1.5113106      1.5967967      1.5731665      1.5829836      1.5922018      1.5789978      1.6626229      1.6840472      1.6786799      1.5755340      1.6657390      1.6911576      1.6990269      1.7225351      1.6812994      1.5780000 
    49.0000000        1.6148350      1.5273639      1.5679827      1.4718342      1.5456992      1.7647548      1.5699724      1.6538842      1.6342788      1.5054223      1.7027276      1.6470020      1.6780032      1.7390158      1.6196465      1.5955363      1.6926334      1.6417456      1.5463587      1.6401639      1.4775523      1.5485770      1.5392215      1.5595478      1.5098709      1.5953122      1.5718263      1.5815902      1.5906139      1.5772848      1.6610243      1.6823860      1.6772473      1.5741891      1.6643356      1.6896104      1.6975175      1.7204281      1.6792657      1.5766248 
    49.5000000        1.6132304      1.5257492      1.5663776      1.4703363      1.5441683      1.7629574      1.5683265      1.6521615      1.6324161      1.5038248      1.7009561      1.6449864      1.6762689      1.7371166      1.6178691      1.5937427      1.6910240      1.6402902      1.5450515      1.6388254      1.4763103      1.5472824      1.5380082      1.5582802      1.5084312      1.5938276      1.5704860      1.5801967      1.5890259      1.5757711      1.6594256      1.6807247      1.6758146      1.5728442      1.6629322      1.6880631      1.6960080      1.7183211      1.6773794      1.5752497 
    49.8000000        1.6122676      1.5247804      1.5654146      1.4694376      1.5432497      1.7618789      1.5673390      1.6511854      1.6312984      1.5028662      1.6998932      1.6437770      1.6752283      1.7359923      1.6168026      1.5926665      1.6900583      1.6394169      1.5442673      1.6380223      1.4755650      1.5465056      1.5372803      1.5575197      1.5075674      1.5929472      1.5696819      1.5793607      1.5880731      1.5748950      1.6584664      1.6797280      1.6749550      1.5720372      1.6620901      1.6871347      1.6951023      1.7170568      1.6762492      1.5744246 
    49.8000000        1.6122676      1.5247804      1.5654146      1.4694376      1.5432497      1.7618789      1.5673390      1.6511854      1.6312984      1.5028662      1.6998932      1.6437770      1.6752283      1.7359923      1.6168026      1.5926665      1.6900583      1.6394169      1.5442673      1.6380223      1.4755650      1.5465056      1.5372803      1.5575197      1.5075674      1.5929472      1.5696819      1.5793607      1.5880731      1.5748950      1.6584664      1.6797280      1.6749550      1.5720372      1.6620901      1.6871347      1.6951023      1.7170568      1.6762492      1.5744246 
    50.0000000        1.6116257      1.5242015      1.5647726      1.4688600      1.5426374      1.7611599      1.5666807      1.6505929      1.6305533      1.5022272      1.6991846      1.6429707      1.6745345      1.7352428      1.6160916      1.5919491      1.6894145      1.6388347      1.5437444      1.6374869      1.4750682      1.5459877      1.5367949      1.5570127      1.5069915      1.5923970      1.5691458      1.5788033      1.5874380      1.5743109      1.6578269      1.6790635      1.6743819      1.5714993      1.6615288      1.6865158      1.6944985      1.7162140      1.6754958      1.5738745 
    50.5000000        1.6100211      1.5227618      1.5631675      1.4674444      1.5411065      1.7593625      1.5650348      1.6491116      1.6286905      1.5006297      1.6974131      1.6409551      1.6728704      1.7333690      1.6143142      1.5901555      1.6878051      1.6373792      1.5424373      1.6361484      1.4738262      1.5446930      1.5355816      1.5557451      1.5055518      1.5910215      1.5678056      1.5774098      1.5858500      1.5728506      1.6562283      1.6775598      1.6729492      1.5701543      1.6601254      1.6850266      1.6929890      1.7141070      1.6736121      1.5724994 
    51.0000000        1.6084164      1.5213221      1.5615625      1.4660288      1.5395756      1.7575651      1.5634402      1.6476304      1.6268278      1.4990322      1.6956416      1.6391138      1.6712525      1.7314952      1.6125367      1.5883619      1.6861956      1.6359238      1.5411787      1.6348099      1.4725842      1.5433984      1.5343684      1.5544776      1.5041121      1.5896461      1.5666230      1.5760164      1.5842621      1.5713903      1.6546296      1.6761457      1.6715165      1.5688094      1.6587220      1.6836950      1.6915900      1.7120000      1.6717285      1.5711242 
    51.0000000        1.6084164      1.5213221      1.5615625      1.4660288      1.5395756      1.7575651      1.5634402      1.6476304      1.6268278      1.4990322      1.6956416      1.6391138      1.6712525      1.7314952      1.6125367      1.5883619      1.6861956      1.6359238      1.5411787      1.6348099      1.4725842      1.5433984      1.5343684      1.5544776      1.5041121      1.5896461      1.5666230      1.5760164      1.5842621      1.5713903      1.6546296      1.6761457      1.6715165      1.5688094      1.6587220      1.6836950      1.6915900      1.6620000      1.6717285      1.5711242 
    51.5000000        1.6068118      1.5198823      1.5599574      1.4646131      1.5380447      1.7557676      1.5619787      1.6461491      1.6249650      1.4974346      1.6938701      1.6372901      1.6696346      1.7296214      1.6107593      1.5866803      1.6846719      1.6344683      1.5400268      1.6334714      1.4713762      1.5421037      1.5331551      1.5532101      1.5026998      1.5882706      1.5654549      1.5746230      1.5828437      1.5699301      1.6530310      1.6747315      1.6700838      1.5674645      1.6573186      1.6823633      1.6902819      1.6600915      1.6698448      1.5697491 
    52.0000000        1.6052071      1.5184426      1.5584384      1.4631975      1.5365138      1.7539702      1.5605173      1.6446679      1.6231022      1.4959946      1.6920986      1.6354665      1.6680167      1.7277476      1.6089920      1.5850654      1.6832352      1.6330169      1.5388750      1.6321328      1.4703494      1.5408090      1.5319418      1.5519425      1.5013574      1.5868951      1.5642868      1.5732295      1.5814855      1.5684698      1.6514323      1.6733174      1.6686512      1.5661196      1.6560408      1.6810317      1.6889738      1.6581830      1.6679611      1.5683739 
    52.5000000        1.6036025      1.5170029      1.5569905      1.4617819      1.5349829      1.7521727      1.5590558      1.6431866      1.6212637      1.4946288      1.6903271      1.6336429      1.6663988      1.7258738      1.6072875      1.5834505      1.6817985      1.6316535      1.5377232      1.6307943      1.4693226      1.5395144      1.5307285      1.5506750      1.5000150      1.5855196      1.5631188      1.5718361      1.5801272      1.5670095      1.6498337      1.6719033      1.6672185      1.5647746      1.6548122      1.6797001      1.6876657      1.6562744      1.6660775      1.5670932 
    53.0000000        1.6019978      1.5155632      1.5555427      1.4603662      1.5334520      1.7503753      1.5575944      1.6417054      1.6195522      1.4932630      1.6885556      1.6318193      1.6647809      1.7240000      1.6055830      1.5818356      1.6803618      1.6302902      1.5365714      1.6294558      1.4682958      1.5383413      1.5295152      1.5494075      1.4986726      1.5841441      1.5619507      1.5704493      1.5787690      1.5655493      1.6482350      1.6704891      1.6657858      1.5634791      1.6535837      1.6783685      1.6863575      1.6543659      1.6641938      1.5659052 
    53.0000000        1.6019978      1.5155632      1.5555427      1.4603662      1.5334520      1.7503753      1.5575944      1.6417054      1.6195522      1.4932630      1.6885556      1.6318193      1.6647809      1.6450000      1.6055830      1.5818356      1.6803618      1.6302902      1.5365714      1.6294558      1.4682958      1.5383413      1.5295152      1.5494075      1.4986726      1.5841441      1.5619507      1.5704493      1.5787690      1.5655493      1.6482350      1.6704891      1.6657858      1.5634791      1.6535837      1.6783685      1.6863575      1.6543659      1.6641938      1.5659052 
    53.5000000        1.6003931      1.5141235      1.5540948      1.4589506      1.5319211      1.7485779      1.5561330      1.6402241      1.6178407      1.4918972      1.6868001      1.6299957      1.6631629      1.6435319      1.6038785      1.5802207      1.6789251      1.6289269      1.5354196      1.6281173      1.4672690      1.5372073      1.5283019      1.5481399      1.4973303      1.5827686      1.5607826      1.5690725      1.5774108      1.5640890      1.6466364      1.6690750      1.6644350      1.5622936      1.6523552      1.6770369      1.6850494      1.6524574      1.6623102      1.5647173 
    53.5000000        1.6003931      1.5141235      1.5540948      1.4589506      1.5319211      1.7485779      1.5561330      1.6402241      1.6178407      1.4918972      1.6868001      1.6299957      1.6631629      1.6435319      1.6038785      1.5802207      1.6789251      1.6289269      1.5354196      1.6281173      1.4672690      1.5372073      1.5283019      1.5481399      1.4973303      1.5827686      1.5607826      1.5690725      1.5774108      1.5640890      1.6466364      1.6690750      1.6644350      1.5622936      1.6523552      1.6770369      1.6850494      1.6524574      1.6623102      1.5647173 
    54.0000000        1.5988321      1.5126837      1.5526469      1.4575350      1.5304761      1.7467804      1.5546715      1.6387428      1.6161292      1.4905313      1.6852333      1.6281720      1.6615450      1.6420638      1.6021740      1.5786058      1.6774884      1.6275635      1.5342678      1.6267788      1.4662423      1.5360732      1.5270886      1.5468805      1.4959879      1.5813932      1.5596146      1.5676957      1.5760526      1.5626287      1.6451990      1.6676608      1.6631160      1.5611081      1.6511267      1.6757053      1.6837413      1.6505489      1.6604265      1.5635293 
    54.0000000        1.5988321      1.5126837      1.5526469      1.4575350      1.5304761      1.7467804      1.5546715      1.6387428      1.6161292      1.4905313      1.6852333      1.6281720      1.6615450      1.6420638      1.6021740      1.5786058      1.6774884      1.6275635      1.5342678      1.6267788      1.4662423      1.5360732      1.5270886      1.5468805      1.4959879      1.5813932      1.5596146      1.5676957      1.5760526      1.5626287      1.6451990      1.6676608      1.6631160      1.5611081      1.6511267      1.6757053      1.6837413      1.6505489      1.6604265      1.5635293 
    54.1000000        1.5985428      1.5123958      1.5523573      1.4572519      1.5301928      1.7464210      1.5543792      1.6384466      1.6157869      1.4902582      1.6849200      1.6278073      1.6612215      1.6417702      1.6018331      1.5782828      1.6772010      1.6272909      1.5340374      1.6265111      1.4660369      1.5358464      1.5268460      1.5466676      1.4957194      1.5811181      1.5593809      1.5674203      1.5757810      1.5623367      1.6449255      1.6673780      1.6628522      1.5608710      1.6508810      1.6754390      1.6834797      1.6501672      1.6600498      1.5632917 
    54.1000000        1.5985428      1.5123958      1.5523573      1.4572519      1.5301928      1.7464210      1.5543792      1.6384466      1.6157869      1.4902582      1.6849200      1.6278073      1.6612215      1.6417702      1.6018331      1.5782828      1.6772010      1.6272909      1.5340374      1.6265111      1.4660369      1.5358464      1.5268460      1.5466676      1.4957194      1.5811181      1.5593809      1.5674203      1.5757810      1.5623367      1.6449255      1.6673780      1.6628522      1.5608710      1.6508810      1.6754390      1.6834797      1.6501672      1.6600498      1.5632917 
    54.2000000        1.5982535      1.5121079      1.5520678      1.4569687      1.5299095      1.7460628      1.5540869      1.6381503      1.6154446      1.4899850      1.6846066      1.6274426      1.6608979      1.6414766      1.6014922      1.5779598      1.6769137      1.6270182      1.5338071      1.6262434      1.4658316      1.5356196      1.5266033      1.5464546      1.4954509      1.5808430      1.5591473      1.5671449      1.5755093      1.5620446      1.6446519      1.6670952      1.6625884      1.5606339      1.6506353      1.6751726      1.6832180      1.6497855      1.6596730      1.5630541 
    54.2000000        1.5982535      1.5121079      1.5520678      1.4569687      1.5299095      1.7460628      1.5540869      1.6381503      1.6154446      1.4899850      1.6846066      1.6274426      1.6608979      1.6414766      1.6014922      1.5779598      1.6769137      1.6270182      1.5338071      1.6262434      1.4658316      1.5356196      1.5266033      1.5464546      1.4954509      1.5808430      1.5591473      1.5671449      1.5755093      1.5620446      1.6446519      1.6670952      1.6625884      1.5606339      1.6506353      1.6751726      1.6832180      1.6497855      1.6596730      1.5630541 
    54.5000000        1.5973856      1.5112440      1.5511990      1.4561193      1.5290597      1.7450000      1.5532101      1.6372616      1.6144177      1.4891655      1.6836666      1.6263484      1.6599271      1.6405957      1.6004695      1.5769909      1.6760517      1.6262002      1.5331160      1.6254403      1.4652155      1.5349391      1.5258754      1.5458159      1.4946455      1.5800177      1.5584465      1.5663188      1.5746944      1.5611684      1.6438313      1.6662467      1.6617970      1.5599226      1.6498982      1.6743737      1.6824332      1.6486404      1.6585588      1.5623413 
    54.5000000        1.5973856      1.5112440      1.5511990      1.4561193      1.5290597      1.7050000      1.5532101      1.6372616      1.6144177      1.4891655      1.6836666      1.6263484      1.6599271      1.6405957      1.6004695      1.5769909      1.6760517      1.6262002      1.5331160      1.6254403      1.4652155      1.5349391      1.5258754      1.5458159      1.4946455      1.5800177      1.5584465      1.5663188      1.5746944      1.5611684      1.6438313      1.6662467      1.6617970      1.5599226      1.6498982      1.6743737      1.6824332      1.6486404      1.6585588      1.5623413 
    55.0000000        1.5959391      1.5098043      1.5497512      1.4547037      1.5276432      1.7033315      1.5517486      1.6357803      1.6127062      1.4877997      1.6820998      1.6245248      1.6583092      1.6391276      1.5987649      1.5753760      1.6746150      1.6248368      1.5319642      1.6241721      1.4641887      1.5338051      1.5246621      1.5447513      1.4933031      1.5786422      1.5572784      1.5649420      1.5733362      1.5597082      1.6424637      1.6648326      1.6604780      1.5587370      1.6486697      1.6730421      1.6811250      1.6467318      1.6567190      1.5611533 
    55.5000000        1.5944926      1.5083646      1.5483033      1.4532881      1.5262268      1.7016630      1.5502872      1.6342991      1.6109946      1.4864339      1.6805330      1.6227012      1.6566913      1.6376595      1.5970604      1.5737611      1.6731783      1.6234735      1.5308123      1.6230170      1.4631619      1.5326710      1.5234488      1.5436867      1.4919608      1.5772667      1.5561104      1.5635652      1.5719780      1.5583580      1.6410960      1.6634184      1.6591590      1.5575515      1.6474412      1.6717105      1.6798169      1.6448233      1.6548791      1.5599654 
    56.0000000        1.5930462      1.5069249      1.5468554      1.4519148      1.5248104      1.6999945      1.5488258      1.6328355      1.6092831      1.4850681      1.6789662      1.6208776      1.6550734      1.6361914      1.5953559      1.5721462      1.6717416      1.6221102      1.5296605      1.6218618      1.4621351      1.5315370      1.5223463      1.5426220      1.4906184      1.5758912      1.5549423      1.5621884      1.5706198      1.5570614      1.6397284      1.6620043      1.6578401      1.5563660      1.6462127      1.6703789      1.6785088      1.6430349      1.6530392      1.5587774 
    56.0000000        1.5930462      1.5069249      1.5468554      1.4519148      1.5248104      1.6999945      1.5488258      1.6328355      1.6092831      1.4850681      1.6789662      1.6208776      1.6550734      1.6361914      1.5953559      1.5721462      1.6717416      1.6221102      1.5296605      1.6218618      1.4621351      1.5315370      1.5223463      1.5426220      1.4906184      1.5758912      1.5549423      1.5621884      1.5706198      1.5570614      1.6397284      1.6620043      1.6578401      1.5563660      1.6462127      1.6703789      1.6785088      1.6430349      1.6530392      1.5587774 
    56.5000000        1.5915997      1.5056366      1.5454075      1.4506369      1.5233940      1.6983260      1.5473643      1.6314552      1.6075716      1.4837023      1.6773994      1.6192466      1.6535113      1.6347233      1.5936514      1.5705313      1.6703049      1.6207468      1.5285087      1.6207067      1.4611083      1.5304029      1.5212927      1.5415574      1.4892760      1.5745265      1.5537742      1.5608116      1.5692616      1.5557647      1.6383607      1.6605902      1.6565211      1.5551805      1.6449841      1.6690472      1.6772007      1.6413726      1.6511994      1.5575894 
    57.0000000        1.5901532      1.5043609      1.5439597      1.4493591      1.5219775      1.6966575      1.5459029      1.6300750      1.6058601      1.4823364      1.6758326      1.6176278      1.6521243      1.6332434      1.5919469      1.5689476      1.6688682      1.6193835      1.5273569      1.6195515      1.4600816      1.5292688      1.5202392      1.5404928      1.4879336      1.5732999      1.5526061      1.5594348      1.5679034      1.5544681      1.6369931      1.6592395      1.6552021      1.5539950      1.6437556      1.6677156      1.6758925      1.6397103      1.6493595      1.5564014 
    57.5000000        1.5887067      1.5030852      1.5425118      1.4480812      1.5205611      1.6949890      1.5445197      1.6286947      1.6041486      1.4809706      1.6742658      1.6160089      1.6507374      1.6317625      1.5902424      1.5674933      1.6674315      1.6180201      1.5262051      1.6183964      1.4590548      1.5281348      1.5191856      1.5394282      1.4865912      1.5720733      1.5514381      1.5580580      1.5665451      1.5531714      1.6356254      1.6579343      1.6538831      1.5528095      1.6425271      1.6663840      1.6745844      1.6380480      1.6475196      1.5552135 
    58.0000000        1.5872602      1.5018095      1.5410930      1.4468033      1.5191447      1.6933205      1.5431796      1.6273145      1.6024371      1.4796317      1.6726990      1.6143901      1.6493504      1.6302816      1.5886749      1.5660389      1.6660118      1.6166568      1.5250533      1.6172412      1.4580280      1.5270007      1.5181320      1.5383636      1.4852686      1.5708466      1.5502700      1.5566812      1.5652536      1.5518748      1.6342577      1.6566290      1.6525642      1.5516240      1.6412986      1.6652061      1.6732763      1.6363857      1.6456797      1.5540255 
    58.5000000        1.5858137      1.5005338      1.5397341      1.4455255      1.5177282      1.6916520      1.5418394      1.6259342      1.6008579      1.4783589      1.6711323      1.6127713      1.6479635      1.6288008      1.5873074      1.5645845      1.6647290      1.6152935      1.5239015      1.6160861      1.4570012      1.5258666      1.5170785      1.5372990      1.4841215      1.5696200      1.5492168      1.5553043      1.5639891      1.5505781      1.6328901      1.6553238      1.6512452      1.5504385      1.6400701      1.6640602      1.6721151      1.6347234      1.6438399      1.5528375 
    59.0000000        1.5843673      1.4992581      1.5383751      1.4442476      1.5163118      1.6899835      1.5404992      1.6245539      1.5992895      1.4770861      1.6695655      1.6111525      1.6465765      1.6273199      1.5859399      1.5631302      1.6634462      1.6139301      1.5228065      1.6149309      1.4559744      1.5247326      1.5160249      1.5362344      1.4829744      1.5683934      1.5481980      1.5539275      1.5627245      1.5492815      1.6315224      1.6540186      1.6499262      1.5492530      1.6388416      1.6629144      1.6709803      1.6330610      1.6420000      1.5516496 
    59.0000000        1.5843673      1.4992581      1.5383751      1.4442476      1.5163118      1.6899835      1.5404992      1.6245539      1.5992895      1.4770861      1.6695655      1.6111525      1.6465765      1.6273199      1.5859399      1.5631302      1.6634462      1.6139301      1.5228065      1.6149309      1.4559744      1.5247326      1.5160249      1.5362344      1.4829744      1.5683934      1.5481980      1.5539275      1.5627245      1.5492815      1.6315224      1.6540186      1.6499262      1.5492530      1.6388416      1.6629144      1.6709803      1.6330610      1.5090000      1.5516496 
    59.5000000        1.5829208      1.4979824      1.5370162      1.4429697      1.5148954      1.6883150      1.5391591      1.6231737      1.5977212      1.4758133      1.6679987      1.6095337      1.6451896      1.6258390      1.5845724      1.5616758      1.6621634      1.6127232      1.5218546      1.6137758      1.4549874      1.5235985      1.5149714      1.5351698      1.4818273      1.5671667      1.5471793      1.5525507      1.5614599      1.5479849      1.6301548      1.6527134      1.6486072      1.5480675      1.6376881      1.6617685      1.6698455      1.6313987      1.5075181      1.5504616 
    60.0000000        1.5814743      1.4967067      1.5356572      1.4416919      1.5134790      1.6866465      1.5378189      1.6217934      1.5961528      1.4745404      1.6664881      1.6079149      1.6438026      1.6243581      1.5832049      1.5602215      1.6608805      1.6115265      1.5209027      1.6126206      1.4540540      1.5224645      1.5139178      1.5341051      1.4806802      1.5659401      1.5461606      1.5513462      1.5601954      1.5466882      1.6287871      1.6514081      1.6472882      1.5468820      1.6365681      1.6606227      1.6687107      1.6297364      1.5060362      1.5492736 
    60.5000000        1.5801000      1.4954310      1.5342983      1.4404140      1.5121841      1.6850518      1.5364787      1.6204132      1.5945845      1.4732676      1.6651007      1.6062960      1.6424157      1.6228773      1.5818374      1.5587671      1.6595977      1.6103298      1.5199508      1.6114655      1.4531207      1.5213507      1.5128643      1.5330405      1.4795331      1.5647135      1.5451418      1.5502564      1.5589308      1.5453916      1.6274388      1.6501029      1.6459975      1.5457501      1.6354481      1.6594769      1.6675759      1.6280741      1.5045543      1.5482475 
    60.5000000        1.5801000      1.4954310      1.5342983      1.4404140      1.5121841      1.6850518      1.5364787      1.6204132      1.5945845      1.4732676      1.6651007      1.6062960      1.6424157      1.6228773      1.5818374      1.5587671      1.6595977      1.6103298      1.5199508      1.6114655      1.4531207      1.5213507      1.5128643      1.5330405      1.4795331      1.5647135      1.5451418      1.5502564      1.5589308      1.5453916      1.6274388      1.6501029      1.6459975      1.5457501      1.6354481      1.6594769      1.6675759      1.6280741      1.5045543      1.5482475 
    61.0000000        1.5787944      1.4941552      1.5329393      1.4391361      1.5109374      1.6836860      1.5351386      1.6190329      1.5930161      1.4719948      1.6637132      1.6046772      1.6410287      1.6213964      1.5804699      1.5573127      1.6583149      1.6091331      1.5189989      1.6103103      1.4521873      1.5203528      1.5118107      1.5319759      1.4783860      1.5634868      1.5441231      1.5491667      1.5576663      1.5440949      1.6261680      1.6487977      1.6448801      1.5447034      1.6343282      1.6583310      1.6664411      1.6264118      1.5030724      1.5472274 
    61.5000000        1.5774888      1.4928795      1.5315804      1.4378583      1.5096907      1.6823202      1.5337984      1.6176527      1.5914478      1.4707220      1.6623257      1.6030584      1.6396418      1.6199155      1.5791025      1.5558584      1.6570321      1.6079364      1.5180470      1.6091552      1.4512540      1.5193548      1.5107571      1.5309113      1.4772389      1.5622602      1.5431044      1.5480769      1.5564017      1.5427983      1.6248973      1.6474925      1.6437627      1.5436568      1.6332082      1.6571852      1.6653063      1.6247495      1.5015905      1.5462073 
    62.0000000        1.5761832      1.4916038      1.5302214      1.4365804      1.5084441      1.6809544      1.5324582      1.6162724      1.5898794      1.4694492      1.6609383      1.6014481      1.6382548      1.6184346      1.5777350      1.5544040      1.6557493      1.6067397      1.5170951      1.6080000      1.4503206      1.5183568      1.5097036      1.5298590      1.4760918      1.5610336      1.5420856      1.5469872      1.5551372      1.5415044      1.6236265      1.6461872      1.6426453      1.5426102      1.6320883      1.6560393      1.6641714      1.6230872      1.5001086      1.5451872 
    62.0000000        1.5761832      1.4916038      1.5302214      1.4365804      1.5084441      1.6809544      1.5324582      1.6162724      1.5898794      1.4694492      1.6609383      1.6014481      1.6382548      1.6184346      1.5777350      1.5544040      1.6557493      1.6067397      1.5170951      1.5550000      1.4503206      1.5183568      1.5097036      1.5298590      1.4760918      1.5610336      1.5420856      1.5469872      1.5551372      1.5415044      1.6236265      1.6461872      1.6426453      1.5426102      1.6320883      1.6560393      1.6641714      1.6230872      1.5001086      1.5451872 
    62.5000000        1.5748776      1.4903281      1.5288625      1.4353107      1.5071974      1.6795886      1.5311181      1.6148922      1.5883110      1.4681763      1.6595508      1.5999681      1.6368679      1.6169537      1.5763675      1.5529496      1.6544665      1.6055430      1.5161433      1.5539845      1.4493873      1.5173588      1.5086500      1.5288798      1.4749447      1.5598070      1.5410669      1.5458974      1.5538726      1.5403056      1.6223557      1.6448820      1.6415279      1.5415635      1.6309683      1.6548935      1.6630366      1.6210357      1.4986267      1.5441671 
    63.0000000        1.5735720      1.4890524      1.5275035      1.4341602      1.5059507      1.6782228      1.5297779      1.6135597      1.5867427      1.4669035      1.6581634      1.5984882      1.6354809      1.6154729      1.5750000      1.5514953      1.6531837      1.6043463      1.5151914      1.5529691      1.4484539      1.5163608      1.5075965      1.5279006      1.4737976      1.5585803      1.5400482      1.5448077      1.5526081      1.5391068      1.6210850      1.6435768      1.6404105      1.5405169      1.6298484      1.6537476      1.6619018      1.6189819      1.4971449      1.5431470 
    63.0000000        1.5735720      1.4890524      1.5275035      1.4341602      1.5059507      1.6782228      1.5297779      1.6135597      1.5867427      1.4669035      1.6581634      1.5984882      1.6354809      1.6154729      1.4850000      1.5514953      1.6531837      1.6043463      1.5151914      1.5529691      1.4484539      1.5163608      1.5075965      1.5279006      1.4737976      1.5585803      1.5400482      1.5448077      1.5526081      1.5391068      1.6210850      1.6435768      1.6404105      1.5405169      1.6298484      1.6537476      1.6619018      1.6189819      1.4971449      1.5431470 
    63.5000000        1.5722664      1.4878991      1.5261446      1.4330096      1.5047040      1.6768570      1.5284377      1.6123768      1.5851743      1.4656307      1.6567759      1.5970083      1.6341537      1.6139920      1.4836012      1.5501128      1.6519008      1.6031496      1.5142395      1.5519536      1.4475205      1.5153628      1.5065429      1.5269214      1.4726505      1.5573537      1.5390294      1.5437179      1.5513435      1.5379080      1.6198142      1.6422716      1.6392931      1.5394703      1.6287284      1.6526018      1.6607670      1.6169281      1.4956763      1.5421270 
    64.0000000        1.5709608      1.4867654      1.5247856      1.4318591      1.5034574      1.6754912      1.5270976      1.6111940      1.5836060      1.4643579      1.6553884      1.5955283      1.6329257      1.6125758      1.4822024      1.5488021      1.6506180      1.6019529      1.5132876      1.5509382      1.4465872      1.5143649      1.5055507      1.5259422      1.4715034      1.5561299      1.5380107      1.5426282      1.5500789      1.5367092      1.6185434      1.6409664      1.6381757      1.5384236      1.6276085      1.6514560      1.6596322      1.6148743      1.4942101      1.5411069 
    64.5000000        1.5696552      1.4856317      1.5234266      1.4307085      1.5022107      1.6741254      1.5258073      1.6100111      1.5821308      1.4630851      1.6540010      1.5940484      1.6316976      1.6111667      1.4808037      1.5474913      1.6493352      1.6007562      1.5123357      1.5499025      1.4456538      1.5133669      1.5045944      1.5249630      1.4703563      1.5550330      1.5369920      1.5415385      1.5488144      1.5355105      1.6172727      1.6397887      1.6370583      1.5373770      1.6264885      1.6503101      1.6584974      1.6128205      1.4927439      1.5400868 
    65.0000000        1.5683496      1.4844980      1.5222059      1.4295580      1.5009640      1.6727596      1.5246358      1.6088283      1.5807032      1.4618678      1.6526135      1.5925684      1.6304695      1.6097576      1.4794049      1.5461805      1.6480524      1.5995595      1.5113838      1.5488629      1.4447205      1.5123689      1.5036380      1.5239838      1.4692092      1.5539362      1.5359732      1.5404487      1.5475707      1.5343117      1.6160019      1.6386337      1.6359409      1.5363304      1.6253686      1.6491643      1.6573626      1.6107666      1.4912777      1.5390667 
    65.5000000        1.5670439      1.4833643      1.5210331      1.4284074      1.4997173      1.6713938      1.5234644      1.6076454      1.5792755      1.4607377      1.6512261      1.5910885      1.6292415      1.6083486      1.4780061      1.5448697      1.6467914      1.5983628      1.5104320      1.5478232      1.4437871      1.5113709      1.5026817      1.5230045      1.4681039      1.5528393      1.5349545      1.5393590      1.5464917      1.5331129      1.6147311      1.6374788      1.6348235      1.5352838      1.6242486      1.6480184      1.6562278      1.6087128      1.4898116      1.5380466 
    66.0000000        1.5657383      1.4822306      1.5198603      1.4272569      1.4984707      1.6700280      1.5222929      1.6064626      1.5778478      1.4596076      1.6498386      1.5896085      1.6280134      1.6069395      1.4766073      1.5435590      1.6456914      1.5971661      1.5094801      1.5467835      1.4428538      1.5103729      1.5017254      1.5220253      1.4670769      1.5517424      1.5339358      1.5382692      1.5454128      1.5319141      1.6134604      1.6363238      1.6337061      1.5342371      1.6231287      1.6468813      1.6550930      1.6066590      1.4883454      1.5370265 
    66.5000000        1.5644327      1.4810969      1.5186874      1.4261063      1.4972240      1.6686622      1.5211214      1.6052797      1.5764201      1.4584775      1.6484512      1.5881286      1.6267854      1.6055304      1.4752085      1.5422482      1.6445914      1.5959694      1.5085282      1.5457438      1.4419204      1.5093749      1.5007690      1.5210461      1.4660498      1.5506455      1.5329170      1.5371795      1.5443338      1.5307153      1.6121896      1.6351688      1.6325887      1.5331905      1.6220087      1.6459322      1.6539582      1.6046052      1.4868792      1.5360064 
    67.0000000        1.5631271      1.4799632      1.5175146      1.4249558      1.4959773      1.6672964      1.5199500      1.6040969      1.5749924      1.4573474      1.6470637      1.5866487      1.6255573      1.6041213      1.4738098      1.5409374      1.6434914      1.5948357      1.5075763      1.5447041      1.4409870      1.5083769      1.4998127      1.5200669      1.4650228      1.5495487      1.5319503      1.5360897      1.5432548      1.5295165      1.6109188      1.6340139      1.6314713      1.5321439      1.6208888      1.6449832      1.6529567      1.6025514      1.4854130      1.5349863 
    67.5000000        1.5618871      1.4788295      1.5163418      1.4238052      1.4947306      1.6659306      1.5187785      1.6029140      1.5735647      1.4562173      1.6458678      1.5851687      1.6243292      1.6027122      1.4724060      1.5396267      1.6423914      1.5937622      1.5066244      1.5436644      1.4400537      1.5073790      1.4988564      1.5190877      1.4639958      1.5484518      1.5310610      1.5350000      1.5421758      1.5283177      1.6096481      1.6328589      1.6303539      1.5310972      1.6197688      1.6440341      1.6519698      1.6008829      1.4839468      1.5339663 
    68.0000000        1.5607575      1.4776958      1.5151690      1.4226547      1.4936616      1.6646528      1.5176070      1.6017312      1.5721370      1.4550873      1.6446934      1.5836888      1.6231012      1.6013031      1.4709968      1.5383159      1.6412914      1.5926887      1.5056725      1.5426248      1.4391203      1.5063810      1.4979000      1.5181085      1.4629688      1.5473549      1.5301717      1.5339773      1.5410968      1.5271189      1.6083864      1.6317040      1.6292365      1.5300506      1.6187414      1.6430851      1.6509828      1.5995894      1.4824806      1.5329462 
    68.5000000        1.5596280      1.4765621      1.5139961      1.4215042      1.4926107      1.6634338      1.5164356      1.6005483      1.5707093      1.4539572      1.6435191      1.5822088      1.6218731      1.5998940      1.4695876      1.5370051      1.6401914      1.5916153      1.5048049      1.5415851      1.4382332      1.5053830      1.4969437      1.5171293      1.4619417      1.5462581      1.5292824      1.5329545      1.5400178      1.5259202      1.6072526      1.6305490      1.6281191      1.5290040      1.6177995      1.6421361      1.6499959      1.5982960      1.4810144      1.5319261 
    69.0000000        1.5584985      1.4754284      1.5128233      1.4203536      1.4915597      1.6622147      1.5152641      1.5993654      1.5692816      1.4528271      1.6423448      1.5807785      1.6206451      1.5984849      1.4681784      1.5356944      1.6390914      1.5905418      1.5039739      1.5405454      1.4374572      1.5043850      1.4959874      1.5161501      1.4609147      1.5451612      1.5283931      1.5319318      1.5389388      1.5247214      1.6061188      1.6293940      1.6270582      1.5280156      1.6168576      1.6411870      1.6490090      1.5970025      1.4795482      1.5309224 
    69.5000000        1.5573689      1.4742947      1.5116505      1.4192031      1.4905088      1.6609956      1.5140926      1.5981826      1.5678540      1.4516970      1.6411704      1.5793893      1.6194170      1.5970758      1.4667692      1.5343836      1.6379914      1.5894683      1.5031428      1.5395057      1.4366811      1.5034372      1.4950310      1.5151709      1.4598877      1.5440643      1.5275038      1.5309091      1.5378598      1.5235226      1.6049850      1.6282391      1.6260324      1.5270899      1.6159157      1.6402380      1.6480220      1.5957090      1.4780821      1.5299287 
    70.0000000        1.5562394      1.4731610      1.5104776      1.4181114      1.4894579      1.6597765      1.5129212      1.5969997      1.5664263      1.4505669      1.6399961      1.5780000      1.6181889      1.5956667      1.4653600      1.5330728      1.6368914      1.5883949      1.5023118      1.5384660      1.4359050      1.5025604      1.4940747      1.5141917      1.4588606      1.5429674      1.5266145      1.5298864      1.5367808      1.5224367      1.6038513      1.6270841      1.6250065      1.5261643      1.6149739      1.6392889      1.6470351      1.5944156      1.4766719      1.5289350 
    70.0000000        1.5562394      1.4731610      1.5104776      1.4181114      1.4894579      1.6597765      1.5129212      1.5969997      1.5664263      1.4505669      1.6399961      1.4850000      1.6181889      1.5956667      1.4653600      1.5330728      1.6368914      1.5883949      1.5023118      1.5384660      1.4359050      1.5025604      1.4940747      1.5141917      1.4588606      1.5429674      1.5266145      1.5298864      1.5367808      1.5224367      1.6038513      1.6270841      1.6250065      1.5261643      1.6149739      1.6392889      1.6470351      1.5944156      1.4766719      1.5289350 
    70.5000000        1.5551099      1.4720273      1.5093048      1.4171264      1.4884070      1.6585574      1.5117497      1.5958169      1.5649986      1.4494368      1.6388218      1.4839116      1.6169609      1.5942576      1.4639508      1.5318149      1.6357914      1.5873214      1.5014807      1.5374263      1.4351289      1.5016836      1.4931184      1.5132125      1.4578336      1.5418706      1.5257252      1.5288636      1.5357018      1.5214176      1.6027175      1.6259291      1.6239807      1.5252386      1.6140320      1.6383399      1.6460482      1.5931221      1.4754729      1.5279413 
    71.0000000        1.5539803      1.4708983      1.5081320      1.4161415      1.4873560      1.6573383      1.5105782      1.5947177      1.5635967      1.4483067      1.6376474      1.4828232      1.6157328      1.5928924      1.4625416      1.5306312      1.6346913      1.5862479      1.5006497      1.5363866      1.4343528      1.5008068      1.4921620      1.5122449      1.4568066      1.5407737      1.5248359      1.5278409      1.5346228      1.5203986      1.6015837      1.6247742      1.6229548      1.5243129      1.6130901      1.6373909      1.6450613      1.5918286      1.4742740      1.5269476 
    71.5000000        1.5528508      1.4698862      1.5069592      1.4151566      1.4863051      1.6561192      1.5094068      1.5936666      1.5623028      1.4471766      1.6364731      1.4817687      1.6146108      1.5917539      1.4611324      1.5294475      1.6335913      1.5851744      1.4998186      1.5353470      1.4335767      1.4999300      1.4912057      1.5114187      1.4557795      1.5396768      1.5239466      1.5268182      1.5335438      1.5193795      1.6004499      1.6236192      1.6219289      1.5233872      1.6121482      1.6364418      1.6440743      1.5905352      1.4730750      1.5259540 
    72.0000000        1.5517212      1.4688742      1.5057863      1.4141716      1.4852542      1.6549001      1.5082353      1.5926156      1.5610088      1.4460465      1.6352988      1.4807445      1.6135307      1.5906154      1.4597232      1.5282637      1.6324913      1.5841010      1.4989876      1.5343073      1.4328007      1.4990532      1.4902494      1.5105926      1.4547525      1.5385800      1.5230573      1.5257955      1.5324648      1.5183604      1.5993162      1.6224642      1.6209031      1.5224616      1.6112063      1.6354928      1.6430874      1.5892417      1.4718761      1.5249603 
    72.5000000        1.5505917      1.4678621      1.5046926      1.4131867      1.4842032      1.6536810      1.5071238      1.5915645      1.5597149      1.4449164      1.6341244      1.4797203      1.6124506      1.5894769      1.4583140      1.5270800      1.6313913      1.5830275      1.4981565      1.5332676      1.4320246      1.4981764      1.4892931      1.5097664      1.4537255      1.5375048      1.5221680      1.5247727      1.5313858      1.5173413      1.5981824      1.6213357      1.6198772      1.5215359      1.6102645      1.6345437      1.6421005      1.5879483      1.4706771      1.5239666 
    73.0000000        1.5494622      1.4668500      1.5036399      1.4122018      1.4831523      1.6524619      1.5060640      1.5905134      1.5584210      1.4438859      1.6329501      1.4786961      1.6113705      1.5883385      1.4569048      1.5258963      1.6302913      1.5819540      1.4973255      1.5322358      1.4312485      1.4972996      1.4883531      1.5089403      1.4526985      1.5365220      1.5212787      1.5237500      1.5303068      1.5163223      1.5970486      1.6203139      1.6188514      1.5206102      1.6093226      1.6335947      1.6411136      1.5866548      1.4694782      1.5229729 
    73.5000000        1.5483326      1.4658379      1.5025873      1.4112168      1.4821014      1.6512428      1.5050043      1.5894624      1.5571271      1.4428916      1.6317758      1.4776719      1.6102904      1.5872000      1.4554956      1.5247125      1.6291913      1.5808805      1.4964944      1.5312986      1.4304724      1.4964229      1.4875218      1.5081141      1.4516714      1.5355392      1.5203894      1.5227273      1.5293150      1.5153032      1.5959148      1.6192922      1.6178255      1.5196846      1.6083807      1.6326456      1.6401266      1.5853613      1.4682792      1.5219792 
    73.5000000        1.5483326      1.4658379      1.5025873      1.4112168      1.4821014      1.6512428      1.5050043      1.5894624      1.5571271      1.4428916      1.6317758      1.4776719      1.6102904      1.5872000      1.4554956      1.5247125      1.6291913      1.5808805      1.4964944      1.5312986      1.4304724      1.4964229      1.4875218      1.5081141      1.4516714      1.5355392      1.5203894      1.5227273      1.5293150      1.5153032      1.5959148      1.6192922      1.6178255      1.5196846      1.6083807      1.6326456      1.6401266      1.5853613      1.4682792      1.5219792 
    74.0000000        1.5472031      1.4648259      1.5015347      1.4102319      1.4810505      1.6500237      1.5039446      1.5884113      1.5558332      1.4418973      1.6306014      1.4766478      1.6092104      1.5860615      1.4540864      1.5235288      1.6281173      1.5798071      1.4956634      1.5303614      1.4296963      1.4955461      1.4866906      1.5072879      1.4507367      1.5345564      1.5195001      1.5217045      1.5283579      1.5142841      1.5947811      1.6182704      1.6167997      1.5187589      1.6074388      1.6316966      1.6391397      1.5840679      1.4670803      1.5209856 
    74.5000000        1.5460735      1.4638138      1.5004821      1.4092469      1.4799995      1.6488046      1.5028848      1.5873603      1.5545392      1.4409030      1.6294271      1.4756236      1.6081303      1.5849230      1.4527608      1.5223451      1.6270945      1.5787336      1.4948323      1.5294242      1.4289203      1.4946693      1.4858594      1.5064618      1.4498158      1.5335736      1.5186108      1.5206818      1.5274008      1.5132651      1.5936473      1.6172486      1.6157738      1.5178332      1.6064970      1.6307476      1.6381528      1.5827744      1.4658813      1.5199919 
    75.0000000        1.5449440      1.4628017      1.4994295      1.4082620      1.4789486      1.6475855      1.5018251      1.5863092      1.5532453      1.4399087      1.6282527      1.4745994      1.6070502      1.5837845      1.4514523      1.5211614      1.6260716      1.5776601      1.4940013      1.5284870      1.4281442      1.4937925      1.4850282      1.5056356      1.4488948      1.5325908      1.5177215      1.5196591      1.5264437      1.5122460      1.5925135      1.6162268      1.6147479      1.5169075      1.6055551      1.6297985      1.6371659      1.5814809      1.4646824      1.5189982 
    75.5000000        1.5438615      1.4617896      1.4983769      1.4072771      1.4778977      1.6463664      1.5007653      1.5852582      1.5519514      1.4389143      1.6271349      1.4735752      1.6059701      1.5826460      1.4501438      1.5199776      1.6250488      1.5765984      1.4931702      1.5275498      1.4273681      1.4929157      1.4841970      1.5048095      1.4479738      1.5316080      1.5168322      1.5186364      1.5254865      1.5112269      1.5913797      1.6152051      1.6137221      1.5159819      1.6046132      1.6288495      1.6361789      1.5802715      1.4634834      1.5180045 
    76.0000000        1.5427984      1.4607776      1.4973243      1.4062921      1.4768526      1.6451473      1.4997056      1.5842071      1.5506575      1.4379200      1.6260687      1.4725510      1.6048900      1.5815075      1.4488354      1.5187939      1.6240260      1.5755625      1.4923391      1.5266126      1.4265920      1.4920389      1.4833658      1.5039833      1.4470529      1.5306252      1.5159429      1.5176136      1.5245294      1.5102078      1.5902460      1.6141833      1.6126962      1.5150562      1.6036713      1.6279548      1.6351920      1.5791648      1.4622845      1.5170108 
    76.5000000        1.5417353      1.4597655      1.4962717      1.4053072      1.4758826      1.6440288      1.4986458      1.5831561      1.5493635      1.4369257      1.6250024      1.4715269      1.6038099      1.5803690      1.4475269      1.5176102      1.6230032      1.5745265      1.4915081      1.5256754      1.4258159      1.4911621      1.4825346      1.5031571      1.4461319      1.5296424      1.5150536      1.5166364      1.5235723      1.5091888      1.5891294      1.6131615      1.6116704      1.5141305      1.6027294      1.6270977      1.6342566      1.5780581      1.4610855      1.5160171 
    77.0000000        1.5406721      1.4587534      1.4952191      1.4043222      1.4749126      1.6429880      1.4975861      1.5821050      1.5480696      1.4359314      1.6239362      1.4705027      1.6027299      1.5792305      1.4462184      1.5164264      1.6219804      1.5734906      1.4906770      1.5247382      1.4250398      1.4902853      1.4817034      1.5023310      1.4452109      1.5286596      1.5142205      1.5157273      1.5226152      1.5081697      1.5881598      1.6121397      1.6106445      1.5132048      1.6017876      1.6262407      1.6333937      1.5769514      1.4598866      1.5150235 
    77.0000000        1.5406721      1.4587534      1.4952191      1.4043222      1.4749126      1.6429880      1.4975861      1.5821050      1.5480696      1.4359314      1.6239362      1.4705027      1.6027299      1.5792305      1.4462184      1.5164264      1.6219804      1.5734906      1.4906770      1.5247382      1.4250398      1.4902853      1.4817034      1.5023310      1.4452109      1.5286596      1.5142205      1.5157273      1.5226152      1.5081697      1.5881598      1.6121397      1.6106445      1.5132048      1.6017876      1.6262407      1.6333937      1.5769514      1.4598866      1.5150235 
    77.5000000        1.5396090      1.4577413      1.4941665      1.4033373      1.4739426      1.6419472      1.4965263      1.5810540      1.5467757      1.4349370      1.6228700      1.4694785      1.6016498      1.5780921      1.4449100      1.5152427      1.6209575      1.5724546      1.4898460      1.5238010      1.4242638      1.4894085      1.4808722      1.5015048      1.4442900      1.5276767      1.5134421      1.5148182      1.5216580      1.5071506      1.5871903      1.6111180      1.6096186      1.5122792      1.6008457      1.6253836      1.6325308      1.5758448      1.4586876      1.5140298 
    78.0000000        1.5385458      1.4567293      1.4931138      1.4023524      1.4729726      1.6409065      1.4954666      1.5800029      1.5454818      1.4339427      1.6218037      1.4684543      1.6005697      1.5769536      1.4436015      1.5140590      1.6199347      1.5714187      1.4890149      1.5228638      1.4234877      1.4885318      1.4800410      1.5006787      1.4433690      1.5266939      1.5126636      1.5139091      1.5207009      1.5061316      1.5862208      1.6100962      1.6085928      1.5113535      1.6000118      1.6245265      1.6316679      1.5747381      1.4574887      1.5130400 
    78.5000000        1.5374827      1.4557172      1.4920612      1.4014308      1.4720025      1.6398657      1.4944069      1.5789519      1.5442314      1.4329484      1.6207375      1.4674301      1.5994896      1.5758151      1.4422930      1.5129645      1.6189119      1.5703828      1.4881839      1.5219266      1.4227116      1.4876550      1.4792098      1.4998525      1.4424480      1.5257111      1.5118852      1.5130000      1.5197438      1.5051432      1.5852513      1.6090744      1.6076735      1.5104531      1.5991874      1.6236694      1.6308050      1.5736314      1.4564550      1.5121412 
    79.0000000        1.5364195      1.4547051      1.4910086      1.4005122      1.4710325      1.6388249      1.4933471      1.5779008      1.5430692      1.4319541      1.6196713      1.4664060      1.5984095      1.5746766      1.4409846      1.5118896      1.6178891      1.5693468      1.4873916      1.5209894      1.4219664      1.4867782      1.4783786      1.4990263      1.4415271      1.5247283      1.5111067      1.5120909      1.5187866      1.5042394      1.5842817      1.6080526      1.6067699      1.5095960      1.5983631      1.6228124      1.6299421      1.5725247      1.4555689      1.5112424 
    79.5000000        1.5353564      1.4536930      1.4899560      1.3995937      1.4700625      1.6377842      1.4922874      1.5768555      1.5419070      1.4309598      1.6186050      1.4653818      1.5973294      1.5735381      1.4396761      1.5108147      1.6168663      1.5683109      1.4866554      1.5200522      1.4212547      1.4859334      1.4775474      1.4982002      1.4406061      1.5237455      1.5103283      1.5111818      1.5178295      1.5033355      1.5833122      1.6070309      1.6058662      1.5087388      1.5975387      1.6219553      1.6290792      1.5714180      1.4546827      1.5103436 
    80.0000000        1.5342933      1.4527147      1.4889034      1.3986751      1.4690925      1.6367434      1.4912276      1.5758871      1.5407448      1.4299654      1.6175388      1.4643576      1.5962494      1.5723996      1.4383676      1.5097398      1.6158434      1.5672749      1.4859192      1.5191150      1.4205430      1.4851505      1.4767162      1.4973740      1.4396851      1.5227627      1.5095498      1.5102727      1.5168724      1.5024316      1.5823427      1.6060091      1.6049626      1.5078817      1.5967144      1.6210982      1.6282162      1.5703114      1.4537966      1.5094448 
    80.5000000        1.5332301      1.4518099      1.4878508      1.3977565      1.4681225      1.6357026      1.4901679      1.5749187      1.5395826      1.4289711      1.6164726      1.4633334      1.5952624      1.5714139      1.4370592      1.5086649      1.6148206      1.5662390      1.4851830      1.5181778      1.4198313      1.4843676      1.4758850      1.4965478      1.4387642      1.5217799      1.5087714      1.5093636      1.5159153      1.5015277      1.5813732      1.6049873      1.6040589      1.5070246      1.5958901      1.6202411      1.6273533      1.5692047      1.4529105      1.5085459 
    81.0000000        1.5321670      1.4509051      1.4868935      1.3968380      1.4671525      1.6346619      1.4891190      1.5739503      1.5384204      1.4279768      1.6154063      1.4623688      1.5942845      1.5704417      1.4357507      1.5075899      1.6137978      1.5652031      1.4844468      1.5172406      1.4191196      1.4835847      1.4750538      1.4957217      1.4378432      1.5207971      1.5079929      1.5084545      1.5149581      1.5006239      1.5804036      1.6039655      1.6031553      1.5061674      1.5950657      1.6193840      1.6264904      1.5680980      1.4520244      1.5076471 
    81.5000000        1.5311038      1.4500003      1.4859531      1.3959194      1.4661825      1.6336211      1.4881535      1.5729819      1.5372582      1.4269825      1.6143401      1.4614241      1.5933066      1.5694694      1.4344574      1.5065150      1.6127750      1.5641671      1.4837106      1.5163034      1.4184079      1.4828018      1.4742226      1.4949336      1.4369222      1.5198143      1.5072145      1.5075455      1.5140010      1.4997200      1.5794341      1.6029438      1.6022516      1.5053103      1.5942414      1.6185270      1.6256275      1.5669913      1.4511382      1.5067483 
    81.5000000        1.5311038      1.4500003      1.4859531      1.3959194      1.4661825      1.6336211      1.4881535      1.5729819      1.5372582      1.4269825      1.6143401      1.4614241      1.5933066      1.5694694      1.4344574      1.5065150      1.6127750      1.5641671      1.4837106      1.5163034      1.4184079      1.4828018      1.4742226      1.4949336      1.4369222      1.5198143      1.5072145      1.5075455      1.5140010      1.4997200      1.5794341      1.6029438      1.6022516      1.5053103      1.5942414      1.6185270      1.6256275      1.5669913      1.4511382      1.5067483 
    82.0000000        1.5300407      1.4490955      1.4850127      1.3950008      1.4652124      1.6325803      1.4871880      1.5720135      1.5360959      1.4260962      1.6132738      1.4604793      1.5923286      1.5684972      1.4332638      1.5054401      1.6117522      1.5631312      1.4829744      1.5153662      1.4176962      1.4820189      1.4733914      1.4941718      1.4360013      1.5188872      1.5064360      1.5066364      1.5130439      1.4988161      1.5784646      1.6019663      1.6013480      1.5044532      1.5934170      1.6176699      1.6247646      1.5658846      1.4502521      1.5058495 
    82.5000000        1.5289775      1.4481907      1.4840722      1.3940823      1.4642424      1.6315396      1.4862224      1.5710451      1.5349337      1.4252167      1.6122076      1.4595346      1.5913507      1.5675249      1.4320701      1.5043652      1.6107294      1.5620952      1.4822382      1.5144291      1.4169845      1.4812360      1.4725602      1.4934100      1.4350803      1.5180415      1.5056576      1.5057273      1.5121035      1.4979122      1.5774950      1.6010619      1.6004444      1.5035960      1.5925927      1.6168128      1.6239017      1.5647780      1.4493660      1.5049507 
    83.0000000        1.5279144      1.4472859      1.4831318      1.3931637      1.4632724      1.6304988      1.4852569      1.5700767      1.5337715      1.4243373      1.6111414      1.4585899      1.5903728      1.5665527      1.4308765      1.5032903      1.6097065      1.5610593      1.4815019      1.5135301      1.4162728      1.4804531      1.4717290      1.4926482      1.4342056      1.5171958      1.5048791      1.5048182      1.5112190      1.4970084      1.5765255      1.6001575      1.5995407      1.5027389      1.5917683      1.6159557      1.6230388      1.5636713      1.4484799      1.5040519 
    83.5000000        1.5268512      1.4463811      1.4821914      1.3922451      1.4623024      1.6294580      1.4842914      1.5691083      1.5326093      1.4234578      1.6100751      1.4576451      1.5893949      1.5655804      1.4296828      1.5022154      1.6087423      1.5600233      1.4807657      1.5126941      1.4155611      1.4796703      1.4708978      1.4918864      1.4333780      1.5163501      1.5041007      1.5039091      1.5103345      1.4961045      1.5755560      1.5992532      1.5986371      1.5018818      1.5909440      1.6150987      1.6221759      1.5625646      1.4475937      1.5031531 
    84.0000000        1.5258238      1.4454763      1.4812510      1.3913266      1.4613324      1.6284173      1.4833258      1.5681398      1.5314471      1.4225784      1.6090089      1.4567004      1.5884170      1.5646081      1.4284892      1.5011405      1.6078289      1.5589874      1.4800295      1.5118580      1.4148494      1.4788874      1.4701839      1.4911246      1.4325505      1.5155044      1.5033222      1.5030000      1.5094500      1.4952006      1.5745865      1.5983488      1.5977334      1.5010246      1.5901196      1.6142416      1.6213129      1.5614579      1.4467076      1.5022543 
    84.5000000        1.5248646      1.4445714      1.4803106      1.3904080      1.4603624      1.6273765      1.4823603      1.5671714      1.5302849      1.4216989      1.6079427      1.4557556      1.5874391      1.5636359      1.4272955      1.5000655      1.6069155      1.5579515      1.4792933      1.5110220      1.4141377      1.4781045      1.4694914      1.4903628      1.4317229      1.5146587      1.5025438      1.5020909      1.5085655      1.4942968      1.5736169      1.5974444      1.5968298      1.5001675      1.5892953      1.6133845      1.6204500      1.5603512      1.4458215      1.5013555 
    85.0000000        1.5239053      1.4436666      1.4793702      1.3894894      1.4593924      1.6263357      1.4813948      1.5662030      1.5291227      1.4208195      1.6070133      1.4548109      1.5864611      1.5626636      1.4261019      1.4989906      1.6060021      1.5570202      1.4785571      1.5101860      1.4134260      1.4773216      1.4687990      1.4896009      1.4308954      1.5138130      1.5017653      1.5011818      1.5076810      1.4933929      1.5726474      1.5965400      1.5959261      1.4993104      1.5884709      1.6125274      1.6195871      1.5593320      1.4449354      1.5004567 
    85.5000000        1.5229460      1.4427618      1.4784297      1.3885709      1.4584269      1.6252950      1.4804292      1.5652346      1.5279605      1.4199400      1.6061258      1.4538662      1.5854832      1.5616914      1.4249082      1.4979157      1.6050888      1.5561238      1.4778209      1.5093499      1.4127142      1.4765387      1.4681065      1.4888391      1.4300678      1.5129672      1.5009869      1.5002727      1.5067965      1.4924890      1.5716779      1.5956357      1.5950225      1.4984532      1.5876466      1.6116704      1.6187242      1.5583534      1.4440492      1.4995578 
    86.0000000        1.5219868      1.4418570      1.4774893      1.3876523      1.4575702      1.6242980      1.4794637      1.5642662      1.5267983      1.4190605      1.6052384      1.4529214      1.5845053      1.5607191      1.4237145      1.4968408      1.6041754      1.5552274      1.4770847      1.5085139      1.4120025      1.4757558      1.4674140      1.4880773      1.4292403      1.5121215      1.5002084      1.4993636      1.5059120      1.4915851      1.5707126      1.5947313      1.5941188      1.4975961      1.5868222      1.6108133      1.6178613      1.5573748      1.4431631      1.4986590 
    86.0000000        1.5219868      1.4418570      1.4774893      1.3876523      1.4575702      1.6242980      1.4794637      1.5642662      1.5267983      1.4190605      1.6052384      1.4529214      1.5845053      1.5607191      1.4237145      1.4968408      1.6041754      1.5552274      1.4770847      1.5085139      1.4120025      1.4757558      1.4674140      1.4880773      1.4292403      1.5121215      1.5002084      1.4993636      1.5059120      1.4915851      1.5707126      1.5947313      1.5941188      1.4975961      1.5868222      1.6108133      1.6178613      1.5573748      1.4431631      1.4986590 
    86.5000000        1.5210275      1.4409522      1.4765489      1.3867337      1.4567136      1.6233833      1.4784982      1.5632978      1.5256361      1.4181811      1.6043510      1.4519767      1.5835274      1.5597469      1.4225209      1.4957659      1.6032620      1.5543310      1.4763485      1.5076779      1.4112908      1.4749729      1.4667216      1.4873155      1.4284128      1.5112758      1.4994300      1.4985405      1.5050275      1.4906813      1.5698098      1.5938269      1.5932152      1.4967390      1.5859979      1.6099562      1.6169984      1.5563962      1.4422770      1.4977602 
    87.0000000        1.5200682      1.4400474      1.4756085      1.3858152      1.4558569      1.6224687      1.4775326      1.5623294      1.5245669      1.4173016      1.6034636      1.4510320      1.5825495      1.5587746      1.4213272      1.4947516      1.6023487      1.5534347      1.4756123      1.5068418      1.4105791      1.4741900      1.4660291      1.4865537      1.4275852      1.5104301      1.4986515      1.4977748      1.5041430      1.4897774      1.5689071      1.5929225      1.5923116      1.4958818      1.5851736      1.6091156      1.6161355      1.5554176      1.4413909      1.4968614 
    87.5000000        1.5191090      1.4391426      1.4746681      1.3849544      1.4550002      1.6215541      1.4765671      1.5613610      1.5235232      1.4164222      1.6025762      1.4500872      1.5815715      1.5578023      1.4201336      1.4937706      1.6014353      1.5525383      1.4748761      1.5060058      1.4098674      1.4734071      1.4653366      1.4857919      1.4267577      1.5095844      1.4978731      1.4970090      1.5032585      1.4888735      1.5680043      1.5920181      1.5914079      1.4950247      1.5843492      1.6083658      1.6152844      1.5544390      1.4405048      1.4959626 
    88.0000000        1.5181497      1.4382378      1.4737277      1.3841448      1.4541435      1.6206395      1.4756016      1.5603926      1.5224796      1.4155427      1.6016888      1.4491425      1.5805936      1.5568301      1.4189399      1.4927896      1.6005219      1.5516419      1.4741399      1.5051698      1.4091557      1.4726242      1.4646442      1.4850301      1.4259301      1.5087387      1.4970946      1.4962432      1.5023740      1.4879696      1.5671016      1.5911138      1.5905043      1.4941676      1.5835249      1.6076160      1.6145131      1.5534603      1.4396186      1.4950638 
    88.5000000        1.5171904      1.4373330      1.4727872      1.3833351      1.4532869      1.6197248      1.4746360      1.5594242      1.5214360      1.4146633      1.6008014      1.4481978      1.5796157      1.5558578      1.4177463      1.4918086      1.5996085      1.5507455      1.4734037      1.5043337      1.4084440      1.4718414      1.4639517      1.4842683      1.4251026      1.5078930      1.4964010      1.4954775      1.5014895      1.4871352      1.5661988      1.5902094      1.5896006      1.4933104      1.5827005      1.6068661      1.6137417      1.5524817      1.4387325      1.4942078 
    89.0000000        1.5162311      1.4364282      1.4718468      1.3825254      1.4524302      1.6188102      1.4736705      1.5584558      1.5203924      1.4137838      1.5999140      1.4472530      1.5786378      1.5548856      1.4165526      1.4908276      1.5986952      1.5498491      1.4726675      1.5034977      1.4077323      1.4710585      1.4632593      1.4835065      1.4242750      1.5070473      1.4957314      1.4947117      1.5006050      1.4863316      1.5652961      1.5893050      1.5887802      1.4924533      1.5819287      1.6061163      1.6129703      1.5515031      1.4378464      1.4933943 
    89.5000000        1.5152719      1.4355233      1.4709064      1.3817157      1.4515735      1.6178956      1.4727050      1.5575158      1.5193488      1.4129044      1.5990266      1.4463083      1.5776599      1.5539133      1.4153609      1.4898466      1.5977818      1.5489528      1.4719313      1.5026617      1.4070206      1.4702756      1.4625668      1.4827446      1.4234475      1.5062016      1.4950618      1.4939459      1.4997205      1.4855279      1.5643933      1.5884006      1.5880175      1.4916876      1.5812046      1.6053665      1.6121989      1.5505245      1.4369603      1.4925809 
    90.0000000        1.5143126      1.4346538      1.4699693      1.3809061      1.4507169      1.6169810      1.4717394      1.5566817      1.5183052      1.4120249      1.5981392      1.4453636      1.5766820      1.5529411      1.4142596      1.4888655      1.5968684      1.5480564      1.4711951      1.5018256      1.4063089      1.4694927      1.4618743      1.4819828      1.4226199      1.5053559      1.4943922      1.4931802      1.4988360      1.4847243      1.5634906      1.5874962      1.5872547      1.4909406      1.5804806      1.6046167      1.6114276      1.5495459      1.4360815      1.4917674 
    90.0000000        1.5143126      1.4346538      1.4699693      1.3809061      1.4507169      1.6169810      1.4717394      1.5566817      1.5183052      1.4120249      1.5981392      1.4453636      1.5766820      1.5529411      1.4142596      1.4888655      1.5968684      1.5480564      1.4711951      1.5018256      1.4063089      1.4694927      1.4618743      1.4819828      1.4226199      1.5053559      1.4943922      1.4931802      1.4988360      1.4847243      1.5634906      1.5874962      1.5872547      1.4909406      1.5804806      1.6046167      1.6114276      1.5495459      1.4360815      1.4917674 
    90.5000000        1.5133533      1.4338211      1.4691208      1.3800964      1.4498602      1.6160663      1.4707739      1.5558476      1.5172616      1.4111455      1.5972517      1.4444188      1.5757720      1.5519959      1.4131583      1.4878845      1.5959551      1.5471600      1.4704589      1.5009896      1.4055972      1.4687098      1.4611819      1.4812210      1.4217924      1.5045102      1.4937226      1.4924144      1.4979515      1.4839207      1.5625878      1.5865919      1.5864920      1.4901935      1.5797566      1.6038668      1.6106562      1.5485673      1.4352774      1.4909540 
    91.0000000        1.5123941      1.4329885      1.4682724      1.3792867      1.4490035      1.6151517      1.4697859      1.5550135      1.5162180      1.4102660      1.5963643      1.4434741      1.5749419      1.5511014      1.4120570      1.4869035      1.5950417      1.5462636      1.4697335      1.5001536      1.4049577      1.4679724      1.4604894      1.4804592      1.4209648      1.5036645      1.4930530      1.4916486      1.4970670      1.4831170      1.5616851      1.5856875      1.5857293      1.4894465      1.5790326      1.6031170      1.6098848      1.5475887      1.4344734      1.4901406 
    91.5000000        1.5114348      1.4321558      1.4674239      1.3784770      1.4481468      1.6142371      1.4687978      1.5541794      1.5151744      1.4093866      1.5954769      1.4425798      1.5741118      1.5502069      1.4109557      1.4859225      1.5941283      1.5453672      1.4690261      1.4993175      1.4043489      1.4672518      1.4597969      1.4796974      1.4201373      1.5028188      1.4923834      1.4908829      1.4961825      1.4823134      1.5607823      1.5847831      1.5849665      1.4886995      1.5783085      1.6023672      1.6091134      1.5466101      1.4336693      1.4893271 
    92.0000000        1.5104755      1.4313231      1.4665754      1.3776674      1.4472902      1.6133225      1.4678097      1.5533454      1.5141308      1.4085354      1.5945895      1.4417222      1.5732817      1.5493123      1.4098544      1.4849415      1.5932149      1.5444709      1.4683187      1.4984815      1.4037402      1.4665311      1.4591045      1.4789356      1.4193097      1.5019731      1.4917138      1.4901171      1.4952980      1.4815097      1.5598796      1.5838787      1.5842038      1.4879524      1.5775845      1.6016174      1.6083420      1.5456315      1.4328652      1.4885137 
    92.5000000        1.5095163      1.4304904      1.4657270      1.3768577      1.4464335      1.6124078      1.4668216      1.5525113      1.5130872      1.4076902      1.5937021      1.4408646      1.5724516      1.5484178      1.4087531      1.4839605      1.5923016      1.5435745      1.4676113      1.4976455      1.4031314      1.4658104      1.4584120      1.4781738      1.4184822      1.5011449      1.4910442      1.4893514      1.4944135      1.4807061      1.5589768      1.5829863      1.5834411      1.4872054      1.5768605      1.6008676      1.6075707      1.5446529      1.4320611      1.4877002 
    93.0000000        1.5085570      1.4296577      1.4648785      1.3760480      1.4455768      1.6114932      1.4658335      1.5516772      1.5120436      1.4068451      1.5928147      1.4400069      1.5716215      1.5475233      1.4076518      1.4829795      1.5913882      1.5426781      1.4669039      1.4968094      1.4025227      1.4650897      1.4577196      1.4774441      1.4176577      1.5003353      1.4903745      1.4885856      1.4935753      1.4799024      1.5580741      1.5821872      1.5826783      1.4864584      1.5761364      1.6001177      1.6067993      1.5436743      1.4312571      1.4868868 
    93.5000000        1.5076043      1.4288250      1.4640301      1.3752383      1.4447201      1.6105786      1.4648454      1.5508431      1.5109999      1.4060000      1.5919273      1.4391493      1.5707914      1.5466288      1.4065505      1.4819985      1.5904748      1.5417817      1.4661964      1.4959734      1.4019139      1.4643690      1.4570271      1.4767695      1.4168964      1.4995256      1.4897049      1.4878198      1.4928199      1.4790988      1.5571713      1.5813881      1.5819156      1.4857114      1.5754124      1.5993679      1.6060279      1.5426957      1.4304530      1.4860734 
    93.5000000        1.5076043      1.4288250      1.4640301      1.3752383      1.4447201      1.6105786      1.4648454      1.5508431      1.5109999      1.3460000      1.5919273      1.4391493      1.5707914      1.5466288      1.4065505      1.4819985      1.5904748      1.5417817      1.4661964      1.4959734      1.4019139      1.4643690      1.4570271      1.4767695      1.4168964      1.4995256      1.4897049      1.4878198      1.4928199      1.4790988      1.5571713      1.5813881      1.5819156      1.4857114      1.5754124      1.5993679      1.6060279      1.5426957      1.4304530      1.4860734 
    94.0000000        1.5067117      1.4279923      1.4631816      1.3744287      1.4438635      1.6096640      1.4638573      1.5500090      1.5099563      1.3454161      1.5910399      1.4382917      1.5699613      1.5457343      1.4054492      1.4810175      1.5896153      1.5408853      1.4654890      1.4951589      1.4013051      1.4636483      1.4563346      1.4760949      1.4161351      1.4987160      1.4890353      1.4870541      1.4920645      1.4782951      1.5562686      1.5805890      1.5811528      1.4849643      1.5746884      1.5986181      1.6052565      1.5417171      1.4296489      1.4852599 
    94.0000000        1.5067117      1.4279923      1.4631816      1.3744287      1.4438635      1.6096640      1.4638573      1.5500090      1.5099563      1.3454161      1.5910399      1.4382917      1.5699613      1.5457343      1.4054492      1.4810175      1.5896153      1.5408853      1.4654890      1.4951589      1.4013051      1.4636483      1.4563346      1.4760949      1.4161351      1.4987160      1.4890353      1.4870541      1.4920645      1.4782951      1.5562686      1.5805890      1.5811528      1.4849643      1.5746884      1.5986181      1.6052565      1.5417171      1.4296489      1.4852599 
    94.5000000        1.5058190      1.4271596      1.4623331      1.3736190      1.4430068      1.6087493      1.4628692      1.5491749      1.5089127      1.3448322      1.5901525      1.4374340      1.5691312      1.5448397      1.4043479      1.4800365      1.5888140      1.5399890      1.4647816      1.4943956      1.4006964      1.4629276      1.4556422      1.4754203      1.4153739      1.4979063      1.4883657      1.4862883      1.4913092      1.4774915      1.5553658      1.5797899      1.5803901      1.4842173      1.5739643      1.5978683      1.6044852      1.5407385      1.4288448      1.4844465 
    95.0000000        1.5049264      1.4263269      1.4614847      1.3728093      1.4421501      1.6078347      1.4618811      1.5483408      1.5078691      1.3442483      1.5892651      1.4365764      1.5683011      1.5439452      1.4032466      1.4790555      1.5880127      1.5391058      1.4640742      1.4936324      1.4000876      1.4622069      1.4549497      1.4747458      1.4146126      1.4970966      1.4876961      1.4855225      1.4905538      1.4766878      1.5544631      1.5789909      1.5796274      1.4834703      1.5732403      1.5971184      1.6037138      1.5397598      1.4280408      1.4836330 
    95.5000000        1.5040337      1.4254942      1.4606362      1.3719996      1.4412934      1.6069201      1.4608930      1.5475068      1.5068255      1.3436644      1.5883776      1.4357187      1.5674710      1.5430507      1.4021452      1.4780745      1.5872115      1.5382952      1.4633668      1.4928692      1.3994788      1.4614862      1.4542572      1.4740712      1.4138514      1.4962870      1.4870265      1.4847568      1.4897984      1.4758842      1.5535604      1.5781918      1.5788646      1.4827232      1.5725163      1.5963686      1.6029424      1.5387812      1.4272367      1.4828196 
    96.0000000        1.5031411      1.4246615      1.4597877      1.3711900      1.4404368      1.6060055      1.4599049      1.5466727      1.5058061      1.3430804      1.5875071      1.4348611      1.5666409      1.5421562      1.4010439      1.4770935      1.5864102      1.5374846      1.4626593      1.4921059      1.3988701      1.4607655      1.4536119      1.4733966      1.4130901      1.4954773      1.4863569      1.4839910      1.4890430      1.4750805      1.5526576      1.5773927      1.5781019      1.4819762      1.5717922      1.5956188      1.6021710      1.5380376      1.4264326      1.4820062 
    96.5000000        1.5022485      1.4238288      1.4589393      1.3703803      1.4396074      1.6050908      1.4589167      1.5458386      1.5048303      1.3424965      1.5866937      1.4340035      1.5658107      1.5412616      1.3999426      1.4761922      1.5856089      1.5366741      1.4619519      1.4913427      1.3982613      1.4600448      1.4530354      1.4727220      1.4123288      1.4946676      1.4856873      1.4832252      1.4882876      1.4742769      1.5517549      1.5765936      1.5773392      1.4812292      1.5710682      1.5948690      1.6013996      1.5374079      1.4256285      1.4811927 
    97.0000000        1.5013558      1.4229962      1.4580908      1.3695706      1.4388063      1.6041835      1.4579286      1.5450045      1.5038546      1.3419126      1.5858803      1.4331458      1.5649806      1.5403671      1.3988413      1.4753076      1.5848076      1.5358635      1.4612445      1.4905794      1.3976526      1.4593241      1.4524589      1.4720475      1.4115676      1.4938580      1.4850177      1.4824595      1.4875323      1.4734733      1.5509156      1.5757945      1.5765764      1.4804822      1.5703442      1.5941192      1.6006283      1.5367782      1.4248245      1.4803793 
    97.5000000        1.5004632      1.4221635      1.4572423      1.3687609      1.4380053      1.6033196      1.4569405      1.5441704      1.5028788      1.3413287      1.5850669      1.4322882      1.5641505      1.5394726      1.3977400      1.4744230      1.5840064      1.5350529      1.4605371      1.4898162      1.3970438      1.4586035      1.4518824      1.4713729      1.4108063      1.4930483      1.4843481      1.4817037      1.4867769      1.4726696      1.5500963      1.5749954      1.5758137      1.4797351      1.5696202      1.5933693      1.5998569      1.5361485      1.4240204      1.4795659 
    98.0000000        1.4995706      1.4213308      1.4563939      1.3679904      1.4372042      1.6024557      1.4559524      1.5433363      1.5019030      1.3407448      1.5842535      1.4314306      1.5633204      1.5385781      1.3966387      1.4735384      1.5832051      1.5342423      1.4598297      1.4890530      1.3964350      1.4578828      1.4513060      1.4706983      1.4100450      1.4922387      1.4836784      1.4809630      1.4860215      1.4718660      1.5492771      1.5741963      1.5750509      1.4789881      1.5688961      1.5926195      1.5990855      1.5355188      1.4232163      1.4787524 
    98.5000000        1.4986779      1.4204981      1.4555454      1.3672428      1.4364032      1.6015918      1.4549643      1.5425023      1.5009273      1.3401609      1.5834402      1.4305729      1.5624903      1.5376836      1.3955374      1.4726538      1.5824038      1.5334317      1.4591223      1.4882897      1.3958263      1.4571621      1.4507295      1.4700237      1.4092838      1.4914290      1.4830088      1.4802222      1.4852661      1.4710623      1.5484578      1.5733973      1.5742882      1.4782411      1.5681721      1.5918697      1.5983141      1.5348891      1.4224122      1.4779390 
    99.0000000        1.4977853      1.4196654      1.4546969      1.3664952      1.4356021      1.6007278      1.4539762      1.5416682      1.4999515      1.3395770      1.5826268      1.4297153      1.5616602      1.5367890      1.3946668      1.4717692      1.5816025      1.5326212      1.4584148      1.4875265      1.3952175      1.4564414      1.4501530      1.4693492      1.4085225      1.4906193      1.4823392      1.4794815      1.4845108      1.4702587      1.5476385      1.5725982      1.5735255      1.4774941      1.5674481      1.5911199      1.5975428      1.5342594      1.4216082      1.4771255 
    99.5000000        1.4968926      1.4188327      1.4538485      1.3657476      1.4348011      1.5998639      1.4529881      1.5408341      1.4989758      1.3389931      1.5818134      1.4288576      1.5608301      1.5358945      1.3938334      1.4708846      1.5808013      1.5318106      1.4577074      1.4867632      1.3946088      1.4557207      1.4495765      1.4686746      1.4077613      1.4898097      1.4816696      1.4787407      1.4837554      1.4695959      1.5468193      1.5717991      1.5727627      1.4767470      1.5667240      1.5903700      1.5967714      1.5336297      1.4208041      1.4760982 
   100.0000000        1.4960000      1.4180000      1.4530000      1.3650000      1.4340000      1.5990000      1.4520000      1.5400000      1.4980000      1.3380000      1.5810000      1.4280000      1.5600000      1.5350000      1.3930000      1.4700000      1.5800000      1.5310000      1.4570000      1.4860000      1.3940000      1.4550000      1.4490000      1.4680000      1.4070000      1.4890000      1.4810000      1.4780000      1.4830000      1.4690000      1.5460000      1.5710000      1.5720000      1.4760000      1.5660000      1.5900000      1.5960000      1.5330000      1.4200000      1.4750000 
   100.5000000        1.4951829      1.4173635      1.4516842      1.3643430      1.4332906      1.5982410      1.4512388      1.5394273      1.4970995      1.3374230      1.5802003      1.4270162      1.5592581      1.5339697      1.3920821      1.4690879      1.5791736      1.5302386      1.4563406      1.4852548      1.3934246      1.4543653      1.4483424      1.4673301      1.4061945      1.4882450      1.4805277      1.4772347      1.4822644      1.4682405      1.5452616      1.5702843      1.5712347      1.4754211      1.5652831      1.5893269      1.5955884      1.5323679      1.4192148      1.4742069 
   101.0000000        1.4943658      1.4166592      1.4508797      1.3636860      1.4325812      1.5974820      1.4504775      1.5387406      1.4961990      1.3368460      1.5794007      1.4260323      1.5585162      1.5329395      1.3911642      1.4681758      1.5783471      1.5294771      1.4556812      1.4845095      1.3928492      1.4537306      1.4476849      1.4666602      1.4053889      1.4874899      1.4800553      1.4764694      1.4815287      1.4674809      1.5445232      1.5695685      1.5704952      1.4748422      1.5645663      1.5886537      1.5949138      1.5317358      1.4184296      1.4734137 
   101.0000000        1.4943658      1.4166592      1.4508797      1.3636860      1.4325812      1.5974820      1.4504775      1.5387406      1.4961990      1.3368460      1.5794007      1.4260323      1.5585162      1.5329395      1.3911642      1.4681758      1.5783471      1.5294771      1.4556812      1.4845095      1.3928492      1.4537306      1.4476849      1.4666602      1.4053889      1.4874899      1.4800553      1.4764694      1.4815287      1.4674809      1.5445232      1.5695685      1.5704952      1.4748422      1.5645663      1.5886537      1.5949138      1.5317358      1.4184296      1.4734137 
   101.5000000        1.4935487      1.4159137      1.4501389      1.3630290      1.4318718      1.5967230      1.4497163      1.5379943      1.4952985      1.3362690      1.5786010      1.4250485      1.5577743      1.5319092      1.3902463      1.4672637      1.5775207      1.5287157      1.4550218      1.4837643      1.3922738      1.4530959      1.4470273      1.4659903      1.4045834      1.4867349      1.4794694      1.4757041      1.4807931      1.4667214      1.5437849      1.5688528      1.5697958      1.4742193      1.5638494      1.5879806      1.5942391      1.5311037      1.4176444      1.4726206 
   102.0000000        1.4927316      1.4151683      1.4493980      1.3623721      1.4311624      1.5959640      1.4489550      1.5372481      1.4943980      1.3356919      1.5778013      1.4240647      1.5570324      1.5310538      1.3893284      1.4663516      1.5766943      1.5279542      1.4543624      1.4830190      1.3916984      1.4524612      1.4463697      1.4653204      1.4037778      1.4859798      1.4788684      1.4749388      1.4800574      1.4659618      1.5430465      1.5681370      1.5690963      1.4735680      1.5632127      1.5873075      1.5935645      1.5304716      1.4168592      1.4718274 
   102.5000000        1.4919145      1.4144228      1.4486572      1.3617151      1.4304530      1.5952050      1.4481938      1.5365019      1.4934975      1.3351149      1.5770017      1.4230809      1.5563233      1.5302968      1.3884105      1.4654395      1.5758678      1.5271928      1.4537030      1.4822738      1.3911229      1.4518265      1.4457122      1.4646505      1.4029723      1.4852248      1.4782675      1.4741735      1.4793218      1.4652023      1.5423081      1.5674213      1.5683969      1.4729167      1.5625764      1.5866343      1.5928899      1.5298394      1.4160843      1.4710343 
   103.0000000        1.4910975      1.4136773      1.4479164      1.3610581      1.4297436      1.5944460      1.4474326      1.5357556      1.4925969      1.3345379      1.5762020      1.4222870      1.5556198      1.5295397      1.3874926      1.4645273      1.5750414      1.5264313      1.4530436      1.4815285      1.3905475      1.4511918      1.4450546      1.4639806      1.4021668      1.4844698      1.4776665      1.4734082      1.4785861      1.4644427      1.5415697      1.5667056      1.5676975      1.4722654      1.5619400      1.5859612      1.5922152      1.5292073      1.4153998      1.4702411 
   103.5000000        1.4902804      1.4129318      1.4471756      1.3604011      1.4290342      1.5936869      1.4466713      1.5350094      1.4916964      1.3339609      1.5754023      1.4214938      1.5549164      1.5287826      1.3865747      1.4636152      1.5742150      1.5256699      1.4523842      1.4807833      1.3899721      1.4505607      1.4443971      1.4633107      1.4013612      1.4837147      1.4770655      1.4726429      1.4778505      1.4636832      1.5408314      1.5659898      1.5669980      1.4716141      1.5613037      1.5852881      1.5915406      1.5285752      1.4147152      1.4694480 
   104.0000000        1.4894633      1.4121863      1.4464347      1.3597441      1.4283248      1.5929279      1.4459101      1.5342631      1.4907959      1.3333839      1.5746027      1.4207007      1.5542129      1.5280255      1.3856568      1.4627031      1.5733886      1.5249084      1.4517248      1.4800380      1.3893967      1.4499352      1.4437395      1.4626408      1.4005557      1.4829673      1.4764645      1.4718776      1.4771149      1.4629236      1.5400930      1.5652741      1.5662986      1.4709628      1.5606674      1.5846149      1.5908659      1.5279431      1.4140307      1.4686548 
   104.5000000        1.4886766      1.4114408      1.4456939      1.3590871      1.4276155      1.5921689      1.4451489      1.5335169      1.4898954      1.3328069      1.5738030      1.4199076      1.5535094      1.5272684      1.3847389      1.4617910      1.5725621      1.5241470      1.4510988      1.4792928      1.3888341      1.4493097      1.4430819      1.4619709      1.3997922      1.4822611      1.4758635      1.4711122      1.4763792      1.4621641      1.5393546      1.5645588      1.5655992      1.4703115      1.5600310      1.5839418      1.5901913      1.5273110      1.4133462      1.4678617 
   105.0000000        1.4879020      1.4106953      1.4449531      1.3584301      1.4269061      1.5914099      1.4443876      1.5327706      1.4889949      1.3322298      1.5730033      1.4191145      1.5528060      1.5265114      1.3838210      1.4608789      1.5717357      1.5233855      1.4504860      1.4785475      1.3882766      1.4486842      1.4424244      1.4613010      1.3991223      1.4815549      1.4752625      1.4703469      1.4756777      1.4614045      1.5386162      1.5638492      1.5648997      1.4696602      1.5593947      1.5832687      1.5895166      1.5266789      1.4126617      1.4670685 
   105.5000000        1.4871274      1.4099499      1.4442123      1.3577731      1.4261967      1.5906509      1.4436264      1.5320244      1.4880944      1.3316528      1.5722036      1.4183214      1.5521025      1.5257543      1.3829031      1.4599668      1.5709093      1.5226241      1.4498732      1.4778023      1.3877191      1.4480587      1.4417668      1.4606311      1.3984523      1.4808487      1.4746615      1.4695816      1.4749913      1.4606450      1.5378778      1.5631395      1.5642003      1.4690089      1.5587583      1.5825955      1.5888420      1.5260468      1.4119772      1.4662754 
   106.0000000        1.4863528      1.4092044      1.4434715      1.3571162      1.4254873      1.5898919      1.4428651      1.5312781      1.4871939      1.3310758      1.5714040      1.4175282      1.5513990      1.5249972      1.3819852      1.4590547      1.5701698      1.5218626      1.4492604      1.4770570      1.3871616      1.4474332      1.4411092      1.4599671      1.3977824      1.4801425      1.4740605      1.4688163      1.4743049      1.4598854      1.5371395      1.5624299      1.5635009      1.4683576      1.5581220      1.5819224      1.5881674      1.5254147      1.4112927      1.4654822 
   106.5000000        1.4855782      1.4084589      1.4427306      1.3564592      1.4247779      1.5891329      1.4421039      1.5305319      1.4863463      1.3304988      1.5706043      1.4167351      1.5506956      1.5242401      1.3810673      1.4581698      1.5694480      1.5211012      1.4486475      1.4763630      1.3866042      1.4468077      1.4404517      1.4593998      1.3971125      1.4794363      1.4734595      1.4680510      1.4736185      1.4591259      1.5364011      1.5617202      1.5628014      1.4677063      1.5574857      1.5812493      1.5874927      1.5247825      1.4106081      1.4646891 
   107.0000000        1.4848036      1.4077134      1.4419898      1.3558022      1.4240685      1.5883739      1.4413427      1.5297856      1.4855214      1.3299218      1.5698046      1.4159420      1.5499921      1.5234830      1.3801494      1.4573356      1.5687262      1.5203397      1.4480347      1.4756803      1.3860467      1.4461822      1.4397941      1.4588325      1.3964426      1.4787302      1.4728585      1.4672857      1.4729321      1.4583663      1.5356627      1.5610106      1.5621020      1.4670550      1.5568493      1.5805761      1.5868181      1.5241504      1.4099236      1.4638959 
   107.5000000        1.4840291      1.4069679      1.4412490      1.3551452      1.4233591      1.5876149      1.4405814      1.5290394      1.4846965      1.3293448      1.5690050      1.4151489      1.5492887      1.5227260      1.3792314      1.4565014      1.5680045      1.5196135      1.4474219      1.4749975      1.3854892      1.4455567      1.4391366      1.4582653      1.3957726      1.4780240      1.4722575      1.4665204      1.4722456      1.4576068      1.5349243      1.5603010      1.5614026      1.4664036      1.5562130      1.5799030      1.5861434      1.5235183      1.4092391      1.4631028 
   108.0000000        1.4832545      1.4062224      1.4405082      1.3544882      1.4226497      1.5868559      1.4398202      1.5282932      1.4838716      1.3287677      1.5682053      1.4143557      1.5485852      1.5219689      1.3783135      1.4556672      1.5672827      1.5189155      1.4468091      1.4743148      1.3849317      1.4449312      1.4384790      1.4576980      1.3951027      1.4773178      1.4716566      1.4657551      1.4715592      1.4568473      1.5341860      1.5595913      1.5607031      1.4657523      1.5555767      1.5792299      1.5854688      1.5228862      1.4085546      1.4623096 
   108.5000000        1.4824799      1.4054769      1.4397673      1.3538312      1.4219590      1.5860969      1.4390589      1.5275469      1.4830468      1.3281907      1.5674414      1.4135626      1.5478817      1.5212118      1.3773956      1.4548329      1.5665609      1.5182176      1.4461962      1.4736320      1.3843743      1.4443057      1.4378214      1.4571307      1.3944328      1.4766116      1.4710556      1.4649898      1.4708728      1.4560877      1.5334476      1.5588817      1.5600037      1.4651010      1.5549403      1.5785567      1.5847941      1.5222541      1.4078701      1.4615165 
   109.0000000        1.4817053      1.4047315      1.4390265      1.3531742      1.4212856      1.5853379      1.4382977      1.5268007      1.4822219      1.3276137      1.5667417      1.4127695      1.5471783      1.5204547      1.3764777      1.4539987      1.5658391      1.5175197      1.4455834      1.4729492      1.3838168      1.4436803      1.4371639      1.4565634      1.3937628      1.4759054      1.4704546      1.4642245      1.4701864      1.4553282      1.5327270      1.5581720      1.5593043      1.4644497      1.5543040      1.5778836      1.5841195      1.5216220      1.4071855      1.4607233 
   109.5000000        1.4809307      1.4039860      1.4382857      1.3525173      1.4206123      1.5845789      1.4375365      1.5260544      1.4813970      1.3270367      1.5660419      1.4119764      1.5464748      1.5196976      1.3756608      1.4531645      1.5651174      1.5168217      1.4449706      1.4722665      1.3832593      1.4430548      1.4365063      1.4559961      1.3930929      1.4751992      1.4698536      1.4634592      1.4695000      1.4545686      1.5320245      1.5574624      1.5586048      1.4637984      1.5536676      1.5772105      1.5834449      1.5209899      1.4065010      1.4599302 
   110.0000000        1.4801561      1.4032405      1.4375449      1.3518944      1.4199390      1.5838298      1.4367752      1.5253082      1.4805721      1.3264597      1.5653421      1.4111833      1.5457713      1.5189406      1.3748989      1.4523303      1.5643956      1.5161238      1.4443578      1.4715837      1.3827018      1.4424293      1.4359069      1.4554289      1.3924230      1.4744930      1.4692526      1.4627410      1.4688136      1.4538091      1.5313219      1.5567527      1.5579054      1.4631471      1.5530313      1.5765373      1.5827702      1.5203578      1.4058165      1.4591371 
   110.5000000        1.4793815      1.4024950      1.4368040      1.3512876      1.4192656      1.5831126      1.4360140      1.5245619      1.4797472      1.3258827      1.5646423      1.4103901      1.5450679      1.5181835      1.3741369      1.4514961      1.5636738      1.5154259      1.4437449      1.4709010      1.3821444      1.4418038      1.4353747      1.4548616      1.3917531      1.4737869      1.4686516      1.4620935      1.4681271      1.4530495      1.5306193      1.5560431      1.5572060      1.4624958      1.5523950      1.5758642      1.5820956      1.5197257      1.4051320      1.4583401 
   111.0000000        1.4786069      1.4017495      1.4360632      1.3506807      1.4185923      1.5823955      1.4352527      1.5238157      1.4789224      1.3253056      1.5639425      1.4095970      1.5443644      1.5174264      1.3733750      1.4506618      1.5629521      1.5147280      1.4431321      1.4702182      1.3815869      1.4411783      1.4348425      1.4542943      1.3910831      1.4730807      1.4680506      1.4614460      1.4674407      1.4522900      1.5299167      1.5553334      1.5565065      1.4618445      1.5517586      1.5751911      1.5814209      1.5190935      1.4044475      1.4575215 
   111.5000000        1.4778323      1.4010040      1.4353224      1.3500739      1.4179189      1.5816783      1.4344915      1.5230694      1.4780975      1.3247286      1.5632427      1.4088039      1.5436610      1.5166693      1.3726131      1.4498276      1.5622303      1.5140300      1.4425193      1.4695354      1.3810294      1.4405528      1.4343102      1.4537270      1.3904132      1.4723745      1.4674496      1.4607986      1.4667543      1.4515317      1.5292142      1.5546238      1.5558071      1.4611932      1.5511223      1.5745179      1.5807463      1.5184614      1.4037630      1.4567028 
   112.0000000        1.4770577      1.4002586      1.4345816      1.3494670      1.4172456      1.5809612      1.4337303      1.5223232      1.4772726      1.3241516      1.5625429      1.4080108      1.5429575      1.5159122      1.3718512      1.4489934      1.5615085      1.5133321      1.4419065      1.4688527      1.3804719      1.4399273      1.4337780      1.4531597      1.3897433      1.4716683      1.4668486      1.4601511      1.4660679      1.4508875      1.5285116      1.5539142      1.5551077      1.4605419      1.5504860      1.5738448      1.5800716      1.5178293      1.4030784      1.4558841 
   112.5000000        1.4762832      1.3995131      1.4338414      1.3488601      1.4165723      1.5802440      1.4327638      1.5215769      1.4764477      1.3235746      1.5618431      1.4072176      1.5422540      1.5151552      1.3710893      1.4481592      1.5607868      1.5126342      1.4412936      1.4681699      1.3799145      1.4393018      1.4332458      1.4525925      1.3890734      1.4709621      1.4662476      1.4595036      1.4653815      1.4502433      1.5278090      1.5532045      1.5544082      1.4598906      1.5498496      1.5731717      1.5793970      1.5171520      1.4023939      1.4550655 
   113.0000000        1.4755086      1.3988042      1.4331881      1.3482533      1.4158989      1.5795268      1.4305541      1.5208307      1.4756228      1.3229976      1.5611433      1.4064245      1.5415506      1.5143981      1.3703273      1.4473250      1.5600650      1.5119362      1.4406808      1.4674872      1.3793570      1.4386763      1.4327136      1.4520252      1.3884034      1.4702559      1.4656466      1.4588561      1.4646951      1.4495992      1.5271064      1.5524949      1.5537088      1.4592393      1.5492133      1.5724986      1.5787224      1.5164622      1.4017094      1.4542468 
   113.5000000        1.4747340      1.3981241      1.4325347      1.3476464      1.4152256      1.5788097      1.4283445      1.5200845      1.4747980      1.3224206      1.5604435      1.4056314      1.5408471      1.5136410      1.3695654      1.4464907      1.5593432      1.5112383      1.4400680      1.4668044      1.3787995      1.4380508      1.4321814      1.4514579      1.3877335      1.4695497      1.4650457      1.4582086      1.4640087      1.4489550      1.5264039      1.5517852      1.5530094      1.4585880      1.5485769      1.5718254      1.5780477      1.5157725      1.4010249      1.4534282 
   114.0000000        1.4739594      1.3974440      1.4318814      1.3470396      1.4145523      1.5780925      1.4261349      1.5194442      1.4739731      1.3218435      1.5597438      1.4048383      1.5401437      1.5128839      1.3688035      1.4456565      1.5586215      1.5105404      1.4394551      1.4661216      1.3782420      1.4374253      1.4316491      1.4508906      1.3870636      1.4688436      1.4644447      1.4575612      1.4633222      1.4483109      1.5257013      1.5510756      1.5523099      1.4579367      1.5479406      1.5711523      1.5773731      1.5150827      1.4003404      1.4526095 
   114.5000000        1.4731848      1.3967640      1.4312281      1.3464327      1.4138789      1.5773754      1.4239252      1.5188175      1.4731482      1.3212757      1.5590440      1.4040452      1.5394402      1.5121269      1.3680416      1.4448223      1.5578997      1.5098424      1.4388423      1.4654389      1.3776846      1.4367998      1.4311169      1.4503233      1.3863936      1.4681374      1.4638437      1.4569137      1.4626358      1.4476667      1.5249987      1.5503659      1.5516105      1.4572854      1.5473043      1.5705146      1.5767219      1.5143929      1.3996559      1.4517908 
   114.5000000        1.4731848      1.3967640      1.4312281      1.3464327      1.4138789      1.5773754      1.4239252      1.5188175      1.4731482      1.3212757      1.5590440      1.4040452      1.5394402      1.5121269      1.3680416      1.4448223      1.5578997      1.5098424      1.4388423      1.4654389      1.3776846      1.4367998      1.4311169      1.4503233      1.3863936      1.4681374      1.4638437      1.4569137      1.4626358      1.4476667      1.5249987      1.5503659      1.5516105      1.4572854      1.5473043      1.5705146      1.5767219      1.5143929      1.3996559      1.4517908 
   115.0000000        1.4724102      1.3960839      1.4305747      1.3458259      1.4132056      1.5766582      1.4217156      1.5181908      1.4723233      1.3207182      1.5583442      1.4032393      1.5387367      1.5113698      1.3672797      1.4439881      1.5571779      1.5091445      1.4382295      1.4647561      1.3771271      1.4361743      1.4305847      1.4497561      1.3857237      1.4674312      1.4632427      1.4562662      1.4619494      1.4470226      1.5242962      1.5496563      1.5510070      1.4566649      1.5466679      1.5699237      1.5761176      1.5137031      1.3989713      1.4509722 
   115.5000000        1.4716356      1.3954038      1.4299214      1.3452190      1.4125323      1.5759410      1.4195060      1.5175641      1.4714985      1.3201608      1.5576444      1.4024291      1.5380333      1.5106064      1.3665178      1.4431539      1.5564562      1.5084466      1.4376167      1.4640734      1.3765696      1.4355488      1.4300525      1.4491888      1.3850538      1.4667250      1.4626417      1.4556187      1.4612630      1.4463784      1.5235936      1.5489466      1.5504146      1.4560829      1.5460316      1.5693328      1.5755133      1.5130133      1.3982868      1.4501535 
   116.0000000        1.4708610      1.3947238      1.4292680      1.3446122      1.4118589      1.5752239      1.4172964      1.5169374      1.4706736      1.3196033      1.5569446      1.4016190      1.5373673      1.5098190      1.3657558      1.4423196      1.5557344      1.5077487      1.4370038      1.4633906      1.3760121      1.4349233      1.4295203      1.4486215      1.3843839      1.4660188      1.4620721      1.4549712      1.4605766      1.4457343      1.5228910      1.5482370      1.5498221      1.4555009      1.5453953      1.5687419      1.5749090      1.5123235      1.3976023      1.4493349 
   116.5000000        1.4701598      1.3940437      1.4286147      1.3440053      1.4111856      1.5745067      1.4150867      1.5163107      1.4698487      1.3190458      1.5562448      1.4008088      1.5367367      1.5090316      1.3649939      1.4414854      1.5550126      1.5070507      1.4363910      1.4627079      1.3754547      1.4342979      1.4289881      1.4480542      1.3837139      1.4653126      1.4615419      1.4543237      1.4598902      1.4450901      1.5221884      1.5475274      1.5492297      1.4549190      1.5448095      1.5681509      1.5743047      1.5116337      1.3969178      1.4485162 
   117.0000000        1.4694685      1.3933636      1.4279614      1.3433985      1.4105122      1.5737896      1.4128771      1.5156839      1.4690238      1.3184883      1.5555450      1.3999987      1.5361061      1.5082442      1.3642320      1.4406512      1.5542908      1.5063528      1.4357782      1.4620251      1.3748972      1.4336724      1.4284558      1.4474870      1.3830473      1.4646075      1.4610116      1.4536763      1.4592037      1.4444460      1.5214859      1.5468177      1.5486373      1.4543370      1.5442246      1.5675600      1.5737004      1.5109440      1.3962333      1.4476976 
   117.5000000        1.4687771      1.3926835      1.4273080      1.3427916      1.4098389      1.5730724      1.4106675      1.5150572      1.4681989      1.3179308      1.5548452      1.3991885      1.5354755      1.5074568      1.3634701      1.4398299      1.5535691      1.5056549      1.4351654      1.4613423      1.3743397      1.4330524      1.4279236      1.4469197      1.3824437      1.4639823      1.4604814      1.4530288      1.4585173      1.4438018      1.5207833      1.5461081      1.5480448      1.4537550      1.5436397      1.5669691      1.5730962      1.5102542      1.3955970      1.4468789 
   118.0000000        1.4680858      1.3920035      1.4266547      1.3421848      1.4091656      1.5723552      1.4084578      1.5144305      1.4674017      1.3173733      1.5541454      1.3983784      1.5348448      1.5066694      1.3627082      1.4390544      1.5528473      1.5049569      1.4345525      1.4606596      1.3737822      1.4324920      1.4273914      1.4463524      1.3818401      1.4633572      1.4599512      1.4523813      1.4578309      1.4431577      1.5200807      1.5453984      1.5474524      1.4531731      1.5430548      1.5663782      1.5724919      1.5095644      1.3949672      1.4460602 
   118.5000000        1.4673944      1.3913234      1.4260014      1.3415779      1.4084922      1.5716381      1.4062482      1.5138038      1.4666485      1.3168158      1.5534457      1.3975682      1.5342142      1.5058820      1.3619462      1.4382789      1.5521255      1.5042590      1.4339397      1.4599768      1.3732248      1.4319316      1.4268592      1.4457851      1.3812366      1.4627320      1.4594209      1.4517338      1.4572311      1.4425135      1.5193781      1.5447667      1.5468599      1.4525911      1.5424699      1.5657873      1.5718876      1.5088746      1.3943373      1.4452416 
   119.0000000        1.4667030      1.3906433      1.4253480      1.3409711      1.4078189      1.5709209      1.4040386      1.5131771      1.4658952      1.3162583      1.5527459      1.3967581      1.5335836      1.5050946      1.3611843      1.4375035      1.5514193      1.5035611      1.4333587      1.4592941      1.3726673      1.4313712      1.4263270      1.4452178      1.3806330      1.4621068      1.4588907      1.4510863      1.4566531      1.4418694      1.5186756      1.5441364      1.5462675      1.4520091      1.5418850      1.5651964      1.5712833      1.5081848      1.3937074      1.4444229 
   119.5000000        1.4660117      1.3899632      1.4246947      1.3403642      1.4071456      1.5702038      1.4018290      1.5125504      1.4651420      1.3157008      1.5520461      1.3959479      1.5329530      1.5043072      1.3604224      1.4367280      1.5507805      1.5028632      1.4327834      1.4586113      1.3721379      1.4308108      1.4257947      1.4446506      1.3800294      1.4614817      1.4583604      1.4504388      1.4560752      1.4412252      1.5179730      1.5435062      1.5456750      1.4514271      1.5413001      1.5646055      1.5706790      1.5074950      1.3930775      1.4436043 
   120.0000000        1.4653203      1.3892832      1.4240414      1.3397574      1.4064722      1.5694866      1.3996193      1.5119237      1.4643887      1.3151434      1.5513463      1.3951378      1.5323223      1.5035198      1.3596605      1.4359525      1.5501417      1.5021652      1.4322080      1.4580867      1.3716594      1.4302503      1.4252625      1.4440833      1.3794259      1.4608565      1.4578302      1.4497914      1.4554972      1.4405811      1.5172704      1.5428760      1.5450826      1.4508452      1.5407152      1.5640146      1.5700747      1.5068052      1.3924476      1.4427856 
   120.5000000        1.4646290      1.3886031      1.4233880      1.3391505      1.4057989      1.5687695      1.3974097      1.5112970      1.4636355      1.3145859      1.5506465      1.3943276      1.5316917      1.5027324      1.3588986      1.4351771      1.5495029      1.5014763      1.4316327      1.4576065      1.3711809      1.4296899      1.4247303      1.4435160      1.3788223      1.4602313      1.4572999      1.4491439      1.4549193      1.4399369      1.5165678      1.5422458      1.5444901      1.4502632      1.5401303      1.5634237      1.5694705      1.5061155      1.3918177      1.4419669 
   121.0000000        1.4639376      1.3879230      1.4227347      1.3385437      1.4051256      1.5680523      1.3952001      1.5106702      1.4628822      1.3140284      1.5499467      1.3935175      1.5310611      1.5019450      1.3581366      1.4344016      1.5488641      1.5008665      1.4310574      1.4571264      1.3707025      1.4291295      1.4241981      1.4429589      1.3782187      1.4596062      1.4567697      1.4484964      1.4543413      1.4392927      1.5158653      1.5416155      1.5438977      1.4496812      1.5395454      1.5628328      1.5688662      1.5054257      1.3911878      1.4411483 
   121.5000000        1.4632463      1.3872430      1.4220813      1.3379368      1.4044522      1.5673351      1.3929905      1.5100435      1.4621290      1.3134709      1.5492469      1.3927073      1.5304305      1.5011576      1.3573747      1.4336262      1.5482253      1.5002567      1.4304821      1.4566462      1.3702240      1.4285691      1.4236659      1.4424367      1.3776152      1.4589810      1.4562395      1.4478489      1.4537634      1.4386486      1.5151627      1.5409853      1.5433052      1.4490993      1.5389605      1.5622418      1.5682619      1.5047359      1.3905579      1.4403296 
   122.0000000        1.4625549      1.3865629      1.4214280      1.3373300      1.4037849      1.5666180      1.3907808      1.5094168      1.4613757      1.3129134      1.5485471      1.3918972      1.5297998      1.5003702      1.3566753      1.4328507      1.5475865      1.4996470      1.4299068      1.4561660      1.3697456      1.4280087      1.4231336      1.4419144      1.3770116      1.4583559      1.4557092      1.4472014      1.4531854      1.4380044      1.5144601      1.5403551      1.5427128      1.4485173      1.5383756      1.5616509      1.5676576      1.5040461      1.3899280      1.4395436 
   122.5000000        1.4618636      1.3858828      1.4207747      1.3367231      1.4031719      1.5659008      1.3885712      1.5087901      1.4606225      1.3123559      1.5478473      1.3910870      1.5291692      1.4995828      1.3560668      1.4320752      1.5469477      1.4990372      1.4293315      1.4556859      1.3692671      1.4274483      1.4226014      1.4413922      1.3764080      1.4577307      1.4551790      1.4465540      1.4526074      1.4373603      1.5137682      1.5397249      1.5421203      1.4479353      1.5377907      1.5610600      1.5670533      1.5033563      1.3892981      1.4387795 
   123.0000000        1.4611722      1.3852027      1.4201213      1.3361162      1.4025589      1.5651837      1.3863616      1.5081634      1.4598692      1.3117984      1.5472195      1.3902769      1.5285386      1.4987954      1.3554583      1.4312998      1.5463089      1.4984274      1.4287561      1.4552057      1.3687886      1.4268879      1.4220692      1.4408700      1.3758044      1.4571055      1.4546487      1.4459065      1.4520295      1.4367161      1.5131497      1.5390946      1.5415279      1.4473534      1.5372057      1.5604691      1.5664490      1.5026665      1.3886682      1.4380155 
   123.5000000        1.4604809      1.3845227      1.4194680      1.3355094      1.4019459      1.5644665      1.3841519      1.5075367      1.4591160      1.3112409      1.5466122      1.3894667      1.5279080      1.4980080      1.3548498      1.4305243      1.5456702      1.4978176      1.4281808      1.4547256      1.3683102      1.4263275      1.4215370      1.4403477      1.3752009      1.4564804      1.4541185      1.4452590      1.4514515      1.4360720      1.5125313      1.5384644      1.5409354      1.4467714      1.5366208      1.5598782      1.5658448      1.5019767      1.3880383      1.4372514 
   124.0000000        1.4597895      1.3838426      1.4188147      1.3349764      1.4013329      1.5637493      1.3819423      1.5069100      1.4583627      1.3106834      1.5460049      1.3886566      1.5272773      1.4972206      1.3542413      1.4297488      1.5450314      1.4972079      1.4276055      1.4542454      1.3678317      1.4257671      1.4210048      1.4398255      1.3745973      1.4558552      1.4535882      1.4446731      1.4508736      1.4354278      1.5119129      1.5378342      1.5403430      1.4461894      1.5360359      1.5592873      1.5652405      1.5012869      1.3874084      1.4364874 
   124.0000000        1.4597895      1.3838426      1.4188147      1.3349764      1.4013329      1.5637493      1.3819423      1.5069100      1.4583627      1.3106834      1.5460049      1.3886566      1.5272773      1.4972206      1.3542413      1.4297488      1.5450314      1.4972079      1.4276055      1.4542454      1.3678317      1.4257671      1.4210048      1.4398255      1.3745973      1.4558552      1.4535882      1.4446731      1.4508736      1.4354278      1.5119129      1.5378342      1.5403430      1.4461894      1.5360359      1.5592873      1.5652405      1.5012869      1.3874084      1.4364874 
   124.5000000        1.4590982      1.3831625      1.4181613      1.3344625      1.4007199      1.5631785      1.3797327      1.5062833      1.4576095      1.3101260      1.5453976      1.3878464      1.5266467      1.4964332      1.3536327      1.4289734      1.5443926      1.4965981      1.4270302      1.4537652      1.3673533      1.4252066      1.4204725      1.4393032      1.3739937      1.4552300      1.4530580      1.4441282      1.4502956      1.4347837      1.5112944      1.5372040      1.5397505      1.4456075      1.5354510      1.5586964      1.5646362      1.5005972      1.3867786      1.4357233 
   125.0000000        1.4584068      1.3824824      1.4175080      1.3339487      1.4001069      1.5626204      1.3776416      1.5056566      1.4568563      1.3095685      1.5447903      1.3870363      1.5260161      1.4956458      1.3530242      1.4281979      1.5437538      1.4959883      1.4264549      1.4532851      1.3668748      1.4246462      1.4199403      1.4387810      1.3733902      1.4546049      1.4525278      1.4435833      1.4497177      1.4341395      1.5106760      1.5365737      1.5391581      1.4450255      1.5348661      1.5581055      1.5640319      1.4999074      1.3861487      1.4349593 
   125.5000000        1.4577155      1.3818024      1.4168547      1.3334348      1.3994939      1.5620622      1.3769802      1.5050298      1.4561030      1.3090110      1.5441829      1.3862261      1.5253855      1.4948584      1.3524157      1.4274224      1.5431150      1.4953785      1.4258796      1.4528049      1.3663963      1.4240858      1.4194081      1.4382588      1.3727866      1.4539797      1.4519975      1.4430385      1.4491397      1.4335295      1.5100576      1.5359435      1.5385656      1.4444435      1.5342812      1.5575146      1.5634276      1.4992176      1.3855188      1.4341952 
   126.0000000        1.4570241      1.3811165      1.4162013      1.3329209      1.3988809      1.5615041      1.3763187      1.5044031      1.4553498      1.3084535      1.5435756      1.3854160      1.5247548      1.4940710      1.3518072      1.4266470      1.5424762      1.4947688      1.4253042      1.4523248      1.3659179      1.4235254      1.4189165      1.4377365      1.3721830      1.4533545      1.4514673      1.4424936      1.4485618      1.4329481      1.5094392      1.5353133      1.5379732      1.4438616      1.5336963      1.5569237      1.5628233      1.4985278      1.3848889      1.4334312 
   126.5000000        1.4563328      1.3804049      1.4155970      1.3324070      1.3982679      1.5609459      1.3756572      1.5037764      1.4545965      1.3078960      1.5429683      1.3846058      1.5241242      1.4932836      1.3511987      1.4258715      1.5418374      1.4941590      1.4247289      1.4518446      1.3654394      1.4229650      1.4184453      1.4372143      1.3715795      1.4527294      1.4509370      1.4419487      1.4479838      1.4323666      1.5088207      1.5346831      1.5373807      1.4432796      1.5331114      1.5563328      1.5622191      1.4978380      1.3842590      1.4326671 
   127.0000000        1.4556414      1.3796932      1.4149965      1.3318932      1.3976549      1.5603878      1.3749957      1.5031497      1.4538433      1.3073385      1.5423610      1.3837836      1.5234936      1.4924962      1.3505902      1.4250960      1.5411986      1.4935492      1.4241536      1.4513644      1.3649609      1.4224046      1.4179740      1.4366921      1.3709759      1.4521042      1.4504068      1.4414038      1.4474059      1.4317852      1.5082023      1.5340528      1.5367883      1.4426976      1.5325265      1.5557418      1.5616148      1.4971482      1.3836291      1.4319031 
   127.5000000        1.4549500      1.3789816      1.4143960      1.3313793      1.3970419      1.5598296      1.3743343      1.5025230      1.4530900      1.3067810      1.5417537      1.3827808      1.5228630      1.4917088      1.3499817      1.4243206      1.5405598      1.4929394      1.4235783      1.4508843      1.3644825      1.4218442      1.4175028      1.4361698      1.3703723      1.4514791      1.4498765      1.4408590      1.4468279      1.4312037      1.5075839      1.5334226      1.5361958      1.4421157      1.5319416      1.5551509      1.5610105      1.4964584      1.3829992      1.4311390 
   128.0000000        1.4542587      1.3782699      1.4137956      1.3308654      1.3964289      1.5592715      1.3736728      1.5018963      1.4523368      1.3062235      1.5411464      1.3817779      1.5222324      1.4909214      1.3493732      1.4235451      1.5399211      1.4923297      1.4230030      1.4504041      1.3640040      1.4212838      1.4170316      1.4356476      1.3697688      1.4508539      1.4493463      1.4403141      1.4462500      1.4306222      1.5069654      1.5327924      1.5356034      1.4415337      1.5313567      1.5545600      1.5604062      1.4958312      1.3823693      1.4303750 
   128.5000000        1.4535673      1.3775583      1.4131951      1.3303515      1.3958159      1.5587133      1.3730113      1.5012864      1.4515835      1.3056660      1.5405390      1.3807750      1.5216017      1.4901340      1.3487647      1.4227697      1.5392823      1.4917199      1.4224277      1.4499239      1.3635256      1.4207234      1.4165603      1.4351254      1.3691652      1.4502287      1.4488161      1.4397692      1.4456720      1.4300408      1.5063470      1.5321622      1.5350109      1.4409517      1.5307718      1.5539691      1.5598019      1.4952534      1.3817394      1.4296109 
   129.0000000        1.4528760      1.3768466      1.4125946      1.3298377      1.3952029      1.5581552      1.3723498      1.5006991      1.4508303      1.3051086      1.5399317      1.3797721      1.5209711      1.4893799      1.3481562      1.4219942      1.5386435      1.4911101      1.4218524      1.4494438      1.3630471      1.4201630      1.4160891      1.4346031      1.3685616      1.4496036      1.4482858      1.4392244      1.4450941      1.4294593      1.5057286      1.5315319      1.5344185      1.4403698      1.5301869      1.5533782      1.5591976      1.4946756      1.3811095      1.4288469 
   129.5000000        1.4521983      1.3761350      1.4119941      1.3293238      1.3945899      1.5575970      1.3716884      1.5001117      1.4500770      1.3045511      1.5393244      1.3787693      1.5203405      1.4886326      1.3475477      1.4212412      1.5380047      1.4905003      1.4212770      1.4489636      1.3625686      1.4196025      1.4156178      1.4340809      1.3679581      1.4489784      1.4477556      1.4386795      1.4445161      1.4288779      1.5051101      1.5309017      1.5338260      1.4397878      1.5296020      1.5527873      1.5585934      1.4940978      1.3804796      1.4280828 
   130.0000000        1.4515840      1.3754233      1.4113936      1.3288099      1.3939769      1.5570389      1.3710269      1.4995243      1.4493238      1.3039936      1.5387171      1.3777664      1.5197099      1.4878853      1.3469392      1.4205204      1.5373659      1.4898906      1.4207017      1.4484835      1.3620902      1.4190421      1.4151466      1.4335587      1.3673545      1.4483532      1.4472253      1.4381346      1.4439382      1.4282964      1.5044917      1.5302715      1.5332336      1.4392085      1.5290171      1.5521964      1.5579891      1.4935200      1.3798497      1.4273188 
   130.5000000        1.4509697      1.3747117      1.4107932      1.3282960      1.3933639      1.5564807      1.3703654      1.4989369      1.4485706      1.3034676      1.5381098      1.3767635      1.5190792      1.4871380      1.3463307      1.4197995      1.5367271      1.4892808      1.4201264      1.4480033      1.3616117      1.4184817      1.4146753      1.4330364      1.3667509      1.4477281      1.4466951      1.4375897      1.4433602      1.4277150      1.5038733      1.5296413      1.5326757      1.4386880      1.5284322      1.5516055      1.5574142      1.4929422      1.3792198      1.4265547 
   131.0000000        1.4503553      1.3740000      1.4101927      1.3277822      1.3927509      1.5559226      1.3697040      1.4983495      1.4478173      1.3029529      1.5375024      1.3757606      1.5184486      1.4863907      1.3457222      1.4190787      1.5360883      1.4886710      1.4195511      1.4475231      1.3611333      1.4179213      1.4142041      1.4325142      1.3661480      1.4471029      1.4461648      1.4370449      1.4427823      1.4271335      1.5032549      1.5290110      1.5321302      1.4381676      1.5278473      1.5510642      1.5568677      1.4923644      1.3785899      1.4257907 
   131.0000000        1.4503553      1.3140000      1.4101927      1.3277822      1.3927509      1.5559226      1.3697040      1.4983495      1.4478173      1.3029529      1.5375024      1.3757606      1.5184486      1.4863907      1.3457222      1.4190787      1.5360883      1.4886710      1.4195511      1.4475231      1.3611333      1.4179213      1.4142041      1.4325142      1.3661480      1.4471029      1.4461648      1.4370449      1.4427823      1.4271335      1.5032549      1.5290110      1.5321302      1.4381676      1.5278473      1.5510642      1.5568677      1.4923644      1.3785899      1.4257907 
   131.5000000        1.4497410      1.3133373      1.4095922      1.3272683      1.3921379      1.5553644      1.3690425      1.4977621      1.4471682      1.3024383      1.5368951      1.3747578      1.5178180      1.4856434      1.3451136      1.4183578      1.5354495      1.4880612      1.4189758      1.4470430      1.3606548      1.4173609      1.4137328      1.4319919      1.3656079      1.4464778      1.4456346      1.4365000      1.4422043      1.4265521      1.5026364      1.5283808      1.5315847      1.4376472      1.5272624      1.5505294      1.5563212      1.4917867      1.3779601      1.4250266 
   132.0000000        1.4491267      1.3126746      1.4089917      1.3267544      1.3915249      1.5548063      1.3683810      1.4971748      1.4465399      1.3019236      1.5362878      1.3737549      1.5172700      1.4848961      1.3445051      1.4176370      1.5348107      1.4874515      1.4184005      1.4465628      1.3601763      1.4168005      1.4132616      1.4314697      1.3650678      1.4458896      1.4451043      1.4359551      1.4416264      1.4259706      1.5020180      1.5277506      1.5310392      1.4371268      1.5266775      1.5499945      1.5557747      1.4912089      1.3773302      1.4242626 
   132.5000000        1.4485123      1.3120119      1.4083912      1.3262405      1.3909119      1.5542481      1.3677195      1.4965874      1.4459115      1.3014090      1.5356805      1.3727520      1.5167427      1.4841488      1.3438966      1.4169161      1.5341720      1.4868417      1.4178251      1.4460827      1.3596979      1.4162401      1.4127903      1.4309475      1.3645277      1.4453412      1.4445789      1.4354103      1.4410484      1.4253892      1.5013996      1.5271204      1.5304938      1.4366064      1.5261016      1.5494596      1.5552282      1.4906311      1.3767003      1.4234985 
   133.0000000        1.4478980      1.3113491      1.4077908      1.3257267      1.3902989      1.5536900      1.3670581      1.4960000      1.4452831      1.3008943      1.5350732      1.3717491      1.5162153      1.4834015      1.3432881      1.4161953      1.5335332      1.4862319      1.4172498      1.4456025      1.3592194      1.4156797      1.4123191      1.4304252      1.3639876      1.4447928      1.4441100      1.4348654      1.4404705      1.4248077      1.5007811      1.5264901      1.5299483      1.4360860      1.5256026      1.5489247      1.5546817      1.4900533      1.3760704      1.4227345 
   133.0000000        1.4478980      1.3113491      1.4077908      1.3257267      1.3902989      1.5536900      1.3670581      1.4430000      1.4452831      1.3008943      1.5350732      1.3717491      1.5162153      1.4834015      1.3432881      1.4161953      1.5335332      1.4862319      1.4172498      1.4456025      1.3592194      1.4156797      1.4123191      1.4304252      1.3639876      1.4447928      1.4441100      1.4348654      1.4404705      1.4248077      1.5007811      1.5264901      1.5299483      1.4360860      1.5256026      1.5489247      1.5546817      1.4900533      1.3760704      1.4227345 
   133.5000000        1.4472837      1.3106864      1.4071903      1.3252128      1.3896858      1.5531318      1.3663966      1.4424554      1.4446548      1.3003796      1.5344659      1.3707462      1.5156880      1.4826542      1.3426796      1.4154744      1.5328944      1.4856221      1.4166745      1.4451223      1.3587409      1.4151487      1.4118478      1.4299030      1.3634475      1.4442444      1.4436412      1.4343205      1.4399056      1.4242263      1.5001627      1.5258912      1.5294028      1.4355655      1.5251036      1.5483899      1.5541352      1.4894755      1.3754405      1.4219591 
   134.0000000        1.4466693      1.3100237      1.4065898      1.3246989      1.3890728      1.5525737      1.3657351      1.4419108      1.4440264      1.2998650      1.5338585      1.3697434      1.5151606      1.4819069      1.3420711      1.4147535      1.5322612      1.4850124      1.4160987      1.4446422      1.3582625      1.4146470      1.4113766      1.4293808      1.3629073      1.4436960      1.4431724      1.4337756      1.4393976      1.4236448      1.4995443      1.5253280      1.5288573      1.4350451      1.5246046      1.5478550      1.5535887      1.4888977      1.3748603      1.4211694 
   134.5000000        1.4460550      1.3093645      1.4059893      1.3241850      1.3884598      1.5520155      1.3650736      1.4413662      1.4433980      1.2993503      1.5332512      1.3687405      1.5146333      1.4811596      1.3414626      1.4140327      1.5316905      1.4844026      1.4155184      1.4441620      1.3577840      1.4141452      1.4109054      1.4288585      1.3623672      1.4431476      1.4427035      1.4332308      1.4388897      1.4230634      1.4989258      1.5247648      1.5283118      1.4345247      1.5241057      1.5473201      1.5530422      1.4883199      1.3742849      1.4203798 
   135.0000000        1.4454407      1.3087192      1.4053888      1.3236712      1.3878468      1.5514574      1.3644122      1.4408216      1.4427697      1.2988357      1.5326439      1.3677376      1.5141059      1.4804124      1.3408541      1.4133118      1.5311198      1.4837928      1.4149381      1.4436818      1.3573056      1.4136435      1.4104341      1.4283363      1.3618271      1.4425992      1.4422347      1.4326859      1.4383818      1.4224819      1.4983074      1.5242016      1.5277663      1.4340043      1.5236067      1.5467852      1.5524957      1.4877421      1.3737095      1.4195901 
   135.5000000        1.4448263      1.3080740      1.4047884      1.3231573      1.3872338      1.5508992      1.3637507      1.4402770      1.4421413      1.2983210      1.5320366      1.3667347      1.5135786      1.4796651      1.3402456      1.4125910      1.5305492      1.4831830      1.4143577      1.4432017      1.3568271      1.4131418      1.4099629      1.4278141      1.3612870      1.4420508      1.4417658      1.4321410      1.4378739      1.4219004      1.4976890      1.5236384      1.5272208      1.4334839      1.5231077      1.5462503      1.5519492      1.4871643      1.3731341      1.4188004 
   136.0000000        1.4442120      1.3074287      1.4041879      1.3226434      1.3866208      1.5503411      1.3630892      1.4397323      1.4415129      1.2978063      1.5314293      1.3657319      1.5130512      1.4789178      1.3396371      1.4118701      1.5299785      1.4826237      1.4137774      1.4427215      1.3563486      1.4126401      1.4094916      1.4272918      1.3607469      1.4415023      1.4412970      1.4315962      1.4373660      1.4213190      1.4970706      1.5230752      1.5266754      1.4329635      1.5226087      1.5457155      1.5514027      1.4865865      1.3725587      1.4180108 
   136.5000000        1.4435977      1.3067834      1.4035874      1.3221295      1.3860078      1.5497829      1.3624277      1.4391877      1.4408846      1.2972917      1.5308220      1.3647290      1.5125238      1.4781705      1.3390286      1.4111493      1.5294078      1.4820750      1.4131971      1.4422414      1.3558961      1.4121384      1.4090204      1.4267696      1.3602068      1.4409539      1.4408281      1.4310513      1.4368581      1.4207375      1.4964521      1.5225121      1.5261299      1.4324430      1.5221097      1.5451806      1.5508562      1.4860087      1.3719833      1.4172211 
   137.0000000        1.4429833      1.3061382      1.4029869      1.3216157      1.3853948      1.5492248      1.3617663      1.4386431      1.4402562      1.2967770      1.5302146      1.3637472      1.5119965      1.4774232      1.3384201      1.4104284      1.5288372      1.4815264      1.4126168      1.4417612      1.3554614      1.4116367      1.4085491      1.4262473      1.3596667      1.4404055      1.4403593      1.4305064      1.4363502      1.4201561      1.4958337      1.5219489      1.5255844      1.4319226      1.5216108      1.5446457      1.5503097      1.4854309      1.3714079      1.4164314 
   137.5000000        1.4423690      1.3054929      1.4023864      1.3211018      1.3847950      1.5486666      1.3611048      1.4380985      1.4396278      1.2962624      1.5296073      1.3629202      1.5114691      1.4766759      1.3378116      1.4097076      1.5282665      1.4809777      1.4120365      1.4412810      1.3550266      1.4111350      1.4080779      1.4257251      1.3591265      1.4398571      1.4398904      1.4299615      1.4358423      1.4195746      1.4952153      1.5213857      1.5250389      1.4314022      1.5211118      1.5441108      1.5497632      1.4848532      1.3708325      1.4156418 
   138.0000000        1.4417547      1.3048477      1.4017860      1.3205879      1.3841954      1.5481085      1.3604433      1.4375539      1.4389995      1.2957477      1.5290000      1.3620933      1.5109418      1.4759286      1.3373084      1.4089867      1.5276959      1.4804290      1.4114561      1.4408009      1.3545919      1.4106333      1.4076066      1.4252325      1.3585864      1.4393087      1.4394216      1.4294167      1.4353344      1.4189932      1.4945998      1.5208225      1.5244934      1.4308818      1.5206128      1.5435760      1.5492167      1.4842754      1.3702571      1.4148521 
   138.0000000        1.4417547      1.3048477      1.4017860      1.3205879      1.3841954      1.5481085      1.3604433      1.4375539      1.4389995      1.2957477      1.4830000      1.3620933      1.5109418      1.4759286      1.3373084      1.4089867      1.5276959      1.4804290      1.4114561      1.4408009      1.3545919      1.4106333      1.4076066      1.4252325      1.3585864      1.4393087      1.4394216      1.4294167      1.4353344      1.4189932      1.4945998      1.5208225      1.5244934      1.4308818      1.5206128      1.5435760      1.5492167      1.4842754      1.3702571      1.4148521 
   138.5000000        1.4411403      1.3042024      1.4011855      1.3200740      1.3835958      1.5475503      1.3597818      1.4370093      1.4383711      1.2952330      1.4824278      1.3612664      1.5104144      1.4751813      1.3368309      1.4082659      1.5271252      1.4798803      1.4108758      1.4403207      1.3541572      1.4101316      1.4071354      1.4247953      1.3580463      1.4387603      1.4389528      1.4288718      1.4348265      1.4184117      1.4940802      1.5202593      1.5239479      1.4303614      1.5201138      1.5430411      1.5486702      1.4836976      1.3696817      1.4140624 
   139.0000000        1.4405260      1.3035571      1.4005850      1.3195602      1.3829961      1.5469921      1.3591295      1.4364647      1.4377427      1.2947184      1.4818556      1.3604395      1.5098871      1.4744340      1.3363534      1.4075450      1.5265545      1.4793316      1.4102955      1.4398405      1.3537224      1.4096299      1.4066641      1.4243581      1.3575062      1.4382119      1.4384839      1.4283269      1.4343186      1.4178303      1.4935607      1.5196961      1.5234025      1.4298410      1.5196148      1.5425062      1.5481237      1.4831198      1.3691063      1.4132727 
   139.5000000        1.4399117      1.3029119      1.3999845      1.3190463      1.3823965      1.5464340      1.3585228      1.4359201      1.4371144      1.2942037      1.4812834      1.3596126      1.5093597      1.4736867      1.3358759      1.4068241      1.5259839      1.4787829      1.4097152      1.4393604      1.3532877      1.4091282      1.4061929      1.4239210      1.3569661      1.4376635      1.4380151      1.4277907      1.4338107      1.4172488      1.4930411      1.5191329      1.5228570      1.4293205      1.5191158      1.5419713      1.5475772      1.4825420      1.3685309      1.4124831 
   140.0000000        1.4392973      1.3022666      1.3993840      1.3185324      1.3817969      1.5458758      1.3579161      1.4353755      1.4364860      1.2936891      1.4807112      1.3587856      1.5088324      1.4729394      1.3353984      1.4061033      1.5254132      1.4782343      1.4091348      1.4388802      1.3528530      1.4086265      1.4057216      1.4234838      1.3564260      1.4371151      1.4375462      1.4272674      1.4333028      1.4166674      1.4925216      1.5185697      1.5223115      1.4288001      1.5186169      1.5414364      1.5470307      1.4819642      1.3679556      1.4116934 
   140.0000000        1.4392973      1.3022666      1.3993840      1.3185324      1.3817969      1.5458758      1.3579161      1.4353755      1.4364860      1.2936891      1.4807112      1.3587856      1.5088324      1.4729394      1.3353984      1.4061033      1.5254132      1.4782343      1.4091348      1.4388802      1.3528530      1.4086265      1.4057216      1.4234838      1.3564260      1.4371151      1.4375462      1.4272674      1.4333028      1.4166674      1.4925216      1.5185697      1.5223115      1.4288001      1.5186169      1.5414364      1.5470307      1.4819642      1.3679556      1.4116934 
   140.5000000        1.4386830      1.3016213      1.3987836      1.3181050      1.3811973      1.5453177      1.3573094      1.4348309      1.4358576      1.2931744      1.4801390      1.3579587      1.5083050      1.4721921      1.3349208      1.4053824      1.5248426      1.4776856      1.4085545      1.4384001      1.3524182      1.4081247      1.4052504      1.4230466      1.3558859      1.4365667      1.4370774      1.4267442      1.4327949      1.4160894      1.4920020      1.5180065      1.5217660      1.4282797      1.5181179      1.5409016      1.5464842      1.4813864      1.3673802      1.4109037 
   141.0000000        1.4380686      1.3009761      1.3981831      1.3176915      1.3805977      1.5447595      1.3567027      1.4342862      1.4352293      1.2926597      1.4795668      1.3571318      1.5077776      1.4714448      1.3344433      1.4046616      1.5242719      1.4771369      1.4079742      1.4379199      1.3519835      1.4076230      1.4047792      1.4226094      1.3553457      1.4360183      1.4366085      1.4262209      1.4322870      1.4155382      1.4914824      1.5174433      1.5212205      1.4277593      1.5176189      1.5403667      1.5459378      1.4808086      1.3668048      1.4101141 
   141.5000000        1.4374543      1.3003308      1.3975995      1.3172780      1.3799981      1.5442014      1.3560960      1.4337416      1.4346009      1.2921451      1.4789946      1.3563049      1.5072503      1.4706975      1.3339658      1.4039407      1.5237012      1.4765882      1.4073939      1.4374397      1.3515487      1.4071213      1.4043079      1.4221722      1.3548056      1.4354699      1.4361397      1.4256977      1.4317791      1.4149870      1.4909629      1.5168802      1.5206750      1.4272389      1.5171199      1.5398318      1.5453913      1.4802308      1.3662294      1.4093244 
   142.0000000        1.4368400      1.2996856      1.3970914      1.3168645      1.3793985      1.5436432      1.3554893      1.4331970      1.4339725      1.2916304      1.4784224      1.3554779      1.5067229      1.4699502      1.3334883      1.4032199      1.5231306      1.4760395      1.4068136      1.4369596      1.3511140      1.4066196      1.4038367      1.4217351      1.3542655      1.4349215      1.4356708      1.4251744      1.4312711      1.4144358      1.4904433      1.5163170      1.5201295      1.4267185      1.5166209      1.5392969      1.5448448      1.4796530      1.3656540      1.4085347 
   142.5000000        1.4362256      1.2990403      1.3965833      1.3164509      1.3787988      1.5432030      1.3548826      1.4326524      1.4333442      1.2911158      1.4778502      1.3546510      1.5061956      1.4692046      1.3330108      1.4025436      1.5225599      1.4754908      1.4062332      1.4364794      1.3506793      1.4061179      1.4033654      1.4212979      1.3537254      1.4343731      1.4352020      1.4246512      1.4307632      1.4138846      1.4899238      1.5157538      1.5195841      1.4261980      1.5161220      1.5387621      1.5442983      1.4790752      1.3650786      1.4077450 
   142.8000000        1.4358570      1.2986531      1.3962784      1.3162028      1.3784391      1.5430000      1.3545186      1.4323257      1.4329672      1.2908070      1.4775068      1.3541549      1.5058792      1.4687836      1.3327243      1.4021444      1.5222175      1.4751616      1.4058850      1.4361913      1.3504184      1.4058169      1.4030827      1.4210356      1.3534013      1.4340441      1.4349207      1.4243372      1.4304585      1.4135539      1.4896120      1.5154159      1.5192568      1.4258858      1.5158226      1.5384411      1.5439704      1.4787286      1.3647334      1.4072712 
   142.8000000        1.4358570      1.2986531      1.3962784      1.3162028      1.3784391      1.4770000      1.3545186      1.4323257      1.4329672      1.2908070      1.4775068      1.3541549      1.5058792      1.4687836      1.3327243      1.4021444      1.5222175      1.4751616      1.4058850      1.4361913      1.3504184      1.4058169      1.4030827      1.4210356      1.3534013      1.4340441      1.4349207      1.4243372      1.4304585      1.4135539      1.4896120      1.5154159      1.5192568      1.4258858      1.5158226      1.5384411      1.5439704      1.4787286      1.3647334      1.4072712 
   143.0000000        1.4356113      1.2983950      1.3960752      1.3160374      1.3781992      1.4766989      1.3542759      1.4321078      1.4327158      1.2906011      1.4772779      1.3538241      1.5056682      1.4685029      1.3325333      1.4018783      1.5219893      1.4749422      1.4056529      1.4359993      1.3502445      1.4056162      1.4028942      1.4208607      1.3531853      1.4338247      1.4347332      1.4241279      1.4302553      1.4133334      1.4894042      1.5151906      1.5190386      1.4256776      1.5156230      1.5382272      1.5437518      1.4784975      1.3645032      1.4069554 
   143.5000000        1.4349970      1.2977498      1.3955671      1.3156239      1.3775996      1.4759462      1.3536692      1.4315632      1.4320874      1.2900864      1.4767057      1.3529972      1.5051409      1.4678012      1.3320558      1.4012130      1.5214186      1.4743935      1.4050726      1.4355191      1.3498098      1.4051145      1.4024229      1.4204235      1.3526452      1.4332763      1.4342643      1.4236047      1.4297474      1.4127822      1.4888846      1.5146274      1.5184931      1.4251572      1.5151240      1.5376923      1.5432053      1.4779197      1.3639278      1.4061657 
   144.0000000        1.4343826      1.2971045      1.3950590      1.3152103      1.3770000      1.4751935      1.3530625      1.4310186      1.4314591      1.2895718      1.4761335      1.3521703      1.5046135      1.4670995      1.3315783      1.4005477      1.5208479      1.4738448      1.4044923      1.4350389      1.3493751      1.4046128      1.4019757      1.4199864      1.3521051      1.4327279      1.4337955      1.4230814      1.4292395      1.4122310      1.4883651      1.5140642      1.5179476      1.4246368      1.5146250      1.5371574      1.5426588      1.4773419      1.3633524      1.4053760 
   144.0000000        1.4343826      1.2971045      1.3950590      1.3152103      1.3060000      1.4751935      1.3530625      1.4310186      1.4314591      1.2895718      1.4761335      1.3521703      1.5046135      1.4670995      1.3315783      1.4005477      1.5208479      1.4738448      1.4044923      1.4350389      1.3493751      1.4046128      1.4019757      1.4199864      1.3521051      1.4327279      1.4337955      1.4230814      1.4292395      1.4122310      1.4883651      1.5140642      1.5179476      1.4246368      1.5146250      1.5371574      1.5426588      1.4773419      1.3633524      1.4053760 
   144.2000000        1.4341369      1.2968464      1.3948557      1.3150449      1.3057776      1.4748925      1.3528198      1.4308007      1.4312077      1.2893659      1.4759047      1.3518395      1.5044026      1.4668188      1.3313873      1.4002816      1.5206197      1.4736253      1.4042601      1.4348469      1.3492012      1.4044121      1.4018000      1.4198115      1.3518890      1.4325085      1.4336079      1.4228721      1.4290364      1.4120105      1.4881572      1.5138389      1.5177294      1.4244286      1.5144254      1.5369435      1.5424402      1.4771108      1.3631223      1.4050602 
   144.2000000        1.4341369      1.2968464      1.3948557      1.3150449      1.3057776      1.4748925      1.3528198      1.4308007      1.4312077      1.2893659      1.4759047      1.3518395      1.5044026      1.4668188      1.3313873      1.4002816      1.5206197      1.4736253      1.4042601      1.4348469      1.3492012      1.4044121      1.4018000      1.4198115      1.3518890      1.4325085      1.4336079      1.4228721      1.4290364      1.4120105      1.4881572      1.5138389      1.5177294      1.4244286      1.5144254      1.5369435      1.5424402      1.4771108      1.3631223      1.4050602 
   144.5000000        1.4337775      1.2964593      1.3945509      1.3147968      1.3054439      1.4744408      1.3524558      1.4304740      1.4308307      1.2890571      1.4755613      1.3513433      1.5040862      1.4663978      1.3311008      1.3998825      1.5202773      1.4732961      1.4039119      1.4345588      1.3489403      1.4041111      1.4015364      1.4195492      1.3515649      1.4321795      1.4333266      1.4225581      1.4287316      1.4116798      1.4878455      1.5135010      1.5174021      1.4241164      1.5141260      1.5366225      1.5421123      1.4767641      1.3627770      1.4045864 
   145.0000000        1.4332354      1.2958140      1.3940428      1.3143833      1.3048878      1.4736882      1.3518491      1.4299294      1.4302023      1.2885425      1.4749891      1.3505164      1.5035588      1.4656961      1.3306233      1.3992172      1.5197066      1.4727474      1.4033316      1.4340786      1.3485056      1.4036094      1.4010970      1.4191120      1.3510248      1.4316311      1.4328578      1.4220349      1.4282237      1.4111286      1.4873260      1.5129378      1.5168566      1.4235959      1.5136270      1.5360877      1.5415658      1.4761863      1.3622016      1.4037980 
   145.5000000        1.4326934      1.2951687      1.3935347      1.3139697      1.3043317      1.4729355      1.3512424      1.4293848      1.4295740      1.2880278      1.4744169      1.3496895      1.5030314      1.4649944      1.3301458      1.3985519      1.5191359      1.4721987      1.4027513      1.4335984      1.3480709      1.4031077      1.4006576      1.4186748      1.3504847      1.4310827      1.4323889      1.4215116      1.4277158      1.4105774      1.4868064      1.5123746      1.5163111      1.4230755      1.5131281      1.5355528      1.5410193      1.4756085      1.3616262      1.4030298 
   146.0000000        1.4321514      1.2945235      1.3930266      1.3135562      1.3037756      1.4721828      1.3506357      1.4288402      1.4289456      1.2875131      1.4738447      1.3488626      1.5025041      1.4642926      1.3296683      1.3978867      1.5185653      1.4716501      1.4021710      1.4331183      1.3476361      1.4026059      1.4002182      1.4182377      1.3499446      1.4305343      1.4319201      1.4209884      1.4272079      1.4100262      1.4862868      1.5118115      1.5157657      1.4225551      1.5126291      1.5350179      1.5404728      1.4750729      1.3610509      1.4022616 
   146.5000000        1.4316093      1.2938782      1.3925185      1.3131427      1.3032195      1.4714301      1.3500290      1.4282955      1.4283394      1.2869985      1.4732725      1.3480356      1.5019767      1.4635909      1.3291908      1.3972214      1.5179946      1.4711014      1.4015907      1.4326381      1.3472014      1.4021042      1.3997788      1.4178005      1.3494045      1.4299859      1.4314512      1.4204651      1.4267000      1.4094750      1.4857673      1.5112483      1.5152202      1.4220347      1.5121301      1.5344830      1.5399263      1.4745640      1.3604755      1.4014934 
   147.0000000        1.4310673      1.2932329      1.3920104      1.3127291      1.3026634      1.4706774      1.3494223      1.4277509      1.4278072      1.2864838      1.4727003      1.3472087      1.5014494      1.4628892      1.3287132      1.3965561      1.5174240      1.4705527      1.4010103      1.4321580      1.3467667      1.4016025      1.3993394      1.4173633      1.3489041      1.4294375      1.4309824      1.4199419      1.4261921      1.4089238      1.4852477      1.5106851      1.5146747      1.4215168      1.5116311      1.5339482      1.5393798      1.4740551      1.3599001      1.4007252 
   147.5000000        1.4305253      1.2925877      1.3915023      1.3123156      1.3021073      1.4699247      1.3488156      1.4272063      1.4272751      1.2859790      1.4721281      1.3463818      1.5009220      1.4621875      1.3282357      1.3958908      1.5168533      1.4700040      1.4004300      1.4316778      1.3463319      1.4011008      1.3989000      1.4169261      1.3484225      1.4288891      1.4305136      1.4194186      1.4256842      1.4083726      1.4847281      1.5101219      1.5141292      1.4210515      1.5111321      1.5334133      1.5388333      1.4735462      1.3593247      1.3999570 
   148.0000000        1.4299832      1.2919424      1.3909942      1.3119021      1.3015512      1.4691720      1.3482089      1.4266617      1.4267430      1.2854917      1.4715559      1.3455549      1.5003947      1.4614858      1.3277582      1.3952256      1.5162826      1.4694553      1.3998497      1.4311976      1.3458972      1.4005991      1.3984606      1.4164890      1.3479410      1.4283406      1.4300447      1.4188953      1.4251763      1.4078214      1.4842086      1.5095587      1.5136123      1.4205862      1.5106332      1.5328784      1.5383028      1.4730372      1.3587493      1.3991887 
   148.5000000        1.4294412      1.2913592      1.3904861      1.3114886      1.3009951      1.4684193      1.3476022      1.4261209      1.4262109      1.2850044      1.4709837      1.3447280      1.4998673      1.4607841      1.3272807      1.3945603      1.5157120      1.4689066      1.3992694      1.4307175      1.3454624      1.4000974      1.3980212      1.4160518      1.3474595      1.4277922      1.4295759      1.4183721      1.4246684      1.4072702      1.4836890      1.5089955      1.5131262      1.4201208      1.5101342      1.5323435      1.5378062      1.4725283      1.3581739      1.3984205 
   149.0000000        1.4288992      1.2908691      1.3899780      1.3110750      1.3004390      1.4676666      1.3469955      1.4256323      1.4256788      1.2845172      1.4704115      1.3440824      1.4993400      1.4600824      1.3268032      1.3938950      1.5151413      1.4683580      1.3986890      1.4302373      1.3450277      1.3995957      1.3975818      1.4156146      1.3469779      1.4273202      1.4291070      1.4178488      1.4241605      1.4067190      1.4831695      1.5084323      1.5126402      1.4196555      1.5096352      1.5318521      1.5373097      1.4720194      1.3575985      1.3976523 
   149.5000000        1.4283571      1.2903790      1.3894698      1.3106615      1.2998829      1.4669139      1.3463888      1.4251438      1.4251466      1.2840299      1.4698393      1.3434655      1.4988126      1.4593807      1.3263257      1.3932297      1.5145707      1.4678093      1.3981087      1.4297571      1.3445930      1.3990940      1.3971424      1.4151774      1.3464964      1.4268651      1.4286382      1.4173256      1.4236526      1.4061678      1.4826499      1.5078691      1.5121541      1.4191901      1.5091362      1.5313638      1.5368132      1.4715105      1.3570231      1.3968841 
   150.0000000        1.4278151      1.2898889      1.3889617      1.3102480      1.2993268      1.4661612      1.3457821      1.4246552      1.4246145      1.2835426      1.4692671      1.3428485      1.4983071      1.4586790      1.3258482      1.3925645      1.5140000      1.4672606      1.3975363      1.4292770      1.3441582      1.3985923      1.3967031      1.4147403      1.3460148      1.4264100      1.4281693      1.4168023      1.4231446      1.4056166      1.4821303      1.5073059      1.5116681      1.4187248      1.5086372      1.5308755      1.5363167      1.4710016      1.3564477      1.3961159 
   150.0000000        1.4278151      1.2898889      1.3889617      1.3102480      1.2993268      1.4661612      1.3457821      1.4246552      1.4246145      1.2835426      1.4692671      1.3428485      1.4983071      1.4586790      1.3258482      1.3925645      1.4700000      1.4672606      1.3975363      1.4292770      1.3441582      1.3985923      1.3967031      1.4147403      1.3460148      1.4264100      1.4281693      1.4168023      1.4231446      1.4056166      1.4821303      1.5073059      1.5116681      1.4187248      1.5086372      1.5308755      1.5363167      1.4710016      1.3564477      1.3961159 
   150.5000000        1.4272731      1.2893988      1.3884536      1.3098344      1.2987706      1.4654085      1.3451754      1.4241667      1.4240824      1.2830554      1.4686949      1.3422316      1.4978452      1.4579772      1.3253707      1.3918992      1.4695605      1.4667119      1.3969838      1.4287968      1.3437235      1.3980906      1.3962637      1.4143031      1.3455333      1.4259549      1.4277005      1.4162791      1.4226367      1.4050654      1.4816108      1.5067616      1.5111820      1.4182595      1.5081383      1.5303871      1.5358202      1.4704927      1.3558723      1.3953477 
   151.0000000        1.4267310      1.2889086      1.3879455      1.3094209      1.2982145      1.4646559      1.3445687      1.4236781      1.4235503      1.2825681      1.4681137      1.3416146      1.4973833      1.4572755      1.3248932      1.3912339      1.4691209      1.4661632      1.3964314      1.4283167      1.3432888      1.3976011      1.3958243      1.4138659      1.3450517      1.4254998      1.4272316      1.4157558      1.4221432      1.4045142      1.4810912      1.5062571      1.5106959      1.4177941      1.5076450      1.5298988      1.5353236      1.4699838      1.3552969      1.3945795 
   151.5000000        1.4261890      1.2884185      1.3874374      1.3090074      1.2976584      1.4639032      1.3439620      1.4231895      1.4230182      1.2820808      1.4675265      1.3409977      1.4969215      1.4565738      1.3244157      1.3905686      1.4686814      1.4656145      1.3958790      1.4278365      1.3428540      1.3971549      1.3953849      1.4134287      1.3445702      1.4250447      1.4267812      1.4152326      1.4216762      1.4039630      1.4805717      1.5057526      1.5102099      1.4173288      1.5071996      1.5294105      1.5348271      1.4694749      1.3547215      1.3938113 
   152.0000000        1.4256470      1.2879284      1.3869293      1.3085938      1.2971023      1.4631505      1.3433553      1.4227010      1.4224860      1.2815935      1.4669392      1.3403807      1.4964596      1.4558721      1.3239382      1.3899034      1.4682418      1.4650659      1.3953265      1.4273563      1.3424193      1.3967086      1.3949455      1.4129916      1.3440886      1.4245896      1.4263663      1.4147093      1.4212091      1.4034118      1.4800521      1.5052481      1.5097238      1.4168634      1.5067542      1.5289222      1.5343306      1.4689659      1.3541461      1.3930430 
   152.5000000        1.4251049      1.2874383      1.3864212      1.3081803      1.2965462      1.4623978      1.3427486      1.4222124      1.4219539      1.2811063      1.4663519      1.3397638      1.4959977      1.4551704      1.3234607      1.3892381      1.4678023      1.4645172      1.3947741      1.4268762      1.3419846      1.3962623      1.3945061      1.4125544      1.3436071      1.4241346      1.4259514      1.4141860      1.4207421      1.4028606      1.4795325      1.5047436      1.5092378      1.4163981      1.5063088      1.5284339      1.5338341      1.4684570      1.3535708      1.3922748 
   153.0000000        1.4245629      1.2869482      1.3859131      1.3077668      1.2959901      1.4617186      1.3421419      1.4217239      1.4214218      1.2806190      1.4657647      1.3391468      1.4955358      1.4544687      1.3229832      1.3885728      1.4673627      1.4639685      1.3942216      1.4263960      1.3415498      1.3958161      1.3940667      1.4121172      1.3431255      1.4236795      1.4255365      1.4136628      1.4202750      1.4023094      1.4790130      1.5042392      1.5087517      1.4159328      1.5058634      1.5279456      1.5333375      1.4679481      1.3529954      1.3915066 
   153.5000000        1.4240209      1.2864581      1.3854050      1.3073532      1.2954340      1.4610747      1.3415352      1.4212353      1.4208897      1.2801317      1.4651774      1.3385299      1.4950739      1.4537670      1.3225057      1.3879075      1.4669232      1.4634974      1.3936692      1.4259159      1.3411151      1.3953698      1.3936273      1.4116800      1.3426440      1.4232244      1.4251216      1.4131395      1.4198080      1.4017582      1.4784934      1.5037347      1.5082656      1.4154674      1.5054180      1.5274573      1.5328410      1.4674392      1.3524200      1.3907384 
   154.0000000        1.4234788      1.2859679      1.3848969      1.3069397      1.2948779      1.4604308      1.3409285      1.4207468      1.4203575      1.2796445      1.4645901      1.3379129      1.4946120      1.4530653      1.3220281      1.3872423      1.4664836      1.4630485      1.3931168      1.4254357      1.3406804      1.3949235      1.3931879      1.4112429      1.3421624      1.4227693      1.4247067      1.4126163      1.4193409      1.4012070      1.4779739      1.5032302      1.5077796      1.4150021      1.5049726      1.5269690      1.5323445      1.4669303      1.3518446      1.3899702 
   154.5000000        1.4229368      1.2854778      1.3843888      1.3065262      1.2943675      1.4597869      1.3403218      1.4202582      1.4198254      1.2791572      1.4640029      1.3372960      1.4941501      1.4523636      1.3215506      1.3865770      1.4660441      1.4625996      1.3925643      1.4249555      1.3402456      1.3944773      1.3927485      1.4108057      1.3416809      1.4223142      1.4242918      1.4120930      1.4188739      1.4006558      1.4774543      1.5027257      1.5072935      1.4145368      1.5045273      1.5264806      1.5318480      1.4664214      1.3512692      1.3892020 
   155.0000000        1.4223948      1.2849877      1.3838807      1.3061126      1.2938980      1.4591430      1.3396848      1.4197696      1.4192933      1.2786699      1.4634156      1.3366790      1.4936882      1.4516618      1.3210731      1.3859117      1.4656045      1.4621507      1.3920119      1.4244754      1.3398181      1.3940310      1.3923092      1.4103685      1.3411993      1.4218591      1.4238769      1.4115698      1.4184068      1.4001046      1.4769347      1.5022213      1.5068075      1.4140714      1.5040819      1.5259923      1.5313515      1.4659125      1.3506938      1.3884338 
   155.5000000        1.4218527      1.2844976      1.3833726      1.3056991      1.2934285      1.4584990      1.3390136      1.4192811      1.4187612      1.2781826      1.4628283      1.3360621      1.4932263      1.4509601      1.3205956      1.3852464      1.4651650      1.4617018      1.3914594      1.4239952      1.3393999      1.3935847      1.3918698      1.4099313      1.3407178      1.4214040      1.4234620      1.4110465      1.4179398      1.3995534      1.4764152      1.5017168      1.5063214      1.4136061      1.5036365      1.5255040      1.5308549      1.4654036      1.3501184      1.3876656 
   156.0000000        1.4213107      1.2840075      1.3828645      1.3052856      1.2929590      1.4578551      1.3383424      1.4187925      1.4182291      1.2776954      1.4622410      1.3354451      1.4927645      1.4502584      1.3201181      1.3845843      1.4647254      1.4612530      1.3909070      1.4235150      1.3389817      1.3931385      1.3914304      1.4094941      1.3402362      1.4209490      1.4230471      1.4105233      1.4174727      1.3990022      1.4759192      1.5012123      1.5058353      1.4131407      1.5031911      1.5250157      1.5303584      1.4648947      1.3495430      1.3868973 
   156.5000000        1.4207687      1.2835174      1.3823564      1.3048721      1.2924895      1.4572112      1.3376712      1.4183040      1.4176969      1.2772081      1.4616538      1.3348282      1.4923026      1.4495567      1.3196406      1.3839798      1.4642859      1.4608041      1.3903546      1.4230349      1.3385636      1.3926922      1.3909910      1.4090570      1.3397547      1.4204939      1.4226322      1.4100000      1.4170057      1.3984509      1.4754470      1.5007078      1.5053493      1.4126754      1.5027457      1.5245274      1.5298619      1.4643857      1.3489676      1.3861291 
   157.0000000        1.4202266      1.2830272      1.3818483      1.3044585      1.2920200      1.4565673      1.3370000      1.4178154      1.4171648      1.2767208      1.4610665      1.3342112      1.4918407      1.4488550      1.3191631      1.3833753      1.4638463      1.4603552      1.3898021      1.4225547      1.3381454      1.3922459      1.3905516      1.4086198      1.3392731      1.4200388      1.4222172      1.4095288      1.4165386      1.3978997      1.4749749      1.5002033      1.5048632      1.4122101      1.5023003      1.5240391      1.5293654      1.4638768      1.3483922      1.3853634 
   157.0000000        1.4202266      1.2830272      1.3818483      1.3044585      1.2920200      1.4565673      1.3110000      1.4178154      1.4171648      1.2767208      1.4610665      1.3342112      1.4918407      1.4488550      1.3191631      1.3833753      1.4638463      1.4603552      1.3898021      1.4225547      1.3381454      1.3922459      1.3905516      1.4086198      1.3392731      1.4200388      1.4222172      1.4095288      1.4165386      1.3978997      1.4749749      1.5002033      1.5048632      1.4122101      1.5023003      1.5240391      1.5293654      1.4638768      1.3483922      1.3853634 
   157.5000000        1.4196846      1.2825371      1.3813402      1.3040450      1.2915504      1.4559234      1.3105800      1.4173269      1.4166327      1.2762335      1.4604792      1.3335943      1.4913788      1.4481641      1.3186856      1.3827708      1.4634068      1.4599063      1.3892497      1.4220746      1.3377272      1.3917997      1.3901122      1.4082078      1.3387916      1.4195837      1.4218023      1.4090576      1.4160716      1.3973918      1.4745027      1.4996989      1.5043771      1.4117447      1.5018549      1.5235508      1.5288688      1.4633679      1.3478168      1.3846765 
   158.0000000        1.4191426      1.2820470      1.3808321      1.3036315      1.2910809      1.4552795      1.3101600      1.4168383      1.4161006      1.2757463      1.4598920      1.3329773      1.4909169      1.4474869      1.3182444      1.3821664      1.4629673      1.4594574      1.3886972      1.4215944      1.3373091      1.3913534      1.3896728      1.4078100      1.3383100      1.4191286      1.4213874      1.4085864      1.4156045      1.3969099      1.4740306      1.4991944      1.5038911      1.4112794      1.5014096      1.5230625      1.5283723      1.4628590      1.3472414      1.3839895 
   158.5000000        1.4186005      1.2815569      1.3803240      1.3032179      1.2906114      1.4546356      1.3097400      1.4163497      1.4155685      1.2752590      1.4593047      1.3323604      1.4904550      1.4468097      1.3178352      1.3815619      1.4625277      1.4590086      1.3881448      1.4211142      1.3368909      1.3909071      1.3892334      1.4074122      1.3378285      1.4186735      1.4209725      1.4081152      1.4151375      1.3964280      1.4735584      1.4986899      1.5034050      1.4108140      1.5009642      1.5225741      1.5278758      1.4623501      1.3466660      1.3833026 
   159.0000000        1.4180585      1.2810668      1.3798361      1.3028044      1.2901419      1.4539916      1.3093200      1.4158612      1.4150363      1.2747717      1.4587174      1.3317434      1.4899931      1.4461325      1.3174260      1.3809574      1.4620882      1.4585597      1.3875924      1.4206341      1.3364727      1.3904609      1.3887940      1.4070144      1.3373469      1.4182184      1.4205576      1.4076440      1.4146704      1.3959462      1.4730863      1.4981854      1.5029190      1.4103487      1.5005188      1.5220858      1.5273793      1.4618412      1.3460907      1.3826156 
   159.5000000        1.4175165      1.2805767      1.3793839      1.3023909      1.2896724      1.4533477      1.3089001      1.4153726      1.4145042      1.2742845      1.4581302      1.3311265      1.4895312      1.4454553      1.3170169      1.3803529      1.4616486      1.4581108      1.3870399      1.4201539      1.3360545      1.3900146      1.3883546      1.4066167      1.3368654      1.4177634      1.4201427      1.4071728      1.4142034      1.3954643      1.4726141      1.4976810      1.5024329      1.4098834      1.5000734      1.5215975      1.5268828      1.4613323      1.3455153      1.3819286 
   160.0000000        1.4169744      1.2800865      1.3789316      1.3020180      1.2892029      1.4527038      1.3084801      1.4148841      1.4139721      1.2737972      1.4575429      1.3305095      1.4890693      1.4447781      1.3166077      1.3797484      1.4612091      1.4576619      1.3864875      1.4196737      1.3356364      1.3895684      1.3879152      1.4062189      1.3363838      1.4173083      1.4197278      1.4067016      1.4137363      1.3949824      1.4721420      1.4971765      1.5019468      1.4094180      1.4996280      1.5211092      1.5263862      1.4608234      1.3449399      1.3812417 
   160.5000000        1.4164324      1.2795964      1.3784793      1.3016554      1.2887334      1.4520599      1.3080601      1.4143955      1.4134400      1.2733099      1.4569556      1.3298926      1.4886074      1.4441009      1.3161985      1.3791440      1.4607695      1.4572130      1.3859350      1.4191936      1.3352182      1.3891221      1.3874759      1.4058211      1.3359023      1.4168532      1.4193129      1.4062304      1.4132693      1.3945006      1.4716698      1.4966720      1.5014608      1.4089527      1.4991826      1.5206209      1.5258897      1.4603144      1.3443645      1.3805547 
   161.0000000        1.4158904      1.2791063      1.3780271      1.3012927      1.2882639      1.4514160      1.3076401      1.4139069      1.4129079      1.2728226      1.4563684      1.3292756      1.4881456      1.4434237      1.3157894      1.3785395      1.4603300      1.4567641      1.3853826      1.4187134      1.3348000      1.3886758      1.3870365      1.4054233      1.3354207      1.4163981      1.4188980      1.4057592      1.4128022      1.3940187      1.4711977      1.4961675      1.5009747      1.4084873      1.4987372      1.5201326      1.5253932      1.4598055      1.3437891      1.3798678 
   161.5000000        1.4153527      1.2786162      1.3775748      1.3009301      1.2877943      1.4507721      1.3072201      1.4134184      1.4123757      1.2723354      1.4557811      1.3286587      1.4876837      1.4427465      1.3153802      1.3779350      1.4598904      1.4563153      1.3848302      1.4182333      1.3343818      1.3882296      1.3865971      1.4050255      1.3349392      1.4159430      1.4184831      1.4052880      1.4123352      1.3935368      1.4707255      1.4956630      1.5004887      1.4080220      1.4982919      1.5196443      1.5248967      1.4592966      1.3432137      1.3791808 
   162.0000000        1.4148762      1.2781261      1.3771225      1.3005675      1.2873248      1.4501282      1.3068001      1.4129298      1.4118436      1.2718481      1.4551938      1.3280417      1.4872218      1.4420694      1.3149710      1.3773305      1.4594509      1.4558664      1.3842777      1.4177531      1.3339637      1.3877833      1.3861577      1.4046278      1.3344576      1.4154879      1.4180682      1.4048168      1.4118681      1.3930550      1.4702534      1.4951586      1.5000026      1.4075567      1.4978465      1.5191559      1.5244001      1.4587877      1.3426383      1.3784939 
   162.5000000        1.4143998      1.2776360      1.3766702      1.3002048      1.2868553      1.4494842      1.3063801      1.4124413      1.4113115      1.2713608      1.4546065      1.3274248      1.4867599      1.4413922      1.3145619      1.3767260      1.4590113      1.4554175      1.3837253      1.4172729      1.3335455      1.3873370      1.3857183      1.4042300      1.3339761      1.4150328      1.4176532      1.4043455      1.4114011      1.3925731      1.4697812      1.4946541      1.4995165      1.4070913      1.4974011      1.5186676      1.5239036      1.4582788      1.3420629      1.3778069 
   163.0000000        1.4139233      1.2771458      1.3762180      1.2998422      1.2863858      1.4488403      1.3059601      1.4119527      1.4107794      1.2708736      1.4540193      1.3268078      1.4862980      1.4407150      1.3141527      1.3761215      1.4585718      1.4549686      1.3831728      1.4167928      1.3331273      1.3868908      1.3852789      1.4038322      1.3334945      1.4145778      1.4172383      1.4038743      1.4109340      1.3920912      1.4693091      1.4941496      1.4990305      1.4066260      1.4969557      1.5181793      1.5234071      1.4577699      1.3414875      1.3771200 
   163.5000000        1.4134468      1.2766557      1.3757657      1.2994796      1.2859163      1.4481964      1.3055402      1.4114642      1.4102473      1.2703863      1.4534320      1.3261909      1.4858361      1.4400378      1.3137435      1.3755171      1.4581322      1.4545197      1.3826204      1.4163126      1.3327092      1.3864445      1.3848395      1.4034344      1.3330130      1.4141227      1.4168234      1.4034031      1.4104670      1.3916094      1.4688369      1.4936451      1.4985444      1.4061607      1.4965103      1.5176910      1.5229106      1.4572610      1.3409121      1.3764330 
   164.0000000        1.4129704      1.2761656      1.3753134      1.2991169      1.2854468      1.4475525      1.3051202      1.4109756      1.4097151      1.2698990      1.4528447      1.3255739      1.4853742      1.4393606      1.3133344      1.3749126      1.4576927      1.4540709      1.3820680      1.4158325      1.3322910      1.3859982      1.3844301      1.4030367      1.3325315      1.4136676      1.4164085      1.4029319      1.4099999      1.3911275      1.4683648      1.4931406      1.4980584      1.4056953      1.4960649      1.5172027      1.5224141      1.4567521      1.3403367      1.3757460 
   164.5000000        1.4124939      1.2756755      1.3748612      1.2987543      1.2849773      1.4469086      1.3047002      1.4104870      1.4091912      1.2694117      1.4522575      1.3249570      1.4849123      1.4386834      1.3129252      1.3743081      1.4572532      1.4536220      1.3815155      1.4153523      1.3318728      1.3855520      1.3840519      1.4026389      1.3320702      1.4132125      1.4159936      1.4024607      1.4095329      1.3906456      1.4678927      1.4926362      1.4975723      1.4052300      1.4956195      1.5167144      1.5219175      1.4562431      1.3397613      1.3750591 
   165.0000000        1.4120174      1.2751854      1.3744089      1.2983917      1.2845077      1.4462647      1.3042802      1.4099985      1.4087506      1.2689245      1.4516702      1.3242998      1.4844504      1.4380062      1.3125160      1.3737036      1.4568136      1.4531731      1.3809631      1.4148721      1.3314546      1.3851057      1.3836737      1.4022411      1.3316266      1.4127574      1.4155787      1.4019895      1.4090658      1.3901638      1.4674205      1.4921317      1.4970862      1.4047646      1.4951742      1.5162261      1.5214210      1.4557342      1.3391860      1.3743721 
   165.5000000        1.4115409      1.2746953      1.3739566      1.2980290      1.2840382      1.4456208      1.3038602      1.4095099      1.4083101      1.2684382      1.4510829      1.3235926      1.4839886      1.4373290      1.3121069      1.3730991      1.4563741      1.4527242      1.3804106      1.4143920      1.3310365      1.3846594      1.3832956      1.4018433      1.3311830      1.4123023      1.4151638      1.4015183      1.4085988      1.3896819      1.4669484      1.4916272      1.4966002      1.4042993      1.4947288      1.5157378      1.5209245      1.4552253      1.3386106      1.3736852 
   166.0000000        1.4110645      1.2742051      1.3735044      1.2976664      1.2835687      1.4449768      1.3034402      1.4090214      1.4078695      1.2679709      1.4504957      1.3228855      1.4835267      1.4366518      1.3116977      1.3724946      1.4559345      1.4522753      1.3798666      1.4139118      1.3306183      1.3842132      1.3829174      1.4014456      1.3307393      1.4118472      1.4147489      1.4010471      1.4081317      1.3892000      1.4664762      1.4911227      1.4961141      1.4038353      1.4942834      1.5152494      1.5204280      1.4547164      1.3380352      1.3729982 
   166.5000000        1.4105880      1.2737150      1.3730521      1.2973038      1.2830992      1.4443329      1.3030252      1.4085328      1.4074289      1.2675036      1.4499084      1.3221783      1.4830648      1.4359746      1.3112885      1.3718902      1.4554950      1.4518265      1.3793471      1.4134316      1.3302001      1.3837669      1.3825392      1.4010478      1.3302957      1.4113922      1.4143340      1.4005759      1.4076647      1.3887182      1.4660041      1.4906183      1.4956280      1.4034203      1.4938380      1.5147611      1.5199314      1.4542033      1.3374598      1.3723113 
   167.0000000        1.4101115      1.2733035      1.3725998      1.2969411      1.2826297      1.4436890      1.3026423      1.4080443      1.4069883      1.2670362      1.4493211      1.3214712      1.4826029      1.4352975      1.3108794      1.3712857      1.4550508      1.4513776      1.3788275      1.4129515      1.3297820      1.3833206      1.3821610      1.4006500      1.3298521      1.4109371      1.4139191      1.4001047      1.4071976      1.3882363      1.4655319      1.4901138      1.4951420      1.4030054      1.4933926      1.5142728      1.5194349      1.4536891      1.3368844      1.3716243 
   167.5000000        1.4096350      1.2729117      1.3721475      1.2965785      1.2821602      1.4430451      1.3022594      1.4075674      1.4065477      1.2665689      1.4487339      1.3207640      1.4821410      1.4346203      1.3104702      1.3706812      1.4546052      1.4509287      1.3783079      1.4124713      1.3293638      1.3828744      1.3817828      1.4002522      1.3294085      1.4104820      1.4135042      1.3996335      1.4067306      1.3877544      1.4650598      1.4896093      1.4946559      1.4025904      1.4929472      1.5137845      1.5189634      1.4531750      1.3363090      1.3709374 
   168.0000000        1.4091586      1.2725199      1.3716953      1.2962159      1.2816907      1.4424012      1.3018764      1.4071205      1.4061071      1.2661016      1.4481744      1.3200568      1.4816791      1.4339431      1.3100610      1.3700767      1.4541595      1.4504798      1.3777884      1.4119912      1.3289456      1.3824281      1.3814046      1.3998544      1.3289648      1.4100269      1.4130893      1.3991623      1.4062635      1.3872726      1.4645876      1.4891048      1.4942326      1.4021755      1.4925018      1.5132962      1.5185094      1.4526608      1.3357336      1.3702504 
   168.5000000        1.4086821      1.2721280      1.3712430      1.2958532      1.2812212      1.4417705      1.3014935      1.4066737      1.4056665      1.2656343      1.4476390      1.3193497      1.4812172      1.4332659      1.3096519      1.3694722      1.4537139      1.4500309      1.3772688      1.4115110      1.3285274      1.3819818      1.3810265      1.3994567      1.3285212      1.4096171      1.4126743      1.3986911      1.4057965      1.3867907      1.4641155      1.4886003      1.4938150      1.4017605      1.4920564      1.5128286      1.5180555      1.4521466      1.3351582      1.3695634 
   169.0000000        1.4082056      1.2717362      1.3707907      1.2954906      1.2807516      1.4412224      1.3011106      1.4062269      1.4052259      1.2651669      1.4471035      1.3186425      1.4807553      1.4325887      1.3092427      1.3688677      1.4532682      1.4495821      1.3767492      1.4110308      1.3281093      1.3815356      1.3806483      1.3990589      1.3280776      1.4092101      1.4122594      1.3982199      1.4053294      1.3863088      1.4636433      1.4880959      1.4933974      1.4013456      1.4916111      1.5123780      1.5176015      1.4516325      1.3345828      1.3688765 
   169.5000000        1.4077292      1.2713443      1.3703385      1.2951280      1.2802821      1.4406742      1.3007277      1.4057800      1.4047854      1.2646996      1.4465681      1.3179354      1.4802934      1.4319115      1.3088335      1.3682633      1.4528226      1.4491332      1.3762297      1.4105507      1.3276911      1.3810893      1.3802701      1.3986611      1.3276340      1.4088031      1.4118445      1.3977487      1.4048624      1.3858270      1.4631712      1.4876053      1.4929797      1.4009307      1.4911657      1.5119274      1.5171475      1.4511183      1.3340074      1.3681895 
   170.0000000        1.4072527      1.2709525      1.3698862      1.2947653      1.2798126      1.4401261      1.3003447      1.4053332      1.4043448      1.2642323      1.4460327      1.3172282      1.4798316      1.4312343      1.3084244      1.3676588      1.4523769      1.4486843      1.3757101      1.4100705      1.3272729      1.3806430      1.3798919      1.3982633      1.3271904      1.4083961      1.4114296      1.3972775      1.4043953      1.3853451      1.4626990      1.4871705      1.4925621      1.4005157      1.4907203      1.5114768      1.5166935      1.4506042      1.3334320      1.3675407 
   170.5000000        1.4067762      1.2705607      1.3694339      1.2944027      1.2793431      1.4395779      1.2999618      1.4048864      1.4039042      1.2637650      1.4454973      1.3165211      1.4793697      1.4305571      1.3080152      1.3670543      1.4519313      1.4482354      1.3751905      1.4095903      1.3268547      1.3801968      1.3795137      1.3978656      1.3267467      1.4079891      1.4110147      1.3968063      1.4039283      1.3848632      1.4622269      1.4867356      1.4921445      1.4001008      1.4902749      1.5110262      1.5162395      1.4500900      1.3328566      1.3669917 
   171.0000000        1.4062997      1.2701688      1.3689817      1.2940401      1.2788736      1.4390298      1.2995789      1.4044395      1.4034636      1.2632977      1.4449619      1.3158139      1.4789330      1.4298799      1.3076060      1.3664498      1.4514856      1.4477865      1.3746710      1.4091102      1.3264366      1.3797798      1.3791356      1.3974678      1.3263031      1.4075821      1.4105998      1.3963351      1.4035191      1.3843814      1.4617547      1.4863008      1.4917269      1.3996858      1.4898295      1.5105756      1.5157855      1.4495758      1.3322812      1.3664427 
   171.5000000        1.4058233      1.2697770      1.3685294      1.2936774      1.2784041      1.4384817      1.2991959      1.4039927      1.4030230      1.2628303      1.4444264      1.3151068      1.4785072      1.4292028      1.3071969      1.3658809      1.4510400      1.4473377      1.3741514      1.4086300      1.3260184      1.3793859      1.3787574      1.3970700      1.3258595      1.4071751      1.4101849      1.3958639      1.4031223      1.3838995      1.4612826      1.4858659      1.4913093      1.3992709      1.4893841      1.5101250      1.5153315      1.4490617      1.3317059      1.3658937 
   172.0000000        1.4053468      1.2693852      1.3680771      1.2933148      1.2779346      1.4379335      1.2988130      1.4035458      1.4025824      1.2623630      1.4438910      1.3143996      1.4780814      1.4285256      1.3067877      1.3653461      1.4505943      1.4468888      1.3736318      1.4081499      1.3256002      1.3789921      1.3783792      1.3966722      1.3254159      1.4067681      1.4097700      1.3953927      1.4027254      1.3834176      1.4608104      1.4854311      1.4908917      1.3988559      1.4889688      1.5096744      1.5148775      1.4485475      1.3311305      1.3653447 
   172.5000000        1.4048703      1.2689933      1.3676248      1.2929522      1.2774650      1.4373854      1.2984301      1.4030990      1.4021418      1.2618957      1.4433556      1.3136924      1.4776556      1.4278484      1.3063785      1.3648113      1.4501486      1.4464399      1.3731123      1.4076697      1.3251821      1.3785982      1.3780010      1.3962745      1.3249722      1.4063612      1.4093551      1.3949215      1.4023286      1.3829357      1.4603383      1.4849962      1.4904740      1.3984410      1.4885692      1.5092238      1.5144235      1.4480334      1.3305551      1.3647957 
   173.0000000        1.4043938      1.2686015      1.3671726      1.2925895      1.2769955      1.4368372      1.2980472      1.4026522      1.4017012      1.2614284      1.4428202      1.3129853      1.4772298      1.4272674      1.3059694      1.3642765      1.4497030      1.4459910      1.3725927      1.4071895      1.3247639      1.3782044      1.3776228      1.3958767      1.3245286      1.4059542      1.4089738      1.3944503      1.4019318      1.3824539      1.4598661      1.4845614      1.4900564      1.3980260      1.4881697      1.5087732      1.5139695      1.4475192      1.3299797      1.3642467 
   173.5000000        1.4039174      1.2682097      1.3667203      1.2922269      1.2765260      1.4362891      1.2976642      1.4022053      1.4012606      1.2609610      1.4422848      1.3122781      1.4768040      1.4267153      1.3055602      1.3637417      1.4492573      1.4455421      1.3720731      1.4067094      1.3243457      1.3778105      1.3772446      1.3954789      1.3240850      1.4055472      1.4086070      1.3939791      1.4015349      1.3819720      1.4593940      1.4841265      1.4896388      1.3976111      1.4877701      1.5083226      1.5135155      1.4470050      1.3294043      1.3636977 
   174.0000000        1.4034409      1.2678178      1.3662680      1.2918643      1.2760756      1.4357410      1.2972813      1.4017585      1.4008201      1.2604937      1.4417493      1.3115710      1.4763782      1.4261631      1.3051510      1.3632069      1.4488117      1.4451286      1.3715536      1.4062292      1.3239275      1.3774167      1.3768665      1.3950811      1.3236414      1.4051402      1.4082402      1.3935079      1.4011381      1.3814901      1.4589218      1.4836917      1.4892212      1.3971961      1.4873705      1.5078720      1.5130615      1.4464909      1.3288289      1.3631487 
   174.5000000        1.4029644      1.2674260      1.3658158      1.2915016      1.2756981      1.4351928      1.2968984      1.4013117      1.4003795      1.2600264      1.4412139      1.3108638      1.4759524      1.4256109      1.3047419      1.3626721      1.4483660      1.4447341      1.3710340      1.4057491      1.3235094      1.3770228      1.3764883      1.3946834      1.3231977      1.4047332      1.4078734      1.3930366      1.4007412      1.3810083      1.4584497      1.4832568      1.4888036      1.3967812      1.4869710      1.5074214      1.5126075      1.4459767      1.3282535      1.3625997 
   175.0000000        1.4024880      1.2670341      1.3653635      1.2911390      1.2753205      1.4346447      1.2965154      1.4008648      1.3999389      1.2595591      1.4406785      1.3101567      1.4755266      1.4250588      1.3043327      1.3621373      1.4479204      1.4443396      1.3705144      1.4052689      1.3230912      1.3766290      1.3761101      1.3942856      1.3227541      1.4043262      1.4075065      1.3925654      1.4003444      1.3805264      1.4579775      1.4828220      1.4883860      1.3963663      1.4865714      1.5069708      1.5121535      1.4454625      1.3276781      1.3620507 
   175.5000000        1.4020115      1.2666423      1.3649112      1.2907764      1.2749430      1.4340965      1.2961325      1.4004180      1.3994983      1.2590918      1.4401431      1.3094495      1.4751008      1.4245066      1.3039235      1.3616025      1.4474747      1.4439451      1.3699949      1.4047887      1.3227009      1.3762351      1.3757319      1.3938878      1.3223105      1.4039192      1.4071397      1.3920942      1.3999476      1.3800445      1.4575054      1.4823871      1.4879683      1.3959513      1.4861718      1.5065202      1.5116995      1.4449484      1.3271027      1.3615017 
   176.0000000        1.4015350      1.2662505      1.3644590      1.2904137      1.2745655      1.4335484      1.2957496      1.3999712      1.3990577      1.2586244      1.4396077      1.3087424      1.4746750      1.4239545      1.3035144      1.3610677      1.4470291      1.4435506      1.3694753      1.4043086      1.3223116      1.3758413      1.3753537      1.3934900      1.3218669      1.4035122      1.4067729      1.3916588      1.3995507      1.3795995      1.4570332      1.4819523      1.4875507      1.3955364      1.4857723      1.5060696      1.5112455      1.4444342      1.3265273      1.3609527 
   176.5000000        1.4010585      1.2658586      1.3640067      1.2900511      1.2741880      1.4330003      1.2953667      1.3995243      1.3986171      1.2581571      1.4390722      1.3080352      1.4742492      1.4234023      1.3031052      1.3605329      1.4465834      1.4431561      1.3689557      1.4038284      1.3219223      1.3754474      1.3749755      1.3930922      1.3214233      1.4031052      1.4064061      1.3912322      1.3991539      1.3791583      1.4566198      1.4815174      1.4871331      1.3951214      1.4853727      1.5056190      1.5107916      1.4439201      1.3259519      1.3604037 
   177.0000000        1.4005821      1.2654668      1.3635544      1.2896885      1.2738105      1.4324521      1.2949837      1.3990775      1.3981765      1.2576898      1.4385368      1.3073280      1.4738234      1.4228502      1.3026960      1.3599981      1.4461378      1.4427617      1.3684362      1.4033482      1.3215330      1.3750536      1.3745974      1.3926945      1.3209796      1.4026982      1.4060392      1.3908057      1.3987571      1.3787171      1.4562242      1.4810826      1.4867155      1.3947065      1.4849732      1.5051684      1.5103376      1.4434059      1.3253765      1.3598547 
   177.5000000        1.4001056      1.2650750      1.3631021      1.2893258      1.2734330      1.4319040      1.2946008      1.3986307      1.3977359      1.2572225      1.4380014      1.3066209      1.4733976      1.4222980      1.3022869      1.3594634      1.4456921      1.4423672      1.3679166      1.4028681      1.3211437      1.3746597      1.3742192      1.3922967      1.3205360      1.4022913      1.4056724      1.3903791      1.3983602      1.3782758      1.4558285      1.4806478      1.4862979      1.3942915      1.4845736      1.5047178      1.5098836      1.4428917      1.3248012      1.3593057 
   178.0000000        1.3996291      1.2646831      1.3626499      1.2889632      1.2730555      1.4313558      1.2942179      1.3981838      1.3972953      1.2567551      1.4374660      1.3059137      1.4729719      1.4217459      1.3018777      1.3589286      1.4452464      1.4419727      1.3673970      1.4023879      1.3207543      1.3742659      1.3738410      1.3918989      1.3200924      1.4018843      1.4053056      1.3899526      1.3979634      1.3778346      1.4554329      1.4802129      1.4858803      1.3938766      1.4841740      1.5042672      1.5094296      1.4423776      1.3242258      1.3587567 
   178.5000000        1.3991527      1.2642913      1.3622092      1.2886006      1.2726780      1.4308077      1.2938349      1.3977370      1.3968548      1.2562878      1.4369305      1.3052066      1.4725461      1.4211937      1.3014685      1.3583938      1.4448008      1.4415782      1.3668775      1.4019078      1.3203650      1.3738720      1.3734628      1.3915011      1.3196488      1.4014773      1.4049388      1.3895261      1.3975665      1.3773933      1.4550373      1.4797781      1.4854626      1.3934616      1.4837745      1.5038166      1.5089756      1.4418634      1.3236504      1.3582077 
   179.0000000        1.3986762      1.2638995      1.3618048      1.2882379      1.2723004      1.4302596      1.2934520      1.3972901      1.3964142      1.2558205      1.4363951      1.3045203      1.4721203      1.4206416      1.3010594      1.3578590      1.4443551      1.4411837      1.3663579      1.4014276      1.3199757      1.3734781      1.3730846      1.3911034      1.3192051      1.4010703      1.4045719      1.3890995      1.3971697      1.3769521      1.4546417      1.4793432      1.4850450      1.3930467      1.4833749      1.5033660      1.5085216      1.4413493      1.3230750      1.3576587 
   179.5000000        1.3981997      1.2635076      1.3614004      1.2878753      1.2719229      1.4297114      1.2930691      1.3968433      1.3959736      1.2553532      1.4358597      1.3039403      1.4716945      1.4200894      1.3006502      1.3573242      1.4439095      1.4407892      1.3658383      1.4009474      1.3195864      1.3730843      1.3727065      1.3907141      1.3187615      1.4006633      1.4042051      1.3886730      1.3967729      1.3765108      1.4542461      1.4789084      1.4846274      1.3926317      1.4829753      1.5029154      1.5080676      1.4408351      1.3224996      1.3571097 
   180.0000000        1.3977232      1.2631158      1.3609960      1.2875127      1.2715454      1.4291633      1.2926862      1.3963965      1.3955330      1.2548859      1.4353243      1.3033603      1.4712687      1.4195373      1.3002410      1.3567894      1.4434638      1.4403948      1.3653188      1.4004673      1.3191971      1.3726904      1.3723283      1.3903695      1.3183179      1.4002563      1.4038383      1.3882464      1.3963760      1.3760696      1.4538505      1.4784735      1.4842098      1.3922168      1.4825758      1.5024648      1.5076136      1.4403209      1.3219242      1.3565607 
   180.5000000        1.3972468      1.2627239      1.3605916      1.2871501      1.2711679      1.4286151      1.2923032      1.3959496      1.3950924      1.2544185      1.4347889      1.3027804      1.4708429      1.4189851      1.2998319      1.3562546      1.4430182      1.4400003      1.3647992      1.3999871      1.3188078      1.3722966      1.3719501      1.3900248      1.3178743      1.3998493      1.4034714      1.3878199      1.3959792      1.3756284      1.4534548      1.4780387      1.4837922      1.3918018      1.4821762      1.5020142      1.5071596      1.4398068      1.3213488      1.3560117 
   181.0000000        1.3967889      1.2623321      1.3601872      1.2867874      1.2707904      1.4280670      1.2919203      1.3955028      1.3946518      1.2539512      1.4342534      1.3022004      1.4704171      1.4184330      1.2994227      1.3557198      1.4425725      1.4396058      1.3642797      1.3995069      1.3184185      1.3719027      1.3715719      1.3896802      1.3174307      1.3994423      1.4031046      1.3873934      1.3955824      1.3751871      1.4530592      1.4776038      1.4833745      1.3913869      1.4817767      1.5015636      1.5067056      1.4392926      1.3207734      1.3554627 
   181.5000000        1.3963703      1.2619403      1.3597828      1.2864248      1.2704129      1.4275189      1.2915374      1.3950560      1.3942112      1.2534839      1.4337180      1.3016204      1.4699913      1.4178808      1.2990135      1.3551850      1.4421269      1.4392113      1.3637601      1.3990268      1.3180292      1.3715089      1.3711937      1.3893356      1.3169870      1.3990353      1.4027378      1.3869668      1.3951855      1.3747459      1.4526636      1.4771690      1.4829569      1.3909720      1.4813771      1.5011130      1.5062516      1.4387784      1.3201980      1.3549137 
   182.0000000        1.3959518      1.2615484      1.3593783      1.2860622      1.2700354      1.4269707      1.2911545      1.3946091      1.3937706      1.2530166      1.4331826      1.3010404      1.4695655      1.4173286      1.2986044      1.3546502      1.4416812      1.4388168      1.3632405      1.3985466      1.3176399      1.3711150      1.3708155      1.3889910      1.3165434      1.3986283      1.4023710      1.3865403      1.3947887      1.3743046      1.4522680      1.4767341      1.4825393      1.3905570      1.4809775      1.5006624      1.5057976      1.4382643      1.3196226      1.3543647 
   182.5000000        1.3955333      1.2611566      1.3589739      1.2856995      1.2696578      1.4264226      1.2907715      1.3941623      1.3933300      1.2525492      1.4326472      1.3004605      1.4691397      1.4167765      1.2982473      1.3541154      1.4412355      1.4384223      1.3627210      1.3980665      1.3172505      1.3707212      1.3704374      1.3886463      1.3160998      1.3982214      1.4020041      1.3861137      1.3943918      1.3738634      1.4518724      1.4762993      1.4821217      1.3901421      1.4805780      1.5002118      1.5053436      1.4377501      1.3190472      1.3538157 
   183.0000000        1.3951148      1.2607648      1.3585695      1.2853446      1.2692803      1.4258744      1.2903886      1.3937155      1.3928895      1.2520819      1.4321118      1.2998805      1.4687139      1.4162243      1.2979181      1.3535806      1.4407899      1.4380279      1.3621938      1.3975863      1.3168612      1.3703273      1.3700592      1.3883017      1.3156562      1.3978144      1.4016373      1.3856872      1.3939950      1.3734221      1.4514768      1.4758644      1.4817041      1.3897271      1.4801784      1.4997612      1.5048896      1.4372360      1.3184718      1.3532667 
   183.5000000        1.3946962      1.2603729      1.3581651      1.2850403      1.2689028      1.4253263      1.2900057      1.3932686      1.3924489      1.2516146      1.4315763      1.2993005      1.4682881      1.4156722      1.2975890      1.3530458      1.4403442      1.4376334      1.3616373      1.3971061      1.3164719      1.3699335      1.3696810      1.3879571      1.3152125      1.3974074      1.4012705      1.3852607      1.3935982      1.3729809      1.4510812      1.4754296      1.4812865      1.3893122      1.4797788      1.4993106      1.5044356      1.4367218      1.3178964      1.3527177 
   184.0000000        1.3942777      1.2599811      1.3577607      1.2847360      1.2685253      1.4247782      1.2896227      1.3928218      1.3920083      1.2511473      1.4310409      1.2987205      1.4678623      1.4151200      1.2972598      1.3525110      1.4398986      1.4372389      1.3610808      1.3966260      1.3160826      1.3695396      1.3693028      1.3876125      1.3147689      1.3970004      1.4009037      1.3848341      1.3932013      1.3725397      1.4506855      1.4749947      1.4808688      1.3888972      1.4793793      1.4988600      1.5039816      1.4362076      1.3173211      1.3521687 
   184.5000000        1.3938592      1.2595893      1.3573563      1.2844317      1.2681478      1.4242300      1.2892398      1.3923750      1.3915677      1.2506818      1.4305055      1.2981406      1.4674365      1.4145679      1.2969307      1.3519762      1.4394529      1.4368444      1.3605243      1.3961458      1.3156933      1.3691458      1.3689246      1.3872679      1.3143713      1.3965934      1.4005368      1.3844076      1.3928045      1.3720984      1.4502899      1.4745599      1.4804512      1.3884823      1.4789797      1.4984094      1.5035277      1.4356935      1.3167457      1.3516197 
   185.0000000        1.3934407      1.2591974      1.3569518      1.2841274      1.2677703      1.4236819      1.2888569      1.3919281      1.3911271      1.2502239      1.4299701      1.2975606      1.4670107      1.4140157      1.2966015      1.3514414      1.4390073      1.4364499      1.3599678      1.3956657      1.3153040      1.3687519      1.3685465      1.3869232      1.3139981      1.3961864      1.4001700      1.3839810      1.3924077      1.3716572      1.4498943      1.4741250      1.4800336      1.3880673      1.4785802      1.4979588      1.5030737      1.4351793      1.3161703      1.3510707 
   185.5000000        1.3930221      1.2588056      1.3565474      1.2838231      1.2673928      1.4231337      1.2884740      1.3914813      1.3906865      1.2497661      1.4294347      1.2969806      1.4665849      1.4134636      1.2962723      1.3509066      1.4385616      1.4360555      1.3594113      1.3951855      1.3149147      1.3683580      1.3681683      1.3865786      1.3136249      1.3957794      1.3998032      1.3835545      1.3920108      1.3712159      1.4494987      1.4736902      1.4796160      1.3876524      1.4781806      1.4975082      1.5026197      1.4346652      1.3155949      1.3505217 
   186.0000000        1.3926036      1.2584137      1.3561430      1.2835189      1.2670152      1.4225856      1.2880910      1.3910345      1.3902459      1.2493082      1.4289121      1.2964006      1.4661591      1.4129114      1.2959432      1.3503718      1.4381160      1.4356610      1.3588548      1.3947053      1.3145254      1.3679642      1.3677901      1.3862340      1.3132516      1.3953724      1.3994364      1.3831280      1.3916140      1.3707747      1.4491031      1.4732553      1.4791984      1.3872374      1.4777810      1.4970576      1.5021657      1.4341510      1.3150534      1.3499727 
   186.5000000        1.3921851      1.2580219      1.3557386      1.2832146      1.2666377      1.4220375      1.2877081      1.3905876      1.3898431      1.2488504      1.4283974      1.2958207      1.4657333      1.4123593      1.2956140      1.3498370      1.4376703      1.4352665      1.3582982      1.3942252      1.3141361      1.3675703      1.3674258      1.3858894      1.3128784      1.3949654      1.3990695      1.3827014      1.3912172      1.3703334      1.4487075      1.4728205      1.4787808      1.3868225      1.4773815      1.4966070      1.5017117      1.4336368      1.3145314      1.3494237 
   187.0000000        1.3917666      1.2576301      1.3553342      1.2829103      1.2662602      1.4215020      1.2873252      1.3901408      1.3894878      1.2483925      1.4278827      1.2952407      1.4653075      1.4118071      1.2952849      1.3493022      1.4372247      1.4348720      1.3577417      1.3937450      1.3137467      1.3671765      1.3670664      1.3855447      1.3125052      1.3945584      1.3987027      1.3822749      1.3908203      1.3698922      1.4483118      1.4723856      1.4783631      1.3864075      1.4769819      1.4961564      1.5012577      1.4331227      1.3140095      1.3489063 
   187.5000000        1.3913480      1.2572382      1.3549298      1.2826060      1.2658827      1.4210949      1.2869422      1.3896939      1.3891326      1.2479347      1.4273681      1.2946607      1.4648817      1.4112550      1.2949557      1.3487674      1.4367978      1.4344775      1.3571852      1.3932648      1.3133574      1.3667826      1.3667070      1.3852001      1.3121319      1.3941515      1.3983359      1.3818483      1.3904235      1.3694510      1.4479162      1.4719508      1.4779455      1.3860107      1.4765823      1.4957058      1.5008037      1.4327062      1.3134875      1.3484061 
   188.0000000        1.3909295      1.2568464      1.3545253      1.2823017      1.2655052      1.4206878      1.2865593      1.3892471      1.3887774      1.2474769      1.4268534      1.2940807      1.4644559      1.4107028      1.2946265      1.3482326      1.4364101      1.4340830      1.3566287      1.3927847      1.3129681      1.3663888      1.3663476      1.3848555      1.3117587      1.3937445      1.3979690      1.3814218      1.3900266      1.3690097      1.4475206      1.4715159      1.4775279      1.3856422      1.4761828      1.4952552      1.5003497      1.4322993      1.3129656      1.3479059 
   188.5000000        1.3905110      1.2564546      1.3541209      1.2819974      1.2651277      1.4202808      1.2861764      1.3888198      1.3884222      1.2470190      1.4263387      1.2935008      1.4640301      1.4101507      1.2942974      1.3476978      1.4360224      1.4336886      1.3560722      1.3923045      1.3125788      1.3659949      1.3659882      1.3845109      1.3113855      1.3933375      1.3976022      1.3809953      1.3896298      1.3685685      1.4471250      1.4710811      1.4771103      1.3852738      1.4757832      1.4948046      1.4999052      1.4318924      1.3124436      1.3474057 
   189.0000000        1.3900924      1.2560627      1.3537165      1.2816931      1.2647502      1.4198737      1.2857935      1.3883932      1.3880670      1.2465612      1.4258240      1.2929208      1.4636043      1.4095985      1.2939682      1.3472369      1.4356348      1.4332941      1.3555157      1.3918244      1.3121895      1.3656011      1.3656288      1.3841662      1.3110122      1.3929305      1.3972354      1.3805687      1.3892330      1.3681272      1.4467294      1.4706462      1.4766927      1.3849054      1.4753837      1.4943540      1.4994925      1.4314855      1.3119217      1.3469054 
   189.5000000        1.3896739      1.2556726      1.3533121      1.2813889      1.2643726      1.4194667      1.2854105      1.3879667      1.3877118      1.2461033      1.4253094      1.2923408      1.4631785      1.4090464      1.2936391      1.3467768      1.4352471      1.4328996      1.3549592      1.3913442      1.3118002      1.3652072      1.3652694      1.3838216      1.3106390      1.3925235      1.3968686      1.3801422      1.3888361      1.3676860      1.4463338      1.4702114      1.4762751      1.3845369      1.4749841      1.4939034      1.4990798      1.4310786      1.3113997      1.3464052 
   190.0000000        1.3892554      1.2553681      1.3529077      1.2810846      1.2639951      1.4190596      1.2850276      1.3875401      1.3873566      1.2456455      1.4247947      1.2917608      1.4627527      1.4084942      1.2933099      1.3463166      1.4348595      1.4325051      1.3544027      1.3908640      1.3114109      1.3648134      1.3649100      1.3834770      1.3102658      1.3921165      1.3965017      1.3797156      1.3884393      1.3672447      1.4459381      1.4697766      1.4758760      1.3841685      1.4745845      1.4934828      1.4986671      1.4306716      1.3108777      1.3459050 
   190.5000000        1.3888369      1.2550635      1.3525033      1.2807803      1.2636176      1.4186525      1.2846447      1.3871135      1.3870014      1.2451876      1.4242800      1.2911809      1.4623269      1.4079420      1.2929807      1.3458564      1.4344718      1.4321106      1.3538461      1.3903839      1.3110216      1.3644195      1.3645506      1.3831324      1.3098925      1.3917095      1.3961349      1.3792891      1.3880425      1.3668035      1.4455425      1.4693417      1.4754845      1.3838000      1.4741850      1.4930666      1.4982544      1.4302647      1.3103558      1.3454047 
   191.0000000        1.3884183      1.2547590      1.3520988      1.2804760      1.2632401      1.4182455      1.2842948      1.3866870      1.3866461      1.2447298      1.4237653      1.2906009      1.4619011      1.4073899      1.2926516      1.3453963      1.4340842      1.4317161      1.3532896      1.3899037      1.3106323      1.3640257      1.3641912      1.3827877      1.3095193      1.3913375      1.3957681      1.3788626      1.3876456      1.3663623      1.4451469      1.4689276      1.4750930      1.3834316      1.4737854      1.4926504      1.4978417      1.4298578      1.3098338      1.3449045 
   191.5000000        1.3879998      1.2544544      1.3516944      1.2801717      1.2628626      1.4178384      1.2839476      1.3862604      1.3862909      1.2442719      1.4232507      1.2900209      1.4614753      1.4068539      1.2923224      1.3449361      1.4336965      1.4313217      1.3527331      1.3894235      1.3102429      1.3636318      1.3638318      1.3824431      1.3091461      1.3909909      1.3954013      1.3784360      1.3872488      1.3659210      1.4447513      1.4685205      1.4747014      1.3830631      1.4733858      1.4922342      1.4974290      1.4294509      1.3093119      1.3444043 
   192.0000000        1.3875813      1.2541499      1.3512900      1.2798674      1.2624851      1.4174313      1.2836005      1.3858338      1.3859357      1.2438141      1.4227360      1.2894409      1.4610495      1.4064061      1.2919933      1.3444759      1.4333088      1.4309272      1.3521766      1.3889434      1.3098536      1.3632379      1.3634724      1.3820985      1.3087728      1.3906443      1.3950344      1.3780095      1.3868519      1.3654798      1.4443557      1.4681134      1.4743099      1.3826947      1.4729863      1.4918180      1.4970163      1.4290440      1.3087899      1.3439041 
   192.5000000        1.3871628      1.2538453      1.3508856      1.2795631      1.2621076      1.4170243      1.2832533      1.3854073      1.3855805      1.2433562      1.4222213      1.2888610      1.4606237      1.4059583      1.2916641      1.3440158      1.4329212      1.4305327      1.3516201      1.3884632      1.3094643      1.3628441      1.3631130      1.3817539      1.3083996      1.3902977      1.3946676      1.3775829      1.3864551      1.3650385      1.4439601      1.4677064      1.4739184      1.3823263      1.4725867      1.4914018      1.4966036      1.4286371      1.3082680      1.3434038 
   193.0000000        1.3867442      1.2535408      1.3504812      1.2792589      1.2617301      1.4166172      1.2829061      1.3849807      1.3852253      1.2428984      1.4217067      1.2882810      1.4601979      1.4055105      1.2913349      1.3435556      1.4325335      1.4301382      1.3510636      1.3879831      1.3090750      1.3624502      1.3627537      1.3814092      1.3080264      1.3899511      1.3943008      1.3771564      1.3860647      1.3645973      1.4435645      1.4672993      1.4735269      1.3819578      1.4721872      1.4909856      1.4961909      1.4282301      1.3077460      1.3429036 
   193.5000000        1.3863257      1.2532362      1.3500768      1.2789546      1.2613525      1.4162101      1.2825590      1.3845541      1.3848701      1.2424406      1.4211920      1.2877010      1.4597721      1.4050627      1.2910058      1.3430954      1.4321459      1.4297437      1.3505071      1.3875029      1.3086857      1.3620891      1.3623943      1.3810646      1.3076531      1.3896045      1.3939340      1.3767299      1.3856948      1.3641560      1.4431688      1.4668923      1.4731354      1.3815894      1.4717876      1.4905694      1.4957783      1.4278232      1.3072241      1.3424034 
   194.0000000        1.3859072      1.2529316      1.3496724      1.2786503      1.2609750      1.4158031      1.2822118      1.3841276      1.3845149      1.2419827      1.4206773      1.2871210      1.4593463      1.4046149      1.2906766      1.3426353      1.4317582      1.4293492      1.3499506      1.3870227      1.3082964      1.3617481      1.3620349      1.3807200      1.3072799      1.3892579      1.3935671      1.3763033      1.3853248      1.3637148      1.4427732      1.4664852      1.4727439      1.3812209      1.4713880      1.4901533      1.4953656      1.4274163      1.3067021      1.3419031 
   194.5000000        1.3854887      1.2526271      1.3492679      1.2783460      1.2605975      1.4153960      1.2818646      1.3837010      1.3841597      1.2415249      1.4201626      1.2865411      1.4589625      1.4041671      1.2903475      1.3421751      1.4313706      1.4289548      1.3493941      1.3865426      1.3079071      1.3614071      1.3616755      1.3803754      1.3069067      1.3889113      1.3932003      1.3758768      1.3849549      1.3632736      1.4423776      1.4660782      1.4723524      1.3808525      1.4709885      1.4897371      1.4949529      1.4270094      1.3061801      1.3414029 
   195.0000000        1.3850701      1.2523225      1.3488635      1.2780417      1.2602200      1.4149890      1.2815175      1.3832744      1.3838044      1.2410670      1.4196480      1.2859611      1.4585943      1.4037193      1.2900183      1.3417150      1.4309829      1.4285603      1.3488375      1.3860624      1.3075178      1.3610661      1.3613161      1.3800307      1.3065334      1.3885647      1.3928335      1.3754502      1.3845849      1.3628323      1.4419820      1.4656711      1.4719609      1.3804841      1.4706070      1.4893209      1.4945402      1.4266025      1.3056582      1.3409027 
   195.5000000        1.3846516      1.2520180      1.3484591      1.2777374      1.2598425      1.4145819      1.2811703      1.3828479      1.3834492      1.2406092      1.4191333      1.2853811      1.4582261      1.4032715      1.2896891      1.3412548      1.4305953      1.4281658      1.3482810      1.3855823      1.3071285      1.3607252      1.3609567      1.3796861      1.3061602      1.3882181      1.3924666      1.3750237      1.3842150      1.3623911      1.4415864      1.4652640      1.4715694      1.3801156      1.4702477      1.4889047      1.4941275      1.4261956      1.3051362      1.3404025 
   196.0000000        1.3842331      1.2517134      1.3480547      1.2774331      1.2594650      1.4141748      1.2808232      1.3824213      1.3830940      1.2401513      1.4186186      1.2848011      1.4578579      1.4028237      1.2893600      1.3407946      1.4302076      1.4277713      1.3477245      1.3851021      1.3067391      1.3603842      1.3605973      1.3793415      1.3057870      1.3878715      1.3920998      1.3745972      1.3838450      1.3619848      1.4411908      1.4648570      1.4711779      1.3797472      1.4698883      1.4884885      1.4937148      1.4257887      1.3046143      1.3399022 
   196.5000000        1.3838145      1.2514089      1.3476503      1.2771289      1.2590875      1.4137678      1.2804760      1.3819947      1.3827388      1.2396935      1.4181039      1.2843254      1.4574897      1.4023759      1.2890308      1.3403345      1.4298199      1.4273768      1.3471680      1.3846219      1.3063498      1.3600432      1.3602379      1.3789969      1.3054138      1.3875249      1.3917330      1.3741706      1.3834750      1.3615867      1.4407951      1.4644499      1.4707864      1.3793787      1.4695289      1.4880723      1.4933021      1.4253817      1.3040923      1.3394020 
   197.0000000        1.3833960      1.2511043      1.3472459      1.2768246      1.2587099      1.4133607      1.2801288      1.3815682      1.3823836      1.2392356      1.4175893      1.2838987      1.4571214      1.4019281      1.2887017      1.3398743      1.4294323      1.4269823      1.3466115      1.3842712      1.3059812      1.3597022      1.3598785      1.3786523      1.3050405      1.3871783      1.3913866      1.3737642      1.3831051      1.3611886      1.4403995      1.4640429      1.4703949      1.3790103      1.4691695      1.4876561      1.4928894      1.4249748      1.3035704      1.3389018 
   197.5000000        1.3829775      1.2507998      1.3468414      1.2765203      1.2583324      1.4129536      1.2797817      1.3811416      1.3820284      1.2387778      1.4170746      1.2834721      1.4567532      1.4014803      1.2883725      1.3394141      1.4290446      1.4265879      1.3460550      1.3839223      1.3056334      1.3593612      1.3595191      1.3783076      1.3046673      1.3868317      1.3910634      1.3733712      1.3827351      1.3607904      1.4400039      1.4636358      1.4700034      1.3786419      1.4688102      1.4872399      1.4924767      1.4245679      1.3030484      1.3384015 
   198.0000000        1.3825590      1.2504952      1.3464370      1.2762160      1.2579549      1.4125466      1.2794345      1.3807150      1.3816732      1.2383200      1.4165599      1.2830454      1.4563850      1.4010325      1.2880433      1.3389540      1.4286570      1.4261934      1.3454985      1.3835733      1.3052857      1.3590202      1.3591597      1.3779630      1.3042941      1.3864851      1.3907402      1.3729782      1.3823652      1.3603923      1.4396083      1.4632288      1.4696119      1.3782734      1.4684508      1.4868237      1.4920640      1.4241610      1.3025264      1.3379013 
   198.5000000        1.3821404      1.2501907      1.3460326      1.2759117      1.2576031      1.4121395      1.2790873      1.3802885      1.3813180      1.2378621      1.4160452      1.2826187      1.4560168      1.4005847      1.2877142      1.3384938      1.4282693      1.4258092      1.3449420      1.3832244      1.3049380      1.3586793      1.3588003      1.3776184      1.3039208      1.3861386      1.3904170      1.3725852      1.3819952      1.3599942      1.4392127      1.4628217      1.4692204      1.3779050      1.4680914      1.4864075      1.4916513      1.4237541      1.3020045      1.3374011 
   199.0000000        1.3817219      1.2498861      1.3456282      1.2756074      1.2573102      1.4117324      1.2787402      1.3798619      1.3809627      1.2374043      1.4155306      1.2821921      1.4556486      1.4001369      1.2873850      1.3380337      1.4278817      1.4254262      1.3443659      1.3828754      1.3045903      1.3583383      1.3584409      1.3772738      1.3035476      1.3857920      1.3900937      1.3721921      1.3816252      1.3595961      1.4388171      1.4624146      1.4688289      1.3775365      1.4677320      1.4859913      1.4912386      1.4233472      1.3014825      1.3369009 
   199.5000000        1.3813034      1.2495815      1.3452238      1.2753031      1.2570172      1.4113254      1.2783930      1.3794353      1.3806075      1.2369464      1.4150159      1.2817654      1.4552804      1.3996891      1.2870559      1.3375735      1.4274940      1.4250432      1.3437619      1.3825265      1.3042426      1.3579973      1.3580815      1.3769291      1.3031744      1.3854454      1.3897705      1.3717991      1.3812553      1.3591979      1.4384253      1.4620076      1.4684374      1.3771681      1.4673727      1.4855751      1.4908259      1.4229402      1.3009606      1.3364006 
   200.0000000        1.3808849      1.2492770      1.3448194      1.2749989      1.2567243      1.4109183      1.2780459      1.3790088      1.3802523      1.2364886      1.4145012      1.2813388      1.4549122      1.3992413      1.2867267      1.3371133      1.4271064      1.4246602      1.3431580      1.3821776      1.3038948      1.3576563      1.3577221      1.3765845      1.3028011      1.3850988      1.3894473      1.3714061      1.3808853      1.3587998      1.4380676      1.4616005      1.4680458      1.3767997      1.4670133      1.4851589      1.4904132      1.4225333      1.3004386      1.3359004 
   200.5000000        1.3804663      1.2489724      1.3444038      1.2746946      1.2564314      1.4105113      1.2776987      1.3785822      1.3798971      1.2360307      1.4139866      1.2809121      1.4545440      1.3987936      1.2863975      1.3366532      1.4267187      1.4242772      1.3425541      1.3818286      1.3035471      1.3573153      1.3573627      1.3762399      1.3024279      1.3847522      1.3891240      1.3710131      1.3805154      1.3584017      1.4377099      1.4611935      1.4676543      1.3764312      1.4666539      1.4847427      1.4900005      1.4221264      1.2999167      1.3354002 
   201.0000000        1.3800478      1.2486679      1.3439769      1.2743903      1.2561384      1.4101042      1.2773515      1.3781556      1.3795419      1.2355729      1.4134719      1.2804854      1.4541758      1.3983458      1.2860684      1.3361930      1.4263310      1.4238942      1.3419502      1.3814797      1.3031994      1.3569744      1.3570033      1.3758953      1.3020547      1.3844056      1.3888008      1.3706201      1.3801454      1.3580036      1.4373522      1.4607864      1.4672628      1.3760628      1.4662945      1.4843265      1.4895878      1.4217195      1.2993947      1.3349000 
   201.5000000        1.3796293      1.2483633      1.3435499      1.2740860      1.2558455      1.4096971      1.2770044      1.3777291      1.3791867      1.2351150      1.4129572      1.2800588      1.4538076      1.3978980      1.2857392      1.3357328      1.4259434      1.4235112      1.3413463      1.3811307      1.3028517      1.3566334      1.3566439      1.3755506      1.3016814      1.3840590      1.3884776      1.3702271      1.3797755      1.3576054      1.4369945      1.4603794      1.4668713      1.3756943      1.4659351      1.4839103      1.4891751      1.4213126      1.2988728      1.3343997 
   202.0000000        1.3792108      1.2480588      1.3431230      1.2737817      1.2555525      1.4092901      1.2766572      1.3773025      1.3788315      1.2346572      1.4124425      1.2796321      1.4534393      1.3974502      1.2854101      1.3352727      1.4255557      1.4231281      1.3407424      1.3807818      1.3025039      1.3562924      1.3562845      1.3752060      1.3013082      1.3837124      1.3881543      1.3698341      1.3794055      1.3572073      1.4366368      1.4599723      1.4664798      1.3753259      1.4655758      1.4834942      1.4887624      1.4209057      1.2983508      1.3338995 
   202.5000000        1.3787922      1.2477542      1.3426961      1.2734774      1.2552596      1.4088830      1.2763100      1.3768759      1.3784763      1.2341993      1.4119279      1.2792055      1.4530711      1.3970024      1.2850809      1.3348125      1.4251681      1.4227451      1.3401385      1.3804329      1.3021562      1.3559514      1.3559251      1.3748614      1.3009350      1.3833658      1.3878311      1.3694410      1.3790355      1.3568092      1.4362791      1.4595653      1.4660883      1.3749575      1.4652164      1.4830780      1.4883498      1.4204988      1.2978288      1.3333993 
   203.0000000        1.3783872      1.2474497      1.3422692      1.2731731      1.2549666      1.4084759      1.2759629      1.3764494      1.3781210      1.2337415      1.4114132      1.2787788      1.4527029      1.3965546      1.2847517      1.3343524      1.4247804      1.4223621      1.3395346      1.3800839      1.3018085      1.3556104      1.3555657      1.3745168      1.3005617      1.3830192      1.3875079      1.3690480      1.3786656      1.3564111      1.4359214      1.4591582      1.4656968      1.3745890      1.4648570      1.4826618      1.4879371      1.4200918      1.2973069      1.3328990 
   203.5000000        1.3780329      1.2471451      1.3418423      1.2728689      1.2546737      1.4080689      1.2756157      1.3760228      1.3777658      1.2332837      1.4108985      1.2783522      1.4523347      1.3961068      1.2844226      1.3338922      1.4243928      1.4219791      1.3389306      1.3797350      1.3014608      1.3552694      1.3552063      1.3741721      1.3001885      1.3826726      1.3871847      1.3686550      1.3782956      1.3560129      1.4355637      1.4587511      1.4653053      1.3742206      1.4644976      1.4822456      1.4875244      1.4196849      1.2967849      1.3323988 
   204.0000000        1.3776786      1.2468406      1.3414154      1.2725646      1.2543807      1.4076618      1.2752686      1.3755962      1.3774106      1.2328478      1.4103838      1.2779255      1.4519665      1.3956590      1.2840934      1.3334320      1.4240051      1.4215961      1.3383267      1.3793861      1.3011130      1.3549285      1.3548469      1.3738275      1.2998153      1.3823260      1.3868614      1.3682620      1.3779257      1.3556148      1.4352060      1.4583441      1.4649138      1.3738521      1.4641383      1.4818294      1.4871117      1.4192780      1.2962630      1.3318986 
   204.5000000        1.3773243      1.2465360      1.3409884      1.2722603      1.2540878      1.4072547      1.2749214      1.3751697      1.3770554      1.2324301      1.4098692      1.2774988      1.4515983      1.3952112      1.2837643      1.3329719      1.4236175      1.4212131      1.3377228      1.3790371      1.3007653      1.3545875      1.3544875      1.3734829      1.2994420      1.3819794      1.3865382      1.3678690      1.3775557      1.3552167      1.4348483      1.4579370      1.4645223      1.3734837      1.4637789      1.4814132      1.4866990      1.4188711      1.2957410      1.3313984 
   205.0000000        1.3769700      1.2462314      1.3405615      1.2719560      1.2537948      1.4068477      1.2745742      1.3747431      1.3767002      1.2320124      1.4093545      1.2770722      1.4512301      1.3947634      1.2834351      1.3325117      1.4232298      1.4208301      1.3371189      1.3786882      1.3004176      1.3542465      1.3541281      1.3731383      1.2990688      1.3816328      1.3862150      1.3674760      1.3771857      1.3548186      1.4344906      1.4575300      1.4641308      1.3731152      1.4634195      1.4809970      1.4862863      1.4184642      1.2952191      1.3308981 
   205.5000000        1.3766157      1.2459269      1.3401346      1.2716517      1.2535019      1.4064406      1.2742271      1.3743165      1.3763450      1.2315946      1.4088862      1.2766455      1.4508619      1.3943156      1.2831060      1.3320515      1.4228421      1.4204471      1.3365150      1.3783392      1.3000699      1.3539055      1.3537687      1.3728430      1.2986956      1.3812862      1.3858917      1.3670830      1.3768158      1.3544205      1.4341329      1.4571229      1.4637393      1.3727468      1.4630601      1.4805808      1.4858736      1.4180573      1.2946971      1.3304565 
   206.0000000        1.3762614      1.2456223      1.3397077      1.2713474      1.2532090      1.4060336      1.2738799      1.3738900      1.3759898      1.2311769      1.4084327      1.2762189      1.4504937      1.3938678      1.2827768      1.3315914      1.4224545      1.4200641      1.3359111      1.3779903      1.2997221      1.3535645      1.3534093      1.3725584      1.2983223      1.3809396      1.3855685      1.3666900      1.3764458      1.3540223      1.4337752      1.4567159      1.4633478      1.3723784      1.4627008      1.4801646      1.4854609      1.4176504      1.2942363      1.3300352 
   206.5000000        1.3759071      1.2453178      1.3392808      1.2710431      1.2529160      1.4056265      1.2735327      1.3734634      1.3756346      1.2307592      1.4079791      1.2757922      1.4501255      1.3934200      1.2824476      1.3311312      1.4220668      1.4196811      1.3353072      1.3776414      1.2993744      1.3532235      1.3530499      1.3722738      1.2979491      1.3805930      1.3852453      1.3662969      1.3760759      1.3536242      1.4334175      1.4563088      1.4629563      1.3720099      1.4623414      1.4797484      1.4850482      1.4172434      1.2937868      1.3296138 
   207.0000000        1.3755528      1.2450132      1.3388538      1.2707389      1.2526231      1.4052194      1.2731856      1.3730368      1.3752793      1.2303414      1.4075256      1.2753656      1.4497572      1.3929722      1.2821185      1.3306711      1.4216792      1.4192981      1.3347033      1.3772924      1.2990267      1.3528826      1.3526905      1.3719892      1.2975911      1.3802464      1.3849221      1.3659039      1.3757059      1.3532261      1.4330598      1.4559017      1.4625648      1.3716415      1.4619820      1.4793322      1.4846355      1.4168365      1.2933373      1.3291925 
   207.5000000        1.3751985      1.2447087      1.3384269      1.2704346      1.2523301      1.4048124      1.2728384      1.3726103      1.3749241      1.2299237      1.4070720      1.2749389      1.4493890      1.3925244      1.2817893      1.3302109      1.4212915      1.4189150      1.3340993      1.3769435      1.2986790      1.3525416      1.3523311      1.3717046      1.2972666      1.3798998      1.3845988      1.3655109      1.3753360      1.3528280      1.4327021      1.4554947      1.4621733      1.3712730      1.4616226      1.4789160      1.4842228      1.4164296      1.2928878      1.3287712 
   208.0000000        1.3748442      1.2444041      1.3380000      1.2701303      1.2520372      1.4044053      1.2724913      1.3721837      1.3745689      1.2295060      1.4066184      1.2745122      1.4490208      1.3920766      1.2814602      1.3297507      1.4209039      1.4185320      1.3334954      1.3765945      1.2983312      1.3522006      1.3519717      1.3714200      1.2969421      1.3795532      1.3842756      1.3651179      1.3749660      1.3524298      1.4323444      1.4550876      1.4617818      1.3709046      1.4612633      1.4784998      1.4838101      1.4160227      1.2924383      1.3283499 
   208.0000000        1.3748442      1.2444041      1.2570000      1.2701303      1.2520372      1.4044053      1.2724913      1.3721837      1.3745689      1.2295060      1.4066184      1.2745122      1.4490208      1.3920766      1.2814602      1.3297507      1.4209039      1.4185320      1.3334954      1.3765945      1.2983312      1.3522006      1.3519717      1.3714200      1.2969421      1.3795532      1.3842756      1.3651179      1.3749660      1.3524298      1.4323444      1.4550876      1.4617818      1.3709046      1.4612633      1.4784998      1.4838101      1.4160227      1.2924383      1.3283499 
   208.5000000        1.3744899      1.2440996      1.2565026      1.2698260      1.2517442      1.4039982      1.2721441      1.3717571      1.3742137      1.2290882      1.4061649      1.2740856      1.4486526      1.3916288      1.2811310      1.3292906      1.4205162      1.4181490      1.3328915      1.3762456      1.2979835      1.3518596      1.3516123      1.3711354      1.2966176      1.3792066      1.3839524      1.3647249      1.3745960      1.3520317      1.4319867      1.4546806      1.4613902      1.3705362      1.4609039      1.4780836      1.4833974      1.4156158      1.2919888      1.3279286 
   209.0000000        1.3741356      1.2437950      1.2560053      1.2695217      1.2514513      1.4035912      1.2717969      1.3713306      1.3738585      1.2286705      1.4057113      1.2736589      1.4482844      1.3911810      1.2808018      1.3288954      1.4201286      1.4177660      1.3322876      1.3758967      1.2976358      1.3515186      1.3512529      1.3708508      1.2962931      1.3788600      1.3836291      1.3643319      1.3742261      1.3516336      1.4316290      1.4542735      1.4609987      1.3701677      1.4605445      1.4776674      1.4829847      1.4152089      1.2915393      1.3275073 
   209.0000000        1.3741356      1.2437950      1.2560053      1.2695217      1.2514513      1.4035912      1.2717969      1.3713306      1.3738585      1.2286705      1.4057113      1.2736589      1.4482844      1.3911810      1.2808018      1.3288954      1.4201286      1.4177660      1.3322876      1.3758967      1.2976358      1.3515186      1.3512529      1.3708508      1.2962931      1.3788600      1.3836291      1.3643319      1.3742261      1.3516336      1.4316290      1.4542735      1.4609987      1.3701677      1.4605445      1.4776674      1.4829847      1.4152089      1.2915393      1.3275073 
   209.5000000        1.3737813      1.2434905      1.2555079      1.2692174      1.2511583      1.4031841      1.2714498      1.3709040      1.3735033      1.2282528      1.4052577      1.2732323      1.4479162      1.3907332      1.2804727      1.3285099      1.4197409      1.4173830      1.3316837      1.3755477      1.2972881      1.3511777      1.3508935      1.3705662      1.2959686      1.3785134      1.3833059      1.3639389      1.3738561      1.3512355      1.4312713      1.4538665      1.4606072      1.3697993      1.4601851      1.4772512      1.4825720      1.4148019      1.2910898      1.3270860 
   210.0000000        1.3734270      1.2431859      1.2550106      1.2689131      1.2508654      1.4027770      1.2711026      1.3704774      1.3731481      1.2278350      1.4048042      1.2728056      1.4475480      1.3902854      1.2801435      1.3281244      1.4193532      1.4170000      1.3310798      1.3751988      1.2969404      1.3508367      1.3505341      1.3702816      1.2956441      1.3781668      1.3829827      1.3635459      1.3734862      1.3508373      1.4309136      1.4534594      1.4602157      1.3694308      1.4598258      1.4768351      1.4821593      1.4143950      1.2906404      1.3266646 
   210.0000000        1.3734270      1.2431859      1.2550106      1.2689131      1.2508654      1.4027770      1.2711026      1.3704774      1.3731481      1.2278350      1.4048042      1.2728056      1.4475480      1.3902854      1.2801435      1.3281244      1.4193532      1.3880000      1.3310798      1.3751988      1.2969404      1.3508367      1.3505341      1.3702816      1.2956441      1.3781668      1.3829827      1.3635459      1.3734862      1.3508373      1.4309136      1.4534594      1.4602157      1.3694308      1.4598258      1.4768351      1.4821593      1.4143950      1.2906404      1.3266646 
   210.5000000        1.3730727      1.2428813      1.2545169      1.2686089      1.2505724      1.4023700      1.2707554      1.3700509      1.3727929      1.2274173      1.4043506      1.2723790      1.4471798      1.3898376      1.2798144      1.3277389      1.4189656      1.3877150      1.3304759      1.3748498      1.2965926      1.3504957      1.3501747      1.3699971      1.2953196      1.3778202      1.3826595      1.3631528      1.3731162      1.3504392      1.4305559      1.4530523      1.4598242      1.3690624      1.4594664      1.4764189      1.4817466      1.4139881      1.2901909      1.3262433 
   211.0000000        1.3727184      1.2425768      1.2540371      1.2683283      1.2502795      1.4019629      1.2704083      1.3696296      1.3724376      1.2269996      1.4038971      1.2719523      1.4468116      1.3893898      1.2794852      1.3273534      1.4185779      1.3874299      1.3298719      1.3745009      1.2962449      1.3501547      1.3498315      1.3697125      1.2949951      1.3774736      1.3823362      1.3627598      1.3727463      1.3500411      1.4301982      1.4526453      1.4594327      1.3686940      1.4591070      1.4760027      1.4813340      1.4135812      1.2897414      1.3258220 
   211.5000000        1.3723641      1.2422722      1.2535573      1.2680700      1.2499866      1.4015559      1.2700611      1.3692090      1.3720824      1.2265818      1.4034435      1.2715256      1.4464433      1.3889421      1.2791654      1.3269679      1.4181903      1.3871449      1.3292680      1.3741520      1.2958972      1.3498137      1.3495035      1.3694279      1.2946706      1.3771270      1.3820130      1.3623668      1.3723763      1.3496430      1.4298405      1.4522382      1.4590412      1.3683412      1.4587476      1.4755865      1.4809213      1.4131743      1.2892919      1.3254007 
   212.0000000        1.3720098      1.2419677      1.2530775      1.2678117      1.2496936      1.4011683      1.2697140      1.3687884      1.3717272      1.2261641      1.4029899      1.2710990      1.4460751      1.3884943      1.2788775      1.3265824      1.4178026      1.3868599      1.3286641      1.3738030      1.2955495      1.3494727      1.3491755      1.3691433      1.2943461      1.3767804      1.3816898      1.3619738      1.3720063      1.3492448      1.4294828      1.4518312      1.4586497      1.3680151      1.4583882      1.4751703      1.4805351      1.4127674      1.2888424      1.3249794 
   212.5000000        1.3716555      1.2416631      1.2525977      1.2675534      1.2494007      1.4008582      1.2693668      1.3683678      1.3713720      1.2257464      1.4025364      1.2706723      1.4457069      1.3880465      1.2785896      1.3261969      1.4174098      1.3865749      1.3280602      1.3734541      1.2952017      1.3491318      1.3488475      1.3688587      1.2940216      1.3764338      1.3813665      1.3615808      1.3716364      1.3488467      1.4291251      1.4514241      1.4582582      1.3676890      1.4580289      1.4747541      1.4801643      1.4123605      1.2883929      1.3245581 
   213.0000000        1.3713012      1.2413586      1.2521179      1.2672951      1.2491077      1.4005481      1.2690196      1.3679472      1.3710168      1.2253287      1.4020828      1.2702457      1.4453387      1.3875987      1.2783017      1.3258114      1.4170148      1.3862898      1.3274563      1.3731051      1.2948540      1.3487908      1.3485196      1.3685741      1.2936970      1.3760872      1.3810433      1.3611878      1.3712664      1.3484486      1.4287674      1.4510171      1.4578667      1.3673629      1.4576695      1.4743601      1.4797936      1.4119567      1.2879434      1.3241368 
   213.5000000        1.3709469      1.2410540      1.2516381      1.2670368      1.2488148      1.4002380      1.2686725      1.3675266      1.3706835      1.2249109      1.4016293      1.2698190      1.4449705      1.3871509      1.2780138      1.3254259      1.4166199      1.3860048      1.3268524      1.3727562      1.2945063      1.3484498      1.3481916      1.3682895      1.2933725      1.3757406      1.3807201      1.3607948      1.3708965      1.3480505      1.4284097      1.4506100      1.4574752      1.3670368      1.4573101      1.4739773      1.4794229      1.4115535      1.2874939      1.3237154 
   214.0000000        1.3705926      1.2407495      1.2511584      1.2667785      1.2485218      1.3999279      1.2683253      1.3671060      1.3704006      1.2244932      1.4011757      1.2693924      1.4446023      1.3867031      1.2777258      1.3250404      1.4162250      1.3857198      1.3262485      1.3724073      1.2941586      1.3481088      1.3478636      1.3680049      1.2930480      1.3753940      1.3803968      1.3604017      1.3705265      1.3476524      1.4280520      1.4502029      1.4570837      1.3667107      1.4569507      1.4735944      1.4790521      1.4111503      1.2870444      1.3232941 
   214.5000000        1.3702383      1.2404449      1.2506786      1.2665203      1.2482289      1.3996177      1.2679782      1.3666854      1.3701176      1.2240755      1.4007221      1.2689657      1.4442341      1.3862553      1.2774379      1.3246549      1.4158301      1.3854348      1.3257159      1.3720583      1.2938108      1.3477678      1.3475357      1.3677203      1.2927235      1.3750474      1.3800736      1.3600087      1.3701565      1.3472542      1.4276943      1.4498168      1.4567229      1.3663846      1.4565914      1.4732116      1.4786814      1.4107470      1.2865950      1.3228728 
   215.0000000        1.3698840      1.2401404      1.2501988      1.2662620      1.2479359      1.3993076      1.2676310      1.3662648      1.3698347      1.2236577      1.4002686      1.2685390      1.4438659      1.3858170      1.2771500      1.3242695      1.4154352      1.3851497      1.3251966      1.3717094      1.2934631      1.3474268      1.3472077      1.3674357      1.2923990      1.3747008      1.3797504      1.3596157      1.3697866      1.3468561      1.4273366      1.4494513      1.4563834      1.3660585      1.4562320      1.4728287      1.4783107      1.4103438      1.2861455      1.3224515 
   215.5000000        1.3695297      1.2398358      1.2497190      1.2660037      1.2476430      1.3989975      1.2672838      1.3658442      1.3695518      1.2232400      1.3998150      1.2681124      1.4434977      1.3853816      1.2768621      1.3238840      1.4150403      1.3848647      1.3246773      1.3713605      1.2931154      1.3470859      1.3468797      1.3671511      1.2920745      1.3743542      1.3794272      1.3592227      1.3694166      1.3464580      1.4269789      1.4490859      1.4560440      1.3657324      1.4558726      1.4724459      1.4779399      1.4099406      1.2856960      1.3220302 
   216.0000000        1.3691754      1.2395312      1.2492392      1.2657454      1.2473500      1.3986874      1.2669367      1.3654236      1.3692688      1.2228223      1.3993614      1.2676857      1.4431295      1.3849461      1.2765742      1.3234985      1.4146453      1.3845797      1.3241580      1.3710115      1.2927677      1.3467449      1.3465517      1.3668665      1.2917500      1.3740076      1.3791039      1.3588297      1.3690467      1.3460599      1.4266212      1.4487204      1.4557045      1.3654063      1.4555132      1.4720630      1.4775692      1.4095374      1.2852465      1.3216089 
   216.5000000        1.3688211      1.2392267      1.2487594      1.2654871      1.2470571      1.3983773      1.2665895      1.3650030      1.3689859      1.2224045      1.3989079      1.2672591      1.4427612      1.3845106      1.2762863      1.3231130      1.4142504      1.3842947      1.3236387      1.3706626      1.2924199      1.3464039      1.3462238      1.3665819      1.2914255      1.3736610      1.3787807      1.3584367      1.3686767      1.3456617      1.4262635      1.4483550      1.4553651      1.3650803      1.4551539      1.4716801      1.4771985      1.4091341      1.2847970      1.3211875 
   217.0000000        1.3684668      1.2389221      1.2482797      1.2652288      1.2467641      1.3980672      1.2662423      1.3645824      1.3687030      1.2219868      1.3984543      1.2668324      1.4423930      1.3840752      1.2759984      1.3227275      1.4138555      1.3840096      1.3231194      1.3703136      1.2920722      1.3460629      1.3458958      1.3662973      1.2911010      1.3733144      1.3784575      1.3580437      1.3683068      1.3452636      1.4259058      1.4479895      1.4550256      1.3647542      1.4547945      1.4712973      1.4768277      1.4087309      1.2843475      1.3207662 
   217.5000000        1.3681125      1.2386176      1.2477999      1.2649705      1.2464712      1.3977570      1.2658971      1.3641618      1.3684200      1.2215691      1.3980008      1.2664057      1.4420248      1.3836397      1.2757105      1.3223420      1.4134606      1.3837246      1.3226001      1.3699647      1.2917245      1.3457219      1.3455678      1.3660127      1.2907765      1.3729837      1.3781342      1.3576507      1.3679368      1.3448655      1.4255481      1.4476241      1.4546862      1.3644281      1.4544351      1.4709144      1.4764570      1.4083277      1.2838980      1.3203449 
   218.0000000        1.3677583      1.2383130      1.2473201      1.2647122      1.2461783      1.3974469      1.2655525      1.3637412      1.3681371      1.2211513      1.3975472      1.2659791      1.4416566      1.3832043      1.2754226      1.3219565      1.4130657      1.3834396      1.3220808      1.3696158      1.2913768      1.3453810      1.3452399      1.3657281      1.2904520      1.3726877      1.3778110      1.3572576      1.3675834      1.3444781      1.4251904      1.4472587      1.4543467      1.3641020      1.4540757      1.4705316      1.4760863      1.4079244      1.2834485      1.3199236 
   218.5000000        1.3674040      1.2380085      1.2468403      1.2644539      1.2458853      1.3971368      1.2652079      1.3633206      1.3678542      1.2207336      1.3970936      1.2655524      1.4412884      1.3827688      1.2751347      1.3215710      1.4126707      1.3831546      1.3215615      1.3692668      1.2910290      1.3450400      1.3449119      1.3654436      1.2901275      1.3723917      1.3774878      1.3568646      1.3672622      1.3441089      1.4248327      1.4468932      1.4540073      1.3637759      1.4537164      1.4701487      1.4757155      1.4075212      1.2829990      1.3195023 
   219.0000000        1.3670497      1.2377075      1.2463605      1.2641956      1.2455924      1.3968267      1.2648632      1.3629000      1.3675712      1.2203159      1.3966401      1.2651856      1.4409202      1.3823333      1.2748467      1.3211855      1.4122758      1.3828695      1.3210422      1.3689179      1.2906813      1.3446990      1.3445839      1.3651590      1.2898030      1.3720956      1.3771646      1.3564716      1.3669411      1.3437397      1.4244750      1.4465278      1.4536678      1.3634498      1.4533570      1.4697659      1.4753448      1.4071180      1.2825495      1.3190810 
   219.5000000        1.3666954      1.2374333      1.2458807      1.2639373      1.2452994      1.3965166      1.2645186      1.3624794      1.3672883      1.2198982      1.3961865      1.2648577      1.4405520      1.3818979      1.2745588      1.3208000      1.4118809      1.3825845      1.3205229      1.3685689      1.2903336      1.3443943      1.3442560      1.3648744      1.2894785      1.3717996      1.3768413      1.3560786      1.3666199      1.3433705      1.4241173      1.4461623      1.4533284      1.3631237      1.4529976      1.4693830      1.4749741      1.4067147      1.2821001      1.3186597 
   220.0000000        1.3663411      1.2371590      1.2454009      1.2636790      1.2450065      1.3962065      1.2641740      1.3620588      1.3670054      1.2194804      1.3957329      1.2645297      1.4401838      1.3814624      1.2742709      1.3204145      1.4114860      1.3822995      1.3200036      1.3682200      1.2899862      1.3441044      1.3439280      1.3645898      1.2891540      1.3715036      1.3765181      1.3557198      1.3662987      1.3430013      1.4237596      1.4457969      1.4529889      1.3627976      1.4526382      1.4690002      1.4746033      1.4063115      1.2816506      1.3182383 
   220.5000000        1.3659868      1.2368847      1.2449212      1.2634207      1.2447135      1.3958964      1.2638294      1.3616382      1.3667224      1.2190627      1.3952794      1.2642018      1.4398324      1.3810270      1.2739830      1.3200290      1.4110911      1.3820144      1.3194843      1.3678711      1.2896455      1.3438145      1.3436000      1.3643052      1.2888295      1.3712076      1.3761949      1.3553696      1.3659776      1.3426321      1.4234019      1.4454315      1.4526495      1.3624715      1.4522807      1.4686173      1.4742326      1.4059083      1.2812011      1.3178170 
   221.0000000        1.3656325      1.2366104      1.2444414      1.2631624      1.2444206      1.3955862      1.2634848      1.3612176      1.3664395      1.2186450      1.3948258      1.2638738      1.4394977      1.3805915      1.2736951      1.3196435      1.4106961      1.3817294      1.3189650      1.3675221      1.2893048      1.3435246      1.3432720      1.3640206      1.2885050      1.3709116      1.3758716      1.3550195      1.3656564      1.3422629      1.4230442      1.4450660      1.4523100      1.3621454      1.4519439      1.4682345      1.4738619      1.4055050      1.2807516      1.3173957 
   221.5000000        1.3652782      1.2363361      1.2439616      1.2629042      1.2441276      1.3952761      1.2631402      1.3607970      1.3661566      1.2182272      1.3943723      1.2635458      1.4391631      1.3801560      1.2734072      1.3192580      1.4103012      1.3814444      1.3184457      1.3671732      1.2889641      1.3432347      1.3429441      1.3637360      1.2881805      1.3706155      1.3755484      1.3546693      1.3653352      1.3418937      1.4226865      1.4447006      1.4519706      1.3618194      1.4516071      1.4678516      1.4734911      1.4051018      1.2803021      1.3169744 
   222.0000000        1.3649239      1.2360618      1.2434818      1.2626459      1.2438347      1.3949660      1.2627956      1.3603764      1.3658737      1.2178095      1.3939187      1.2632179      1.4388284      1.3797206      1.2731193      1.3188726      1.4099063      1.3811594      1.3179264      1.3668242      1.2886234      1.3429448      1.3426161      1.3634514      1.2878560      1.3703195      1.3752252      1.3543191      1.3650141      1.3415245      1.4223288      1.4443351      1.4516311      1.3614933      1.4512704      1.4674688      1.4731204      1.4046986      1.2798526      1.3165531 
   222.5000000        1.3645696      1.2357876      1.2430020      1.2623876      1.2435417      1.3946559      1.2624510      1.3599558      1.3655907      1.2173918      1.3934651      1.2628899      1.4384938      1.3792851      1.2728314      1.3184871      1.4095114      1.3808743      1.3174071      1.3664753      1.2882827      1.3426549      1.3422881      1.3631668      1.2875315      1.3700235      1.3749020      1.3539689      1.3646929      1.3411553      1.4219711      1.4439697      1.4512917      1.3611672      1.4509336      1.4670859      1.4727497      1.4042954      1.2794031      1.3161318 
   223.0000000        1.3642153      1.2355133      1.2425222      1.2621293      1.2432488      1.3943458      1.2621063      1.3595353      1.3653078      1.2169740      1.3930116      1.2625619      1.4381591      1.3788496      1.2725435      1.3181016      1.4091165      1.3805893      1.3168878      1.3661282      1.2879420      1.3423650      1.3419602      1.3628822      1.2872070      1.3697275      1.3745787      1.3536187      1.3643717      1.3407861      1.4216134      1.4436042      1.4509522      1.3608411      1.4505968      1.4667031      1.4723790      1.4038921      1.2789536      1.3157105 
   223.5000000        1.3638610      1.2352390      1.2420425      1.2618710      1.2429559      1.3940357      1.2617617      1.3591147      1.3650249      1.2165563      1.3925580      1.2622340      1.4378245      1.3784142      1.2722556      1.3177161      1.4087216      1.3803043      1.3163685      1.3658019      1.2876013      1.3420751      1.3416322      1.3625976      1.2868825      1.3694314      1.3742555      1.3532685      1.3640506      1.3404169      1.4212557      1.4432388      1.4506128      1.3605150      1.4502601      1.4663202      1.4720082      1.4034889      1.2785041      1.3152891 
   224.0000000        1.3635067      1.2349647      1.2415627      1.2616127      1.2426629      1.3937256      1.2614171      1.3586941      1.3647419      1.2161386      1.3921045      1.2619060      1.4374898      1.3779787      1.2719676      1.3173306      1.4083266      1.3800193      1.3158492      1.3654757      1.2872607      1.3417852      1.3413042      1.3623130      1.2865580      1.3691354      1.3739323      1.3529183      1.3637294      1.3400477      1.4208980      1.4428734      1.4502733      1.3601889      1.4499233      1.4659373      1.4716375      1.4030857      1.2780547      1.3148678 
   224.5000000        1.3631524      1.2346904      1.2410829      1.2613544      1.2423700      1.3934154      1.2610725      1.3582735      1.3644590      1.2157208      1.3916509      1.2615780      1.4371552      1.3775433      1.2716797      1.3169451      1.4079317      1.3797342      1.3153299      1.3651495      1.2869200      1.3414953      1.3409762      1.3620284      1.2862335      1.3688394      1.3736378      1.3525681      1.3634082      1.3396785      1.4205403      1.4425079      1.4499339      1.3598628      1.4495865      1.4655545      1.4712668      1.4026824      1.2776052      1.3144465 
   225.0000000        1.3627981      1.2344161      1.2406031      1.2610961      1.2420770      1.3931053      1.2607279      1.3578529      1.3641761      1.2153130      1.3911973      1.2612501      1.4368205      1.3771078      1.2713918      1.3165596      1.4075368      1.3794492      1.3148106      1.3648233      1.2865793      1.3412054      1.3406483      1.3617438      1.2859090      1.3685434      1.3733537      1.3522179      1.3630871      1.3393092      1.4201826      1.4421425      1.4495944      1.3595367      1.4492498      1.4651716      1.4708960      1.4022792      1.2771557      1.3140252 
   225.5000000        1.3624438      1.2341418      1.2401233      1.2608378      1.2417841      1.3927952      1.2603833      1.3574323      1.3638931      1.2149457      1.3907438      1.2609221      1.4364859      1.3766723      1.2711039      1.3161741      1.4071419      1.3791642      1.3142913      1.3644970      1.2862386      1.3409156      1.3403203      1.3614592      1.2855845      1.3682473      1.3730696      1.3518677      1.3627659      1.3389400      1.4198249      1.4417770      1.4492550      1.3592106      1.4489130      1.4647888      1.4705253      1.4018760      1.2767062      1.3136039 
   226.0000000        1.3620895      1.2338676      1.2396435      1.2605795      1.2414911      1.3924851      1.2600387      1.3570117      1.3636102      1.2145785      1.3902902      1.2605941      1.4361512      1.3762369      1.2708160      1.3157886      1.4067470      1.3788792      1.3137720      1.3641708      1.2858979      1.3406257      1.3399923      1.3611746      1.2852600      1.3679513      1.3727856      1.3515175      1.3624447      1.3385708      1.4194672      1.4414116      1.4489155      1.3588846      1.4485762      1.4644059      1.4701546      1.4014727      1.2762567      1.3131826 
   226.5000000        1.3617352      1.2335933      1.2391637      1.2603212      1.2411982      1.3921750      1.2596940      1.3565911      1.3633273      1.2142112      1.3898366      1.2602662      1.4358166      1.3758014      1.2705281      1.3154031      1.4063520      1.3785941      1.3132527      1.3638446      1.2855572      1.3403358      1.3396644      1.3608901      1.2849355      1.3676553      1.3725015      1.3511673      1.3621236      1.3382016      1.4191241      1.4410462      1.4485761      1.3585585      1.4482395      1.4640231      1.4697838      1.4010695      1.2758072      1.3127612 
   227.0000000        1.3613809      1.2333190      1.2386840      1.2600629      1.2409052      1.3918649      1.2593494      1.3561705      1.3630443      1.2138440      1.3893831      1.2599382      1.4354819      1.3753660      1.2702402      1.3150176      1.4059571      1.3783091      1.3127334      1.3635184      1.2852165      1.3400459      1.3393364      1.3606055      1.2846110      1.3673593      1.3722174      1.3508171      1.3618024      1.3378324      1.4188094      1.4406807      1.4482366      1.3582324      1.4479027      1.4636402      1.4694131      1.4006663      1.2753577      1.3123399 
   227.5000000        1.3610266      1.2330447      1.2382042      1.2598046      1.2406123      1.3915547      1.2590048      1.3557499      1.3627614      1.2134767      1.3889797      1.2596103      1.4351473      1.3749305      1.2699523      1.3146321      1.4055622      1.3780241      1.3122140      1.3631921      1.2848758      1.3397560      1.3390084      1.3603209      1.2842865      1.3670632      1.3719334      1.3504669      1.3614812      1.3374632      1.4184948      1.4403153      1.4478972      1.3579063      1.4475659      1.4632574      1.4690424      1.4002630      1.2749082      1.3120520 
   228.0000000        1.3606797      1.2327704      1.2377244      1.2595463      1.2403193      1.3912446      1.2586602      1.3553293      1.3624785      1.2131095      1.3886016      1.2592823      1.4348126      1.3744950      1.2696644      1.3142466      1.4051673      1.3777391      1.3116947      1.3628659      1.2845351      1.3394661      1.3386804      1.3600363      1.2839620      1.3667672      1.3716493      1.3501167      1.3611600      1.3370940      1.4181801      1.4399498      1.4475577      1.3575802      1.4472292      1.4628745      1.4686716      1.3998598      1.2744863      1.3117751 
   228.5000000        1.3603522      1.2324961      1.2372446      1.2592880      1.2400264      1.3909345      1.2583156      1.3549087      1.3621955      1.2127422      1.3882235      1.2589543      1.4344780      1.3740596      1.2693764      1.3138611      1.4047724      1.3774540      1.3111754      1.3625397      1.2841945      1.3391762      1.3383525      1.3597517      1.2836375      1.3664712      1.3713652      1.3497665      1.3608389      1.3367248      1.4178655      1.4395844      1.4472183      1.3572541      1.4468924      1.4624917      1.4683009      1.3994566      1.2741158      1.3114983 
   229.0000000        1.3600248      1.2322218      1.2368092      1.2590298      1.2396627      1.3906244      1.2579710      1.3544881      1.3619126      1.2123750      1.3878454      1.2586264      1.4341433      1.3736241      1.2690885      1.3134757      1.4043774      1.3771690      1.3106561      1.3622135      1.2838538      1.3388863      1.3380245      1.3594671      1.2833130      1.3661752      1.3710812      1.3494163      1.3605177      1.3363556      1.4175508      1.4392189      1.4468788      1.3569280      1.4465556      1.4621088      1.4679302      1.3990533      1.2737454      1.3112214 
   229.5000000        1.3596974      1.2319476      1.2364639      1.2587715      1.2392920      1.3903143      1.2576264      1.3540675      1.3616297      1.2120077      1.3874673      1.2582984      1.4338087      1.3731887      1.2688006      1.3130902      1.4039825      1.3768840      1.3101368      1.3618872      1.2835131      1.3385964      1.3376965      1.3591825      1.2829885      1.3658792      1.3707971      1.3490661      1.3601965      1.3359864      1.4172362      1.4388535      1.4465394      1.3566019      1.4462189      1.4617260      1.4675594      1.3986501      1.2733749      1.3109445 
   230.0000000        1.3593700      1.2316733      1.2361186      1.2585132      1.2389213      1.3900042      1.2572818      1.3536469      1.3613468      1.2116405      1.3870892      1.2579704      1.4334740      1.3727532      1.2685127      1.3127047      1.4035876      1.3765990      1.3096175      1.3615610      1.2831724      1.3383065      1.3373686      1.3588979      1.2826640      1.3655831      1.3705130      1.3487160      1.3598754      1.3356172      1.4169215      1.4384881      1.4461999      1.3562758      1.4458821      1.4613431      1.4671887      1.3982469      1.2730045      1.3106677 
   230.5000000        1.3590425      1.2313990      1.2357733      1.2582549      1.2385506      1.3896941      1.2569371      1.3532263      1.3610638      1.2112732      1.3867111      1.2576425      1.4331394      1.3723177      1.2682248      1.3123192      1.4031927      1.3763139      1.3090982      1.3612348      1.2828317      1.3380166      1.3370406      1.3586133      1.2823395      1.3652871      1.3702290      1.3483658      1.3595542      1.3352480      1.4166068      1.4381226      1.4458605      1.3559497      1.4455454      1.4609603      1.4668180      1.3978437      1.2726341      1.3103908 
   231.0000000        1.3587151      1.2311247      1.2354280      1.2579966      1.2381799      1.3893839      1.2565925      1.3528057      1.3607809      1.2109060      1.3863331      1.2573145      1.4328047      1.3718823      1.2679369      1.3119337      1.4027978      1.3760289      1.3085789      1.3609086      1.2824910      1.3377267      1.3367126      1.3583287      1.2820150      1.3649911      1.3699449      1.3480156      1.3592330      1.3348788      1.4162922      1.4377572      1.4455210      1.3556237      1.4452086      1.4605774      1.4664472      1.3974404      1.2722636      1.3101139 
   231.5000000        1.3583877      1.2308504      1.2350827      1.2577383      1.2378092      1.3890738      1.2562479      1.3523851      1.3604980      1.2105387      1.3859550      1.2569865      1.4324701      1.3714468      1.2676490      1.3115482      1.4024029      1.3757439      1.3081094      1.3605823      1.2821503      1.3374368      1.3363847      1.3580441      1.2816905      1.3646951      1.3696609      1.3476654      1.3589119      1.3345096      1.4159775      1.4373917      1.4451816      1.3552976      1.4448718      1.4601946      1.4660765      1.3970372      1.2718932      1.3098371 
   232.0000000        1.3580603      1.2305761      1.2347374      1.2574800      1.2374385      1.3887637      1.2559033      1.3519645      1.3602150      1.2101715      1.3855769      1.2566586      1.4321354      1.3710114      1.2673611      1.3111627      1.4020079      1.3754588      1.3076545      1.3602561      1.2818096      1.3371470      1.3360567      1.3577595      1.2813660      1.3643990      1.3693768      1.3473152      1.3585907      1.3341404      1.4156629      1.4370263      1.4448421      1.3549715      1.4445351      1.4598117      1.4657058      1.3966340      1.2715227      1.3095602 
   232.5000000        1.3577328      1.2303018      1.2343921      1.2572217      1.2370678      1.3884536      1.2555587      1.3515439      1.3599321      1.2098042      1.3851988      1.2563306      1.4318008      1.3705759      1.2670732      1.3107772      1.4016130      1.3751738      1.3071995      1.3599299      1.2814689      1.3368571      1.3357287      1.3574749      1.2810415      1.3641030      1.3690927      1.3469650      1.3582695      1.3337712      1.4153482      1.4366608      1.4445027      1.3546454      1.4441983      1.4594288      1.4653350      1.3962307      1.2711523      1.3092833 
   233.0000000        1.3574054      1.2300276      1.2340467      1.2569634      1.2366971      1.3881435      1.2552141      1.3511904      1.3596492      1.2094369      1.3848207      1.2560026      1.4314661      1.3701404      1.2667853      1.3104575      1.4012181      1.3748888      1.3067446      1.3596037      1.2811283      1.3365672      1.3354007      1.3571903      1.2807241      1.3638070      1.3688087      1.3466148      1.3579484      1.3334020      1.4150336      1.4362954      1.4441632      1.3543193      1.4438615      1.4590460      1.4649643      1.3958275      1.2707818      1.3090065 
   233.5000000        1.3570780      1.2297533      1.2337014      1.2567051      1.2363264      1.3878334      1.2548695      1.3508378      1.3593662      1.2090697      1.3844426      1.2556747      1.4311315      1.3697050      1.2664973      1.3101392      1.4008232      1.3746038      1.3062896      1.3592774      1.2807876      1.3362773      1.3350728      1.3569057      1.2804440      1.3635110      1.3685246      1.3462646      1.3576272      1.3330328      1.4147189      1.4359300      1.4438238      1.3539932      1.4435248      1.4586631      1.4645936      1.3954243      1.2704114      1.3087296 
   234.0000000        1.3567506      1.2294790      1.2333561      1.2564468      1.2359557      1.3875232      1.2545249      1.3504851      1.3590833      1.2087024      1.3840645      1.2553467      1.4307968      1.3692695      1.2662094      1.3098208      1.4004283      1.3743187      1.3058347      1.3589512      1.2804469      1.3359874      1.3347448      1.3566211      1.2801638      1.3632149      1.3682405      1.3459144      1.3573060      1.3326636      1.4144042      1.4355645      1.4434843      1.3536671      1.4431880      1.4582803      1.4642228      1.3950210      1.2700409      1.3084527 
   234.5000000        1.3564231      1.2292047      1.2330108      1.2561885      1.2355850      1.3872131      1.2541802      1.3501325      1.3588004      1.2083352      1.3836864      1.2550188      1.4304622      1.3688340      1.2659215      1.3095025      1.4000333      1.3740337      1.3053797      1.3586250      1.2801062      1.3356975      1.3344168      1.3563366      1.2798837      1.3629189      1.3679565      1.3455642      1.3569849      1.3322944      1.4140896      1.4351991      1.4431449      1.3533410      1.4428512      1.4578974      1.4638521      1.3946178      1.2696705      1.3081759 
   235.0000000        1.3560957      1.2289304      1.2326655      1.2559302      1.2352143      1.3869030      1.2538356      1.3497799      1.3585174      1.2079679      1.3833084      1.2546908      1.4301275      1.3683986      1.2656336      1.3091842      1.3996384      1.3737487      1.3049248      1.3582988      1.2797655      1.3354076      1.3340889      1.3560627      1.2796036      1.3626229      1.3676724      1.3452140      1.3566637      1.3319251      1.4137749      1.4348336      1.4428054      1.3530149      1.4425145      1.4575146      1.4634814      1.3942146      1.2693000      1.3078990 
   235.5000000        1.3557683      1.2286561      1.2323202      1.2556719      1.2348436      1.3865929      1.2534910      1.3494272      1.3582345      1.2076007      1.3829303      1.2543628      1.4297929      1.3679631      1.2653457      1.3088659      1.3992435      1.3734637      1.3044698      1.3579725      1.2794248      1.3351177      1.3337609      1.3558083      1.2793235      1.3623269      1.3673883      1.3448638      1.3563425      1.3315559      1.4134603      1.4344682      1.4424660      1.3526888      1.4421777      1.4571317      1.4631106      1.3938113      1.2689296      1.3076221 
   236.0000000        1.3554409      1.2283818      1.2319749      1.2554137      1.2344729      1.3862828      1.2531464      1.3490746      1.3579516      1.2072334      1.3825522      1.2540349      1.4294582      1.3675277      1.2650578      1.3085475      1.3988486      1.3731786      1.3040149      1.3576463      1.2790841      1.3348278      1.3334329      1.3555538      1.2790433      1.3620309      1.3671043      1.3445136      1.3560214      1.3311867      1.4131456      1.4341028      1.4421265      1.3523628      1.4418409      1.4567489      1.4627399      1.3934081      1.2685591      1.3073453 
   236.5000000        1.3551134      1.2281076      1.2316296      1.2551554      1.2341022      1.3859727      1.2528018      1.3487220      1.3576686      1.2068662      1.3821741      1.2537069      1.4291236      1.3670922      1.2647699      1.3082292      1.3984537      1.3728936      1.3035599      1.3573201      1.2787434      1.3345379      1.3331049      1.3552993      1.2787632      1.3617348      1.3668202      1.3441634      1.3557002      1.3308175      1.4128310      1.4337373      1.4417871      1.3520367      1.4415042      1.4563660      1.4623692      1.3930049      1.2681887      1.3070684 
   237.0000000        1.3547860      1.2278333      1.2312843      1.2548971      1.2337315      1.3856626      1.2524572      1.3483693      1.3573857      1.2064989      1.3817960      1.2533789      1.4287889      1.3666567      1.2644820      1.3079109      1.3980632      1.3726086      1.3031050      1.3569939      1.2784027      1.3342480      1.3327770      1.3550448      1.2784831      1.3614388      1.3665361      1.3438132      1.3553790      1.3304483      1.4125163      1.4333719      1.4414476      1.3517106      1.4411674      1.4559832      1.4619984      1.3926016      1.2678183      1.3067915 
   237.5000000        1.3544586      1.2275590      1.2309390      1.2546388      1.2333608      1.3853524      1.2521126      1.3480167      1.3571028      1.2061317      1.3814179      1.2530510      1.4284543      1.3662213      1.2641941      1.3075925      1.3976726      1.3723236      1.3026500      1.3566676      1.2780621      1.3339581      1.3324490      1.3547903      1.2782029      1.3611428      1.3662521      1.3434630      1.3550579      1.3300791      1.4122016      1.4330064      1.4411082      1.3513845      1.4408306      1.4556003      1.4616277      1.3921984      1.2674478      1.3065147 
   238.0000000        1.3541312      1.2272847      1.2305937      1.2543805      1.2329901      1.3850423      1.2517680      1.3476641      1.3568199      1.2057644      1.3810398      1.2527230      1.4281196      1.3657858      1.2639061      1.3072742      1.3972820      1.3720385      1.3021951      1.3563414      1.2777214      1.3336682      1.3321446      1.3545358      1.2779228      1.3608468      1.3659680      1.3431128      1.3547367      1.3297099      1.4118870      1.4326410      1.4407687      1.3510584      1.4404939      1.4552384      1.4612904      1.3917952      1.2670774      1.3062378 
   238.5000000        1.3538037      1.2270104      1.2302484      1.2541222      1.2326194      1.3847322      1.2514233      1.3473114      1.3565369      1.2053972      1.3806618      1.2523950      1.4277850      1.3653633      1.2636182      1.3069559      1.3968914      1.3717535      1.3017401      1.3560152      1.2773807      1.3333783      1.3318581      1.3542813      1.2776427      1.3605507      1.3656839      1.3427626      1.3544155      1.3293407      1.4115723      1.4322755      1.4404293      1.3507356      1.4401571      1.4549036      1.4609637      1.3913920      1.2667069      1.3059609 
   239.0000000        1.3534763      1.2267361      1.2299031      1.2538639      1.2322487      1.3844221      1.2510787      1.3469588      1.3562540      1.2050299      1.3802837      1.2520671      1.4274503      1.3650917      1.2633303      1.3066376      1.3965008      1.3714685      1.3012852      1.3556890      1.2770400      1.3330885      1.3315716      1.3540269      1.2773626      1.3602547      1.3653999      1.3424125      1.3540944      1.3289715      1.4112577      1.4319101      1.4400898      1.3504387      1.4398203      1.4545688      1.4606369      1.3909887      1.2663365      1.3056841 
   239.5000000        1.3531489      1.2264618      1.2295578      1.2536056      1.2318780      1.3841120      1.2507341      1.3466061      1.3559711      1.2046627      1.3799056      1.2517391      1.4271157      1.3648202      1.2630424      1.3063192      1.3961102      1.3711835      1.3008302      1.3553627      1.2766993      1.3327986      1.3312851      1.3537724      1.2770824      1.3599587      1.3651158      1.3420623      1.3537732      1.3286023      1.4109430      1.4315447      1.4397503      1.3501418      1.4394836      1.4542340      1.4603102      1.3906139      1.2659660      1.3054072 
   240.0000000        1.3528215      1.2261876      1.2292125      1.2533473      1.2315073      1.3838019      1.2503895      1.3462535      1.3556881      1.2042954      1.3795275      1.2514111      1.4267810      1.3645487      1.2627545      1.3060009      1.3957197      1.3708984      1.3003753      1.3550365      1.2763586      1.3325087      1.3309986      1.3535179      1.2768023      1.3596627      1.3648317      1.3417121      1.3534520      1.3282331      1.4106284      1.4311792      1.4394109      1.3498450      1.4391468      1.4538992      1.4599835      1.3902729      1.2655956      1.3051303 
   240.5000000        1.3524940      1.2259133      1.2288672      1.2530890      1.2311366      1.3834917      1.2500449      1.3459009      1.3554052      1.2039282      1.3791494      1.2510832      1.4264464      1.3642772      1.2624666      1.3056826      1.3953291      1.3706134      1.2999203      1.3547103      1.2760179      1.3322188      1.3307121      1.3532634      1.2765222      1.3593666      1.3645477      1.3413619      1.3531309      1.3278639      1.4103137      1.4308138      1.4390714      1.3495481      1.4388100      1.4535644      1.4596568      1.3899320      1.2652251      1.3048535 
   241.0000000        1.3521666      1.2256390      1.2285219      1.2528307      1.2307659      1.3831816      1.2497003      1.3455482      1.3551223      1.2035609      1.3787713      1.2507552      1.4261117      1.3640057      1.2621787      1.3053643      1.3949385      1.3703284      1.2994654      1.3543841      1.2756772      1.3319289      1.3304255      1.3530089      1.2762420      1.3590706      1.3642636      1.3410117      1.3528097      1.3274947      1.4099990      1.4304832      1.4387320      1.3492512      1.4384733      1.4532295      1.4593301      1.3895911      1.2648547      1.3045766 
   241.5000000        1.3518392      1.2253647      1.2281766      1.2525724      1.2303952      1.3828715      1.2493557      1.3451956      1.3548393      1.2031937      1.3783932      1.2504272      1.4257771      1.3637342      1.2618908      1.3050459      1.3945479      1.3700433      1.2990104      1.3540578      1.2753365      1.3316390      1.3301390      1.3527544      1.2759619      1.3587746      1.3639795      1.3406615      1.3524885      1.3271255      1.4096844      1.4301574      1.4383968      1.3489543      1.4381365      1.4528947      1.4590033      1.3892501      1.2644842      1.3042997 
   242.0000000        1.3515118      1.2250904      1.2278313      1.2523141      1.2300245      1.3825614      1.2490111      1.3448430      1.3545564      1.2028264      1.3780152      1.2500993      1.4254425      1.3634627      1.2616029      1.3047276      1.3941573      1.3697658      1.2985555      1.3537316      1.2749959      1.3313491      1.3298525      1.3525000      1.2756818      1.3584786      1.3636955      1.3403113      1.3521674      1.3267563      1.4093697      1.4298316      1.4380784      1.3486574      1.4377997      1.4525599      1.4586766      1.3889092      1.2641138      1.3040229 
   242.5000000        1.3511843      1.2248161      1.2274860      1.2520558      1.2296538      1.3822513      1.2486664      1.3444903      1.3542735      1.2024592      1.3776371      1.2497713      1.4251078      1.3631912      1.2613150      1.3044093      1.3937667      1.3694897      1.2981005      1.3534054      1.2746552      1.3310592      1.3295660      1.3522455      1.2754017      1.3581825      1.3634114      1.3399611      1.3518462      1.3263871      1.4090551      1.4295059      1.4377599      1.3483605      1.4374630      1.4522251      1.4583499      1.3885683      1.2637433      1.3037460 
   243.0000000        1.3508569      1.2245418      1.2271407      1.2517976      1.2292831      1.3819412      1.2483218      1.3441377      1.3539905      1.2020919      1.3772590      1.2494434      1.4247732      1.3629197      1.2610270      1.3040909      1.3933762      1.3692135      1.2976456      1.3530792      1.2743145      1.3307693      1.3292795      1.3519910      1.2751215      1.3578865      1.3631274      1.3396109      1.3515250      1.3260391      1.4087404      1.4291801      1.4374415      1.3480637      1.4371262      1.4518903      1.4580232      1.3882273      1.2633729      1.3034691 
   243.5000000        1.3505295      1.2242676      1.2267954      1.2515393      1.2289124      1.3816311      1.2479772      1.3437851      1.3537076      1.2017247      1.3768809      1.2491154      1.4244385      1.3626482      1.2607391      1.3037726      1.3929856      1.3689374      1.2971906      1.3527529      1.2739738      1.3304794      1.3289930      1.3517365      1.2748414      1.3575905      1.3628433      1.3392607      1.3512039      1.3257277      1.4084258      1.4288544      1.4371231      1.3477668      1.4367894      1.4515555      1.4576965      1.3878864      1.2630025      1.3031922 
   244.0000000        1.3502021      1.2239933      1.2264501      1.2513239      1.2285417      1.3813209      1.2476326      1.3434324      1.3534247      1.2013574      1.3765028      1.2487874      1.4241039      1.3623767      1.2604512      1.3034543      1.3925950      1.3686612      1.2967357      1.3524267      1.2736331      1.3301895      1.3287065      1.3514820      1.2745613      1.3572945      1.3625592      1.3389105      1.3508827      1.3254162      1.4081111      1.4285286      1.4368046      1.3474699      1.4364527      1.4512207      1.4573697      1.3875455      1.2626320      1.3029154 
   244.5000000        1.3498746      1.2237190      1.2261048      1.2511086      1.2281710      1.3810108      1.2472880      1.3430798      1.3531417      1.2009902      1.3761247      1.2484595      1.4237692      1.3621052      1.2601633      1.3031360      1.3922044      1.3683851      1.2962807      1.3521005      1.2732924      1.3298996      1.3284199      1.3512275      1.2742811      1.3569985      1.3622752      1.3385603      1.3505615      1.3251047      1.4077965      1.4282028      1.4364862      1.3471730      1.4361159      1.4508858      1.4570430      1.3872045      1.2622616      1.3026385 
   245.0000000        1.3495472      1.2234447      1.2257595      1.2508933      1.2278003      1.3807259      1.2469434      1.3427272      1.3528588      1.2006229      1.3757466      1.2481315      1.4234346      1.3618336      1.2598847      1.3028176      1.3918138      1.3681089      1.2958258      1.3517743      1.2729664      1.3296097      1.3281334      1.3509730      1.2740010      1.3567024      1.3619911      1.3382101      1.3502404      1.3247932      1.4074818      1.4278771      1.4361677      1.3468761      1.4357792      1.4505510      1.4567163      1.3868636      1.2618911      1.3023616 
   245.5000000        1.3492198      1.2231704      1.2254142      1.2506780      1.2274296      1.3804509      1.2464860      1.3423745      1.3525759      1.2002557      1.3753686      1.2478035      1.4230999      1.3615621      1.2596184      1.3024993      1.3914232      1.3678328      1.2953708      1.3514480      1.2726657      1.3293199      1.3278469      1.3507186      1.2737209      1.3564064      1.3617070      1.3378807      1.3499267      1.3244817      1.4071671      1.4275513      1.4358493      1.3465793      1.4354424      1.4502162      1.4563896      1.3865227      1.2615207      1.3020848 
   246.0000000        1.3488924      1.2228961      1.2250688      1.2504627      1.2270589      1.3801759      1.2460216      1.3420219      1.3522929      1.1998884      1.3749905      1.2474756      1.4227653      1.3612906      1.2593521      1.3021810      1.3910327      1.3675566      1.2949159      1.3511218      1.2723651      1.3290300      1.3275604      1.3504641      1.2734408      1.3561104      1.3614230      1.3375825      1.3496354      1.3241703      1.4068525      1.4272255      1.4355309      1.3462824      1.4351056      1.4498814      1.4560628      1.3861818      1.2611502      1.3018079 
   246.5000000        1.3485649      1.2226218      1.2247235      1.2502475      1.2266882      1.3799009      1.2455571      1.3416693      1.3520100      1.1995212      1.3746124      1.2471476      1.4224306      1.3610191      1.2590857      1.3018627      1.3906421      1.3672804      1.2944609      1.3507956      1.2720644      1.3287401      1.3272739      1.3502096      1.2731606      1.3558144      1.3611389      1.3372842      1.3493442      1.3238588      1.4065378      1.4268998      1.4352124      1.3459855      1.4347689      1.4495466      1.4557361      1.3858408      1.2607798      1.3015310 
   247.0000000        1.3482375      1.2223476      1.2243782      1.2500322      1.2263175      1.3796259      1.2450927      1.3413166      1.3517271      1.1991539      1.3742343      1.2468196      1.4220960      1.3607476      1.2588194      1.3015443      1.3902515      1.3670043      1.2940060      1.3504694      1.2717637      1.3284502      1.3269874      1.3499551      1.2728805      1.3555183      1.3608548      1.3369860      1.3490529      1.3235473      1.4062232      1.4265740      1.4348940      1.3456886      1.4344321      1.4492118      1.4554094      1.3854999      1.2604093      1.3012542 
   247.5000000        1.3479101      1.2220733      1.2240329      1.2498169      1.2259468      1.3793510      1.2446283      1.3409640      1.3514659      1.1987867      1.3738562      1.2464917      1.4217613      1.3604761      1.2585531      1.3012260      1.3898609      1.3667281      1.2935510      1.3501431      1.2714630      1.3281603      1.3267009      1.3497006      1.2726004      1.3552223      1.3605708      1.3366877      1.3487616      1.3232358      1.4059085      1.4262482      1.4345755      1.3453917      1.4340953      1.4488769      1.4550827      1.3851590      1.2600389      1.3009773 
   248.0000000        1.3475827      1.2217990      1.2236876      1.2496016      1.2255761      1.3790760      1.2441639      1.3406113      1.3512482      1.1984194      1.3734781      1.2461637      1.4214267      1.3602046      1.2582867      1.3009077      1.3894703      1.3664520      1.2930961      1.3498169      1.2711623      1.3278704      1.3264143      1.3494461      1.2723202      1.3549263      1.3602867      1.3363895      1.3484703      1.3229243      1.4055939      1.4259225      1.4342571      1.3450948      1.4337586      1.4485421      1.4547560      1.3848180      1.2596684      1.3007004 
   248.5000000        1.3472552      1.2215247      1.2233423      1.2493864      1.2252054      1.3788010      1.2436994      1.3402587      1.3510305      1.1980522      1.3731000      1.2458357      1.4210920      1.3599331      1.2580204      1.3005894      1.3890797      1.3661758      1.2926411      1.3494907      1.2708617      1.3275805      1.3261278      1.3491916      1.2720401      1.3546303      1.3600026      1.3360912      1.3481790      1.3226129      1.4052792      1.4255967      1.4339387      1.3447980      1.4334218      1.4482073      1.4544292      1.3844771      1.2592980      1.3004236 
   249.0000000        1.3469278      1.2212504      1.2229970      1.2491711      1.2248347      1.3785260      1.2432350      1.3399061      1.3508128      1.1976862      1.3727219      1.2455078      1.4207584      1.3596616      1.2577540      1.3002710      1.3886892      1.3658997      1.2921862      1.3491645      1.2705610      1.3272906      1.3258413      1.3489372      1.2717600      1.3543757      1.3597186      1.3357930      1.3478877      1.3223014      1.4049645      1.4252709      1.4336202      1.3445011      1.4330850      1.4478725      1.4541025      1.3841362      1.2589275      1.3001467 
   249.5000000        1.3466004      1.2209761      1.2226517      1.2489558      1.2244640      1.3782510      1.2427706      1.3395534      1.3505951      1.1973835      1.3723439      1.2451140      1.4204523      1.3593901      1.2574877      1.2999527      1.3882986      1.3656235      1.2917312      1.3488383      1.2702603      1.3270007      1.3255548      1.3486827      1.2714799      1.3541233      1.3594345      1.3354947      1.3475964      1.3219899      1.4046499      1.4249452      1.4333018      1.3442042      1.4327949      1.4475377      1.4537758      1.3837952      1.2585571      1.2998698 
   250.0000000        1.3462730      1.2207019      1.2223064      1.2487405      1.2240933      1.3779760      1.2423061      1.3392008      1.3503774      1.1970809      1.3719658      1.2446806      1.4201462      1.3591186      1.2572214      1.2996344      1.3879080      1.3653473      1.2912763      1.3485120      1.2699596      1.3267402      1.3252683      1.3484282      1.2711997      1.3538709      1.3591504      1.3351965      1.3473051      1.3216784      1.4043352      1.4246194      1.4329833      1.3439073      1.4325059      1.4472029      1.4534491      1.3834543      1.2581867      1.2995930 
   250.5000000        1.3459455      1.2204276      1.2219611      1.2485253      1.2237226      1.3777010      1.2418417      1.3388482      1.3501596      1.1967782      1.3715877      1.2442472      1.4198401      1.3588471      1.2569550      1.2993160      1.3875174      1.3650712      1.2908213      1.3481858      1.2696589      1.3264953      1.3249818      1.3481737      1.2709196      1.3536185      1.3588664      1.3348982      1.3470139      1.3213669      1.4040206      1.4242937      1.4326649      1.3436104      1.4322170      1.4468680      1.4531224      1.3831134      1.2578162      1.2993161 
   251.0000000        1.3456181      1.2201533      1.2216158      1.2483100      1.2233519      1.3774260      1.2413773      1.3384955      1.3499419      1.1964755      1.3712096      1.2438138      1.4195341      1.3585755      1.2566887      1.2989977      1.3871268      1.3647950      1.2904321      1.3478596      1.2693582      1.3262503      1.3246953      1.3479192      1.2706395      1.3533661      1.3585823      1.3346000      1.3467226      1.3210555      1.4037059      1.4239679      1.4323465      1.3433135      1.4319280      1.4465332      1.4527956      1.3827724      1.2574458      1.2990392 
   251.5000000        1.3452907      1.2198790      1.2212705      1.2480947      1.2229812      1.3771510      1.2409128      1.3381429      1.3497242      1.1961728      1.3708315      1.2433805      1.4192280      1.3583040      1.2564224      1.2986794      1.3867362      1.3645189      1.2900513      1.3475759      1.2690576      1.3260054      1.3244087      1.3476647      1.2703593      1.3531138      1.3582982      1.3343018      1.3464313      1.3207440      1.4033913      1.4236421      1.4320280      1.3430167      1.4316390      1.4461984      1.4524689      1.3824315      1.2570753      1.2987624 
   252.0000000        1.3449633      1.2196266      1.2209252      1.2478794      1.2226105      1.3768760      1.2404484      1.3377903      1.3495065      1.1958702      1.3704534      1.2429471      1.4189219      1.3580325      1.2561560      1.2983611      1.3863457      1.3642427      1.2896706      1.3473370      1.2687569      1.3257605      1.3241222      1.3474102      1.2700792      1.3528614      1.3580142      1.3340035      1.3461400      1.3204325      1.4030766      1.4233164      1.4317096      1.3427198      1.4313501      1.4458636      1.4521422      1.3820906      1.2567049      1.2984855 
   252.5000000        1.3446358      1.2193828      1.2205799      1.2476642      1.2222398      1.3766011      1.2399840      1.3374376      1.3492888      1.1955675      1.3700753      1.2425137      1.4186158      1.3577610      1.2558897      1.2980427      1.3859551      1.3639666      1.2892898      1.3470981      1.2684562      1.3255156      1.3238357      1.3471558      1.2697991      1.3526090      1.3577301      1.3337053      1.3458487      1.3201210      1.4027619      1.4229906      1.4313911      1.3424229      1.4310611      1.4455288      1.4518155      1.3817496      1.2563344      1.2982086 
   253.0000000        1.3443084      1.2191389      1.2202346      1.2474489      1.2218691      1.3763261      1.2395195      1.3370850      1.3490711      1.1952648      1.3696973      1.2420803      1.4183098      1.3574895      1.2556234      1.2977244      1.3855645      1.3636904      1.2889091      1.3468592      1.2681555      1.3252706      1.3235492      1.3469013      1.2695189      1.3523566      1.3574460      1.3334070      1.3455574      1.3198095      1.4024473      1.4226648      1.4310727      1.3421260      1.4307721      1.4451940      1.4514887      1.3814087      1.2559640      1.2979318 
   253.5000000        1.3439810      1.2188950      1.2198893      1.2472336      1.2215135      1.3760511      1.2390551      1.3367324      1.3488534      1.1949621      1.3693192      1.2416469      1.4180037      1.3572180      1.2553570      1.2974061      1.3851739      1.3634143      1.2885284      1.3466203      1.2678548      1.3250257      1.3232627      1.3466468      1.2692388      1.3521042      1.3571620      1.3331088      1.3452661      1.3194981      1.4021326      1.4223391      1.4307543      1.3418291      1.4304832      1.4448592      1.4511620      1.3810678      1.2555935      1.2976549 
   254.0000000        1.3436536      1.2186512      1.2195440      1.2470183      1.2212825      1.3757761      1.2385907      1.3363797      1.3486357      1.1946594      1.3689976      1.2412136      1.4176976      1.3569465      1.2550907      1.2970878      1.3847833      1.3631381      1.2881476      1.3463814      1.2675541      1.3247808      1.3229762      1.3463923      1.2689587      1.3518518      1.3568779      1.3328105      1.3449748      1.3191866      1.4018180      1.4220133      1.4304358      1.3415322      1.4301942      1.4445243      1.4508353      1.3807268      1.2552231      1.2973780 
   254.5000000        1.3433261      1.2184073      1.2191987      1.2468031      1.2210515      1.3755011      1.2381262      1.3360271      1.3484180      1.1943568      1.3686932      1.2407802      1.4173915      1.3566750      1.2548243      1.2967694      1.3843927      1.3628619      1.2877669      1.3461425      1.2672535      1.3245359      1.3226897      1.3461378      1.2686786      1.3515994      1.3565938      1.3325123      1.3446836      1.3188751      1.4015033      1.4216875      1.4301174      1.3412354      1.4299052      1.4441895      1.4505086      1.3803859      1.2548526      1.2971012 
   255.0000000        1.3429987      1.2181635      1.2188534      1.2465878      1.2208206      1.3752261      1.2376618      1.3356745      1.3482003      1.1940541      1.3683889      1.2403468      1.4170855      1.3564035      1.2545580      1.2964511      1.3840022      1.3625858      1.2873861      1.3459036      1.2669528      1.3242910      1.3224031      1.3458833      1.2683984      1.3513471      1.3563098      1.3322140      1.3443923      1.3185636      1.4011887      1.4213618      1.4297990      1.3409385      1.4296163      1.4438547      1.4501819      1.3800450      1.2543740      1.2968243 
   255.5000000        1.3426713      1.2179196      1.2185081      1.2463725      1.2205896      1.3749511      1.2371974      1.3353218      1.3479826      1.1937514      1.3680845      1.2399134      1.4167794      1.3561320      1.2542917      1.2961328      1.3836116      1.3623096      1.2870054      1.3456647      1.2666521      1.3240460      1.3221166      1.3456289      1.2681183      1.3510947      1.3560429      1.3319158      1.3441010      1.3182521      1.4008740      1.4210360      1.4294805      1.3406416      1.4293273      1.4435199      1.4498551      1.3797040      1.2537026      1.2965474 
   256.0000000        1.3423439      1.2176757      1.2182357      1.2461572      1.2203586      1.3746761      1.2367329      1.3349692      1.3477649      1.1934487      1.3677802      1.2394800      1.4164733      1.3558605      1.2540253      1.2958144      1.3832210      1.3620335      1.2866246      1.3454258      1.2663514      1.3238011      1.3218301      1.3453744      1.2678382      1.3508423      1.3557968      1.3316175      1.3438097      1.3179407      1.4005593      1.4207102      1.4291621      1.3403447      1.4290384      1.4431851      1.4495284      1.3793631      1.2530312      1.2962706 
   256.5000000        1.3420468      1.2174319      1.2179747      1.2459420      1.2201276      1.3744011      1.2362685      1.3346165      1.3475472      1.1931461      1.3674758      1.2390466      1.4161672      1.3555890      1.2537590      1.2954961      1.3828304      1.3617573      1.2862439      1.3451868      1.2660507      1.3235562      1.3215436      1.3451199      1.2675580      1.3505899      1.3555507      1.3313193      1.3435184      1.3176292      1.4002447      1.4203845      1.4288436      1.3400478      1.4287494      1.4428503      1.4492017      1.3790222      1.2523598      1.2959937 
   257.0000000        1.3417536      1.2171880      1.2177136      1.2457267      1.2198967      1.3741262      1.2358041      1.3342639      1.3473294      1.1928434      1.3671715      1.2386133      1.4158611      1.3553174      1.2534927      1.2951778      1.3824398      1.3614812      1.2858631      1.3449479      1.2657500      1.3233113      1.3212571      1.3448654      1.2672779      1.3503375      1.3553047      1.3310211      1.3432271      1.3173177      1.3999407      1.4200587      1.4285252      1.3397509      1.4284604      1.4425154      1.4488750      1.3786812      1.2516884      1.2957168 
   257.5000000        1.3414603      1.2169442      1.2174526      1.2455114      1.2196657      1.3738512      1.2353396      1.3339113      1.3471117      1.1925407      1.3668671      1.2381799      1.4155551      1.3550459      1.2532263      1.2948595      1.3820492      1.3612050      1.2854824      1.3447090      1.2654494      1.3230664      1.3209706      1.3446109      1.2669978      1.3500851      1.3550586      1.3307228      1.3429358      1.3170062      1.3996742      1.4197329      1.4282068      1.3394541      1.4281715      1.4421806      1.4485483      1.3783403      1.2510170      1.2954400 
   258.0000000        1.3411671      1.2167003      1.2171916      1.2452961      1.2194347      1.3735762      1.2348752      1.3335586      1.3468940      1.1922380      1.3665627      1.2377465      1.4152490      1.3547744      1.2529600      1.2945411      1.3816586      1.3609289      1.2851017      1.3444701      1.2651487      1.3228214      1.3206841      1.3443564      1.2667177      1.3498327      1.3548126      1.3304246      1.3426445      1.3166947      1.3994076      1.4194072      1.4278883      1.3391572      1.4278825      1.4418458      1.4482215      1.3779994      1.2503456      1.2951631 
   258.5000000        1.3408738      1.2164564      1.2169306      1.2450809      1.2192037      1.3733012      1.2344108      1.3332060      1.3466763      1.1919353      1.3662584      1.2373131      1.4149429      1.3545029      1.2526937      1.2942228      1.3812681      1.3606527      1.2847209      1.3442312      1.2648480      1.3225765      1.3203975      1.3441019      1.2664375      1.3495803      1.3545665      1.3301263      1.3423533      1.3163833      1.3991411      1.4190814      1.4275699      1.3388603      1.4275935      1.4415110      1.4478948      1.3776584      1.2496742      1.2948862 
   259.0000000        1.3405806      1.2162126      1.2166695      1.2448656      1.2189728      1.3730262      1.2339464      1.3328534      1.3464586      1.1916327      1.3659540      1.2368797      1.4146368      1.3542314      1.2524273      1.2939045      1.3808775      1.3603765      1.2843402      1.3439923      1.2645473      1.3223316      1.3201110      1.3438475      1.2661574      1.3493280      1.3543205      1.3298281      1.3420620      1.3160718      1.3988746      1.4187557      1.4272514      1.3385634      1.4273046      1.4411762      1.4475681      1.3773175      1.2490028      1.2946094 
   259.5000000        1.3402873      1.2159687      1.2164085      1.2446503      1.2187418      1.3727512      1.2334819      1.3325007      1.3462409      1.1913300      1.3656497      1.2364464      1.4143308      1.3539599      1.2521610      1.2935862      1.3804869      1.3601004      1.2839594      1.3437534      1.2642466      1.3220867      1.3198245      1.3435930      1.2658773      1.3490756      1.3540744      1.3295298      1.3417707      1.3157603      1.3986080      1.4184299      1.4269330      1.3382665      1.4270156      1.4408414      1.4472414      1.3769766      1.2483314      1.2943337 
   260.0000000        1.3399941      1.2157249      1.2161475      1.2444350      1.2185108      1.3724762      1.2330175      1.3321880      1.3460232      1.1910273      1.3653453      1.2360130      1.4140247      1.3536884      1.2518947      1.2932678      1.3800963      1.3598242      1.2835787      1.3435145      1.2639459      1.3218418      1.3195380      1.3433385      1.2655971      1.3488232      1.3538284      1.3292316      1.3414794      1.3154488      1.3983415      1.4181041      1.4266146      1.3379696      1.4267266      1.4405066      1.4469147      1.3766356      1.2476600      1.2940579 
   260.5000000        1.3397008      1.2154810      1.2158864      1.2442197      1.2182798      1.3722012      1.2325531      1.3319236      1.3458055      1.1907246      1.3650410      1.2355796      1.4137186      1.3534169      1.2516283      1.2929495      1.3797057      1.3595481      1.2831979      1.3432756      1.2636453      1.3215968      1.3192515      1.3430840      1.2653170      1.3485708      1.3535823      1.3289333      1.3411881      1.3151373      1.3980749      1.4177784      1.4262961      1.3376728      1.4264377      1.4401717      1.4465879      1.3762947      1.2469886      1.2937822 
   261.0000000        1.3394076      1.2152372      1.2156254      1.2440045      1.2180488      1.3719262      1.2320886      1.3316592      1.3455878      1.1904220      1.3647366      1.2351462      1.4134125      1.3531454      1.2513620      1.2926312      1.3793151      1.3592719      1.2828172      1.3430367      1.2633446      1.3213519      1.3189650      1.3428295      1.2650369      1.3483184      1.3533362      1.3286351      1.3408968      1.3148259      1.3978084      1.4174526      1.4259777      1.3373759      1.4261487      1.4398369      1.4462612      1.3759538      1.2463172      1.2935065 
   261.5000000        1.3391143      1.2149933      1.2153644      1.2437892      1.2178179      1.3716512      1.2316242      1.3313947      1.3453701      1.1901193      1.3644323      1.2347128      1.4131065      1.3528739      1.2510956      1.2923129      1.3789246      1.3589958      1.2824364      1.3427978      1.2630439      1.3211070      1.3186785      1.3425750      1.2647568      1.3480660      1.3530902      1.3283368      1.3406055      1.3145144      1.3975418      1.4171268      1.4256592      1.3370790      1.4258597      1.4395021      1.4459345      1.3756128      1.2456458      1.2932308 
   262.0000000        1.3388211      1.2147494      1.2151034      1.2435739      1.2175869      1.3713763      1.2311598      1.3311303      1.3451524      1.1898166      1.3641279      1.2342794      1.4128004      1.3526024      1.2508293      1.2920497      1.3785340      1.3587196      1.2820557      1.3425589      1.2627432      1.3208621      1.3183919      1.3423205      1.2644766      1.3478136      1.3528441      1.3280386      1.3403142      1.3142029      1.3972753      1.4168011      1.4253408      1.3367821      1.4255708      1.4391673      1.4456078      1.3752719      1.2449744      1.2929550 
   262.5000000        1.3385278      1.2145056      1.2148423      1.2433586      1.2173559      1.3711013      1.2306953      1.3308659      1.3449347      1.1895139      1.3638236      1.2338461      1.4124943      1.3523309      1.2505630      1.2917874      1.3781434      1.3584435      1.2816750      1.3423200      1.2624425      1.3206172      1.3181054      1.3420661      1.2641965      1.3475613      1.3525981      1.3277404      1.3400230      1.3138914      1.3970087      1.4164753      1.4250224      1.3364852      1.4252818      1.4388325      1.4452810      1.3749310      1.2443030      1.2926793 
   263.0000000        1.3382346      1.2142617      1.2145813      1.2431434      1.2171249      1.3708263      1.2302309      1.3306014      1.3447170      1.1892112      1.3635192      1.2334127      1.4121882      1.3520593      1.2502966      1.2915251      1.3777528      1.3581673      1.2812942      1.3420811      1.2621419      1.3203722      1.3178189      1.3418116      1.2639164      1.3473089      1.3523520      1.3274421      1.3397317      1.3135799      1.3967422      1.4161495      1.4247039      1.3361884      1.4249928      1.4384977      1.4449543      1.3745900      1.2436316      1.2924036 
   263.5000000        1.3379413      1.2140179      1.2143203      1.2429281      1.2168940      1.3705513      1.2297665      1.3303370      1.3444993      1.1889086      1.3632148      1.2329793      1.4118822      1.3517878      1.2500303      1.2912628      1.3773622      1.3578911      1.2809135      1.3418422      1.2618412      1.3201273      1.3175324      1.3415571      1.2636655      1.3470565      1.3521060      1.3271439      1.3394404      1.3132685      1.3964756      1.4158238      1.4243855      1.3358915      1.4247039      1.4381628      1.4446276      1.3742491      1.2429602      1.2921279 
   264.0000000        1.3376481      1.2137740      1.2140593      1.2427128      1.2166630      1.3702763      1.2293020      1.3300726      1.3442815      1.1886059      1.3629105      1.2325459      1.4115761      1.3515163      1.2497640      1.2910005      1.3769716      1.3576150      1.2805327      1.3416033      1.2615405      1.3198824      1.3172459      1.3413026      1.2634245      1.3468041      1.3518599      1.3268456      1.3391491      1.3129570      1.3962091      1.4154980      1.4240670      1.3355946      1.4244149      1.4378280      1.4443009      1.3739082      1.2422888      1.2918521 
   264.5000000        1.3373548      1.2135301      1.2137982      1.2424975      1.2164320      1.3700013      1.2288376      1.3298081      1.3440638      1.1883032      1.3626061      1.2321125      1.4112700      1.3512448      1.2494976      1.2907382      1.3765811      1.3573388      1.2801520      1.3413644      1.2612398      1.3196375      1.3169594      1.3410481      1.2631834      1.3465517      1.3516138      1.3265474      1.3388578      1.3126455      1.3959426      1.4151722      1.4237486      1.3352977      1.4241259      1.4374932      1.4439742      1.3735672      1.2416174      1.2915764 
   265.0000000        1.3370616      1.2132863      1.2135372      1.2422823      1.2162010      1.3697263      1.2283916      1.3295437      1.3438461      1.1880005      1.3623018      1.2316791      1.4109639      1.3509733      1.2492313      1.2904759      1.3761905      1.3570627      1.2797712      1.3411255      1.2609391      1.3193925      1.3166729      1.3407936      1.2629424      1.3462993      1.3513678      1.3262491      1.3385665      1.3123340      1.3956760      1.4148465      1.4234302      1.3350008      1.4238370      1.4371584      1.4436474      1.3732263      1.2409460      1.2913007 
   265.5000000        1.3367683      1.2130424      1.2132762      1.2420670      1.2159701      1.3694513      1.2280242      1.3292793      1.3436284      1.1876979      1.3619974      1.2312458      1.4106578      1.3507018      1.2489650      1.2902136      1.3757999      1.3567865      1.2793905      1.3408865      1.2606384      1.3191476      1.3163863      1.3405392      1.2627013      1.3460469      1.3511217      1.3259509      1.3382752      1.3120226      1.3954095      1.4145207      1.4231117      1.3347039      1.4235480      1.4368302      1.4433207      1.3728854      1.2402746      1.2910250 
   266.0000000        1.3364751      1.2127986      1.2130151      1.2418517      1.2157391      1.3691763      1.2276567      1.3290148      1.3434107      1.1873952      1.3616931      1.2308124      1.4103518      1.3504303      1.2486986      1.2899513      1.3754093      1.3565104      1.2790098      1.3406476      1.2603378      1.3189027      1.3160998      1.3402847      1.2624603      1.3457946      1.3508757      1.3256526      1.3379839      1.3117111      1.3951429      1.4141949      1.4227933      1.3344071      1.4232590      1.4365175      1.4429940      1.3725444      1.2396032      1.2907492 
   266.5000000        1.3361818      1.2125547      1.2127541      1.2416364      1.2155081      1.3689014      1.2272893      1.3287504      1.3431930      1.1870925      1.3613887      1.2303790      1.4100457      1.3501588      1.2484323      1.2896890      1.3750187      1.3562342      1.2786290      1.3404087      1.2600371      1.3186578      1.3158133      1.3400302      1.2622192      1.3455422      1.3506296      1.3253544      1.3376927      1.3113996      1.3948764      1.4138692      1.4224748      1.3341102      1.4229701      1.4362048      1.4426673      1.3722035      1.2389318      1.2904735 
   267.0000000        1.3358886      1.2123108      1.2124931      1.2414212      1.2152771      1.3686264      1.2269218      1.3284860      1.3429753      1.1867898      1.3610844      1.2299456      1.4097396      1.3498873      1.2481659      1.2894268      1.3746281      1.3559581      1.2782483      1.3401698      1.2597364      1.3184129      1.3155268      1.3397757      1.2619782      1.3452898      1.3503836      1.3250561      1.3374014      1.3110881      1.3946098      1.4135434      1.4221564      1.3338133      1.4226811      1.4358922      1.4423406      1.3718626      1.2382604      1.2901978 
   267.0000000        1.3358886      1.2123108      1.2124931      1.2414212      1.2152771      1.3686264      1.2269218      1.3284860      1.3429753      1.1867898      1.3610844      1.2299456      1.4097396      1.3498873      1.2481659      1.2894268      1.3746281      1.3559581      1.2782483      1.3401698      1.2597364      1.3184129      1.3155268      1.3397757      1.2619782      1.3452898      1.3503836      1.3250561      1.3374014      1.3110881      1.3946098      1.4135434      1.4221564      1.3338133      1.4226811      1.4358922      1.4423406      1.3718626      1.2382604      1.2901978 
   267.5000000        1.3355953      1.2120670      1.2122321      1.2412059      1.2150461      1.3683514      1.2265543      1.3282215      1.3427576      1.1864872      1.3607800      1.2295122      1.4094335      1.3496158      1.2478996      1.2891645      1.3742376      1.3556819      1.2778675      1.3399309      1.2594357      1.3181679      1.3152432      1.3395212      1.2617371      1.3450374      1.3501375      1.3247579      1.3371101      1.3107766      1.3943433      1.4132177      1.4218380      1.3335164      1.4223921      1.4355795      1.4420169      1.3715216      1.2375890      1.2899221 
   268.0000000        1.3353021      1.2118231      1.2119710      1.2409906      1.2148152      1.3680764      1.2261869      1.3279571      1.3425399      1.1861845      1.3604757      1.2290789      1.4091275      1.3493443      1.2476333      1.2889022      1.3738470      1.3554057      1.2774868      1.3396920      1.2591350      1.3179230      1.3149626      1.3392667      1.2614961      1.3447850      1.3498914      1.3244596      1.3368188      1.3104652      1.3940767      1.4128919      1.4215195      1.3332195      1.4221032      1.4352669      1.4416935      1.3711807      1.2369177      1.2896463 
   268.5000000        1.3350088      1.2115793      1.2117100      1.2407753      1.2145842      1.3678014      1.2258194      1.3276927      1.3423222      1.1858818      1.3601713      1.2286455      1.4088214      1.3490728      1.2473669      1.2886399      1.3734564      1.3551296      1.2771060      1.3394531      1.2588343      1.3176781      1.3146819      1.3390122      1.2612550      1.3445326      1.3496454      1.3241614      1.3365275      1.3101537      1.3938102      1.4125661      1.4212011      1.3329226      1.4218142      1.4349542      1.4413702      1.3708398      1.2362463      1.2893706 
   269.0000000        1.3347156      1.2113354      1.2114490      1.2405601      1.2143532      1.3675264      1.2254520      1.3274282      1.3421045      1.1855791      1.3598670      1.2282121      1.4085153      1.3488012      1.2471006      1.2883776      1.3730658      1.3548534      1.2767253      1.3392142      1.2585337      1.3174332      1.3144012      1.3387578      1.2610140      1.3442802      1.3493993      1.3238632      1.3362362      1.3098422      1.3935437      1.4122404      1.4208826      1.3326258      1.4215252      1.4346415      1.4410469      1.3704988      1.2355749      1.2890949 
   269.5000000        1.3344223      1.2110916      1.2111880      1.2403448      1.2141222      1.3672514      1.2250845      1.3271638      1.3418868      1.1852764      1.3595626      1.2277787      1.4082092      1.3485297      1.2468343      1.2881153      1.3726752      1.3545773      1.2763445      1.3389753      1.2582330      1.3171883      1.3141206      1.3385033      1.2607729      1.3440278      1.3491533      1.3235649      1.3359449      1.3095307      1.3932771      1.4119146      1.4205642      1.3323289      1.4212363      1.4343289      1.4407235      1.3701579      1.2349035      1.2888192 
   270.0000000        1.3341291      1.2108477      1.2109269      1.2401295      1.2138913      1.3669764      1.2247171      1.3268994      1.3416691      1.1849738      1.3592582      1.2273453      1.4079032      1.3482582      1.2465679      1.2878530      1.3722846      1.3543011      1.2759638      1.3387364      1.2579323      1.3169433      1.3138399      1.3382491      1.2605319      1.3437755      1.3489072      1.3232667      1.3356536      1.3092192      1.3930106      1.4115888      1.4202458      1.3320287      1.4209473      1.4340162      1.4404002      1.3696967      1.2342321      1.2885434 
   270.5000000        1.3338358      1.2106038      1.2106659      1.2399142      1.2136603      1.3667014      1.2243496      1.3266349      1.3414513      1.1846711      1.3589539      1.2269119      1.4075971      1.3479867      1.2463016      1.2875907      1.3718941      1.3540250      1.2755831      1.3384975      1.2576316      1.3166984      1.3135592      1.3379949      1.2602908      1.3435231      1.3486612      1.3229684      1.3353624      1.3089078      1.3927440      1.4112625      1.4199273      1.3317282      1.4206583      1.4337036      1.4400769      1.3691316      1.2335607      1.2882677 
   271.0000000        1.3335426      1.2103600      1.2104049      1.2396990      1.2134293      1.3664264      1.2239822      1.3263705      1.3412336      1.1843684      1.3586495      1.2264786      1.4072910      1.3477152      1.2460353      1.2873284      1.3715035      1.3537488      1.2752023      1.3382586      1.2573309      1.3164535      1.3132786      1.3377408      1.2600498      1.3432707      1.3484151      1.3226702      1.3350711      1.3085963      1.3924775      1.4109360      1.4196089      1.3314277      1.4203694      1.4333909      1.4397535      1.3685666      1.2328893      1.2879920 
   271.5000000        1.3332493      1.2101161      1.2101438      1.2394837      1.2131983      1.3661515      1.2236147      1.3261061      1.3410159      1.1840657      1.3583452      1.2260452      1.4069849      1.3474437      1.2457689      1.2870661      1.3711129      1.3534726      1.2748216      1.3380197      1.2570302      1.3162086      1.3129979      1.3374866      1.2598087      1.3430183      1.3481690      1.3223719      1.3347798      1.3082894      1.3922109      1.4106095      1.4192904      1.3311272      1.4200804      1.4330782      1.4394302      1.3680015      1.2322179      1.2877163 
   272.0000000        1.3329561      1.2098723      1.2098828      1.2392684      1.2129673      1.3658765      1.2232473      1.3258416      1.3407982      1.1837631      1.3580408      1.2256118      1.4066789      1.3471722      1.2455026      1.2868039      1.3707223      1.3531965      1.2744408      1.3377808      1.2567308      1.3159637      1.3127172      1.3372325      1.2595677      1.3427659      1.3479230      1.3220737      1.3344885      1.3079861      1.3919444      1.4102830      1.4189700      1.3308267      1.4197914      1.4327656      1.4391068      1.3674365      1.2315465      1.2874406 
   272.5000000        1.3326628      1.2096284      1.2096218      1.2390531      1.2127364      1.3656015      1.2228798      1.3255772      1.3405805      1.1834604      1.3577365      1.2251755      1.4063728      1.3469007      1.2452362      1.2865416      1.3703317      1.3529203      1.2740601      1.3375419      1.2564320      1.3157187      1.3124366      1.3369783      1.2593266      1.3425135      1.3476769      1.3217754      1.3341972      1.3076828      1.3916778      1.4099565      1.4186491      1.3305263      1.4195025      1.4324529      1.4387835      1.3668714      1.2308751      1.2871648 
   273.0000000        1.3323696      1.2093845      1.2093608      1.2388379      1.2125054      1.3653265      1.2225123      1.3253128      1.3403628      1.1831577      1.3574321      1.2247359      1.4060667      1.3466292      1.2449699      1.2862793      1.3699411      1.3526442      1.2736793      1.3373030      1.2561333      1.3154738      1.3121559      1.3367242      1.2590856      1.3422611      1.3474309      1.3214772      1.3339059      1.3073795      1.3914113      1.4096300      1.4183282      1.3302258      1.4192135      1.4321402      1.4384602      1.3663064      1.2302037      1.2868891 
   273.5000000        1.3320763      1.2091407      1.2090997      1.2386226      1.2122744      1.3650515      1.2221449      1.3250483      1.3401451      1.1828550      1.3571278      1.2242964      1.4057606      1.3463577      1.2447036      1.2860170      1.3695506      1.3523680      1.2732986      1.3370641      1.2558345      1.3152289      1.3118752      1.3364700      1.2588445      1.3420088      1.3471848      1.3211789      1.3336146      1.3070761      1.3911447      1.4093036      1.4180073      1.3299253      1.4189245      1.4318276      1.4381368      1.3657413      1.2295323      1.2866134 
   274.0000000        1.3317831      1.2088968      1.2088387      1.2384073      1.2120434      1.3647765      1.2217774      1.3247839      1.3399274      1.1825523      1.3568234      1.2238568      1.4054545      1.3460862      1.2444372      1.2857547      1.3691600      1.3520919      1.2729179      1.3368252      1.2555357      1.3149840      1.3115946      1.3362159      1.2586035      1.3417564      1.3469388      1.3208702      1.3333233      1.3067728      1.3908782      1.4089771      1.4176864      1.3296248      1.4186356      1.4315149      1.4378135      1.3651763      1.2288609      1.2863377 
   274.5000000        1.3314898      1.2086530      1.2085777      1.2381920      1.2118125      1.3645015      1.2214100      1.3245195      1.3397097      1.1822497      1.3565191      1.2234173      1.4051485      1.3458147      1.2441709      1.2854924      1.3687694      1.3518157      1.2725371      1.3365863      1.2552370      1.3147391      1.3113139      1.3359617      1.2583624      1.3415040      1.3466927      1.3205458      1.3330321      1.3064695      1.3906117      1.4086506      1.4173655      1.3293244      1.4183466      1.4312023      1.4374902      1.3646112      1.2281895      1.2860619 
   275.0000000        1.3311966      1.2084091      1.2083167      1.2379768      1.2115815      1.3642265      1.2210425      1.3242550      1.3394920      1.1819470      1.3562147      1.2229777      1.4048424      1.3455431      1.2439046      1.2852301      1.3683788      1.3515396      1.2721554      1.3363473      1.2549382      1.3144941      1.3110333      1.3357076      1.2581214      1.3412516      1.3464466      1.3202214      1.3327408      1.3061662      1.3903451      1.4083241      1.4170447      1.3290239      1.4180576      1.4308896      1.4371668      1.3640462      1.2275181      1.2857862 
   275.5000000        1.3309033      1.2081652      1.2080556      1.2377615      1.2113505      1.3639515      1.2206751      1.3239906      1.3392743      1.1816443      1.3559103      1.2225382      1.4045363      1.3452716      1.2436382      1.2849678      1.3679882      1.3513285      1.2717723      1.3361084      1.2546395      1.3142492      1.3107526      1.3354534      1.2578803      1.3409992      1.3462006      1.3198969      1.3324495      1.3058628      1.3900786      1.4079976      1.4167238      1.3287234      1.4177687      1.4305769      1.4368435      1.3634811      1.2268467      1.2855105 
   276.0000000        1.3306101      1.2079214      1.2077946      1.2375462      1.2111195      1.3636766      1.2203076      1.3237262      1.3390566      1.1813416      1.3556060      1.2220986      1.4042302      1.3450001      1.2433719      1.2847055      1.3675976      1.3511177      1.2713892      1.3358695      1.2543407      1.3140043      1.3104719      1.3351993      1.2576393      1.3407468      1.3459545      1.3195725      1.3321563      1.3055595      1.3898120      1.4076712      1.4164029      1.3284229      1.4174797      1.4302643      1.4365202      1.3629161      1.2261753      1.2852348 
   276.5000000        1.3303168      1.2076775      1.2075336      1.2373309      1.2108886      1.3634016      1.2199402      1.3234617      1.3388389      1.1810390      1.3553016      1.2216590      1.4039242      1.3447286      1.2431056      1.2844432      1.3672071      1.3509069      1.2710061      1.3356306      1.2540419      1.3137594      1.3101913      1.3349451      1.2573982      1.3404944      1.3457085      1.3192481      1.3318614      1.3052562      1.3895455      1.4073447      1.4160820      1.3281224      1.4171907      1.4299516      1.4361968      1.3623510      1.2255039      1.2849590 
   277.0000000        1.3300236      1.2074337      1.2072726      1.2371156      1.2106576      1.3631266      1.2195727      1.3231973      1.3386211      1.1807363      1.3549973      1.2212195      1.4036181      1.3444575      1.2428392      1.2841810      1.3668165      1.3506962      1.2706230      1.3353917      1.2537432      1.3135144      1.3099106      1.3346910      1.2571572      1.3402421      1.3454624      1.3189237      1.3315665      1.3049529      1.3892789      1.4070182      1.4157611      1.3278220      1.4169018      1.4296389      1.4358735      1.3617860      1.2248325      1.2846833 
   277.5000000        1.3297303      1.2071898      1.2070115      1.2369004      1.2104266      1.3628516      1.2192053      1.3229329      1.3384034      1.1804336      1.3546929      1.2207799      1.4033120      1.3441867      1.2425729      1.2839187      1.3664259      1.3504854      1.2702399      1.3351528      1.2534444      1.3132695      1.3096299      1.3344368      1.2569161      1.3399897      1.3452164      1.3185992      1.3312716      1.3046495      1.3890124      1.4066917      1.4154402      1.3275215      1.4166128      1.4293263      1.4355501      1.3612209      1.2241611      1.2844076 
   278.0000000        1.3294371      1.2069459      1.2067505      1.2366851      1.2101956      1.3625766      1.2188378      1.3226684      1.3381857      1.1801309      1.3543886      1.2203404      1.4030059      1.3439159      1.2423065      1.2836564      1.3660353      1.3502746      1.2698568      1.3349139      1.2531456      1.3130246      1.3093493      1.3341826      1.2566751      1.3397373      1.3449703      1.3182748      1.3309766      1.3043462      1.3887458      1.4063652      1.4151193      1.3272210      1.4163238      1.4290136      1.4352268      1.3606559      1.2234897      1.2841319 
   278.5000000        1.3291438      1.2067021      1.2064895      1.2364698      1.2099646      1.3623016      1.2184703      1.3224040      1.3379680      1.1798307      1.3540842      1.2199008      1.4026999      1.3436451      1.2420402      1.2833941      1.3656447      1.3500638      1.2694737      1.3346750      1.2528469      1.3127797      1.3090686      1.3339285      1.2564340      1.3394849      1.3447242      1.3179504      1.3306817      1.3040429      1.3884793      1.4060387      1.4147984      1.3269205      1.4160349      1.4287010      1.4349035      1.3600908      1.2228183      1.2838561 
   279.0000000        1.3288506      1.2064582      1.2062284      1.2362545      1.2097337      1.3620266      1.2181029      1.3221396      1.3377503      1.1795323      1.3537799      1.2194613      1.4023938      1.3433743      1.2417739      1.2831318      1.3652541      1.3498530      1.2690906      1.3344361      1.2525481      1.3125348      1.3087879      1.3336743      1.2561930      1.3392325      1.3444782      1.3176260      1.3303868      1.3037396      1.3882128      1.4057123      1.4144775      1.3266201      1.4157459      1.4283883      1.4345801      1.3595258      1.2221469      1.2835804 
   279.5000000        1.3285573      1.2062144      1.2059674      1.2360393      1.2095027      1.3617516      1.2177354      1.3218751      1.3375326      1.1792339      1.3534755      1.2190217      1.4020877      1.3431034      1.2415075      1.2828695      1.3648635      1.3496422      1.2687074      1.3341972      1.2522493      1.3122898      1.3085073      1.3334202      1.2559519      1.3389801      1.3442321      1.3173015      1.3300919      1.3034363      1.3879462      1.4053858      1.4141566      1.3263196      1.4154569      1.4280756      1.4342568      1.3589607      1.2214755      1.2833047 
   280.0000000        1.3282641      1.2059705      1.2057064      1.2358240      1.2092717      1.3614766      1.2173680      1.3216107      1.3373149      1.1789355      1.3531712      1.2185822      1.4017816      1.3428326      1.2412412      1.2826072      1.3644730      1.3494314      1.2683243      1.3339583      1.2519506      1.3120449      1.3082266      1.3331660      1.2557109      1.3387277      1.3439861      1.3169771      1.3297969      1.3031329      1.3876797      1.4050593      1.4138357      1.3260191      1.4151680      1.4277630      1.4339335      1.3583957      1.2208041      1.2830290 
   280.5000000        1.3279708      1.2057267      1.2054454      1.2356087      1.2090407      1.3612016      1.2170005      1.3213463      1.3370972      1.1786371      1.3528668      1.2181426      1.4014780      1.3425618      1.2409749      1.2823449      1.3640824      1.3492207      1.2679412      1.3337194      1.2516518      1.3118000      1.3079459      1.3329119      1.2554698      1.3384753      1.3437400      1.3166527      1.3295020      1.3028296      1.3874131      1.4047328      1.4135148      1.3257186      1.4148790      1.4274503      1.4336101      1.3578306      1.2201327      1.2827532 
   281.0000000        1.3276776      1.2054828      1.2051843      1.2353934      1.2088098      1.3609267      1.2166331      1.3210818      1.3368795      1.1783387      1.3525625      1.2177031      1.4011837      1.3422910      1.2407110      1.2820826      1.3636918      1.3490099      1.2675581      1.3334805      1.2513530      1.3115551      1.3076653      1.3326577      1.2552287      1.3382230      1.3434940      1.3163282      1.3292071      1.3025263      1.3871466      1.4044063      1.4131939      1.3254181      1.4145909      1.4271376      1.4332868      1.3572656      1.2194613      1.2824775 
   281.5000000        1.3273843      1.2052389      1.2049233      1.2351728      1.2085788      1.3606517      1.2162656      1.3208174      1.3366618      1.1780404      1.3522581      1.2172635      1.4008894      1.3420202      1.2404554      1.2818203      1.3633012      1.3487991      1.2671750      1.3332416      1.2510543      1.3113102      1.3073846      1.3324036      1.2549877      1.3379706      1.3432479      1.3160038      1.3289122      1.3022230      1.3868800      1.4040798      1.4128730      1.3251177      1.4143122      1.4268250      1.4329635      1.3567005      1.2187899      1.2822018 
   282.0000000        1.3270911      1.2049951      1.2046623      1.2349519      1.2083478      1.3603654      1.2158982      1.3205530      1.3364441      1.1777420      1.3519537      1.2168240      1.4005950      1.3417494      1.2401999      1.2815581      1.3629106      1.3485883      1.2667919      1.3330027      1.2507555      1.3110652      1.3071039      1.3321494      1.2547466      1.3377182      1.3430018      1.3156794      1.3286172      1.3019196      1.3866135      1.4037534      1.4125522      1.3248172      1.4140335      1.4265123      1.4326401      1.3561355      1.2181185      1.2819261 
   282.5000000        1.3267978      1.2047512      1.2044013      1.2347310      1.2081168      1.3600775      1.2155307      1.3202885      1.3362264      1.1774436      1.3516494      1.2163844      1.4003007      1.3414785      1.2399443      1.2812958      1.3625200      1.3483775      1.2664088      1.3327638      1.2504568      1.3108203      1.3068233      1.3318953      1.2545056      1.3374658      1.3427558      1.3153550      1.3283223      1.3016163      1.3863469      1.4034269      1.4122313      1.3245167      1.4137548      1.4261997      1.4323168      1.3555704      1.2174471      1.2816503 
   283.0000000        1.3265045      1.2045074      1.2041402      1.2345101      1.2078859      1.3597896      1.2151633      1.3200241      1.3360087      1.1771452      1.3513450      1.2159448      1.4000064      1.3412077      1.2396888      1.2810335      1.3621295      1.3481667      1.2660257      1.3325249      1.2501580      1.3105754      1.3065426      1.3316411      1.2542645      1.3372134      1.3425097      1.3150305      1.3280274      1.3013130      1.3860804      1.4031004      1.4119104      1.3242162      1.4134761      1.4258870      1.4319934      1.3550054      1.2167757      1.2813746 
   283.5000000        1.3262113      1.2042635      1.2038792      1.2342892      1.2076549      1.3595017      1.2147958      1.3197597      1.3357909      1.1768468      1.3510407      1.2155053      1.3997121      1.3409369      1.2394332      1.2807712      1.3617389      1.3479559      1.2656426      1.3322860      1.2498592      1.3103305      1.3062619      1.3313870      1.2540235      1.3369610      1.3422637      1.3147061      1.3277325      1.3010097      1.3858138      1.4027739      1.4115895      1.3239158      1.4131974      1.4255743      1.4316701      1.3544403      1.2161043      1.2810989 
   284.0000000        1.3259180      1.2040196      1.2036182      1.2340684      1.2074239      1.3592137      1.2144283      1.3194952      1.3355732      1.1765484      1.3507363      1.2150657      1.3994178      1.3406661      1.2391777      1.2805089      1.3613483      1.3477452      1.2652595      1.3320470      1.2495605      1.3100856      1.3059813      1.3311328      1.2537824      1.3367086      1.3420176      1.3143817      1.3274375      1.3007063      1.3855473      1.4024474      1.4112686      1.3236153      1.4129187      1.4252617      1.4313468      1.3538753      1.2154329      1.2808232 
   284.5000000        1.3256248      1.2037758      1.2033571      1.2338475      1.2071929      1.3589258      1.2140609      1.3192308      1.3353555      1.1762500      1.3504320      1.2146262      1.3991235      1.3403953      1.2389221      1.2802466      1.3609577      1.3475344      1.2648764      1.3318081      1.2492617      1.3098406      1.3057006      1.3308787      1.2535414      1.3364563      1.3417716      1.3140573      1.3271426      1.3004030      1.3852808      1.4021210      1.4109477      1.3233148      1.4126400      1.4249490      1.4310234      1.3533102      1.2147615      1.2805474 
   285.0000000        1.3253315      1.2035319      1.2030961      1.2336266      1.2069619      1.3586379      1.2136934      1.3189664      1.3351378      1.1759516      1.3501276      1.2141866      1.3988292      1.3401245      1.2386666      1.2799843      1.3605671      1.3473236      1.2644933      1.3315692      1.2489629      1.3095957      1.3054200      1.3306245      1.2533003      1.3362039      1.3415255      1.3137328      1.3268477      1.3000997      1.3850142      1.4017945      1.4106268      1.3230143      1.4123613      1.4246364      1.4307001      1.3527452      1.2140901      1.2802717 
   285.5000000        1.3250383      1.2032881      1.2028351      1.2334057      1.2067310      1.3583499      1.2133260      1.3187019      1.3349201      1.1756532      1.3498233      1.2137471      1.3985349      1.3398536      1.2384110      1.2797220      1.3601765      1.3471128      1.2641101      1.3313303      1.2486642      1.3093508      1.3051393      1.3303704      1.2530593      1.3359614      1.3412794      1.3134084      1.3265528      1.2997964      1.3847477      1.4014680      1.4103059      1.3227138      1.4120826      1.4243237      1.4303768      1.3521801      1.2136776      1.2799960 
   286.0000000        1.3247450      1.2030442      1.2025741      1.2331848      1.2065000      1.3580620      1.2129585      1.3184375      1.3347024      1.1753549      1.3495189      1.2133075      1.3982406      1.3395828      1.2381555      1.2794597      1.3598080      1.3469020      1.2637270      1.3310914      1.2483654      1.3091215      1.3048586      1.3301162      1.2528182      1.3357213      1.3410334      1.3130840      1.3262579      1.2994931      1.3844811      1.4011415      1.4099850      1.3224134      1.4118039      1.4240110      1.4300534      1.3516151      1.2134129      1.2797203 
   286.5000000        1.3244518      1.2028003      1.2023130      1.2329639      1.2062690      1.3577741      1.2125911      1.3181731      1.3344847      1.1750565      1.3492185      1.2128680      1.3979463      1.3393120      1.2378999      1.2791974      1.3594578      1.3466912      1.2633439      1.3308525      1.2480666      1.3089171      1.3045780      1.3298621      1.2525772      1.3354813      1.3407873      1.3127595      1.3259629      1.2991897      1.3842146      1.4008150      1.4096641      1.3221129      1.4115251      1.4236984      1.4297301      1.3510500      1.2131481      1.2794446 
   287.0000000        1.3241585      1.2025565      1.2020520      1.2327430      1.2060380      1.3574862      1.2122236      1.3179086      1.3342670      1.1747581      1.3489882      1.2124284      1.3976520      1.3390412      1.2376444      1.2789352      1.3591075      1.3464804      1.2629608      1.3306136      1.2477679      1.3087128      1.3042973      1.3296079      1.2523361      1.3352412      1.3405413      1.3124351      1.3256680      1.2988864      1.3839480      1.4004885      1.4093432      1.3218124      1.4112464      1.4233857      1.4294067      1.3504850      1.2128834      1.2791688 
   287.5000000        1.3238653      1.2023126      1.2017910      1.2325222      1.2058071      1.3571982      1.2118562      1.3176442      1.3340493      1.1744597      1.3487579      1.2119889      1.3973577      1.3387704      1.2373888      1.2786729      1.3587572      1.3462696      1.2625777      1.3303747      1.2474691      1.3085085      1.3040166      1.3293538      1.2520951      1.3350012      1.3402952      1.3121107      1.3253731      1.2985831      1.3836815      1.4001621      1.4090223      1.3215119      1.4109677      1.4230730      1.4290834      1.3499199      1.2126186      1.2788931 
   288.0000000        1.3235895      1.2020688      1.2015300      1.2323013      1.2055761      1.3569103      1.2114887      1.3173798      1.3338316      1.1741613      1.3485276      1.2115493      1.3970634      1.3384996      1.2371333      1.2784106      1.3584069      1.3460589      1.2621946      1.3301358      1.2471703      1.3083041      1.3037360      1.3290996      1.2518540      1.3347611      1.3400492      1.3117863      1.3250782      1.2982798      1.3834149      1.3998356      1.4087014      1.3212115      1.4106890      1.4227604      1.4287601      1.3493549      1.2123539      1.2786174 
   288.5000000        1.3233149      1.2018234      1.2012689      1.2320804      1.2053451      1.3566224      1.2111213      1.3171153      1.3336139      1.1738629      1.3482972      1.2111097      1.3967691      1.3382288      1.2368777      1.2781483      1.3580566      1.3458481      1.2618115      1.3298969      1.2468716      1.3080998      1.3034553      1.3288455      1.2516130      1.3345211      1.3398031      1.3114618      1.3247832      1.2979764      1.3831484      1.3995091      1.4083805      1.3209110      1.4104103      1.4224477      1.4284367      1.3487966      1.2120891      1.2783417 
   289.0000000        1.3230404      1.2015702      1.2010079      1.2318595      1.2051141      1.3563344      1.2107538      1.3168509      1.3333962      1.1735645      1.3480669      1.2106702      1.3964748      1.3379579      1.2366222      1.2778860      1.3577063      1.3456373      1.2614284      1.3296580      1.2465728      1.3078954      1.3031746      1.3285913      1.2513719      1.3342810      1.3395571      1.3111374      1.3244883      1.2976731      1.3828819      1.3991826      1.4080596      1.3206105      1.4101316      1.4221351      1.4281134      1.3482402      1.2118244      1.2780659 
   289.5000000        1.3227658      1.2013170      1.2007458      1.2316386      1.2048832      1.3560465      1.2103863      1.3165865      1.3331785      1.1732661      1.3478366      1.2102306      1.3961804      1.3376871      1.2363666      1.2776237      1.3573560      1.3454265      1.2610453      1.3294191      1.2462741      1.3076911      1.3028940      1.3283372      1.2511309      1.3340410      1.3393110      1.3108130      1.3241934      1.2973698      1.3826153      1.3988561      1.4077388      1.3203100      1.4098529      1.4218224      1.4277901      1.3476838      1.2115597      1.2777902 
   290.0000000        1.3224913      1.2010638      1.2004722      1.2314177      1.2046522      1.3557586      1.2100189      1.3163220      1.3329607      1.1729678      1.3476063      1.2097911      1.3958861      1.3374163      1.2361110      1.2773614      1.3570057      1.3452157      1.2606622      1.3291864      1.2459753      1.3074868      1.3026133      1.3280830      1.2508898      1.3338010      1.3390649      1.3104885      1.3238985      1.2970665      1.3823488      1.3985296      1.4074179      1.3200096      1.4095742      1.4215097      1.4274667      1.3471275      1.2112949      1.2775145 
   290.5000000        1.3222167      1.2008106      1.2001986      1.2311968      1.2044212      1.3554707      1.2096671      1.3160576      1.3327430      1.1726694      1.3473760      1.2093515      1.3955918      1.3371455      1.2358555      1.2770991      1.3566555      1.3450049      1.2602791      1.3289771      1.2456765      1.3072824      1.3023326      1.3278289      1.2506488      1.3335609      1.3388189      1.3101641      1.3236035      1.2967631      1.3820822      1.3982032      1.4070970      1.3197091      1.4092955      1.4211971      1.4271434      1.3465711      1.2110302      1.2772388 
   291.0000000        1.3219421      1.2005575      1.1999250      1.2309759      1.2041902      1.3551827      1.2093162      1.3157932      1.3325253      1.1723710      1.3471457      1.2089120      1.3952975      1.3368747      1.2355999      1.2768368      1.3563052      1.3447941      1.2598960      1.3287678      1.2453778      1.3070781      1.3020520      1.3275747      1.2504077      1.3333209      1.3385728      1.3098397      1.3233086      1.2964598      1.3818157      1.3978767      1.4067761      1.3194086      1.4090168      1.4208844      1.4268201      1.3460147      1.2107654      1.2769630 
   291.5000000        1.3216676      1.2003043      1.1996514      1.2307551      1.2039592      1.3548948      1.2089653      1.3155287      1.3323076      1.1720726      1.3469154      1.2084724      1.3950032      1.3366039      1.2353444      1.2765745      1.3559549      1.3445834      1.2595128      1.3285585      1.2450790      1.3068737      1.3017713      1.3273206      1.2501667      1.3330808      1.3383223      1.3095153      1.3230137      1.2961565      1.3815491      1.3975502      1.4064552      1.3191081      1.4087381      1.4205717      1.4264967      1.3454583      1.2105007      1.2766873 
   292.0000000        1.3213930      1.2000511      1.1993777      1.2305342      1.2037283      1.3546069      1.2086144      1.3152643      1.3321131      1.1717742      1.3466850      1.2080329      1.3947089      1.3363330      1.2350888      1.2763123      1.3556046      1.3443726      1.2591297      1.3283492      1.2447802      1.3066694      1.3014906      1.3270664      1.2499256      1.3328408      1.3380680      1.3091908      1.3227188      1.2958532      1.3812816      1.3972237      1.4061343      1.3188076      1.4084593      1.4202591      1.4261734      1.3449020      1.2102359      1.2764116 
   292.5000000        1.3211184      1.1997979      1.1991041      1.2303133      1.2034973      1.3543189      1.2082635      1.3149999      1.3319185      1.1714758      1.3464547      1.2075933      1.3944146      1.3360622      1.2348333      1.2760500      1.3552543      1.3441618      1.2587466      1.3281398      1.2444815      1.3064651      1.3012100      1.3268123      1.2496846      1.3326007      1.3378138      1.3088664      1.3224239      1.2955498      1.3810140      1.3968972      1.4058134      1.3185072      1.4081806      1.4199464      1.4258500      1.3443456      1.2099712      1.2761359 
   293.0000000        1.3208439      1.1995447      1.1988305      1.2300924      1.2032663      1.3540310      1.2079126      1.3147354      1.3317239      1.1711774      1.3462244      1.2071538      1.3941203      1.3357914      1.2345777      1.2757877      1.3549040      1.3439510      1.2583635      1.3279305      1.2441827      1.3062607      1.3009293      1.3265581      1.2494435      1.3323607      1.3375595      1.3085420      1.3221289      1.2952465      1.3807464      1.3965708      1.4054925      1.3182067      1.4079019      1.4196338      1.4255267      1.3437892      1.2097064      1.2758601 
   293.5000000        1.3205693      1.1992915      1.1985569      1.2298715      1.2030349      1.3537431      1.2075617      1.3144710      1.3315294      1.1708790      1.3459941      1.2067142      1.3938260      1.3355206      1.2343222      1.2755254      1.3545537      1.3437402      1.2579804      1.3277212      1.2438839      1.3060564      1.3006486      1.3263040      1.2492025      1.3321206      1.3373053      1.3082176      1.3218340      1.2949432      1.3804788      1.3962443      1.4051716      1.3179062      1.4076232      1.4193211      1.4252034      1.3432328      1.2094417      1.2755844 
   294.0000000        1.3202948      1.1990383      1.1982833      1.2296506      1.2028014      1.3534551      1.2072108      1.3142066      1.3313348      1.1705807      1.3457638      1.2062747      1.3935317      1.3352498      1.2340666      1.2752631      1.3542034      1.3435294      1.2575973      1.3275119      1.2435852      1.3058521      1.3003680      1.3260498      1.2489614      1.3318806      1.3370510      1.3078931      1.3215391      1.2946399      1.3802112      1.3959178      1.4048507      1.3176057      1.4073445      1.4190084      1.4248800      1.3426765      1.2091769      1.2753087 
   294.5000000        1.3200202      1.1987851      1.1980097      1.2294297      1.2025680      1.3531672      1.2068599      1.3139421      1.3311402      1.1702823      1.3455335      1.2058351      1.3932374      1.3349790      1.2338111      1.2750008      1.3538532      1.3433186      1.2572142      1.3273025      1.2432864      1.3056477      1.3000873      1.3257957      1.2487204      1.3316405      1.3367968      1.3075687      1.3212442      1.2943366      1.3799436      1.3955913      1.4045298      1.3173053      1.4070658      1.4186958      1.4245567      1.3421201      1.2089122      1.2750330 
   295.0000000        1.3197456      1.1985319      1.1977361      1.2292089      1.2023345      1.3528793      1.2065090      1.3136757      1.3309457      1.1699839      1.3453031      1.2053955      1.3929431      1.3347082      1.2335555      1.2747385      1.3535029      1.3431079      1.2568311      1.3270932      1.2429876      1.3054434      1.2998067      1.3255415      1.2484793      1.3314005      1.3365425      1.3072443      1.3209492      1.2940332      1.3796760      1.3952648      1.4042089      1.3170048      1.4067871      1.4183831      1.4242334      1.3415637      1.2086475      1.2747572 
   295.5000000        1.3194711      1.1982787      1.1974625      1.2289880      1.2021011      1.3525914      1.2061581      1.3134081      1.3307511      1.1696855      1.3450728      1.2049560      1.3926488      1.3344373      1.2333000      1.2744762      1.3531526      1.3428971      1.2564480      1.3268839      1.2426889      1.3052390      1.2995260      1.3252874      1.2482383      1.3311604      1.3362883      1.3069198      1.3206543      1.2937299      1.3794084      1.3949383      1.4038880      1.3167043      1.4065084      1.4180705      1.4239100      1.3410074      1.2083827      1.2744815 
   296.0000000        1.3191965      1.1980255      1.1971889      1.2287671      1.2018676      1.3523034      1.2058072      1.3131406      1.3305565      1.1693871      1.3448425      1.2045164      1.3923545      1.3341665      1.2330444      1.2742139      1.3528023      1.3426863      1.2560649      1.3266746      1.2423901      1.3050347      1.2992453      1.3250332      1.2479972      1.3309204      1.3360340      1.3065954      1.3203594      1.2934266      1.3791408      1.3946119      1.4035671      1.3164038      1.4062297      1.4177578      1.4235867      1.3404510      1.2081180      1.2742058 
   296.5000000        1.3189219      1.1977723      1.1969153      1.2285462      1.2016342      1.3520155      1.2054563      1.3128730      1.3303620      1.1690887      1.3446122      1.2040769      1.3920601      1.3338957      1.2327889      1.2739516      1.3524520      1.3424755      1.2556818      1.3264653      1.2420914      1.3048304      1.2989647      1.3247791      1.2477562      1.3306803      1.3357798      1.3062710      1.3200645      1.2931233      1.3788732      1.3942854      1.4032463      1.3161033      1.4059510      1.4174191      1.4232634      1.3398946      1.2078532      1.2739301 
   297.0000000        1.3186474      1.1975192      1.1966417      1.2283253      1.2014007      1.3517276      1.2051054      1.3126054      1.3301674      1.1687903      1.3443819      1.2036373      1.3917658      1.3336249      1.2325333      1.2736789      1.3521017      1.3422647      1.2552987      1.3262559      1.2417926      1.3046260      1.2986840      1.3245249      1.2475151      1.3304403      1.3355255      1.3059466      1.3197695      1.2928199      1.3786056      1.3939589      1.4029254      1.3158029      1.4056723      1.4170735      1.4229400      1.3393382      1.2075885      1.2736543 
   297.5000000        1.3183728      1.1972660      1.1963680      1.2281044      1.2011673      1.3514396      1.2047545      1.3123378      1.3299728      1.1684919      1.3441516      1.2031978      1.3914715      1.3333541      1.2322778      1.2733991      1.3517514      1.3420539      1.2549155      1.3260466      1.2414938      1.3044217      1.2984033      1.3242708      1.2472741      1.3302002      1.3352713      1.3056221      1.3194746      1.2925166      1.3783380      1.3936324      1.4026045      1.3155024      1.4053935      1.4167279      1.4226167      1.3387819      1.2073237      1.2733786 
   298.0000000        1.3180983      1.1970128      1.1960944      1.2278835      1.2009338      1.3511517      1.2044036      1.3120703      1.3297783      1.1681936      1.3439213      1.2027582      1.3911772      1.3330833      1.2320222      1.2731193      1.3514011      1.3418431      1.2545324      1.3258373      1.2411951      1.3042174      1.2981227      1.3240166      1.2470330      1.3299602      1.3350170      1.3052977      1.3191797      1.2922133      1.3780704      1.3933059      1.4022836      1.3152019      1.4051148      1.4163823      1.4222933      1.3382255      1.2070590      1.2731029 
   298.5000000        1.3178237      1.1967596      1.1958208      1.2276627      1.2007004      1.3508638      1.2040527      1.3118027      1.3295837      1.1678952      1.3436909      1.2023187      1.3908829      1.3328124      1.2317667      1.2728394      1.3510509      1.3416324      1.2541493      1.3256280      1.2408963      1.3040130      1.2978420      1.3237625      1.2467814      1.3297201      1.3347628      1.3049733      1.3188848      1.2919100      1.3778028      1.3929794      1.4019627      1.3149014      1.4048361      1.4160368      1.4219700      1.3376691      1.2067942      1.2728272 
   299.0000000        1.3175491      1.1965064      1.1955472      1.2274418      1.2004669      1.3505759      1.2037018      1.3115351      1.3293891      1.1675968      1.3434606      1.2018791      1.3905886      1.3325416      1.2315111      1.2725596      1.3507006      1.3414216      1.2537662      1.3254186      1.2405975      1.3038087      1.2975613      1.3235083      1.2465209      1.3294801      1.3345085      1.3046489      1.3185898      1.2916066      1.3775352      1.3926530      1.4016418      1.3146010      1.4045574      1.4156912      1.4216467      1.3371127      1.2065295      1.2725514 
   299.5000000        1.3172746      1.1962532      1.1952736      1.2272209      1.2002335      1.3502879      1.2033509      1.3112676      1.3291946      1.1672984      1.3432303      1.2014396      1.3902943      1.3322708      1.2312556      1.2722798      1.3503503      1.3412108      1.2533831      1.3252093      1.2402988      1.3036043      1.2972807      1.3232542      1.2462605      1.3292400      1.3342543      1.3043244      1.3182949      1.2913033      1.3772676      1.3923265      1.4013209      1.3143005      1.4042787      1.4153456      1.4213233      1.3365564      1.2062647      1.2722757 
   300.0000000        1.3170000      1.1960000      1.1950000      1.2270000      1.2000000      1.3500000      1.2030000      1.3110000      1.3290000      1.1670000      1.3430000      1.2010000      1.3900000      1.3320000      1.2310000      1.2720000      1.3500000      1.3410000      1.2530000      1.3250000      1.2400000      1.3034000      1.2970000      1.3230000      1.2460000      1.3290000      1.3340000      1.3040000      1.3180000      1.2910000      1.3770000      1.3920000      1.4010000      1.3140000      1.4040000      1.4150000      1.4210000      1.3360000      1.2060000      1.2720000 
