# This data was generated by https://sharc.materialsmodeling.org/
# The data has been obtained by linear interpolation between raw data points.
# If you use it in your research, please cite:
# M. Rahm, M. Ångqvist, J. M. Rahm, P. Erhart, and R. Cammi, Non-bonded Radii of the Atoms Under Compression. ChemPhysChem, 2020, 21, 2441-2453. DOI: 10.1002/cphc.202000624
# M. Rahm, R. Cammi, N. W. Ashcroft, and R. Hoffmann, Squeezing all Elements in the Periodic Table: Electron Configuration and Electronegativity of the Atoms under Compression. Journal of the American Chemical Society, 2019, 141, 10253-10271. DOI: 10.1021/jacs.9b02634
# M. Rahm, T. Zeng, R. Hoffmann, Electronegativity Seen as the Ground-State Average Valence Electron Binding Energy. Journal of the American Chemical Society, 2019, 141, 342-351. DOI: 10.1021/jacs.8b10246
# Column 1: Pressure (GPa)
# Column 2: Al relative electronegativity (eV e⁻¹)
# Column 3: Co relative electronegativity (eV e⁻¹)
# Column 4: Cr relative electronegativity (eV e⁻¹)
# Column 5: Cu relative electronegativity (eV e⁻¹)
# Column 6: Fe relative electronegativity (eV e⁻¹)
# Column 7: Hf relative electronegativity (eV e⁻¹)
# Column 8: Mn relative electronegativity (eV e⁻¹)
# Column 9: Mo relative electronegativity (eV e⁻¹)
# Column 10: Nb relative electronegativity (eV e⁻¹)
# Column 11: Ni relative electronegativity (eV e⁻¹)
# Column 12: Ta relative electronegativity (eV e⁻¹)
# Column 13: Ti relative electronegativity (eV e⁻¹)
# Column 14: W relative electronegativity (eV e⁻¹)
# Column 15: Zr relative electronegativity (eV e⁻¹)
# Column 16: V relative electronegativity (eV e⁻¹)
# Column 17: Mg relative electronegativity (eV e⁻¹)
# Column 18: Re relative electronegativity (eV e⁻¹)
# Column 19: Os relative electronegativity (eV e⁻¹)
# Column 20: Rh relative electronegativity (eV e⁻¹)
# Column 21: Ir relative electronegativity (eV e⁻¹)
# Column 22: Pd relative electronegativity (eV e⁻¹)
# Column 23: Pt relative electronegativity (eV e⁻¹)
# Column 24: Ag relative electronegativity (eV e⁻¹)
# Column 25: Au relative electronegativity (eV e⁻¹)
# Column 26: Zn relative electronegativity (eV e⁻¹)
# Column 27: Cd relative electronegativity (eV e⁻¹)
# Column 28: Hg relative electronegativity (eV e⁻¹)
# Column 29: Si relative electronegativity (eV e⁻¹)
# Column 30: Ge relative electronegativity (eV e⁻¹)
# Column 31: Ga relative electronegativity (eV e⁻¹)
# Column 32: In relative electronegativity (eV e⁻¹)
# Column 33: Sn relative electronegativity (eV e⁻¹)
# Column 34: Sb relative electronegativity (eV e⁻¹)
# Column 35: As relative electronegativity (eV e⁻¹)
# Column 36: Te relative electronegativity (eV e⁻¹)
# Column 37: Pb relative electronegativity (eV e⁻¹)
# Column 38: Bi relative electronegativity (eV e⁻¹)
# Column 39: Y relative electronegativity (eV e⁻¹)
# Column 40: Sc relative electronegativity (eV e⁻¹)
# Column 41: Ru relative electronegativity (eV e⁻¹)
     0.0000000       -0.0000000     -0.0000000     -0.0000000     -0.0000000     -0.0000000     -0.0000000     -0.0000000     -0.0000000     -0.0000000     -0.0000000     -0.0000000     -0.0000000     -0.0000000     -0.0000000     -0.0000000     -0.0000000     -0.0000000     -0.0000000     -0.0000000     -0.0000000     -0.0000000     -0.0000000     -0.0000000     -0.0000000     -0.0000000     -0.0000000     -0.0000000     -0.0000000     -0.0000000     -0.0000000     -0.0000000     -0.0000000     -0.0000000     -0.0000000     -0.0000000     -0.0000000     -0.0000000     -0.0000000     -0.0000000     -0.0000000 
     1.0000000       -0.2657482     -0.1944402     -0.2194747     -0.1839435     -0.2110241     -0.2340427     -0.2287657     -0.2036124     -0.2410918     -5.1241188     -0.2249788     -0.2703358     -2.5035548     -2.5779873     -4.2710063     -0.2905216     -0.1873328     -0.1935447     -0.1841486     -0.1582211     -0.1803884     -0.1431130     -0.1711113     -0.1372631     -0.1533350     -0.1834097     -0.1365365     -0.2103636     -0.2091420     -0.2465583     -0.2409742     -0.2135098     -0.1874932     -0.1793675     -0.1620015     -0.2195470     -0.1930905     -0.3384401     -0.3130621     -0.1923073 
     1.1000000       -0.2813232     -0.2063574     -0.2321471     -0.1942882     -0.2235142     -0.2502242     -0.2419791     -0.2166057     -0.2559934     -5.1368202     -0.2393666     -0.2940000     -2.5189286     -2.5985415     -4.2886055     -0.3068452     -0.1993882     -0.2061240     -0.1951789     -0.1690956     -0.1921184     -0.1539329     -0.1810495     -0.1463763     -0.1646920     -0.1953836     -0.1457551     -0.2238182     -0.2224516     -0.2601385     -0.2546174     -0.2270046     -0.2001307     -0.1917638     -0.1734346     -0.2327710     -0.2059508     -0.3589930     -0.3322698     -0.2039402 
     1.1000000       -0.2813232     -0.2063574     -0.2321471     -0.1942882     -0.2235142     -0.2502242     -0.2419791     -0.2166057     -0.2559934     -5.1368202     -0.2393666     -3.9970000     -2.5189286     -2.5985415     -4.2886055     -0.3068452     -0.1993882     -0.2061240     -0.1951789     -0.1690956     -0.1921184     -0.1539329     -0.1810495     -0.1463763     -0.1646920     -0.1953836     -0.1457551     -0.2238182     -0.2224516     -0.2601385     -0.2546174     -0.2270046     -0.2001307     -0.1917638     -0.1734346     -0.2327710     -0.2059508     -0.3589930     -0.3322698     -0.2039402 
     1.5000000       -0.3436232     -0.2540264     -0.2828368     -0.2356673     -0.2734745     -0.3149502     -0.2948327     -0.2685789     -0.3155997     -5.1876262     -0.2969178     -4.0742634     -2.5804240     -2.6807581     -4.3590023     -0.3721396     -0.2476099     -0.2564413     -0.2393005     -0.2125937     -0.2390385     -0.1972125     -0.2208021     -0.1828290     -0.2101203     -0.2432795     -0.1826297     -0.2776364     -0.2756904     -0.3144593     -0.3091904     -0.2809834     -0.2506806     -0.2413489     -0.2191672     -0.2856674     -0.2573921     -0.4412046     -0.4091009     -0.2504718 
     2.0000000       -0.4214981     -0.3136127     -0.3461990     -0.2873910     -0.3359248     -0.3958578     -0.3608996     -0.3335454     -0.3901075     -5.2511335     -0.3688568     -4.1708426     -2.6572932     -2.7835288     -4.4469984     -0.4537575     -0.3078870     -0.3193378     -0.2944524     -0.2669664     -0.2976885     -0.2513120     -0.2704928     -0.2283949     -0.2669056     -0.3031493     -0.2287229     -0.3449091     -0.3422388     -0.3823604     -0.3774066     -0.3484569     -0.3138681     -0.3033302     -0.2763328     -0.3517878     -0.3216937     -0.5439692     -0.5051397     -0.3086363 
     2.5000000       -0.4993730     -0.3731990     -0.4095611     -0.3391148     -0.3983752     -0.4767653     -0.4269665     -0.3985118     -0.4646154     -5.3077489     -0.4407959     -4.2584879     -2.7093530     -2.8676489     -4.5165357     -0.5353754     -0.3681641     -0.3634274     -0.3496043     -0.3213390     -0.3563386     -0.3054115     -0.3201835     -0.2739608     -0.3236910     -0.3581555     -0.2745112     -0.4121818     -0.4087872     -0.4502614     -0.4456228     -0.4159304     -0.3770555     -0.3619618     -0.3334985     -0.4179082     -0.3859953     -0.6467338     -0.6011786     -0.3668009 
     3.0000000       -0.5772480     -0.4327860     -0.4729233     -0.3908386     -0.4608256     -0.5440174     -0.4930335     -0.4626353     -0.5390804     -5.3500512     -0.4997634     -4.3247089     -2.7590413     -2.9363742     -4.5760324     -0.6169934     -0.4123662     -0.4049081     -0.4047322     -0.3579769     -0.4003454     -0.3404142     -0.3698743     -0.3088658     -0.3804763     -0.3956595     -0.3033847     -0.4748941     -0.4716443     -0.5181624     -0.5138389     -0.4776553     -0.4170622     -0.4016458     -0.3707358     -0.4840286     -0.4340238     -0.7494983     -0.6972174     -0.4190694 
     3.2000000       -0.6083979     -0.4566431     -0.4982681     -0.4115281     -0.4787611     -0.5649531     -0.5194570     -0.4797824     -0.5585204     -5.3669721     -0.5183780     -4.3511973     -2.7789166     -2.9638643     -4.5998311     -0.6467084     -0.4277557     -0.4215004     -0.4267546     -0.3716417     -0.4154242     -0.3535352     -0.3855024     -0.3205114     -0.3949876     -0.4106611     -0.3149342     -0.4926824     -0.4887567     -0.5453228     -0.5391565     -0.4945723     -0.4329242     -0.4175194     -0.3852659     -0.5056130     -0.4507038     -0.7740136     -0.7295239     -0.4342497 
     3.2000000       -0.6083979     -0.4566431     -0.4982681     -0.4115281     -0.4787611     -0.5649531     -0.5194570     -0.4797824     -0.5585204     -5.3669721     -0.5183780     -4.3511973     -2.7789166     -2.9638643     -4.5998311     -0.6467084     -0.4277557     -0.4215004     -0.4267546     -0.3716417     -0.4154242     -0.3535352     -0.3855024     -0.3205114     -0.3949876     -0.4106611     -0.3149342     -0.4926824     -0.4887567     -0.5453228     -0.5391565     -0.4945723     -0.4329242     -0.4175194     -0.3852659     -0.5056130     -0.4507038     -0.7740136     -0.7295239     -0.4342497 
     3.5000000       -0.6429409     -0.4924288     -0.5254043     -0.4329596     -0.5029036     -0.5963566     -0.5590910     -0.5055031     -0.5876805     -5.3923535     -0.5462999     -4.3909299     -2.8087296     -3.0050995     -4.6355292     -0.6790607     -0.4508401     -0.4463888     -0.4597880     -0.3921389     -0.4380426     -0.3732168     -0.4045383     -0.3379797     -0.4152166     -0.4331635     -0.3322583     -0.5193647     -0.5144253     -0.5794076     -0.5643636     -0.5199479     -0.4567172     -0.4413298     -0.4070611     -0.5309674     -0.4757238     -0.8033048     -0.7722516     -0.4570201 
     4.0000000       -0.6945536     -0.5520716     -0.5680533     -0.4672936     -0.5431411     -0.6486957     -0.6251479     -0.5483709     -0.6362806     -5.4346558     -0.5928364     -4.4571509     -2.8584179     -3.0738248     -4.6950259     -0.7329812     -0.4893141     -0.4878694     -0.5148438     -0.4263009     -0.4757398     -0.4060195     -0.4362646     -0.3670937     -0.4489317     -0.4706674     -0.3611318     -0.5638353     -0.5572063     -0.6222890     -0.6063754     -0.5622406     -0.4963722     -0.4810138     -0.4433865     -0.5732249     -0.5174239     -0.8521234     -0.8434644     -0.4949708 
     4.5000000       -0.7461663     -0.6117144     -0.6107022     -0.5016276     -0.5833786     -0.7010348     -0.6912047     -0.5912387     -0.6848807     -5.4769581     -0.6393730     -4.5233719     -2.9081062     -3.1425501     -4.7545227     -0.7869017     -0.5277880     -0.5293501     -0.5698996     -0.4604628     -0.5134370     -0.4388222     -0.4679909     -0.3962076     -0.4826467     -0.5081714     -0.3900054     -0.6083059     -0.5999873     -0.6651704     -0.6483871     -0.6045332     -0.5360271     -0.5206977     -0.4797118     -0.6154823     -0.5591239     -0.9009419     -0.9146773     -0.5329214 
     4.7000000       -0.7668113     -0.6355715     -0.6277618     -0.5153612     -0.5994736     -0.7219704     -0.7176274     -0.6083859     -0.7043207     -5.4938790     -0.6579876     -4.5498603     -2.9279816     -3.1700402     -4.7783214     -0.8084699     -0.5431776     -0.5459424     -0.5919219     -0.4741276     -0.5285158     -0.4519432     -0.4806815     -0.4078532     -0.4961327     -0.5231730     -0.4015548     -0.6260941     -0.6170997     -0.6823230     -0.6651918     -0.6214503     -0.5518891     -0.5365713     -0.4942419     -0.6323853     -0.5758039     -0.9204694     -0.9431624     -0.5481017 
     4.7000000       -0.7668113     -0.6355715     -0.6277618     -0.5153612     -0.5994736     -0.7219704     -0.7176274     -0.6083859     -0.7043207     -5.4938790     -0.6579876     -4.5498603     -2.9279816     -3.1700402     -4.7783214     -0.8084699     -0.5431776     -0.5459424     -0.5919219     -0.4741276     -0.5285158     -0.4519432     -0.4806815     -0.4078532     -0.4961327     -0.5231730     -0.4015548     -0.6260941     -0.6170997     -0.6823230     -0.6651918     -0.6214503     -0.5518891     -0.5365713     -0.4942419     -0.6323853     -0.5758039     -0.9204694     -0.9431624     -0.5481017 
     5.0000000       -0.7977789     -0.6713572     -0.6533511     -0.5359616     -0.6236162     -0.7533739     -0.7572615     -0.6341066     -0.7334808     -5.5192604     -0.6859095     -4.5895929     -2.9577945     -3.2112754     -4.8140194     -0.8408222     -0.5662620     -0.5708308     -0.6249554     -0.4946248     -0.5511341     -0.4716248     -0.4997173     -0.4253215     -0.5163617     -0.5456754     -0.4188790     -0.6527765     -0.6427683     -0.7080518     -0.6903989     -0.6468259     -0.5756821     -0.5603817     -0.5160371     -0.6577398     -0.6008239     -0.9497605     -0.9858901     -0.5708721 
     5.4000000       -0.8390691     -0.7190714     -0.6874703     -0.5634288     -0.6558062     -0.7952452     -0.8101069     -0.6684008     -0.7723609     -5.5531022     -0.7231387     -4.6425697     -2.9975452     -3.2662557     -4.8616168     -0.8839587     -0.5970411     -0.6040153     -0.6690000     -0.5219544     -0.5812919     -0.4978670     -0.5250984     -0.4486127     -0.5433337     -0.5756786     -0.4419778     -0.6883529     -0.6769931     -0.7423570     -0.7240083     -0.6806600     -0.6074061     -0.5921289     -0.5450974     -0.6915457     -0.6341839     -0.9888154     -1.0428604     -0.6012327 
     5.4000000       -0.8390691     -0.7190714     -0.6874703     -0.5634288     -0.6558062     -0.7952452     -0.8101069     -0.6684008     -0.7723609     -5.5531022     -0.7231387     -4.6425697     -2.9975452     -3.2662557     -4.8616168     -0.8839587     -0.5970411     -0.6040153     -3.0580000     -0.5219544     -0.5812919     -0.4978670     -0.5250984     -0.4486127     -0.5433337     -0.5756786     -0.4419778     -0.6883529     -0.6769931     -0.7423570     -0.7240083     -0.6806600     -0.6074061     -0.5921289     -0.5450974     -0.6915457     -0.6341839     -0.9888154     -1.0428604     -0.6012327 
     5.5000000       -0.8493916     -0.7310000     -0.6960001     -0.5702956     -0.6638537     -0.8057130     -0.8233183     -0.6769744     -0.7820809     -5.5615626     -0.7324460     -4.6558139     -3.0074828     -3.2800007     -4.8735162     -0.8947428     -0.6047359     -0.6123115     -3.0681853     -0.5287868     -0.5888313     -0.5044275     -0.5314436     -0.4544354     -0.5500767     -0.5831794     -0.4477525     -0.6972471     -0.6855493     -0.7509333     -0.7324107     -0.6891185     -0.6153371     -0.6000657     -0.5523625     -0.6999972     -0.6425239     -0.9985791     -1.0571030     -0.6088228 
     5.5000000       -0.8493916     -5.4350000     -0.6960001     -0.5702956     -0.6638537     -0.8057130     -0.8233183     -0.6769744     -0.7820809     -5.5615626     -0.7324460     -4.6558139     -3.0074828     -3.2800007     -4.8735162     -0.8947428     -0.6047359     -0.6123115     -3.0681853     -0.5287868     -0.5888313     -0.5044275     -0.5314436     -0.4544354     -0.5500767     -0.5831794     -0.4477525     -0.6972471     -0.6855493     -0.7509333     -0.7324107     -0.6891185     -0.6153371     -0.6000657     -0.5523625     -0.6999972     -0.6425239     -0.9985791     -1.0571030     -0.6088228 
     6.0000000       -0.9010043     -5.4691415     -0.7386490     -0.6046296     -0.7040912     -0.8580521     -0.8893751     -0.7198422     -0.8306810     -5.6038649     -0.7789826     -4.7220349     -3.0571711     -3.3487260     -4.9330130     -0.9486633     -0.6432099     -0.6537922     -3.1191118     -0.5629488     -0.6265285     -0.5372302     -0.5631700     -0.4835494     -0.5837918     -0.6206834     -0.4766261     -0.7417176     -0.7283303     -0.7938147     -0.7744224     -0.7314112     -0.6549921     -0.6397497     -0.5886878     -0.7422546     -0.6842239     -1.0473977     -1.1283158     -0.6467735 
     6.5000000       -0.9526169     -5.5032830     -0.7812979     -0.6389636     -0.7443287     -0.9103912     -0.9554319     -0.7627100     -0.8792811     -5.6461672     -0.8255191     -4.7882560     -3.1068594     -3.4174513     -4.9925097     -1.0025838     -0.6816838     -0.6952728     -3.1700382     -0.5971108     -0.6642257     -0.5700329     -0.5948963     -0.5126633     -0.6175068     -0.6581874     -0.5054996     -0.7861882     -0.7711113     -0.8366961     -0.8164342     -0.7737038     -0.6946470     -0.6794336     -0.6250131     -0.7845121     -0.7259239     -1.0962162     -1.1995287     -0.6847241 
     6.5000000       -0.9526169     -5.5032830     -0.7812979     -0.6389636     -0.7443287     -0.9103912     -0.9554319     -0.7627100     -0.8792811     -5.6461672     -0.8255191     -4.7882560     -3.1068594     -3.4174513     -4.9925097     -1.0025838     -0.6816838     -0.6952728     -3.1700382     -0.5971108     -0.6642257     -0.5700329     -0.5948963     -0.5126633     -0.6175068     -0.6581874     -0.5054996     -0.7861882     -0.7711113     -0.8366961     -0.8164342     -0.7737038     -0.6946470     -0.6794336     -0.6250131     -0.7845121     -0.7259239     -1.0962162     -1.1995287     -0.6847241 
     7.0000000       -1.0042296     -5.5374245     -0.8239468     -0.6732976     -0.7845663     -0.9627304     -1.0214887     -0.8055778     -0.9278812     -5.6884695     -0.8720556     -4.8544770     -3.1565477     -3.4861766     -5.0520065     -1.0565043     -0.7201578     -0.7367535     -3.2209647     -0.6312727     -0.7019229     -0.6028355     -0.6266227     -0.5417772     -0.6512218     -0.6956913     -0.5343732     -0.8306588     -0.8138923     -0.8795775     -0.8584459     -0.8159965     -0.7343020     -0.7191176     -0.6613384     -0.8267695     -0.7676239     -1.1450348     -1.2707415     -0.7226748 
     7.5000000       -1.0558423     -5.5715660     -0.8665958     -0.7076317     -0.8248038     -1.0150695     -1.0875455     -0.8484456     -0.9764813     -5.7307718     -0.9185922     -4.9206980     -3.2062361     -3.5549019     -5.1115032     -1.1104249     -0.7586318     -0.7782342     -3.2718911     -0.6654347     -0.7396201     -0.6356382     -0.6583490     -0.5708911     -0.6849368     -0.7331953     -0.5632467     -0.8751294     -0.8566733     -0.9224589     -0.9004577     -0.8582891     -0.7739570     -0.7588016     -0.6976638     -0.8690269     -0.8093240     -1.1938534     -1.3419544     -0.7606255 
     8.0000000       -1.1074549     -5.6057075     -0.9092447     -0.7419657     -0.8650413     -1.0674086     -1.1536023     -0.8913135     -1.0250814     -5.7730741     -0.9651287     -4.9835076     -3.2559244     -3.6163947     -5.1565236     -1.1643454     -0.7971057     -0.8197149     -3.3228341     -0.6995967     -0.7773173     -0.6684409     -0.6900754     -0.6000051     -0.7186518     -0.7706993     -0.5921203     -0.9196000     -0.8994543     -0.9653404     -0.9424695     -0.9005818     -0.8136119     -0.7984856     -0.7339891     -0.9112844     -0.8510240     -1.2426720     -1.4131672     -0.7985761 
     8.5000000       -1.1590676     -5.6398708     -0.9518936     -0.7762997     -0.9052788     -1.1197477     -1.2196591     -0.9341813     -1.0736815     -5.8150296     -1.0116652     -5.0345865     -3.2994828     -3.6671285     -5.2014221     -1.2182659     -0.8355797     -0.8611956     -3.3737811     -0.7337587     -0.8150145     -0.7012435     -0.7218017     -0.6291190     -0.7523669     -0.8082033     -0.6209938     -0.9640706     -0.9422353     -1.0082218     -0.9844812     -0.9428744     -0.8532669     -0.8381696     -0.7703144     -0.9535418     -0.8927240     -1.2914906     -1.4843801     -0.8365268 
     9.0000000       -1.2106803     -5.6740567     -0.9945425     -0.8106337     -0.9455164     -1.1720868     -1.2857160     -0.9770491     -1.1222816     -5.8466758     -1.0582018     -5.0856654     -3.3357014     -3.7178622     -5.2463206     -1.2721864     -0.8740536     -0.8952132     -3.4247282     -0.7679207     -0.8527117     -0.7340462     -0.7535280     -0.6582329     -0.7860819     -0.8457073     -0.6498674     -1.0085412     -0.9850163     -1.0511032     -1.0264930     -0.9851671     -0.8929219     -0.8778535     -0.8066398     -0.9957993     -0.9344240     -1.3403091     -1.5555929     -0.8744775 
     9.5000000       -1.2622929     -5.7082425     -1.0371915     -0.8449677     -0.9857539     -1.2244259     -1.3517728     -1.0199169     -1.1708817     -5.8783220     -1.1047383     -5.1367443     -3.3719201     -3.7685960     -5.2912191     -1.3261070     -0.9125276     -0.9269209     -3.4756752     -0.8020826     -0.8904089     -0.7668489     -0.7852544     -0.6873468     -0.8197969     -0.8764918     -0.6787409     -1.0530118     -1.0277973     -1.0939846     -1.0685048     -1.0274597     -0.9325769     -0.9175375     -0.8429651     -1.0380567     -0.9761240     -1.3891277     -1.6268058     -0.9124282 
    10.0000000       -1.3139056     -5.7424283     -1.0798404     -0.8793017     -1.0259914     -1.2767651     -1.4178296     -1.0627847     -1.2194818     -5.9099681     -1.1512748     -5.1878232     -3.4081388     -3.8193298     -5.3361175     -1.3800275     -0.9510015     -0.9586286     -3.5266222     -0.8362446     -0.9281061     -0.7996516     -0.8169807     -0.7164608     -0.8535119     -0.9031387     -0.7076145     -1.0974824     -1.0705783     -1.1368661     -1.1105165     -1.0697524     -0.9722318     -0.9572215     -0.8792904     -1.0803141     -1.0178240     -1.4379463     -1.6980186     -0.9503788 
    10.5000000       -1.3655183     -5.7766141     -1.1224893     -0.9136357     -1.0662289     -1.3210776     -1.4838864     -1.1056525     -1.2680819     -5.9416143     -1.1978114     -5.2389021     -3.4443575     -3.8700635     -5.3810160     -1.4339480     -0.9894755     -0.9903362     -3.5775692     -0.8704066     -0.9658033     -0.8324542     -0.8487071     -0.7455747     -0.8872270     -0.9297855     -0.7364881     -1.1419529     -1.1133593     -1.1797475     -1.1525283     -1.1120451     -1.0118868     -0.9906314     -0.9156158     -1.1225716     -1.0588318     -1.4867649     -1.7692513     -0.9883295 
    11.0000000       -1.4171309     -5.8107999     -1.1651382     -0.9479697     -1.1064665     -1.3589823     -1.5499432     -1.1485204     -1.3154424     -5.9732605     -1.2323495     -5.2899811     -3.4805762     -3.9207973     -5.4259145     -1.4821269     -1.0213192     -1.0220439     -3.6285163     -0.8971721     -1.0022468     -0.8612157     -0.8804334     -0.7746886     -0.9209420     -0.9564324     -0.7597194     -1.1864235     -1.1561403     -1.2226289     -1.1945400     -1.1542407     -1.0403478     -1.0194456     -0.9519411     -1.1648290     -1.0890952     -1.5327145     -1.8405011     -1.0246112 
    11.5000000       -1.4687436     -5.8449857     -1.2014241     -0.9823037     -1.1364922     -1.3968870     -1.6160000     -1.1823575     -1.3511748     -6.0049066     -1.2662954     -5.3410600     -3.5167948     -3.9715310     -5.4708130     -1.5218905     -1.0499629     -1.0537516     -3.6794633     -0.9221685     -1.0294429     -0.8853296     -0.9121598     -0.8016961     -0.9528244     -0.9830793     -0.7805920     -1.2286952     -1.1910987     -1.2655103     -1.2264846     -1.1843904     -1.0687767     -1.0482597     -0.9791182     -1.2011290     -1.1193586     -1.5777047     -1.9117509     -1.0524767 
    11.5000000       -1.4687436     -5.8449857     -1.2014241     -0.9823037     -1.1364922     -1.3968870     -5.4280000     -1.1823575     -1.3511748     -6.0049066     -1.2662954     -5.3410600     -3.5167948     -3.9715310     -5.4708130     -1.5218905     -1.0499629     -1.0537516     -3.6794633     -0.9221685     -1.0294429     -0.8853296     -0.9121598     -0.8016961     -0.9528244     -0.9830793     -0.7805920     -1.2286952     -1.1910987     -1.2655103     -1.2264846     -1.1843904     -1.0687767     -1.0482597     -0.9791182     -1.2011290     -1.1193586     -1.5777047     -1.9117509     -1.0524767 
    12.0000000       -1.5089551     -5.8791715     -1.2335492     -1.0110843     -1.1661133     -1.4347917     -5.4677608     -1.2142859     -1.3869073     -6.0365528     -1.3002414     -5.3921389     -3.5530135     -4.0222648     -5.5157115     -1.5616541     -1.0786066     -1.0854593     -3.7304103     -0.9471650     -1.0566391     -0.9094435     -0.9358893     -0.8229503     -0.9772579     -1.0097262     -0.8014646     -1.2621714     -1.2218939     -1.3028754     -1.2558908     -1.2145400     -1.0972057     -1.0770739     -1.0054541     -1.2314476     -1.1496220     -1.6226948     -1.9830008     -1.0803421 
    12.5000000       -1.5473015     -5.9133573     -1.2656744     -1.0373519     -1.1957344     -1.4726964     -5.5075216     -1.2462142     -1.4226397     -6.0681990     -1.3341873     -5.4432178     -3.5892322     -4.0729986     -5.5606100     -1.6014177     -1.1072502     -1.1171670     -3.7813574     -0.9721615     -1.0838352     -0.9335574     -0.9591264     -0.8442045     -1.0016913     -1.0363730     -0.8223372     -1.2956476     -1.2526891     -1.3335583     -1.2852970     -1.2446896     -1.1256346     -1.1058880     -1.0317899     -1.2617662     -1.1798854     -1.6676850     -2.0542506     -1.1082075 
    13.0000000       -1.5856478     -5.9475431     -1.2977996     -1.0636195     -1.2253554     -1.5106010     -5.5472824     -1.2781426     -1.4583722     -6.0998451     -1.3681333     -5.4942967     -3.6254509     -4.1237323     -5.6055085     -1.6411813     -1.1358939     -1.1488746     -3.8323044     -0.9971580     -1.1110313     -0.9576713     -0.9823635     -0.8654588     -1.0261248     -1.0630199     -0.8432099     -1.3291238     -1.2834843     -1.3642413     -1.3147031     -1.2748392     -1.1540635     -1.1347022     -1.0581258     -1.2920848     -1.2101488     -1.7126752     -2.1255004     -1.1360729 
    13.1000000       -1.5933171     -5.9543803     -1.3042246     -1.0688730     -1.2312797     -1.5181820     -5.5552346     -1.2845283     -1.4655187     -6.1061744     -1.3749225     -5.5045125     -3.6326946     -4.1338791     -5.6144882     -1.6491340     -1.1416226     -1.1552162     -3.8424938     -1.0021573     -1.1164705     -0.9624941     -0.9870110     -0.8697096     -1.0310115     -1.0683493     -0.8473844     -1.3358190     -1.2896433     -1.3703779     -1.3205844     -1.2808692     -1.1597493     -1.1404650     -1.0633930     -1.2981485     -1.2162015     -1.7216732     -2.1397503     -1.1416460 
    13.1000000       -1.5933171     -5.9543803     -1.3042246     -1.0688730     -1.2312797     -1.5181820     -5.5552346     -1.2845283     -1.4655187     -6.1061744     -1.3749225     -5.5045125     -3.6326946     -4.1338791     -5.6144882     -1.6491340     -1.1416226     -1.1552162     -3.8424938     -1.0021573     -1.1164705     -0.9624941     -0.9870110     -0.8697096     -1.0310115     -1.0683493     -0.8473844     -1.3358190     -1.2896433     -1.3703779     -1.3205844     -1.2808692     -1.1597493     -1.1404650     -1.0633930     -1.2981485     -1.2162015     -1.7216732     -2.1397503     -1.1416460 
    13.5000000       -1.6239942     -5.9817289     -1.3299247     -1.0898871     -1.2549765     -1.5485057     -5.5870432     -1.3100710     -1.4941046     -6.1314913     -1.4020792     -5.5453756     -3.6616696     -4.1744661     -5.6504070     -1.6809449     -1.1645375     -1.1805823     -3.8832514     -1.0221544     -1.1382274     -0.9817853     -1.0056007     -0.8867130     -1.0505583     -1.0896668     -0.8640825     -1.3626000     -1.3142795     -1.3949243     -1.3441093     -1.3049889     -1.1824925     -1.1635163     -1.0844617     -1.3224034     -1.2404122     -1.7576653     -2.1967502     -1.1639384 
    14.0000000       -1.6623406     -6.0159148     -1.3620499     -1.1161547     -1.2845976     -1.5864104     -5.6268041     -1.3419994     -1.5298371     -6.1631375     -1.4360252     -5.5960951     -3.6978882     -4.2251998     -5.6911021     -1.7207085     -1.1931812     -1.2122900     -3.9341985     -1.0471509     -1.1654235     -1.0058992     -1.0288378     -0.9079672     -1.0749917     -1.1163137     -0.8849551     -1.3960762     -1.3450747     -1.4256072     -1.3735155     -1.3351385     -1.2109214     -1.1923305     -1.1107976     -1.3527220     -1.2706756     -1.8026555     -2.2680000     -1.1918038 
    14.0000000       -1.6623406     -6.0159148     -1.3620499     -1.1161547     -1.2845976     -1.5864104     -5.6268041     -1.3419994     -1.5298371     -6.1631375     -1.4360252     -5.5960951     -3.6978882     -4.2251998     -5.6911021     -1.7207085     -1.1931812     -1.2122900     -3.9341985     -1.0471509     -1.1654235     -1.0058992     -1.0288378     -0.9079672     -1.0749917     -1.1163137     -0.8849551     -1.3960762     -1.3450747     -1.4256072     -1.3735155     -1.3351385     -1.2109214     -1.1923305     -1.1107976     -1.3527220     -1.2706756     -1.8026555     -5.4490000     -1.1918038 
    14.5000000       -1.7006869     -6.0501006     -1.3941750     -1.1424223     -1.3142187     -1.6243151     -5.6628724     -1.3739278     -1.5655696     -6.1947836     -1.4699712     -5.6396949     -3.7341069     -4.2712441     -5.7299720     -1.7604721     -1.2218249     -1.2439977     -3.9851455     -1.0721474     -1.1926196     -1.0300131     -1.0520749     -0.9292214     -1.0994252     -1.1429606     -0.9058277     -1.4295524     -1.3758699     -1.4562902     -1.4029217     -1.3652881     -1.2393504     -1.2211446     -1.1371335     -1.3830406     -1.3009390     -1.8476456     -5.4974549     -1.2196692 
    15.0000000       -1.7390333     -6.0842864     -1.4263002     -1.1686899     -1.3438398     -1.6622198     -5.6966565     -1.4058562     -1.6013020     -6.2264298     -1.5039171     -5.6832947     -3.7703256     -4.3134607     -5.7688420     -1.8002357     -1.2504685     -1.2757054     -4.0299002     -1.0971439     -1.2198157     -1.0541270     -1.0753120     -0.9504756     -1.1238587     -1.1696074     -0.9267004     -1.4630286     -1.4066650     -1.4869731     -1.4323278     -1.3954377     -1.2677793     -1.2499588     -1.1634694     -1.4133592     -1.3312024     -1.8926358     -5.5459099     -1.2475347 
    15.5000000       -1.7773797     -6.1166629     -1.4584253     -1.1949574     -1.3734609     -1.7001245     -5.7304406     -1.4377845     -1.6370345     -6.2580760     -1.5378631     -5.7268945     -3.8065443     -4.3556773     -5.8077119     -1.8399993     -1.2791122     -1.3074130     -4.0700033     -1.1221403     -1.2470119     -1.0782409     -1.0985491     -0.9717298     -1.1482922     -1.1962543     -0.9475730     -1.4965048     -1.4374602     -1.5176561     -1.4617340     -1.4255874     -1.2962082     -1.2787729     -1.1898053     -1.4436778     -1.3614658     -1.9376260     -5.5943648     -1.2754001 
    16.0000000       -1.8157260     -6.1458897     -1.4905505     -1.2212250     -1.4030820     -1.7380292     -5.7642248     -1.4697129     -1.6727669     -6.2888135     -1.5718090     -5.7704943     -3.8427630     -4.3978939     -5.8465819     -1.8797629     -1.3077558     -1.3391207     -4.1101063     -1.1471368     -1.2742080     -1.1023549     -1.1217863     -0.9929840     -1.1727256     -1.2229012     -0.9684456     -1.5299810     -1.4682554     -1.5483391     -1.4911402     -1.4557370     -1.3246372     -1.3075871     -1.2161411     -1.4739963     -1.3917292     -1.9826161     -5.6428197     -1.3032655 
    16.5000000       -1.8540724     -6.1751164     -1.5226757     -1.2474926     -1.4327031     -1.7759338     -5.7980089     -1.5016413     -1.7084994     -6.3161820     -1.6057550     -5.8140940     -3.8771538     -4.4401105     -5.8854519     -1.9195265     -1.3363995     -1.3708284     -4.1502094     -1.1721333     -1.3014041     -1.1264688     -1.1450234     -1.0142382     -1.1971591     -1.2495481     -0.9893182     -1.5634571     -1.4990506     -1.5790220     -1.5205464     -1.4858866     -1.3530661     -1.3364012     -1.2424770     -1.5043149     -1.4219926     -2.0276063     -5.6912747     -1.3311309 
    17.0000000       -1.8924188     -6.2043431     -1.5548008     -1.2737602     -1.4623241     -1.8138385     -5.8317930     -1.5335697     -1.7442318     -6.3435505     -1.6397009     -5.8576938     -3.9078473     -4.4823271     -5.9243218     -1.9592901     -1.3650432     -1.4025361     -4.1903125     -1.1971298     -1.3286002     -1.1505827     -1.1682605     -1.0354924     -1.2215926     -1.2761949     -1.0101909     -1.5969333     -1.5298458     -1.6097050     -1.5499525     -1.5160362     -1.3814951     -1.3652154     -1.2688129     -1.5346335     -1.4522560     -2.0725964     -5.7397296     -1.3589964 
    17.5000000       -1.9307651     -6.2335698     -1.5869260     -1.3000278     -1.4919452     -1.8517432     -5.8655771     -1.5654981     -1.7799643     -6.3709191     -1.6736469     -5.9012936     -3.9385409     -4.5245437     -5.9631918     -1.9990537     -1.3936868     -1.4329299     -4.2304155     -1.2221262     -1.3557963     -1.1746966     -1.1914976     -1.0567466     -1.2460261     -1.3028418     -1.0310635     -1.6304095     -1.5606410     -1.6403879     -1.5793587     -1.5461859     -1.4099240     -1.3940295     -1.2951488     -1.5649521     -1.4825194     -2.1175866     -5.7881845     -1.3868618 
    17.5000000       -1.9307651     -6.2335698     -1.5869260     -1.3000278     -1.4919452     -1.8517432     -5.8655771     -1.5654981     -1.7799643     -6.3709191     -1.6736469     -5.9012936     -3.9385409     -4.5245437     -5.9631918     -1.9990537     -1.3936868     -1.4329299     -4.2304155     -1.2221262     -1.3557963     -1.1746966     -1.1914976     -1.0567466     -1.2460261     -1.3028418     -1.0310635     -1.6304095     -1.5606410     -1.6403879     -1.5793587     -1.5461859     -1.4099240     -1.3940295     -1.2951488     -1.5649521     -1.4825194     -2.1175866     -5.7881845     -1.3868618 
    17.8000000       -1.9537729     -6.2511059     -1.6062011     -1.3157884     -1.5097179     -1.8744860     -5.8858476     -1.5846551     -1.8014038     -6.3873402     -1.6940145     -5.9274535     -3.9569570     -4.5498737     -5.9865138     -2.0229118     -1.4108730     -1.4479513     -4.2544774     -1.2371241     -1.3721140     -1.1891650     -1.2054399     -1.0694992     -1.2606861     -1.3177468     -1.0435871     -1.6504952     -1.5791182     -1.6587977     -1.5970024     -1.5642756     -1.4269814     -1.4113180     -1.3109503     -1.5831433     -1.5006774     -2.1445807     -5.8172575     -1.4035811 
    17.8000000       -1.9537729     -6.2511059     -1.6062011     -1.3157884     -1.5097179     -1.8744860     -5.8858476     -1.5846551     -1.8014038     -6.3873402     -1.6940145     -5.9274535     -3.9569570     -4.5498737     -5.9865138     -2.0229118     -1.4108730     -1.4479513     -4.2544774     -1.2371241     -1.3721140     -1.1891650     -1.2054399     -1.0694992     -1.2606861     -1.3177468     -1.0435871     -1.6504952     -1.5791182     -1.6587977     -1.5970024     -1.5642756     -1.4269814     -1.4113180     -1.3109503     -1.5831433     -1.5006774     -2.1445807     -5.8172575     -1.4035811 
    18.0000000       -1.9691115     -6.2627966     -1.6190511     -1.3262954     -1.5215663     -1.8896479     -5.8993613     -1.5974265     -1.8156968     -6.3982876     -1.7075929     -5.9448934     -3.9692344     -4.5667603     -6.0020617     -2.0388173     -1.4223305     -1.4579656     -4.2705186     -1.2471227     -1.3829924     -1.1988105     -1.2147348     -1.0780008     -1.2704595     -1.3264251     -1.0519361     -1.6638857     -1.5914362     -1.6710709     -1.6087649     -1.5763355     -1.4383529     -1.4228437     -1.3214847     -1.5952707     -1.5127828     -2.1625768     -5.8366395     -1.4147272 
    18.2000000       -1.9844500     -6.2744872     -1.6319012     -1.3368024     -1.5334148     -1.9048098     -5.9128749     -1.6101978     -1.8299897     -6.4092350     -1.7211712     -5.9623333     -3.9815118     -4.5836469     -6.0176097     -2.0547227     -1.4337879     -1.4679799     -4.2865598     -1.2571213     -1.3938709     -1.2084561     -1.2240296     -1.0865025     -1.2802329     -1.3351035     -1.0602852     -1.6772762     -1.6037543     -1.6833441     -1.6205274     -1.5883953     -1.4497245     -1.4343693     -1.3320190     -1.6073982     -1.5248882     -2.1805728     -5.8560214     -1.4258734 
    18.2000000       -1.9844500     -6.2744872     -1.6319012     -1.3368024     -1.5334148     -1.9048098     -5.9128749     -1.6101978     -1.8299897     -6.4092350     -1.7211712     -5.9623333     -3.9815118     -4.5836469     -6.0176097     -2.0547227     -1.4337879     -1.4679799     -4.2865598     -1.2571213     -1.3938709     -1.2084561     -1.2240296     -1.0865025     -1.2802329     -1.3351035     -1.0602852     -1.6772762     -1.6037543     -1.6833441     -1.6205274     -1.5883953     -1.4497245     -1.4343693     -1.3320190     -1.6073982     -1.5248882     -2.1805728     -5.8560214     -1.4258734 
    18.5000000       -2.0074579     -6.2920233     -1.6511763     -1.3525630     -1.5511874     -1.9275526     -5.9331454     -1.6293549     -1.8514292     -6.4256561     -1.7415388     -5.9884932     -3.9999279     -4.6089769     -6.0409317     -2.0785808     -1.4509741     -1.4830013     -4.3106216     -1.2721192     -1.4101886     -1.2229245     -1.2379719     -1.0992551     -1.2948930     -1.3481211     -1.0728087     -1.6973619     -1.6222314     -1.7017539     -1.6381711     -1.6064851     -1.4667819     -1.4516578     -1.3478206     -1.6255893     -1.5430462     -2.2075669     -5.8850944     -1.4425927 
    19.0000000       -2.0458042     -6.3212500     -1.6833015     -1.3788306     -1.5808085     -1.9654573     -5.9669295     -1.6612832     -1.8871617     -6.4530247     -1.7754848     -6.0320930     -4.0306214     -4.6511935     -6.0798017     -2.1183444     -1.4796178     -1.5080370     -4.3507247     -1.2971157     -1.4373847     -1.2470384     -1.2612090     -1.1205093     -1.3193265     -1.3698170     -1.0936814     -1.7308381     -1.6530266     -1.7324368     -1.6675772     -1.6366347     -1.4952108     -1.4804719     -1.3741564     -1.6559079     -1.5733096     -2.2525900     -5.9335493     -1.4704581 
    19.5000000       -2.0841506     -6.3504767     -1.7154266     -1.4050982     -1.6104296     -1.9989529     -6.0007137     -1.6932116     -1.9228941     -6.4803932     -1.8094307     -6.0753041     -4.0613149     -4.6934101     -6.1169038     -2.1551618     -1.5082615     -1.5330727     -4.3908278     -1.3221121     -1.4645808     -1.2711523     -1.2844461     -1.1417635     -1.3437599     -1.3915130     -1.1145540     -1.7643143     -1.6838218     -1.7631198     -1.6969834     -1.6667844     -1.5236398     -1.5092861     -1.4004923     -1.6862265     -1.6035730     -2.2977764     -5.9775062     -1.4983235 
    20.0000000       -2.1224970     -6.3797035     -1.7475518     -1.4313658     -1.6400507     -2.0305180     -6.0344978     -1.7251400     -1.9586266     -6.5077617     -1.8433767     -6.1143152     -4.0920084     -4.7356267     -6.1520935     -2.1884557     -1.5369051     -1.5581084     -4.4309308     -1.3471086     -1.4917769     -1.2952662     -1.3076832     -1.1630177     -1.3681934     -1.4132089     -1.1354266     -1.7977905     -1.7146170     -1.7938027     -1.7263896     -1.6969340     -1.5520687     -1.5381002     -1.4268282     -1.7165451     -1.6338364     -2.3429627     -6.0203732     -1.5261889 
    20.1000000       -2.1301662     -6.3855488     -1.7539768     -1.4366193     -1.6459749     -2.0368310     -6.0412546     -1.7315257     -1.9657731     -6.5132354     -1.8501659     -6.1221174     -4.0981471     -4.7440700     -6.1591315     -2.1951145     -1.5426339     -1.5631155     -4.4389514     -1.3521079     -1.4972161     -1.3000890     -1.3123307     -1.1672685     -1.3730801     -1.4175481     -1.1396011     -1.8044857     -1.7207761     -1.7999393     -1.7322708     -1.7029639     -1.5577545     -1.5438631     -1.4320954     -1.7226089     -1.6398891     -2.3520000     -6.0289466     -1.5317620 
    20.1000000       -2.1301662     -6.3855488     -1.7539768     -1.4366193     -1.6459749     -2.0368310     -6.0412546     -1.7315257     -1.9657731     -6.5132354     -1.8501659     -6.1221174     -4.0981471     -4.7440700     -6.1591315     -2.1951145     -1.5426339     -1.5631155     -4.4389514     -1.3521079     -1.4972161     -1.3000890     -1.3123307     -1.1672685     -1.3730801     -1.4175481     -1.1396011     -1.8044857     -1.7207761     -1.7999393     -1.7322708     -1.7029639     -1.5577545     -1.5438631     -1.4320954     -1.7226089     -1.6398891     -4.7480000     -6.0289466     -1.5317620 
    20.5000000       -2.1608433     -6.4089302     -1.7792751     -1.4576334     -1.6693538     -2.0620831     -6.0661290     -1.7570684     -1.9943590     -6.5351303     -1.8903123     -6.1533263     -4.1227020     -4.7751517     -6.1872833     -2.2217496     -1.5655488     -1.5831441     -4.4710339     -1.3721051     -1.5189730     -1.3193801     -1.3309204     -1.1842719     -1.3926269     -1.4349049     -1.1562992     -1.8312667     -1.7454122     -1.8244857     -1.7557958     -1.7270836     -1.5804976     -1.5669144     -1.4531641     -1.7468637     -1.6605017     -4.7802048     -6.0632402     -1.5540544 
    20.9000000       -2.1915204     -6.4323116     -1.8011170     -1.4786474     -1.6885430     -2.0873352     -6.0905448     -1.7826111     -2.0255526     -6.5570251     -1.9313995     -6.1845351     -4.1472568     -4.8052658     -6.2154351     -2.2483848     -1.5884637     -1.6031726     -4.5031163     -1.3921023     -1.5407299     -1.3386713     -1.3495101     -1.2012753     -1.4121737     -1.4522616     -1.1729973     -1.8580476     -1.7700484     -1.8490321     -1.7748464     -1.7512033     -1.6032408     -1.5861525     -1.4742328     -1.7700255     -1.6798996     -4.8126519     -6.0975338     -1.5763467 
    20.9000000       -2.1915204     -6.4323116     -1.8011170     -1.4786474     -1.6885430     -2.0873352     -6.0905448     -1.7826111     -2.0255526     -6.5570251     -1.9313995     -6.1845351     -4.1472568     -4.8052658     -6.2154351     -2.2483848     -1.5884637     -1.6031726     -4.5031163     -1.3921023     -1.5407299     -1.3386713     -1.3495101     -1.2012753     -1.4121737     -1.4522616     -1.1729973     -1.8580476     -1.7700484     -1.8490321     -1.7748464     -1.7512033     -1.6032408     -1.5861525     -1.4742328     -1.7700255     -1.6798996     -4.8126519     -6.0975338     -1.5763467 
    21.0000000       -2.1991897     -6.4381569     -1.8065775     -1.4839010     -1.6933403     -2.0936482     -6.0966488     -1.7889968     -2.0337988     -6.5624988     -1.9416713     -6.1923373     -4.1533955     -4.8127943     -6.2224730     -2.2550436     -1.5937272     -1.6081798     -4.5111369     -1.3971016     -1.5461691     -1.3434941     -1.3541575     -1.2055261     -1.4170604     -1.4566008     -1.1771719     -1.8647429     -1.7762074     -1.8551687     -1.7795992     -1.7571910     -1.6089266     -1.5909150     -1.4795000     -1.7747943     -1.6847490     -4.8207637     -6.1061072     -1.5819198 
    21.5000000       -2.2344813     -6.4673836     -1.8338800     -1.5101686     -1.7173269     -2.1252133     -6.1271686     -1.8164563     -2.0750299     -6.5898673     -1.9930303     -6.2313484     -4.1840890     -4.8504370     -6.2576628     -2.2883375     -1.6181970     -1.6332154     -4.5512400     -1.4207541     -1.5733652     -1.3676080     -1.3773946     -1.2267803     -1.4414938     -1.4782968     -1.1980445     -1.8982190     -1.8063228     -1.8858516     -1.8033635     -1.7818823     -1.6328269     -1.6147271     -1.5058359     -1.7986381     -1.7089963     -4.8613226     -6.1489743     -1.6063946 
    22.0000000       -2.2665082     -6.4962783     -1.8611824     -1.5345917     -1.7413135     -2.1567784     -6.1576885     -1.8434519     -2.1162609     -6.6172358     -2.0443894     -6.2703594     -4.2147825     -4.8880797     -6.2928525     -2.3216314     -1.6426668     -1.6582511     -4.5898039     -1.4416024     -1.6005614     -1.3902447     -1.4006317     -1.2480345     -1.4626696     -1.4999927     -1.2169957     -1.9306275     -1.8318876     -1.9121926     -1.8271278     -1.8065736     -1.6563710     -1.6385392     -1.5321718     -1.8224819     -1.7332436     -4.9018814     -6.1918413     -1.6294847 
    22.5000000       -2.2985351     -6.5228172     -1.8884849     -1.5572535     -1.7653001     -2.1883435     -6.1882083     -1.8704474     -2.1574920     -6.6446044     -2.0957484     -6.3093705     -4.2454760     -4.9257224     -6.3280422     -2.3549253     -1.6671366     -1.6832868     -4.6225088     -1.4624506     -1.6231534     -1.4102745     -1.4209566     -1.2692887     -1.4828976     -1.5216887     -1.2341948     -1.9587647     -1.8574525     -1.9374455     -1.8508921     -1.8312648     -1.6799150     -1.6623513     -1.5585076     -1.8463257     -1.7574909     -4.9424403     -6.2347083     -1.6525749 
    22.5000000       -2.2985351     -6.5228172     -1.8884849     -1.5572535     -1.7653001     -2.1883435     -6.1882083     -1.8704474     -2.1574920     -6.6446044     -2.0957484     -6.3093705     -4.2454760     -4.9257224     -6.3280422     -2.3549253     -1.6671366     -1.6832868     -4.6225088     -1.4624506     -1.6231534     -1.4102745     -1.4209566     -1.2692887     -1.4828976     -1.5216887     -1.2341948     -1.9587647     -1.8574525     -1.9374455     -1.8508921     -1.8312648     -1.6799150     -1.6623513     -1.5585076     -1.8463257     -1.7574909     -4.9424403     -6.2347083     -1.6525749 
    23.0000000       -2.3305619     -6.5493561     -1.9157873     -1.5799153     -1.7892867     -2.2199086     -6.2187281     -1.8974430     -2.1987231     -6.6715246     -2.1471075     -6.3483815     -4.2761695     -4.9633651     -6.3632320     -2.3882192     -1.6916064     -1.7083225     -4.6552136     -1.4832988     -1.6452918     -1.4303044     -1.4401821     -1.2905429     -1.5031257     -1.5433846     -1.2513939     -1.9869020     -1.8830173     -1.9626983     -1.8746563     -1.8559561     -1.7034591     -1.6861634     -1.5809203     -1.8701695     -1.7817382     -4.9829992     -6.2775753     -1.6756650 
    23.5000000       -2.3625888     -6.5758950     -1.9430898     -1.6025770     -1.8132733     -2.2514737     -6.2492479     -1.9244385     -2.2399542     -6.6964260     -2.1984665     -6.3873926     -4.3068630     -5.0010077     -6.3984217     -2.4215132     -1.7160762     -1.7333582     -4.6879184     -1.5041470     -1.6674303     -1.4503342     -1.4594076     -1.3100094     -1.5233537     -1.5650806     -1.2685930     -2.0150392     -1.9085822     -1.9879512     -1.8984206     -1.8806474     -1.7270031     -1.7099756     -1.6027332     -1.8940133     -1.8059855     -5.0235581     -6.3198794     -1.6987551 
    24.0000000       -2.3946157     -6.6024340     -1.9703923     -1.6252388     -1.8372599     -2.2830388     -6.2797678     -1.9514341     -2.2811853     -6.7213274     -2.2498255     -6.4264037     -4.3375566     -5.0386504     -6.4336115     -2.4548071     -1.7405460     -1.7583939     -4.7206233     -1.5249953     -1.6895688     -1.4703640     -1.4786331     -1.3277445     -1.5435818     -1.5867765     -1.2857921     -2.0431765     -1.9341470     -2.0132041     -1.9221849     -1.9053387     -1.7505472     -1.7337877     -1.6245461     -1.9178571     -1.8302329     -5.0641169     -6.3590006     -1.7218452 
    24.5000000       -2.4266426     -6.6289729     -1.9976947     -1.6479005     -1.8612465     -2.3146039     -6.3102876     -1.9784297     -2.3224164     -6.7462288     -2.3011846     -6.4636981     -4.3664863     -5.0762931     -6.4673247     -2.4881010     -1.7650158     -1.7834296     -4.7533281     -1.5458435     -1.7117073     -1.4903939     -1.4978586     -1.3454797     -1.5638098     -1.6084725     -1.3029912     -2.0713137     -1.9597118     -2.0384569     -1.9459491     -1.9300299     -1.7740912     -1.7575998     -1.6463589     -1.9417009     -1.8544802     -5.1046758     -6.3981219     -1.7449354 
    24.5000000       -2.4266426     -6.6289729     -1.9976947     -1.6479005     -1.8612465     -2.3146039     -6.3102876     -1.9784297     -2.3224164     -6.7462288     -2.3011846     -6.4636981     -4.3664863     -5.0762931     -6.4673247     -2.4881010     -1.7650158     -1.7834296     -4.7533281     -1.5458435     -1.7117073     -1.4903939     -1.4978586     -1.3454797     -1.5638098     -1.6084725     -1.3029912     -2.0713137     -1.9597118     -2.0384569     -1.9459491     -1.9300299     -1.7740912     -1.7575998     -1.6463589     -1.9417009     -1.8544802     -5.1046758     -6.3981219     -1.7449354 
    24.8000000       -2.4458587     -6.6448962     -2.0140762     -1.6614976     -1.8756384     -2.3335430     -6.3285995     -1.9946270     -2.3471550     -6.7611697     -2.3320000     -6.4855837     -4.3832151     -5.0988787     -6.4872755     -2.5080774     -1.7796977     -1.7984510     -4.7729510     -1.5583524     -1.7249904     -1.5024118     -1.5093939     -1.3561207     -1.5759467     -1.6214901     -1.3133106     -2.0881961     -1.9750507     -2.0536086     -1.9602077     -1.9448447     -1.7882176     -1.7718871     -1.6594467     -1.9560072     -1.8690285     -5.1290111     -6.4215946     -1.7587894 
    24.8000000       -2.4458587     -6.6448962     -2.0140762     -1.6614976     -1.8756384     -2.3335430     -6.3285995     -1.9946270     -2.3471550     -6.7611697     -4.4270000     -6.4855837     -4.3832151     -5.0988787     -6.4872755     -2.5080774     -1.7796977     -1.7984510     -4.7729510     -1.5583524     -1.7249904     -1.5024118     -1.5093939     -1.3561207     -1.5759467     -1.6214901     -1.3133106     -2.0881961     -1.9750507     -2.0536086     -1.9602077     -1.9448447     -1.7882176     -1.7718871     -1.6594467     -1.9560072     -1.8690285     -5.1290111     -6.4215946     -1.7587894 
    25.0000000       -2.4586695     -6.6555118     -2.0249972     -1.6705623     -1.8852331     -2.3461691     -6.3408074     -2.0054252     -2.3636475     -6.7711303     -4.4385779     -6.5001740     -4.3943676     -5.1139358     -6.5005759     -2.5213949     -1.7894856     -1.8084653     -4.7860330     -1.5666917     -1.7338458     -1.5104237     -1.5170841     -1.3632148     -1.5840379     -1.6301684     -1.3201903     -2.0994510     -1.9852767     -2.0637098     -1.9697134     -1.9547212     -1.7976353     -1.7814119     -1.6681718     -1.9655447     -1.8787275     -5.1452347     -6.4372431     -1.7680255 
    25.0000000       -2.4586695     -6.6555118     -2.0249972     -1.6705623     -1.8852331     -2.3461691     -6.3408074     -2.0054252     -2.3636475     -6.7711303     -4.4385779     -6.5001740     -4.3943676     -5.1139358     -6.5005759     -2.5213949     -1.7894856     -1.8084653     -4.7860330     -1.5666917     -1.7338458     -1.5104237     -1.5170841     -1.3632148     -1.5840379     -1.6301684     -1.3201903     -2.0994510     -1.9852767     -2.0637098     -1.9697134     -1.9547212     -1.7976353     -1.7814119     -1.6681718     -1.9655447     -1.8787275     -5.1452347     -6.4372431     -1.7680255 
    25.5000000       -2.4906963     -6.6820507     -2.0522996     -1.6932241     -1.9092197     -2.3777342     -6.3709538     -2.0324208     -2.4048785     -6.7960317     -4.4675225     -6.5366499     -4.4222489     -5.1510788     -6.5338271     -2.5546888     -1.8139554     -1.8335010     -4.8187378     -1.5875400     -1.7559843     -1.5304535     -1.5363096     -1.3809499     -1.6042659     -1.6518644     -1.3373894     -2.1275882     -2.0108415     -2.0889627     -1.9934777     -1.9794125     -1.8211793     -1.8052240     -1.6899847     -1.9893885     -1.9029748     -5.1827483     -6.4763644     -1.7911156 
    25.6000000       -2.4971017     -6.6873585     -2.0577601     -1.6977564     -1.9140170     -2.3840472     -6.3765310     -2.0378199     -2.4131248     -6.8010119     -4.4733114     -6.5439451     -4.4278252     -5.1581109     -6.5404774     -2.5613476     -1.8188494     -1.8385081     -4.8252788     -1.5917096     -1.7604120     -1.5344595     -1.5401547     -1.3844969     -1.6083115     -1.6562036     -1.3408292     -2.1332157     -2.0159545     -2.0940132     -1.9982305     -1.9843507     -1.8258881     -1.8099864     -1.6943473     -1.9941573     -1.9078242     -5.1902394     -6.4841886     -1.7957336 
    25.6000000       -2.4971017     -6.6873585     -2.0577601     -1.6977564     -1.9140170     -2.3840472     -6.3765310     -2.0378199     -2.4131248     -6.8010119     -4.4733114     -6.5439451     -4.4278252     -5.1581109     -6.5404774     -2.5613476     -1.8188494     -1.8385081     -4.8252788     -1.5917096     -1.7604120     -1.5344595     -1.5401547     -1.3844969     -1.6083115     -1.6562036     -1.3408292     -2.1332157     -2.0159545     -2.0940132     -1.9982305     -1.9843507     -1.8258881     -1.8099864     -1.6943473     -1.9941573     -1.9078242     -5.1902394     -6.4841886     -1.7957336 
    26.0000000       -2.5227232     -6.7085896     -2.0796021     -1.7158858     -1.9332063     -2.4092993     -6.3988396     -2.0594163     -2.4461096     -6.8209331     -4.4964671     -6.5731258     -4.4501302     -5.1862396     -6.5670783     -2.5879828     -1.8384252     -1.8585366     -4.8514426     -1.6083882     -1.7781227     -1.5504833     -1.5555351     -1.3986850     -1.6244940     -1.6735603     -1.3545884     -2.1557255     -2.0364063     -2.1142155     -2.0172420     -2.0041037     -1.8447234     -1.8290361     -1.7117976     -2.0132323     -1.9272221     -5.2202034     -6.5154554     -1.8142057 
    26.5000000       -2.5547501     -6.7351285     -2.1069046     -1.7385476     -1.9571928     -2.4408644     -6.4267255     -2.0864119     -2.4873407     -6.8458345     -4.5254118     -6.6096017     -4.4780115     -5.2214003     -6.6003295     -2.6212767     -1.8628950     -1.8835723     -4.8841475     -1.6292364     -1.8002612     -1.5705132     -1.5747606     -1.4164201     -1.6447220     -1.6932562     -1.3717875     -2.1838627     -2.0619712     -2.1394684     -2.0410062     -2.0287950     -1.8682674     -1.8528483     -1.7336105     -2.0370761     -1.9514694     -5.2576585     -6.5521451     -1.8372959 
    27.0000000       -2.5867770     -6.7616674     -2.1342070     -1.7612094     -1.9811794     -2.4724295     -6.4546114     -2.1134074     -2.5285718     -6.8707359     -4.5543564     -6.6457321     -4.5058928     -5.2565611     -6.6335145     -2.6538109     -1.8873648     -1.9059171     -4.9168523     -1.6500846     -1.8223997     -1.5905430     -1.5939861     -1.4341552     -1.6649501     -1.7122828     -1.3889866     -2.2120000     -2.0875360     -2.1647213     -2.0647705     -2.0534863     -1.8918115     -1.8766604     -1.7554233     -2.0609200     -1.9757167     -5.2951136     -6.5888347     -1.8603860 
    27.5000000       -2.6188039     -6.7882063     -2.1615095     -1.7838711     -2.0051660     -2.5042920     -6.4824972     -2.1404030     -2.5698029     -6.8956373     -4.5833011     -6.6801344     -4.5337741     -5.2917219     -6.6653743     -2.6832552     -1.9118346     -1.9282151     -4.9495572     -1.6709329     -1.8445382     -1.6105728     -1.6132116     -1.4518903     -1.6851781     -1.7313095     -1.4061857     -2.2401373     -2.1131008     -2.1899741     -2.0885348     -2.0781776     -1.9153555     -1.9004725     -1.7772362     -2.0847638     -1.9999640     -5.3325687     -6.6255244     -1.8834761 
    28.0000000       -2.6508307     -6.8139568     -2.1888119     -1.8065329     -2.0291526     -2.5389917     -6.5103831     -2.1673986     -2.6110340     -6.9205387     -4.6122457     -6.7145367     -4.5616554     -5.3268826     -6.6972341     -2.7126996     -1.9363044     -1.9505131     -4.9822620     -1.6917811     -1.8666767     -1.6306027     -1.6324371     -1.4696254     -1.7054062     -1.7503361     -1.4233848     -2.2682745     -2.1386657     -2.2152270     -2.1122991     -2.1028688     -1.9388996     -1.9242846     -1.7990491     -2.1086076     -2.0242113     -5.3693219     -6.6622140     -1.9065662 
    28.5000000       -2.6828576     -6.8388539     -2.2161144     -1.8291947     -2.0531392     -2.5736914     -6.5382689     -2.1943941     -2.6522651     -6.9454401     -4.6411904     -6.7489390     -4.5895367     -5.3618007     -6.7290939     -2.7421439     -1.9607742     -1.9728111     -5.0149669     -1.7126293     -1.8888152     -1.6506325     -1.6516626     -1.4873606     -1.7256342     -1.7693627     -1.4405839     -2.2964118     -2.1642305     -2.2404799     -2.1360633     -2.1275601     -1.9624436     -1.9480967     -1.8208620     -2.1324514     -2.0484586     -5.4047584     -6.6989037     -1.9296564 
    28.7000000       -2.6956684     -6.8488128     -2.2270354     -1.8382594     -2.0627338     -2.5875712     -6.5490200     -2.2051923     -2.6687575     -6.9554007     -4.6527682     -6.7627000     -4.6006892     -5.3751883     -6.7418378     -2.7539217     -1.9705621     -1.9817303     -5.0280488     -1.7209686     -1.8976706     -1.6586444     -1.6593528     -1.4944546     -1.7337254     -1.7769734     -1.4474635     -2.3076667     -2.1744564     -2.2505810     -2.1455690     -2.1374366     -1.9718612     -1.9576216     -1.8295871     -2.1419889     -2.0581575     -5.4189329     -6.7135795     -1.9388924 
    28.7000000       -2.6956684     -6.8488128     -2.2270354     -1.8382594     -2.0627338     -2.5875712     -6.5490200     -2.2051923     -2.6687575     -6.9554007     -4.6527682     -6.7627000     -4.6006892     -5.3751883     -6.7418378     -2.7539217     -1.9705621     -1.9817303     -5.0280488     -1.7209686     -1.8976706     -1.6586444     -1.6593528     -1.4944546     -1.7337254     -1.7769734     -1.4474635     -2.3076667     -2.1744564     -2.2505810     -2.1455690     -2.1374366     -1.9718612     -1.9576216     -1.8295871     -2.1419889     -2.0581575     -5.4189329     -6.7135795     -1.9388924 
    29.0000000       -2.7148845     -6.8637511     -2.2434169     -1.8518564     -2.0771258     -2.6083911     -6.5650353     -2.2213897     -2.6934961     -6.9703415     -4.6701350     -6.7833414     -4.6174180     -5.3952696     -6.7609537     -2.7715883     -1.9852440     -1.9951091     -5.0451728     -1.7334776     -1.9109536     -1.6706623     -1.6708881     -1.5050957     -1.7458623     -1.7883893     -1.4577830     -2.3245490     -2.1897953     -2.2657327     -2.1598276     -2.1522514     -1.9859877     -1.9719088     -1.8426749     -2.1562952     -2.0727059     -5.4401948     -6.7349125     -1.9527465 
    29.5000000       -2.7469114     -6.8886482     -2.2688657     -1.8745182     -2.1010000     -2.6430908     -6.5917277     -2.2483852     -2.7347272     -6.9939953     -4.6990796     -6.8177437     -4.6452993     -5.4287385     -6.7928135     -2.8010326     -2.0097138     -2.0174071     -5.0732530     -1.7543258     -1.9330921     -1.6906922     -1.6901136     -1.5228308     -1.7660903     -1.8074160     -1.4749821     -2.3526863     -2.2153602     -2.2909856     -2.1835139     -2.1769427     -2.0095317     -1.9957210     -1.8644877     -2.1801390     -2.0969532     -5.4756313     -6.7692441     -1.9758366 
    29.5000000       -2.7469114     -6.8886482     -2.2688657     -1.8745182     -6.7770000     -2.6430908     -6.5917277     -2.2483852     -2.7347272     -6.9939953     -4.6990796     -6.8177437     -4.6452993     -5.4287385     -6.7928135     -2.8010326     -2.0097138     -2.0174071     -5.0732530     -1.7543258     -1.9330921     -1.6906922     -1.6901136     -1.5228308     -1.7660903     -1.8074160     -1.4749821     -2.3526863     -2.2153602     -2.2909856     -2.1835139     -2.1769427     -2.0095317     -1.9957210     -1.8644877     -2.1801390     -2.0969532     -5.4756313     -6.7692441     -1.9758366 
    30.0000000       -2.7789383     -6.9135454     -2.2934645     -1.8971799     -6.8037139     -2.6777905     -6.6184200     -2.2753808     -2.7759583     -7.0175601     -4.7280243     -6.8519902     -4.6731806     -5.4622073     -6.8246733     -2.8304770     -2.0341836     -2.0397051     -5.1013331     -1.7751740     -1.9552306     -1.7107220     -1.7093391     -1.5405659     -1.7863183     -1.8264426     -1.4921812     -2.3808235     -2.2409250     -2.3162385     -2.2041477     -2.2016339     -2.0330758     -2.0195331     -1.8863006     -2.2039828     -2.1201183     -5.5110678     -6.8035757     -1.9989267 
    30.5000000       -2.8097665     -6.9384425     -2.3180634     -1.9198417     -6.8299506     -2.7124902     -6.6451123     -2.3023763     -2.8171894     -7.0411249     -4.7569853     -6.8846891     -4.7010619     -5.4956762     -6.8551147     -2.8599213     -2.0586534     -2.0620031     -5.1294133     -1.7960222     -1.9773691     -1.7307518     -1.7285646     -1.5583010     -1.8065464     -1.8454692     -1.5093803     -2.4089608     -2.2664898     -2.3414913     -2.2247814     -2.2263252     -2.0566198     -2.0433452     -1.9081135     -2.2248370     -2.1407213     -5.5465042     -6.8379073     -2.0220169 
    31.0000000       -2.8382923     -6.9633397     -2.3426623     -1.9425035     -6.8551518     -2.7471899     -6.6718046     -2.3273830     -2.8584205     -7.0646897     -4.7859616     -6.9173879     -4.7289432     -5.5291451     -6.8852047     -2.8893657     -2.0830129     -2.0843011     -5.1574935     -1.8168705     -1.9995076     -1.7507816     -1.7477901     -1.5760361     -1.8267744     -1.8644958     -1.5265793     -2.4370980     -2.2920547     -2.3654927     -2.2454151     -2.2487868     -2.0801639     -2.0666600     -1.9299264     -2.2446820     -2.1613243     -5.5817200     -6.8722389     -2.0451070 
    31.5000000       -2.8668181     -6.9873838     -2.3672612     -1.9642609     -6.8803530     -2.7818896     -6.6984969     -2.3517430     -2.8996516     -7.0882545     -4.8149380     -6.9500868     -4.7556521     -5.5626139     -6.9152947     -2.9188100     -2.1050802     -2.1065991     -5.1855737     -1.8377187     -2.0216461     -1.7708115     -1.7670157     -1.5937712     -1.8467837     -1.8835225     -1.5437784     -2.4652353     -2.3166356     -2.3875021     -2.2660489     -2.2704222     -2.1037079     -2.0876238     -1.9517393     -2.2645270     -2.1819273     -5.6151715     -6.9065705     -2.0679524 
    32.0000000       -2.8953440     -7.0109728     -2.3918601     -1.9849066     -6.9055542     -2.8165893     -6.7251892     -2.3761030     -2.9408827     -7.1118193     -4.8439143     -6.9827856     -4.7820357     -5.5953810     -6.9453847     -2.9482543     -2.1271475     -2.1288971     -5.2136538     -1.8585669     -2.0437845     -1.7908413     -1.7862412     -1.6115063     -1.8648016     -1.9025491     -1.5609775     -2.4933725     -2.3392821     -2.4095115     -2.2866826     -2.2920577     -2.1244384     -2.1085875     -1.9735522     -2.2843720     -2.2025303     -5.6486231     -6.9409021     -2.0884712 
    32.5000000       -2.9238698     -7.0345618     -2.4164590     -2.0055523     -6.9307554     -2.8512890     -6.7504810     -2.4004630     -2.9821137     -7.1353841     -4.8728906     -7.0154845     -4.8084192     -5.6273895     -6.9754747     -2.9776987     -2.1492148     -2.1511951     -5.2417340     -1.8771230     -2.0659230     -1.8108711     -1.8054667     -1.6292415     -1.8828195     -1.9215757     -1.5781766     -2.5190879     -2.3619287     -2.4315210     -2.3073164     -2.3136932     -2.1451336     -2.1295513     -1.9953650     -2.3042171     -2.2231333     -5.6820746     -6.9733604     -2.1089899 
    33.0000000       -2.9523956     -7.0581508     -2.4410578     -2.0261980     -6.9559567     -2.8859887     -6.7757290     -2.4248230     -3.0233448     -7.1583165     -4.9018670     -7.0481834     -4.8348027     -5.6593979     -7.0055647     -3.0071430     -2.1712821     -2.1734931     -5.2698142     -1.8956305     -2.0880615     -1.8309010     -1.8234784     -1.6469766     -1.9008374     -1.9406023     -1.5953757     -2.5441978     -2.3845753     -2.4535304     -2.3279501     -2.3353287     -2.1658287     -2.1505150     -2.0171779     -2.3240621     -2.2437363     -5.7155262     -7.0056969     -2.1295087 
    33.5000000       -2.9809214     -7.0817399     -2.4656567     -2.0468437     -6.9811579     -2.9206884     -6.8009769     -2.4491830     -3.0645759     -7.1810019     -4.9308433     -7.0802537     -4.8611863     -5.6914063     -7.0356546     -3.0362595     -2.1933494     -2.1957912     -5.2955882     -1.9141380     -2.1102000     -1.8510000     -1.8402962     -1.6647117     -1.9188553     -1.9596290     -1.6113521     -2.5693077     -2.4072219     -2.4755399     -2.3485838     -2.3569641     -2.1865239     -2.1714788     -2.0389908     -2.3439071     -2.2643393     -5.7489778     -7.0380333     -2.1500274 
    33.5000000       -2.9809214     -7.0817399     -2.4656567     -2.0468437     -6.9811579     -2.9206884     -6.8009769     -2.4491830     -3.0645759     -7.1810019     -4.9308433     -7.0802537     -4.8611863     -5.6914063     -7.0356546     -3.0362595     -2.1933494     -2.1957912     -5.2955882     -1.9141380     -2.1102000     -4.6090000     -1.8402962     -1.6647117     -1.9188553     -1.9596290     -1.6113521     -2.5693077     -2.4072219     -2.4755399     -2.3485838     -2.3569641     -2.1865239     -2.1714788     -2.0389908     -2.3439071     -2.2643393     -5.7489778     -7.0380333     -2.1500274 
    34.0000000       -3.0094472     -7.1053289     -2.4902556     -2.0674894     -7.0063591     -2.9553881     -6.8262249     -2.4735430     -3.1058070     -7.2036874     -4.9598196     -7.1113570     -4.8875698     -5.7234148     -7.0649255     -3.0635992     -2.2154167     -2.2180892     -5.3211675     -1.9326455     -2.1300943     -4.6295718     -1.8571140     -1.6824468     -1.9368732     -1.9782277     -1.6265625     -2.5944176     -2.4298684     -2.4975493     -2.3692176     -2.3785996     -2.2072190     -2.1924426     -2.0608037     -2.3637521     -2.2849423     -5.7824293     -7.0703697     -2.1705462 
    34.0000000       -3.0094472     -7.1053289     -2.4902556     -2.0674894     -7.0063591     -2.9553881     -6.8262249     -2.4735430     -3.1058070     -7.2036874     -4.9598196     -7.1113570     -4.8875698     -5.7234148     -7.0649255     -3.0635992     -2.2154167     -2.2180892     -5.3211675     -1.9326455     -2.1300943     -4.6295718     -1.8571140     -1.6824468     -1.9368732     -1.9782277     -1.6265625     -2.5944176     -2.4298684     -2.4975493     -2.3692176     -2.3785996     -2.2072190     -2.1924426     -2.0608037     -2.3637521     -2.2849423     -5.7824293     -7.0703697     -2.1705462 
    34.5000000       -3.0379731     -7.1289179     -2.5148545     -2.0881350     -7.0305698     -2.9818783     -6.8514729     -2.4979031     -3.1470381     -7.2263728     -4.9874136     -7.1424604     -4.9139534     -5.7554232     -7.0940939     -3.0909389     -2.2374840     -2.2403872     -5.3467468     -1.9511530     -2.1493673     -4.6501437     -1.8739319     -1.7001819     -1.9548911     -1.9958148     -1.6417730     -2.6195275     -2.4525150     -2.5195588     -2.3898513     -2.4002351     -2.2279142     -2.2134063     -2.0813002     -2.3835972     -2.3055453     -5.8156941     -7.1027061     -2.1910649 
    35.0000000       -3.0664989     -7.1525069     -2.5394534     -2.1087807     -7.0547547     -3.0023968     -6.8767208     -2.5222631     -3.1882692     -7.2490583     -5.0149990     -7.1735638     -4.9403369     -5.7874316     -7.1232624     -3.1182787     -2.2595513     -2.2624726     -5.3723261     -1.9696605     -2.1686403     -4.6705977     -1.8907497     -1.7179170     -1.9729090     -2.0134020     -1.6569834     -2.6446374     -2.4751616     -2.5415682     -2.4104851     -2.4218706     -2.2486093     -2.2343701     -2.1004085     -2.4034422     -2.3261483     -5.8475353     -7.1350425     -2.2115836 
    35.2000000       -3.0779092     -7.1615308     -2.5492929     -2.1170390     -7.0644287     -3.0106042     -6.8868200     -2.5320071     -3.2047616     -7.2581324     -5.0260331     -7.1860051     -4.9508234     -5.8002350     -7.1349297     -3.1292146     -2.2683783     -2.2708775     -5.3825578     -1.9770635     -2.1763495     -4.6787684     -1.8974768     -1.7250111     -1.9801162     -2.0204368     -1.6630676     -2.6546813     -2.4842202     -2.5503720     -2.4187386     -2.4305248     -2.2568874     -2.2427556     -2.1080518     -2.4113802     -2.3343895     -5.8602718     -7.1479771     -2.2197911 
    35.2000000       -3.0779092     -7.1615308     -2.5492929     -2.1170390     -7.0644287     -3.0106042     -6.8868200     -2.5320071     -3.2047616     -7.2581324     -5.0260331     -7.1860051     -4.9508234     -5.8002350     -7.1349297     -3.1292146     -2.2683783     -2.2708775     -5.3825578     -1.9770635     -2.1763495     -4.6787684     -1.8974768     -1.7250111     -1.9801162     -2.0204368     -1.6630676     -2.6546813     -2.4842202     -2.5503720     -2.4187386     -2.4305248     -2.2568874     -2.2427556     -2.1080518     -2.4113802     -2.3343895     -5.8602718     -7.1479771     -2.2197911 
    35.5000000       -3.0950247     -7.1749504     -2.5640522     -2.1294264     -7.0789396     -3.0229153     -6.9019688     -2.5466231     -3.2295003     -7.2717437     -5.0425843     -7.2046672     -4.9660926     -5.8193188     -7.1524308     -3.1456184     -2.2816187     -2.2834847     -5.3979054     -1.9881680     -2.1879133     -4.6910245     -1.9075675     -1.7356521     -1.9909269     -2.0309891     -1.6721938     -2.6697473     -2.4978081     -2.5635776     -2.4311188     -2.4435060     -2.2693044     -2.2553338     -2.1195168     -2.4232872     -2.3467514     -5.8793765     -7.1673789     -2.2321024 
    36.0000000       -3.1235505     -7.1973163     -2.5886511     -2.1500721     -7.1031245     -3.0434339     -6.9270518     -2.5709831     -3.2707313     -7.2944292     -5.0701697     -7.2357705     -4.9915414     -5.8497365     -7.1815992     -3.1729581     -2.3036860     -2.3044968     -5.4234847     -2.0066755     -2.2071862     -4.7114513     -1.9243853     -1.7515899     -2.0089448     -2.0485762     -1.6874043     -2.6948571     -2.5204547     -2.5855871     -2.4517525     -2.4651415     -2.2899996     -2.2762976     -2.1386251     -2.4431323     -2.3673544     -5.9112177     -7.1985414     -2.2526211 
    36.5000000       -3.1520764     -7.2196823     -2.6132500     -2.1707178     -7.1273094     -3.0639524     -6.9510053     -2.5953431     -3.3119624     -7.3171146     -5.0977550     -7.2668739     -5.0169901     -5.8801542     -7.2107677     -3.2002979     -2.3257533     -2.3255089     -5.4490640     -2.0251829     -2.2264592     -4.7318781     -1.9412032     -1.7673798     -2.0269627     -2.0661634     -1.7026147     -2.7199670     -2.5431013     -2.6075965     -2.4723863     -2.4867770     -2.3106947     -2.2972613     -2.1577334     -2.4629773     -2.3879574     -5.9430590     -7.2288494     -2.2731399 
    36.5000000       -3.1520764     -7.2196823     -2.6132500     -2.1707178     -7.1273094     -3.0639524     -6.9510053     -2.5953431     -3.3119624     -7.3171146     -5.0977550     -7.2668739     -5.0169901     -5.8801542     -7.2107677     -3.2002979     -2.3257533     -2.3255089     -5.4490640     -2.0251829     -2.2264592     -4.7318781     -1.9412032     -1.7673798     -2.0269627     -2.0661634     -1.7026147     -2.7199670     -2.5431013     -2.6075965     -2.4723863     -2.4867770     -2.3106947     -2.2972613     -2.1577334     -2.4629773     -2.3879574     -5.9430590     -7.2288494     -2.2731399 
    37.0000000       -3.1806022     -7.2420483     -2.6372130     -2.1913635     -7.1514943     -3.0844709     -6.9749589     -2.6197031     -3.3531610     -7.3390701     -5.1253404     -7.2979773     -5.0424388     -5.9105719     -7.2399361     -3.2276376     -2.3478206     -2.3465209     -5.4746434     -2.0436904     -2.2457322     -4.7523049     -1.9580210     -1.7831698     -2.0449806     -2.0837505     -1.7178251     -2.7450769     -2.5657478     -2.6296060     -2.4930200     -2.5084125     -2.3313899     -2.3182251     -2.1768417     -2.4828223     -2.4085604     -5.9749002     -7.2591574     -2.2936586 
    37.5000000       -3.2091280     -7.2644143     -2.6603701     -2.2120092     -7.1756791     -3.1049895     -6.9989124     -2.6440631     -3.3943288     -7.3607076     -5.1529257     -7.3274604     -5.0678876     -5.9409896     -7.2688923     -3.2540632     -2.3698879     -2.3675330     -5.5002227     -2.0621979     -2.2650052     -4.7727317     -1.9748388     -1.7989597     -2.0629985     -2.1013376     -1.7330356     -2.7701868     -2.5883944     -2.6516154     -2.5136538     -2.5300479     -2.3520850     -2.3391888     -2.1959500     -2.5026673     -2.4291634     -6.0067414     -7.2894653     -2.3141774 
    38.0000000       -3.2376538     -7.2867803     -2.6835272     -2.2326549     -7.1998640     -3.1255080     -7.0228659     -2.6684231     -3.4354966     -7.3823450     -5.1805111     -7.3569423     -5.0933363     -5.9714073     -7.2965526     -3.2798389     -2.3919552     -2.3885451     -5.5258020     -2.0807054     -2.2842782     -4.7931585     -1.9916567     -1.8147496     -2.0810164     -2.1189248     -1.7482460     -2.7952967     -2.6110410     -2.6736249     -2.5326579     -2.5516834     -2.3727802     -2.3601526     -2.2150584     -2.5225124     -2.4497664     -6.0385826     -7.3197733     -2.3346961 
    38.5000000       -3.2652953     -7.3091463     -2.7066844     -2.2533006     -7.2230317     -3.1460265     -7.0468194     -2.6927831     -3.4766644     -7.4039824     -5.2075228     -7.3864243     -5.1187851     -6.0018250     -7.3242128     -3.3056145     -2.4140225     -2.4095572     -5.5492241     -2.0992129     -2.3035512     -4.8135852     -2.0084745     -1.8305396     -2.0990343     -2.1365119     -1.7634565     -2.8204066     -2.6336876     -2.6956343     -2.5516342     -2.5733189     -2.3934753     -2.3811164     -2.2341667     -2.5423574     -2.4703694     -6.0695619     -7.3500813     -2.3552148 
    38.5000000       -3.2652953     -7.3091463     -2.7066844     -2.2533006     -7.2230317     -3.1460265     -7.0468194     -2.6927831     -3.4766644     -7.4039824     -5.2075228     -7.3864243     -5.1187851     -6.0018250     -7.3242128     -3.3056145     -2.4140225     -2.4095572     -5.5492241     -2.0992129     -2.3035512     -4.8135852     -2.0084745     -1.8305396     -2.0990343     -2.1365119     -1.7634565     -2.8204066     -2.6336876     -2.6956343     -2.5516342     -2.5733189     -2.3934753     -2.3811164     -2.2341667     -2.5423574     -2.4703694     -6.0695619     -7.3500813     -2.3552148 
    39.0000000       -3.2919069     -7.3315123     -2.7298415     -2.2739463     -7.2458535     -3.1685730     -7.0707729     -2.7171431     -3.5178322     -7.4256198     -5.2342338     -7.4159062     -5.1442338     -6.0322427     -7.3518731     -3.3313901     -2.4360898     -2.4305692     -5.5723379     -2.1177204     -2.3228242     -4.8340120     -2.0252923     -1.8463295     -2.1170522     -2.1532962     -1.7786669     -2.8455165     -2.6563341     -2.7173629     -2.5706106     -2.5949544     -2.4141705     -2.4020801     -2.2532750     -2.5612516     -2.4902478     -6.0997321     -7.3803893     -2.3757336 
    39.5000000       -3.3185185     -7.3535951     -2.7529986     -2.2945920     -7.2686754     -3.1914630     -7.0947264     -2.7402557     -3.5590000     -7.4472573     -5.2609448     -7.4453881     -5.1696826     -6.0626604     -7.3795334     -3.3571657     -2.4581571     -2.4515813     -5.5954518     -2.1362279     -2.3420972     -4.8544388     -2.0421101     -1.8621194     -2.1350701     -2.1700575     -1.7938773     -2.8706264     -2.6789807     -2.7376761     -2.5895869     -2.6157172     -2.4348656     -2.4230439     -2.2723833     -2.5787961     -2.5087097     -6.1299022     -7.4106973     -2.3962523 
    39.5000000       -3.3185185     -7.3535951     -2.7529986     -2.2945920     -7.2686754     -3.1914630     -7.0947264     -2.7402557     -6.2750000     -7.4472573     -5.2609448     -7.4453881     -5.1696826     -6.0626604     -7.3795334     -3.3571657     -2.4581571     -2.4515813     -5.5954518     -2.1362279     -2.3420972     -4.8544388     -2.0421101     -1.8621194     -2.1350701     -2.1700575     -1.7938773     -2.8706264     -2.6789807     -2.7376761     -2.5895869     -2.6157172     -2.4348656     -2.4230439     -2.2723833     -2.5787961     -2.5087097     -6.1299022     -7.4106973     -2.3962523 
    40.0000000       -3.3451301     -7.3748834     -2.7761557     -2.3143424     -7.2914972     -3.2143531     -7.1186800     -2.7630576     -6.3075489     -7.4688947     -5.2876558     -7.4748701     -5.1943203     -6.0917490     -7.4071937     -3.3829413     -2.4800811     -2.4725437     -5.6185656     -2.1547354     -2.3613702     -4.8744395     -2.0589280     -1.8779094     -2.1530881     -2.1868189     -1.8090878     -2.8957363     -2.7016273     -2.7579894     -2.6085633     -2.6355698     -2.4555607     -2.4440076     -2.2914916     -2.5963406     -2.5271716     -6.1600723     -7.4400074     -2.4167711 
    40.5000000       -3.3717417     -7.3961718     -2.7993128     -2.3338499     -7.3143190     -3.2372432     -7.1420838     -2.7858595     -6.3400978     -7.4905321     -5.3143668     -7.5043520     -5.2185642     -6.1206736     -7.4348540     -3.4087169     -2.5007266     -2.4929006     -5.6416794     -2.1732428     -2.3806432     -4.8937598     -2.0757458     -1.8936993     -2.1703991     -2.2035802     -1.8242982     -2.9208462     -2.7230640     -2.7783026     -2.6275396     -2.6554223     -2.4762559     -2.4648922     -2.3105999     -2.6138852     -2.5456335     -6.1902425     -7.4687239     -2.4372898 
    41.0000000       -3.3983534     -7.4174602     -2.8224699     -2.3533573     -7.3371408     -3.2601333     -7.1647992     -2.8086614     -6.3726467     -7.5121695     -5.3410778     -7.5338339     -5.2428081     -6.1495982     -7.4625143     -3.4344925     -2.5213722     -2.5132575     -5.6647933     -2.1917503     -2.3999162     -4.9130801     -2.0925636     -1.9094892     -2.1870185     -2.2203416     -1.8395086     -2.9459560     -2.7441244     -2.7986158     -2.6465159     -2.6752749     -2.4969510     -2.4841465     -2.3297082     -2.6314297     -2.5640954     -6.2204126     -7.4974405     -2.4578086 
    41.1000000       -3.4036757     -7.4217178     -2.8271013     -2.3572588     -7.3417052     -3.2647113     -7.1693422     -2.8132218     -6.3791565     -7.5164970     -5.3464200     -7.5396940     -5.2476569     -6.1553832     -7.4680463     -3.4396477     -2.5255013     -2.5173289     -5.6694161     -2.1954518     -2.4037708     -4.9169441     -2.0959272     -1.9126472     -2.1903423     -2.2236938     -1.8425507     -2.9509780     -2.7483364     -2.8026785     -2.6503112     -2.6792454     -2.5007994     -2.4879974     -2.3335299     -2.6349386     -2.5677878     -6.2264466     -7.5031838     -2.4617167 
    41.1000000       -3.4036757     -7.4217178     -2.8271013     -2.3572588     -7.3417052     -3.2647113     -7.1693422     -2.8132218     -6.3791565     -7.5164970     -5.3464200     -7.5396940     -5.2476569     -6.1553832     -7.4680463     -3.4396477     -2.5255013     -2.5173289     -5.6694161     -2.1954518     -2.4037708     -4.9169441     -2.0959272     -1.9126472     -2.1903423     -2.2236938     -1.8425507     -2.9509780     -2.7483364     -2.8026785     -2.6503112     -2.6792454     -2.5007994     -2.4879974     -2.3335299     -2.6349386     -2.5677878     -6.2264466     -7.5031838     -2.4617167 
    41.2000000       -3.4089980     -7.4259755     -2.8317328     -2.3611603     -7.3462696     -3.2692893     -7.1738853     -2.8177821     -6.3856663     -7.5206860     -5.3517622     -7.5452973     -5.2525057     -6.1611681     -7.4735784     -3.4448028     -2.5296304     -2.5214003     -5.6740388     -2.1991533     -2.4076254     -4.9208082     -2.0992908     -1.9158052     -2.1936662     -2.2270461     -1.8455928     -2.9560000     -2.7525485     -2.8067411     -2.6541065     -2.6832159     -2.5046443     -2.4918482     -2.3373515     -2.6384475     -2.5714801     -6.2324806     -7.5089271     -2.4655449 
    41.2000000       -3.4089980     -7.4259755     -2.8317328     -2.3611603     -7.3462696     -3.2692893     -7.1738853     -2.8177821     -6.3856663     -7.5206860     -5.3517622     -7.5452973     -5.2525057     -6.1611681     -7.4735784     -3.4448028     -2.5296304     -2.5214003     -5.6740388     -2.1991533     -2.4076254     -4.9208082     -2.0992908     -1.9158052     -2.1936662     -2.2270461     -1.8455928     -2.9560000     -2.7525485     -2.8067411     -2.6541065     -2.6832159     -2.5046443     -2.4918482     -2.3373515     -2.6384475     -2.5714801     -6.2324806     -7.5089271     -2.4655449 
    41.5000000       -3.4249650     -7.4387485     -2.8451723     -2.3728648     -7.3599627     -3.2830234     -7.1875145     -2.8314633     -6.4051957     -7.5331982     -5.3677888     -7.5621074     -5.2670521     -6.1785229     -7.4901745     -3.4599970     -2.5420178     -2.5336144     -5.6879071     -2.2102578     -2.4191892     -4.9324003     -2.1093815     -1.9252792     -2.2036378     -2.2371029     -1.8547191     -2.9698545     -2.7651847     -2.8189290     -2.6654923     -2.6951275     -2.5161791     -2.5034008     -2.3488165     -2.6489743     -2.5825573     -6.2505827     -7.5261570     -2.4770293 
    42.0000000       -3.4515766     -7.4600369     -2.8674238     -2.3923722     -7.3827845     -3.3059135     -7.2102298     -2.8542652     -6.4377446     -7.5540519     -5.3944998     -7.5901241     -5.2912960     -6.2074475     -7.5168283     -3.4844459     -2.5626633     -2.5539714     -5.7110210     -2.2284117     -2.4384621     -4.9517206     -2.1261993     -1.9410691     -2.2202571     -2.2538643     -1.8699295     -2.9929455     -2.7862451     -2.8392423     -2.6844686     -2.7149801     -2.5354037     -2.5226551     -2.3679248     -2.6665188     -2.6010192     -6.2807529     -7.5548736     -2.4961701 
    42.5000000       -3.4781882     -7.4813252     -2.8896752     -2.4118797     -7.4056063     -3.3288036     -7.2329452     -2.8770671     -6.4702935     -7.5749055     -5.4212108     -7.6181407     -5.3155399     -6.2363722     -7.5427305     -3.5088948     -2.5833089     -2.5743283     -5.7341348     -2.2455457     -2.4577351     -4.9710409     -2.1430171     -1.9568590     -2.2368765     -2.2706256     -1.8851400     -3.0160364     -2.8073055     -2.8595555     -2.7029724     -2.7348326     -2.5546282     -2.5419094     -2.3870331     -2.6840633     -2.6194811     -6.3107262     -7.5835901     -2.5153109 
    43.0000000       -3.5046103     -7.5026136     -2.9119266     -2.4313871     -7.4278191     -3.3516937     -7.2556605     -2.8998690     -6.5028403     -7.5957592     -5.4469197     -7.6461574     -5.3397839     -6.2652968     -7.5686326     -3.5333438     -2.6039545     -2.5946852     -5.7572487     -2.2626798     -2.4770081     -4.9903611     -2.1588365     -1.9726490     -2.2534958     -2.2873870     -1.9003504     -3.0391273     -2.8283659     -2.8798687     -2.7208870     -2.7546852     -2.5738528     -2.5611637     -2.4061414     -2.7016079     -2.6379430     -6.3393825     -7.6123067     -2.5344516 
    43.0000000       -3.5046103     -7.5026136     -2.9119266     -2.4313871     -7.4278191     -3.3516937     -7.2556605     -2.8998690     -6.5028403     -7.5957592     -5.4469197     -7.6461574     -5.3397839     -6.2652968     -7.5686326     -3.5333438     -2.6039545     -2.5946852     -5.7572487     -2.2626798     -2.4770081     -4.9903611     -2.1588365     -1.9726490     -2.2534958     -2.2873870     -1.9003504     -3.0391273     -2.8283659     -2.8798687     -2.7208870     -2.7546852     -2.5738528     -2.5611637     -2.4061414     -2.7016079     -2.6379430     -6.3393825     -7.6123067     -2.5344516 
    43.5000000       -3.5298946     -7.5239019     -2.9341781     -2.4508946     -7.4496058     -3.3749625     -7.2783758     -2.9226709     -6.5353871     -7.6166129     -5.4719497     -7.6741741     -5.3640278     -6.2942214     -7.5945348     -3.5577927     -2.6246000     -2.6150421     -5.7803625     -2.2798138     -2.4962811     -5.0096814     -2.1743461     -1.9884389     -2.2701151     -2.3041483     -1.9155608     -3.0622182     -2.8494263     -2.9001819     -2.7388017     -2.7745378     -2.5930774     -2.5804181     -2.4252497     -2.7191524     -2.6564049     -6.3680388     -7.6410232     -2.5535924 
    44.0000000       -3.5551788     -7.5451903     -2.9564295     -2.4704020     -7.4713925     -3.3987572     -7.3010912     -2.9454728     -6.5679339     -7.6374666     -5.4969797     -7.7021908     -5.3882718     -6.3231461     -7.6204369     -3.5822416     -2.6452456     -2.6353990     -5.8034764     -2.2969479     -2.5155541     -5.0290017     -2.1898557     -2.0042288     -2.2867345     -2.3206066     -1.9306320     -3.0853091     -2.8704867     -2.9198169     -2.7567163     -2.7943904     -2.6123019     -2.5996724     -2.4443580     -2.7366970     -2.6748667     -6.3966951     -7.6697397     -2.5727331 
    44.0000000       -3.5551788     -7.5451903     -2.9564295     -2.4704020     -7.4713925     -3.3987572     -7.3010912     -2.9454728     -6.5679339     -7.6374666     -5.4969797     -7.7021908     -5.3882718     -6.3231461     -7.6204369     -3.5822416     -2.6452456     -2.6353990     -5.8034764     -2.2969479     -2.5155541     -5.0290017     -2.1898557     -2.0042288     -2.2867345     -2.3206066     -1.9306320     -3.0853091     -2.8704867     -2.9198169     -2.7567163     -2.7943904     -2.6123019     -2.5996724     -2.4443580     -2.7366970     -2.6748667     -6.3966951     -7.6697397     -2.5727331 
    44.5000000       -3.5804631     -7.5658362     -2.9786810     -2.4898689     -7.4931792     -3.4225519     -7.3238065     -2.9675180     -6.6004807     -7.6583202     -5.5220097     -7.7302075     -5.4125157     -6.3505169     -7.6463390     -3.6066905     -2.6658911     -2.6557559     -5.8249089     -2.3140820     -2.5348271     -5.0483219     -2.2053653     -2.0200188     -2.3033538     -2.3366329     -1.9446461     -3.1084000     -2.8915471     -2.9389316     -2.7746309     -2.8140063     -2.6315265     -2.6189267     -2.4634663     -2.7532839     -2.6929389     -6.4253514     -7.6973434     -2.5918739 
    45.0000000       -3.6057474     -7.5858194     -3.0009324     -2.5085064     -7.5149659     -3.4463466     -7.3465218     -2.9893757     -6.6330275     -7.6791739     -5.5470397     -7.7582242     -5.4360850     -6.3777176     -7.6722412     -3.6311394     -2.6865367     -2.6761128     -5.8460390     -2.3312160     -2.5528579     -5.0676422     -2.2208749     -2.0358087     -2.3199731     -2.3526592     -1.9586602     -3.1314909     -2.9126074     -2.9580463     -2.7925455     -2.8327519     -2.6507511     -2.6381810     -2.4825746     -2.7694559     -2.7100503     -6.4540078     -7.7246976     -2.6110147 
    45.2000000       -3.6158611     -7.5938127     -3.0098330     -2.5159613     -7.5236805     -3.4558644     -7.3556080     -2.9981188     -6.6460463     -7.6875154     -5.5570517     -7.7694309     -5.4453921     -6.3885979     -7.6826021     -3.6409190     -2.6947949     -2.6842556     -5.8544911     -2.3380696     -2.5599329     -5.0753703     -2.2270787     -2.0421247     -2.3266208     -2.3590697     -1.9642658     -3.1407273     -2.9210316     -2.9656922     -2.7997114     -2.8402502     -2.6584409     -2.6458827     -2.4898159     -2.7759247     -2.7168949     -6.4654703     -7.7356392     -2.6186710 
    45.2000000       -3.6158611     -7.5938127     -3.0098330     -2.5159613     -7.5236805     -3.4558644     -7.3556080     -2.9981188     -6.6460463     -7.6875154     -5.5570517     -7.7694309     -5.4453921     -6.3885979     -7.6826021     -3.6409190     -2.6947949     -2.6842556     -5.8544911     -2.3380696     -2.5599329     -5.0753703     -2.2270787     -2.0421247     -2.3266208     -2.3590697     -1.9642658     -3.1407273     -2.9210316     -2.9656922     -2.7997114     -2.8402502     -2.6584409     -2.6458827     -2.4898159     -2.7759247     -2.7168949     -6.4654703     -7.7356392     -2.6186710 
    45.5000000       -3.6310316     -7.6058026     -3.0231839     -2.5271438     -7.5367526     -3.4701413     -7.3685847     -3.0112334     -6.6655743     -7.7000276     -5.5720697     -7.7862409     -5.4593529     -6.4049184     -7.6981433     -3.6555884     -2.7067845     -2.6964698     -5.8671692     -2.3483501     -2.5705454     -5.0869625     -2.2363844     -2.0515986     -2.3365671     -2.3686854     -1.9726743     -3.1545818     -2.9332342     -2.9771610     -2.8104601     -2.8514975     -2.6699757     -2.6574353     -2.5003976     -2.7856280     -2.7271618     -6.4826641     -7.7520517     -2.6301554 
    46.0000000       -3.6563159     -7.6257858     -3.0454353     -2.5457813     -7.5585392     -3.4939359     -7.3899810     -3.0330911     -6.6981212     -7.7208813     -5.5970997     -7.8129197     -5.4826209     -6.4321191     -7.7240455     -3.6800373     -2.7265356     -2.7162976     -5.8882993     -2.3654841     -2.5882329     -5.1058394     -2.2518940     -2.0673886     -2.3524757     -2.3847117     -1.9866884     -3.1776727     -2.9531034     -2.9962757     -2.8283747     -2.8702431     -2.6892002     -2.6766896     -2.5180336     -2.8018000     -2.7442732     -6.5113204     -7.7794058     -2.6492962 
    46.5000000       -3.6816002     -7.6457690     -3.0671035     -2.5644187     -7.5803259     -3.5177306     -7.4113773     -3.0549488     -6.7306680     -7.7408527     -5.6221297     -7.8393248     -5.5058889     -6.4593198     -7.7499476     -3.7031768     -2.7462868     -2.7359282     -5.9094294     -2.3826182     -2.6059204     -5.1241256     -2.2674036     -2.0831785     -2.3683842     -2.4007379     -2.0007026     -3.2007636     -2.9729727     -3.0153904     -2.8462894     -2.8889887     -2.7084248     -2.6955100     -2.5356697     -2.8179721     -2.7613847     -6.5399767     -7.8067599     -2.6684370 
    47.0000000       -3.7068844     -7.6657522     -3.0883321     -2.5830562     -7.6021126     -3.5415253     -7.4327736     -3.0768066     -6.7632148     -7.7605371     -5.6471597     -7.8657299     -5.5291569     -6.4865205     -7.7743208     -3.7262021     -2.7660379     -2.7555588     -5.9305596     -2.3997522     -2.6236079     -5.1424117     -2.2829132     -2.0989684     -2.3842928     -2.4167642     -2.0147167     -3.2233279     -2.9928419     -3.0345051     -2.8642040     -2.9077343     -2.7270038     -2.7138302     -2.5533057     -2.8341441     -2.7784961     -6.5686331     -7.8341140     -2.6875777 
    47.5000000       -3.7321687     -7.6857354     -3.1095606     -2.6016937     -7.6238993     -3.5653200     -7.4541699     -3.0986643     -6.7952453     -7.7802215     -5.6721897     -7.8921349     -5.5524248     -6.5137213     -7.7986292     -3.7492274     -2.7857890     -2.7751893     -5.9516897     -2.4168863     -2.6412954     -5.1606979     -2.2984228     -2.1136575     -2.4002013     -2.4327904     -2.0287308     -3.2455410     -3.0127112     -3.0536198     -2.8821186     -2.9264799     -2.7451631     -2.7321504     -2.5709418     -2.8503162     -2.7956076     -6.5959492     -7.8614682     -2.7067185 
    47.8000000       -3.7473393     -7.6977254     -3.1222977     -2.6128761     -7.6369713     -3.5795968     -7.4670077     -3.1117789     -6.8141338     -7.7920321     -5.6872077     -7.9079780     -5.5663856     -6.5300417     -7.8132142     -3.7630426     -2.7976397     -2.7869677     -5.9643678     -2.4271667     -2.6519079     -5.1716696     -2.3077285     -2.1224697     -2.4097464     -2.4424062     -2.0371393     -3.2588689     -3.0246328     -3.0650886     -2.8924998     -2.9377272     -2.7560587     -2.7431426     -2.5815234     -2.8600194     -2.8058745     -6.6121535     -7.8778806     -2.7182029 
    47.8000000       -3.7473393     -7.6977254     -3.1222977     -2.6128761     -7.6369713     -3.5795968     -7.4670077     -3.1117789     -6.8141338     -7.7920321     -5.6872077     -7.9079780     -5.5663856     -6.5300417     -7.8132142     -3.7630426     -2.7976397     -2.7869677     -5.9643678     -2.4271667     -2.6519079     -5.1716696     -2.3077285     -2.1224697     -2.4097464     -2.4424062     -2.0371393     -3.2588689     -3.0246328     -3.0650886     -2.8924998     -2.9377272     -2.7560587     -2.7431426     -2.5815234     -2.8600194     -2.8058745     -6.6121535     -7.8778806     -2.7182029 
    48.0000000       -3.7574530     -7.7057186     -3.1307891     -2.6203311     -7.6452934     -3.5891147     -7.4755662     -3.1205220     -6.8267261     -7.7999059     -5.6967112     -7.9185400     -5.5756928     -6.5409220     -7.8229376     -3.7722527     -2.8055402     -2.7948199     -5.9728198     -2.4338501     -2.6589829     -5.1789840     -2.3139324     -2.1283445     -2.4161099     -2.4488167     -2.0427449     -3.2677541     -3.0325805     -3.0727345     -2.8992167     -2.9452254     -2.7633224     -2.7504706     -2.5885778     -2.8664882     -2.8127191     -6.6229564     -7.8888223     -2.7258592 
    48.5000000       -3.7817944     -7.7257018     -3.1520177     -2.6389686     -7.6658007     -3.6126425     -7.4969625     -3.1423797     -6.8582069     -7.8195903     -5.7203607     -7.9449451     -5.5989608     -6.5681227     -7.8472460     -3.7952780     -2.8252913     -2.8144505     -5.9939500     -2.4500182     -2.6766703     -5.1972702     -2.3294420     -2.1430314     -2.4320184     -2.4648429     -2.0567590     -3.2899672     -3.0524497     -3.0918492     -2.9160089     -2.9639710     -2.7814817     -2.7687908     -2.6062139     -2.8826603     -2.8298305     -6.6499637     -7.9161764     -2.7450000 
    48.5000000       -3.7817944     -7.7257018     -3.1520177     -2.6389686     -7.6658007     -3.6126425     -7.4969625     -3.1423797     -6.8582069     -7.8195903     -5.7203607     -7.9449451     -5.5989608     -6.5681227     -7.8472460     -3.7952780     -2.8252913     -2.8144505     -5.9939500     -2.4500182     -2.6766703     -5.1972702     -2.3294420     -2.1430314     -2.4320184     -2.4648429     -2.0567590     -3.2899672     -3.0524497     -3.0918492     -2.9160089     -2.9639710     -2.7814817     -2.7687908     -2.6062139     -2.8826603     -2.8298305     -6.6499637     -7.9161764     -6.0950000 
    49.0000000       -3.8058709     -7.7456850     -3.1732462     -2.6576060     -7.6863080     -3.6351437     -7.5183588     -3.1642374     -6.8896876     -7.8392747     -5.7440102     -7.9713502     -5.6222288     -6.5953234     -7.8715544     -3.8183033     -2.8450425     -2.8340810     -6.0150801     -2.4661864     -2.6943578     -5.2155564     -2.3444304     -2.1577183     -2.4479270     -2.4808692     -2.0707732     -3.3121803     -3.0723190     -3.1109639     -2.9328012     -2.9827166     -2.7996409     -2.7871110     -2.6238499     -2.8988323     -2.8469420     -6.6769710     -7.9435305     -6.1163456 
    49.5000000       -3.8299474     -7.7656683     -3.1944748     -2.6762435     -7.7068153     -3.6576450     -7.5397551     -3.1860951     -6.9211684     -7.8589591     -5.7676598     -7.9977552     -5.6454967     -6.6221587     -7.8958628     -3.8413286     -2.8647936     -2.8537116     -6.0362102     -2.4823545     -2.7120453     -5.2338425     -2.3591277     -2.1724052     -2.4638355     -2.4968954     -2.0847873     -3.3343934     -3.0921883     -3.1291287     -2.9495935     -3.0014622     -2.8178002     -2.8054313     -2.6414859     -2.9150044     -2.8640534     -6.7039782     -7.9696409     -6.1376912 
    49.8000000       -3.8443933     -7.7776582     -3.2072119     -2.6874260     -7.7191197     -3.6711457     -7.5525929     -3.1989722     -6.9400569     -7.8707698     -5.7818495     -8.0135983     -5.6594575     -6.6381737     -7.9104479     -3.8551437     -2.8766443     -2.8654899     -6.0488883     -2.4920554     -2.7226578     -5.2448142     -2.3679461     -2.1812174     -2.4733807     -2.5064473     -2.0931958     -3.3477213     -3.1041098     -3.1398750     -2.9596689     -3.0127095     -2.8286958     -2.8164234     -2.6520676     -2.9247076     -2.8743203     -6.7201826     -7.9852942     -6.1504986 
    49.8000000       -3.8443933     -7.7776582     -3.2072119     -2.6874260     -7.7191197     -3.6711457     -7.5525929     -3.1989722     -6.9400569     -7.8707698     -5.7818495     -8.0135983     -5.6594575     -6.6381737     -7.9104479     -3.8551437     -2.8766443     -2.8654899     -6.0488883     -2.4920554     -2.7226578     -5.2448142     -2.3679461     -2.1812174     -2.4733807     -2.5064473     -2.0931958     -3.3477213     -3.1041098     -3.1398750     -2.9596689     -3.0127095     -2.8286958     -2.8164234     -2.6520676     -2.9247076     -2.8743203     -6.7201826     -7.9852942     -6.1504986 
    50.0000000       -3.8540239     -7.7852525     -3.2157033     -2.6946882     -7.7273226     -3.6801462     -7.5611514     -3.2073166     -6.9526492     -7.8786435     -5.7913093     -8.0241603     -5.6687647     -6.6488503     -7.9201712     -3.8643539     -2.8845448     -2.8733421     -6.0573404     -2.4985227     -2.7297328     -5.2521287     -2.3738250     -2.1870921     -2.4797441     -2.5125865     -2.0988014     -3.3566066     -3.1120575     -3.1470392     -2.9663858     -3.0202078     -2.8359595     -2.8237515     -2.6591220     -2.9311764     -2.8811649     -6.7309855     -7.9957296     -6.1590369 
    50.5000000       -3.8781004     -7.8041937     -3.2369318     -2.7125895     -7.7478300     -3.7026474     -7.5825477     -3.2281776     -6.9841299     -7.8983279     -5.8149588     -8.0505654     -5.6912214     -6.6755420     -7.9444796     -3.8873791     -2.9042959     -2.8929727     -6.0784705     -2.5146908     -2.7474203     -5.2704148     -2.3885223     -2.2017791     -2.4956526     -2.5279346     -2.1128155     -3.3788197     -3.1319268     -3.1649497     -2.9831780     -3.0382342     -2.8541188     -2.8420717     -2.6767580     -2.9469844     -2.8982763     -6.7579927     -8.0218183     -6.1803825 
    51.0000000       -3.9021769     -7.8231350     -3.2581604     -2.7304908     -7.7683373     -3.7251486     -7.6037178     -3.2490387     -7.0156107     -7.9180123     -5.8386083     -8.0756800     -5.7131440     -6.7022336     -7.9687880     -3.9104044     -2.9240471     -2.9126033     -6.0991197     -2.5308590     -2.7651078     -5.2887010     -2.4032196     -2.2164660     -2.5115612     -2.5432827     -2.1262091     -3.4010328     -3.1517961     -3.1828603     -2.9999703     -3.0558520     -2.8722780     -2.8603919     -2.6943941     -2.9618026     -2.9146580     -6.7850000     -8.0479070     -6.2017281 
    51.0000000       -3.9021769     -7.8231350     -3.2581604     -2.7304908     -7.7683373     -3.7251486     -7.6037178     -3.2490387     -7.0156107     -7.9180123     -5.8386083     -8.0756800     -5.7131440     -6.7022336     -7.9687880     -3.9104044     -2.9240471     -2.9126033     -6.0991197     -2.5308590     -2.7651078     -5.2887010     -2.4032196     -2.2164660     -2.5115612     -2.5432827     -2.1262091     -3.4010328     -3.1517961     -3.1828603     -2.9999703     -3.0558520     -2.8722780     -2.8603919     -2.6943941     -2.9618026     -2.9146580     -9.8080000     -8.0479070     -6.2017281 
    51.5000000       -3.9262534     -7.8420762     -3.2793889     -2.7483921     -7.7888446     -3.7476498     -7.6242997     -3.2698997     -7.0470915     -7.9376968     -5.8622578     -8.1006636     -5.7350667     -6.7289252     -7.9930964     -3.9325951     -2.9433395     -2.9322338     -6.1187101     -2.5470271     -2.7826520     -5.3069871     -2.4179169     -2.2311529     -2.5272422     -2.5586308     -2.1395454     -3.4232459     -3.1709389     -3.2007708     -3.0167626     -3.0734697     -2.8904373     -2.8787121     -2.7120301     -2.9766207     -2.9304392     -9.8367006     -8.0739957     -6.2230737 
    52.0000000       -3.9503299     -7.8610175     -3.3001068     -2.7662934     -7.8093519     -3.7701510     -7.6448817     -3.2907608     -7.0785722     -7.9566735     -5.8859073     -8.1256472     -5.7569894     -6.7556168     -8.0172112     -3.9542886     -2.9621661     -2.9518335     -6.1383005     -2.5631953     -2.7994326     -5.3252733     -2.4326143     -2.2458398     -2.5423410     -2.5739789     -2.1528817     -3.4454590     -3.1898239     -3.2186813     -3.0335548     -3.0910875     -2.9085966     -2.8970323     -2.7289002     -2.9914389     -2.9462204     -9.8654012     -8.1000844     -6.2444193 
    52.5000000       -3.9744065     -7.8799587     -3.3204023     -2.7841947     -7.8298592     -3.7926523     -7.6654636     -3.3116218     -7.1098713     -7.9753169     -5.9095568     -8.1506308     -5.7789121     -6.7823084     -8.0401369     -3.9759820     -2.9809926     -2.9707621     -6.1578909     -2.5793634     -2.8162132     -5.3435595     -2.4473116     -2.2605267     -2.5574399     -2.5893270     -2.1662180     -3.4676721     -3.2087089     -3.2365919     -3.0503471     -3.1087053     -2.9267559     -2.9153525     -2.7454698     -3.0062571     -2.9620016     -9.8941018     -8.1261731     -6.2654495 
    53.0000000       -3.9984830     -7.8989000     -3.3406977     -2.8020960     -7.8503665     -3.8151535     -7.6860455     -3.3324829     -7.1402199     -7.9939603     -5.9332063     -8.1756144     -5.8008348     -6.8090000     -8.0630626     -3.9976755     -2.9998191     -2.9896907     -6.1774813     -2.5955316     -2.8329938     -5.3611469     -2.4620089     -2.2752136     -2.5725387     -2.6046751     -2.1795543     -3.4894058     -3.2275940     -3.2545024     -3.0671394     -3.1263231     -2.9449152     -2.9333530     -2.7620394     -3.0210752     -2.9777828     -9.9228023     -8.1522617     -6.2861698 
    53.0000000       -3.9984830     -7.8989000     -3.3406977     -2.8020960     -7.8503665     -3.8151535     -7.6860455     -3.3324829     -7.1402199     -7.9939603     -5.9332063     -8.1756144     -5.8008348     -9.9920000     -8.0630626     -3.9976755     -2.9998191     -2.9896907     -6.1774813     -2.5955316     -2.8329938     -5.3611469     -2.4620089     -2.2752136     -2.5725387     -2.6046751     -2.1795543     -3.4894058     -3.2275940     -3.2545024     -3.0671394     -3.1263231     -2.9449152     -2.9333530     -2.7620394     -3.0210752     -2.9777828     -9.9228023     -8.1522617     -6.2861698 
    53.5000000       -4.0225595     -7.9178412     -3.3609931     -2.8199973     -7.8708738     -3.8376547     -7.7066274     -3.3533439     -7.1705685     -8.0126037     -5.9567336     -8.2005980     -5.8227575    -10.0168815     -8.0859883     -4.0193690     -3.0186457     -3.0086194     -6.1970718     -2.6116998     -2.8497744     -5.3785102     -2.4767062     -2.2899006     -2.5876375     -2.6200232     -2.1928906     -3.5104203     -3.2464790     -3.2724129     -3.0839317     -3.1439408     -2.9622960     -2.9506408     -2.7786089     -3.0358934     -2.9935640     -9.9515029     -8.1783504     -6.3068900 
    53.5000000       -4.0225595     -7.9178412     -3.3609931     -2.8199973     -7.8708738     -3.8376547     -7.7066274     -3.3533439     -7.1705685     -8.0126037     -5.9567336     -8.2005980     -5.8227575    -10.0168815     -8.0859883     -4.0193690     -3.0186457     -3.0086194     -6.1970718     -2.6116998     -2.8497744     -5.3785102     -2.4767062     -2.2899006     -2.5876375     -2.6200232     -2.1928906     -3.5104203     -3.2464790     -3.2724129     -3.0839317     -3.1439408     -2.9622960     -2.9506408     -2.7786089     -3.0358934     -2.9935640     -9.9515029     -8.1783504     -6.3068900 
    54.0000000       -4.0463274     -7.9367825     -3.3812886     -2.8378986     -7.8905013     -3.8601559     -7.7272094     -3.3742049     -7.2009172     -8.0312472     -5.9788253     -8.2255816     -5.8446801    -10.0417630     -8.1089140     -4.0410625     -3.0374722     -3.0275480     -6.2166622     -2.6278679     -2.8665550     -5.3958735     -2.4914035     -2.3045586     -2.6027363     -2.6353713     -2.2062268     -3.5314348     -3.2653640     -3.2903235     -3.1001202     -3.1615586     -2.9793742     -2.9679286     -2.7951785     -3.0507115     -3.0093452     -9.9802035     -8.2044391     -6.3276102 
    54.0000000       -4.0463274     -7.9367825     -3.3812886     -2.8378986     -7.8905013     -3.8601559     -7.7272094     -3.3742049     -7.2009172     -8.0312472     -5.9788253     -8.2255816     -5.8446801    -10.0417630     -8.1089140     -4.0410625     -3.0374722     -3.0275480     -6.2166622     -2.6278679     -2.8665550     -5.3958735     -2.4914035     -2.3045586     -2.6027363     -2.6353713     -2.2062268     -3.5314348     -3.2653640     -3.2903235     -3.1001202     -3.1615586     -2.9793742     -2.9679286     -2.7951785     -3.0507115     -3.0093452     -9.9802035     -8.2044391     -6.3276102 
    54.1000000       -4.0509188     -7.9405707     -3.3853477     -2.8414789     -7.8943682     -3.8646561     -7.7313257     -3.3783772     -7.2069869     -8.0349758     -5.9832436     -8.2305783     -5.8490647    -10.0467393     -8.1134991     -4.0454012     -3.0412375     -3.0313337     -6.2205803     -2.6311015     -2.8699111     -5.3993462     -2.4943430     -2.3073518     -2.6057561     -2.6384410     -2.2088941     -3.5356377     -3.2691410     -3.2939056     -3.1033056     -3.1650822     -2.9827898     -2.9713861     -2.7984924     -3.0536752     -3.0125014     -9.9859436     -8.2096568     -6.3317542 
    54.1000000       -4.0509188     -7.9405707     -3.3853477     -2.8414789     -7.8943682     -3.8646561     -7.7313257     -3.3783772     -7.2069869     -8.0349758     -5.9832436     -8.2305783     -5.8490647    -10.0467393     -8.1134991     -4.0454012     -3.0412375     -3.0313337     -6.2205803     -2.6311015     -2.8699111     -5.3993462     -2.4943430     -2.3073518     -2.6057561     -2.6384410     -2.2088941     -3.5356377     -3.2691410     -3.2939056     -3.1033056     -3.1650822     -2.9827898     -2.9713861     -2.7984924     -3.0536752     -3.0125014     -9.9859436     -8.2096568     -6.3317542 
    54.2000000       -4.0555101     -7.9443590     -3.3894068     -2.8450591     -7.8982350     -3.8691834     -7.7354421     -3.3825494     -7.2130566     -8.0387045     -5.9876620     -8.2355750     -5.8534492    -10.0517156     -8.1180842     -4.0497399     -3.0450028     -3.0351194     -6.2244983     -2.6343352     -2.8732672     -5.4028189     -2.4972825     -2.3101449     -2.6087758     -2.6415106     -2.2115614     -3.5398406     -3.2729181     -3.2974877     -3.1064911     -3.1686057     -2.9862054     -2.9748437     -2.8018063     -3.0566388     -3.0156576     -9.9916838     -8.2148746     -6.3358983 
    54.2000000       -4.0555101     -7.9443590     -3.3894068     -2.8450591     -7.8982350     -3.8691834     -7.7354421     -3.3825494     -7.2130566     -8.0387045     -5.9876620     -8.2355750     -5.8534492    -10.0517156     -8.1180842     -4.0497399     -3.0450028     -3.0351194     -6.2244983     -2.6343352     -2.8732672     -5.4028189     -2.4972825     -2.3101449     -2.6087758     -2.6415106     -2.2115614     -3.5398406     -3.2729181     -3.2974877     -3.1064911     -3.1686057     -2.9862054     -2.9748437     -2.8018063     -3.0566388     -3.0156576     -9.9916838     -8.2148746     -6.3358983 
    54.5000000       -4.0692843     -7.9557237     -3.4015840     -2.8557999     -7.9098356     -3.8830000     -7.7477913     -3.3950660     -7.2312658     -8.0498906     -6.0009170     -8.2505652     -5.8666028    -10.0666445     -8.1318397     -4.0627560     -3.0562988     -3.0464766     -6.2362526     -2.6440361     -2.8833356     -5.4132369     -2.5061008     -2.3185244     -2.6178351     -2.6507194     -2.2195631     -3.5524493     -3.2842491     -3.3082340     -3.1160476     -3.1791764     -2.9964523     -2.9852163     -2.8117480     -3.0655297     -3.0251264    -10.0089041     -8.2301641     -6.3483304 
    54.5000000       -4.0692843     -7.9557237     -3.4015840     -2.8557999     -7.9098356     -6.1230000     -7.7477913     -3.3950660     -7.2312658     -8.0498906     -6.0009170     -8.2505652     -5.8666028    -10.0666445     -8.1318397     -4.0627560     -3.0562988     -3.0464766     -6.2362526     -2.6440361     -2.8833356     -5.4132369     -2.5061008     -2.3185244     -2.6178351     -2.6507194     -2.2195631     -3.5524493     -3.2842491     -3.3082340     -3.1160476     -3.1791764     -2.9964523     -2.9852163     -2.8117480     -3.0655297     -3.0251264    -10.0089041     -8.2301641     -6.3483304 
    55.0000000       -4.0922412     -7.9746650     -3.4218795     -2.8737012     -7.9291698     -6.1446054     -7.7683732     -3.4159270     -7.2616144     -8.0685340     -6.0230087     -8.2755488     -5.8885255    -10.0915260     -8.1547654     -4.0844494     -3.0751253     -3.0654052     -6.2558430     -2.6598158     -2.9001162     -5.4306002     -2.5207982     -2.3324902     -2.6329339     -2.6660676     -2.2328994     -3.5734638     -3.3031341     -3.3261445     -3.1319751     -3.1967942     -3.0135305     -3.0025041     -2.8283176     -3.0803478     -3.0409076    -10.0376047     -8.2552570     -6.3690506 
    55.5000000       -4.1151981     -7.9936062     -3.4421749     -2.8916025     -7.9485040     -6.1662108     -7.7889551     -3.4367881     -7.2919630     -8.0871774     -6.0451004     -8.3005324     -5.9104482    -10.1164075     -8.1776911     -4.1061429     -3.0939518     -3.0843339     -6.2754334     -2.6749718     -2.9168968     -5.4479635     -2.5354955     -2.3464560     -2.6480327     -2.6814157     -2.2462357     -3.5944783     -3.3220191     -3.3432962     -3.1479026     -3.2144119     -3.0306086     -3.0197919     -2.8448872     -3.0951660     -3.0566888    -10.0663053     -8.2803499     -6.3897708 
    56.0000000       -4.1381549     -8.0125475     -3.4624703     -2.9092468     -7.9678383     -6.1878161     -7.8095370     -3.4574777     -7.3223116     -8.1058208     -6.0671921     -8.3255160     -5.9323709    -10.1412890     -8.2006168     -4.1278364     -3.1127784     -3.1032625     -6.2950239     -2.6901278     -2.9336774     -5.4653268     -2.5496281     -2.3604217     -2.6631315     -2.6967638     -2.2595720     -3.6154928     -3.3409042     -3.3600794     -3.1638301     -3.2320297     -3.0476868     -3.0370797     -2.8614567     -3.1099841     -3.0724700    -10.0939283     -8.3054427     -6.4104910 
    56.0000000       -4.1381549     -8.0125475     -3.4624703     -2.9092468     -7.9678383     -6.1878161     -7.8095370     -3.4574777     -7.3223116     -8.1058208     -6.0671921     -8.3255160     -5.9323709    -10.1412890     -8.2006168     -4.1278364     -3.1127784     -3.1032625     -6.2950239     -2.6901278     -2.9336774     -5.4653268     -2.5496281     -2.3604217     -2.6631315     -2.6967638     -2.2595720     -3.6154928     -3.3409042     -3.3600794     -3.1638301     -3.2320297     -3.0476868     -3.0370797     -2.8614567     -3.1099841     -3.0724700    -10.0939283     -8.3054427     -6.4104910 
    56.5000000       -4.1611118     -8.0306127     -3.4827658     -2.9263121     -7.9871725     -6.2094215     -7.8301190     -3.4773589     -7.3526603     -8.1244642     -6.0892838     -8.3492491     -5.9539806    -10.1661705     -8.2235425     -4.1495299     -3.1316049     -3.1221911     -6.3146143     -2.7052839     -2.9504580     -5.4826902     -2.5635111     -2.3743875     -2.6782304     -2.7120637     -2.2729083     -3.6365072     -3.3597892     -3.3768625     -3.1797576     -3.2496475     -3.0647649     -3.0543674     -2.8780263     -3.1248023     -3.0882512    -10.1204207     -8.3305356     -6.4312112 
    57.0000000       -4.1840687     -8.0486051     -3.5030612     -2.9433775     -8.0065068     -6.2310269     -7.8507009     -3.4972401     -7.3830089     -8.1431076     -6.1113755     -8.3729032     -5.9746073    -10.1910545     -8.2464682     -4.1709876     -3.1504315     -3.1411197     -6.3342047     -2.7204399     -2.9672386     -5.5000535     -2.5773941     -2.3883533     -2.6933292     -2.7267475     -2.2862446     -3.6575217     -3.3786742     -3.3936456     -3.1956851     -3.2666098     -3.0818431     -3.0716552     -2.8945958     -3.1396205     -3.1040324    -10.1469131     -8.3556285     -6.4519314 
    57.5000000       -4.2070256     -8.0665976     -3.5233567     -2.9604428     -8.0258410     -6.2526323     -7.8704579     -3.5171213     -7.4133575     -8.1617510     -6.1334672     -8.3965573     -5.9952340    -10.2159387     -8.2693939     -4.1914698     -3.1692580     -3.1600484     -6.3537951     -2.7355959     -2.9840192     -5.5174168     -2.5912770     -2.4023191     -2.7084280     -2.7414313     -2.2995809     -3.6785362     -3.3975593     -3.4104288     -3.2116125     -3.2831026     -3.0989212     -3.0889430     -2.9111654     -3.1544386     -3.1198136    -10.1734054     -8.3807214     -6.4726516 
    58.0000000       -4.2299825     -8.0845901     -3.5433936     -2.9775081     -8.0451752     -6.2742377     -7.8897617     -3.5370025     -7.4437061     -8.1801000     -6.1555589     -8.4202115     -6.0158607    -10.2408229     -8.2917892     -4.2119521     -3.1879721     -3.1789770     -6.3733855     -2.7507519     -3.0007998     -5.5347802     -2.6051600     -2.4162849     -2.7234600     -2.7561151     -2.3129172     -3.6995507     -3.4157272     -3.4272119     -3.2275400     -3.2995954     -3.1159994     -3.1062308     -2.9277350     -3.1682861     -3.1355948    -10.1998978     -8.4058142     -6.4933718 
    58.5000000       -4.2529394     -8.1025825     -3.5629002     -2.9945734     -8.0645095     -6.2958431     -7.9090654     -3.5568837     -7.4727635     -8.1977258     -6.1776506     -8.4438656     -6.0364874    -10.2657072     -8.3134103     -4.2324344     -3.2057827     -3.1979056     -6.3929760     -2.7659079     -3.0175804     -5.5521435     -2.6190430     -2.4302506     -2.7378978     -2.7707989     -2.3257394     -3.7205652     -3.4336048     -3.4439950     -3.2434675     -3.3160882     -3.1330775     -3.1235186     -2.9443045     -3.1819308     -3.1505040    -10.2263902     -8.4309071     -6.5140921 
    59.0000000       -4.2758963     -8.1205750     -3.5824069     -3.0116388     -8.0838437     -6.3174484     -7.9283692     -3.5767649     -7.5017154     -8.2153515     -6.1997423     -8.4675198     -6.0571141    -10.2905914     -8.3350314     -4.2529166     -3.2235933     -3.2168342     -6.4121824     -2.7810639     -3.0343610     -5.5695068     -2.6329260     -2.4442164     -2.7523356     -2.7854827     -2.3384072     -3.7415797     -3.4514824     -3.4607782     -3.2593950     -3.3325810     -3.1501557     -3.1408063     -2.9608741     -3.1955755     -3.1652565    -10.2528826     -8.4560000     -6.5348123 
    59.0000000       -4.2758963     -8.1205750     -3.5824069     -3.0116388     -8.0838437     -6.3174484     -7.9283692     -3.5767649     -7.5017154     -8.2153515     -6.1997423     -8.4675198     -6.0571141    -10.2905914     -8.3350314     -4.2529166     -3.2235933     -3.2168342     -6.4121824     -2.7810639     -3.0343610     -5.5695068     -2.6329260     -2.4442164     -2.7523356     -2.7854827     -2.3384072     -3.7415797     -3.4514824     -3.4607782     -3.2593950     -3.3325810     -3.1501557     -3.1408063     -2.9608741     -3.1955755     -3.1652565    -10.2528826    -13.3100000     -6.5348123 
    59.5000000       -4.2988532     -8.1385675     -3.6019135     -3.0287041     -8.1031780     -6.3390538     -7.9476729     -3.5966462     -7.5306672     -8.2329773     -6.2218340     -8.4911739     -6.0777407    -10.3154756     -8.3566525     -4.2733989     -3.2414039     -3.2353971     -6.4304213     -2.7962199     -3.0507365     -5.5868701     -2.6468090     -2.4581822     -2.7667735     -2.8001665     -2.3510749     -3.7625942     -3.4693601     -3.4775613     -3.2753225     -3.3490739     -3.1672338     -3.1580941     -2.9767793     -3.2092202     -3.1800089    -10.2793750    -13.3362588     -6.5555325 
    60.0000000       -4.3218101     -8.1565599     -3.6214202     -3.0457694     -8.1225122     -6.3606592     -7.9669766     -3.6165274     -7.5596190     -8.2506031     -6.2434375     -8.5148280     -6.0983674    -10.3403598     -8.3782735     -4.2938812     -3.2592145     -3.2539359     -6.4486602     -2.8113759     -3.0665654     -5.6042335     -2.6606920     -2.4721480     -2.7812113     -2.8148503     -2.3637426     -3.7828846     -3.4872377     -3.4943444     -3.2912500     -3.3655667     -3.1843120     -3.1753819     -2.9923870     -3.2228649     -3.1947614    -10.3058674    -13.3625176     -6.5762527 
    60.5000000       -4.3441647     -8.1745524     -3.6409268     -3.0628347     -8.1411059     -6.3818090     -7.9862804     -3.6364086     -7.5885708     -8.2682288     -6.2639719     -8.5384822     -6.1189941    -10.3652440     -8.3998946     -4.3143634     -3.2770251     -3.2724748     -6.4668992     -2.8265320     -3.0823943     -5.6214623     -2.6745750     -2.4861137     -2.7956492     -2.8295341     -2.3764103     -3.8026923     -3.5051154     -3.5111276     -3.3070056     -3.3820595     -3.2012532     -3.1923448     -3.0079946     -3.2365096     -3.2095138    -10.3323598    -13.3887763     -6.5963966 
    60.5000000       -4.3441647     -8.1745524     -3.6409268     -3.0628347     -8.1411059     -6.3818090     -7.9862804     -3.6364086     -7.5885708     -8.2682288     -6.2639719     -8.5384822     -6.1189941    -10.3652440     -8.3998946     -4.3143634     -3.2770251     -3.2724748     -6.4668992     -2.8265320     -3.0823943     -5.6214623     -2.6745750     -2.4861137     -2.7956492     -2.8295341     -2.3764103     -3.8026923     -3.5051154     -3.5111276     -3.3070056     -3.3820595     -3.2012532     -3.1923448     -3.0079946     -3.2365096     -3.2095138    -10.3323598    -13.3887763     -6.5963966 
    61.0000000       -4.3659466     -8.1925448     -3.6604335     -3.0799001     -8.1594061     -6.4015449     -8.0055841     -3.6562898     -7.6175227     -8.2858546     -6.2845063     -8.5621363     -6.1396208    -10.3901283     -8.4215157     -4.3348457     -3.2948357     -3.2910136     -6.4851381     -2.8416880     -3.0982232     -5.6379262     -2.6884580     -2.5000795     -2.8100870     -2.8442179     -2.3890781     -3.8225000     -3.5229930     -3.5279107     -3.3220718     -3.3985523     -3.2173531     -3.2087905     -3.0236023     -3.2501543     -3.2242663    -10.3588522    -13.4150351     -6.6165189 
    61.5000000       -4.3877285     -8.2105373     -3.6799401     -3.0969654     -8.1777063     -6.4212807     -8.0248879     -3.6761710     -7.6464745     -8.3034804     -6.3050407     -8.5857904     -6.1602475    -10.4150125     -8.4431368     -4.3553280     -3.3126463     -3.3095525     -6.5033770     -2.8568440     -3.1140521     -5.6543901     -2.7023410     -2.5140453     -2.8245249     -2.8589017     -2.4017458     -3.8423077     -3.5408706     -3.5446938     -3.3371381     -3.4150451     -3.2334530     -3.2252363     -3.0392099     -3.2637990     -3.2390187    -10.3853446    -13.4412939     -6.6366412 
    62.0000000       -4.4095103     -8.2285298     -3.6994468     -3.1140307     -8.1960064     -6.4410165     -8.0441916     -3.6960522     -7.6754263     -8.3211061     -6.3255750     -8.6093512     -6.1808742    -10.4398967     -8.4647578     -4.3758102     -3.3304570     -3.3280913     -6.5216160     -2.8720000     -3.1298810     -5.6708541     -2.7162240     -2.5279287     -2.8389627     -2.8735855     -2.4144135     -3.8621154     -3.5587483     -3.5614466     -3.3522043     -3.4315379     -3.2495529     -3.2416820     -3.0548176     -3.2774437     -3.2537712    -10.4118370    -13.4675527     -6.6567635 
    62.0000000       -4.4095103     -8.2285298     -3.6994468     -3.1140307     -8.1960064     -6.4410165     -8.0441916     -3.6960522     -7.6754263     -8.3211061     -6.3255750     -8.6093512     -6.1808742    -10.4398967     -8.4647578     -4.3758102     -3.3304570     -3.3280913     -6.5216160     -8.2050000     -3.1298810     -5.6708541     -2.7162240     -2.5279287     -2.8389627     -2.8735855     -2.4144135     -3.8621154     -3.5587483     -3.5614466     -3.3522043     -3.4315379     -3.2495529     -3.2416820     -3.0548176     -3.2774437     -3.2537712    -10.4118370    -13.4675527     -6.6567635 
    62.5000000       -4.4312922     -8.2465222     -3.7189534     -3.1310436     -8.2143066     -6.4607524     -8.0634953     -3.7159334     -7.7043781     -8.3387319     -6.3461094     -8.6314763     -6.2015009    -10.4647809     -8.4863789     -4.3962925     -3.3482676     -3.3466302     -6.5398549     -8.2242013     -3.1457099     -5.6873180     -2.7301070     -2.5413226     -2.8534005     -2.8882693     -2.4270813     -3.8819231     -3.5766259     -3.5771607     -3.3672705     -3.4480307     -3.2656527     -3.2581277     -3.0704253     -3.2910884     -3.2685236    -10.4411889    -13.4938115     -6.6768859 
    63.0000000       -4.4530741     -8.2645147     -3.7384601     -3.1472925     -8.2326068     -6.4804882     -8.0827991     -3.7355617     -7.7333300     -8.3563577     -6.3666438     -8.6536014     -6.2221275    -10.4896652     -8.5080000     -4.4167748     -3.3660782     -3.3651690     -6.5580938     -8.2434025     -3.1615388     -5.7037819     -2.7439900     -2.5547164     -2.8678384     -2.9029531     -2.4397490     -3.9017308     -3.5945036     -3.5928748     -3.3823367     -3.4645236     -3.2817526     -3.2745735     -3.0860329     -3.3047331     -3.2832761    -10.4705585    -13.5200702     -6.6970082 
    63.0000000       -4.4530741     -8.2645147     -3.7384601     -3.1472925     -8.2326068     -6.4804882     -8.0827991     -3.7355617     -7.7333300     -8.3563577     -6.3666438     -8.6536014     -6.2221275    -10.4896652    -13.4130000     -4.4167748     -3.3660782     -3.3651690     -6.5580938     -8.2434025     -3.1615388     -5.7037819     -2.7439900     -2.5547164     -2.8678384     -2.9029531     -2.4397490     -3.9017308     -3.5945036     -3.5928748     -3.3823367     -3.4645236     -3.2817526     -3.2745735     -3.0860329     -3.3047331     -3.2832761    -10.4705585    -13.5200702     -6.6970082 
    63.5000000       -4.4748560     -8.2816525     -3.7579667     -3.1635413     -8.2509070     -6.5002240     -8.1021028     -3.7543987     -7.7622818     -8.3739834     -6.3871782     -8.6757266     -6.2422260    -10.5145494    -13.4411561     -4.4366355     -3.3838888     -3.3837079     -6.5763328     -8.2626038     -3.1773676     -5.7202458     -2.7578730     -2.5681103     -2.8822762     -2.9176369     -2.4524167     -3.9215385     -3.6123812     -3.6085889     -3.3974029     -3.4810164     -3.2978525     -3.2910192     -3.1016406     -3.3183778     -3.2980285    -10.4999282    -13.5463171     -6.7171305 
    64.0000000       -4.4966379     -8.2986534     -3.7774734     -3.1797902     -8.2692072     -6.5199599     -8.1214066     -3.7732356     -7.7912336     -8.3916092     -6.4077125     -8.6978517     -6.2614476    -10.5387131    -13.4693122     -4.4558765     -3.4016994     -3.4022467     -6.5945717     -8.2818051     -3.1931965     -5.7367098     -2.7713183     -2.5815041     -2.8967141     -2.9323075     -2.4650844     -3.9413462     -3.6302589     -3.6243030     -3.4124691     -3.4975092     -3.3139524     -3.3074649     -3.1172482     -3.3320225     -3.3127810    -10.5292978    -13.5725619     -6.7372528 
    64.5000000       -4.5184197     -8.3156542     -3.7969800     -3.1960391     -8.2875073     -6.5396957     -8.1404623     -3.7920726     -7.8191534     -8.4092349     -6.4282469     -8.7199768     -6.2806692    -10.5627981    -13.4974683     -4.4751175     -3.4195100     -3.4207856     -6.6128106     -8.3009146     -3.2090254     -5.7531737     -2.7845074     -2.5948979     -2.9111519     -2.9463886     -2.4777522     -3.9611538     -3.6481365     -3.6400171     -3.4275354     -3.5131549     -3.3300523     -3.3239107     -3.1328559     -3.3456672     -3.3275334    -10.5586674    -13.5988066     -6.7573752 
    65.0000000       -4.5402016     -8.3326551     -3.8157353     -3.2122879     -8.3058075     -6.5594315     -8.1589275     -3.8109096     -7.8465479     -8.4264892     -6.4487813     -8.7421020     -6.2998908    -10.5868831    -13.5256244     -4.4943585     -3.4373206     -3.4393244     -6.6310496     -8.3200058     -3.2248543     -5.7696376     -2.7976965     -2.6082918     -2.9255898     -2.9604697     -2.4904199     -3.9809615     -3.6658895     -3.6557312     -3.4426016     -3.5286498     -3.3461521     -3.3403564     -3.1484635     -3.3593119     -3.3422859    -10.5880371    -13.6250514     -6.7774975 
    65.5000000       -4.5619835     -8.3496560     -3.8342303     -3.2285368     -8.3241077     -6.5791673     -8.1773927     -3.8297465     -7.8739424     -8.4431605     -6.4693156     -8.7642271     -6.3191124    -10.6109682    -13.5537805     -4.5135995     -3.4550249     -3.4578633     -6.6492885     -8.3390970     -3.2406832     -5.7861016     -2.8108855     -2.6216856     -2.9397761     -2.9745507     -2.5030876     -4.0007692     -3.6826608     -3.6714453     -3.4576678     -3.5441448     -3.3622520     -3.3568021     -3.1640712     -3.3729566     -3.3570383    -10.6174067    -13.6512962     -6.7976198 
    66.0000000       -4.5837654     -8.3666568     -3.8527253     -3.2447857     -8.3424079     -6.5989032     -8.1958580     -3.8485835     -7.9013369     -8.4598318     -6.4898500     -8.7863522     -6.3383340    -10.6350532    -13.5819366     -4.5328406     -3.4719467     -3.4764021     -6.6675274     -8.3581882     -3.2565121     -5.8025655     -2.8240746     -2.6350795     -2.9534916     -2.9886318     -2.5157553     -4.0205769     -3.6994322     -3.6871594     -3.4727340     -3.5596398     -3.3783519     -3.3732479     -3.1796789     -3.3865528     -3.3717908    -10.6467763    -13.6775410     -6.8177421 
    66.5000000       -4.6055473     -8.3836577     -3.8712203     -3.2610345     -8.3607081     -6.6186390     -8.2143232     -3.8674205     -7.9287313     -8.4765032     -6.5103844     -8.8084774     -6.3575556    -10.6591382    -13.6100927     -4.5520816     -3.4888685     -3.4949410     -6.6857664     -8.3772794     -3.2723410     -5.8190294     -2.8372636     -2.6484733     -2.9672071     -3.0027129     -2.5284231     -4.0403846     -3.7162035     -3.7028736     -3.4878002     -3.5751348     -3.3944518     -3.3896936     -3.1952865     -3.3990959     -3.3865432    -10.6761460    -13.7037857     -6.8378645 
    67.0000000       -4.6273291     -8.4006586     -3.8897152     -3.2772834     -8.3790083     -6.6383748     -8.2327885     -3.8862574     -7.9561258     -8.4931745     -6.5309188     -8.8306025     -6.3767772    -10.6832232    -13.6382488     -4.5713226     -3.5057903     -3.5130984     -6.7040053     -8.3963706     -3.2881698     -5.8354933     -2.8504527     -2.6618672     -2.9809226     -3.0167940     -2.5408278     -4.0601923     -3.7329749     -3.7185877     -3.5028664     -3.5906298     -3.4105517     -3.4061393     -3.2108942     -3.4116391     -3.4003957    -10.7055156    -13.7300305     -6.8579868 
    67.5000000       -4.6487027     -8.4176594     -3.9082102     -3.2935323     -8.3973084     -6.6581107     -8.2512537     -3.9050944     -7.9835203     -8.5098458     -6.5500116     -8.8527276     -6.3959988    -10.7073082    -13.6664316     -4.5905636     -3.5227121     -3.5308912     -6.7222442     -8.4154618     -3.3039987     -5.8519573     -2.8636418     -2.6752610     -2.9946381     -3.0308751     -2.5528411     -4.0800000     -3.7497462     -3.7343018     -3.5179327     -3.6061248     -3.4266516     -3.4225851     -3.2265018     -3.4241822     -3.4141495    -10.7312368    -13.7562753     -6.8781091 
    68.0000000       -4.6693880     -8.4346603     -3.9267052     -3.3097811     -8.4146877     -6.6767461     -8.2697189     -3.9239314     -8.0109148     -8.5265171     -6.5689419     -8.8748527     -6.4152204    -10.7313933    -13.6946438     -4.6098046     -3.5396339     -3.5486840     -6.7404832     -8.4345530     -3.3198276     -5.8684212     -2.8768308     -2.6886549     -3.0083537     -3.0449562     -2.5648544     -4.0987500     -3.7665176     -3.7500159     -3.5329381     -3.6216198     -3.4427514     -3.4390308     -3.2416344     -3.4367254     -3.4279033    -10.7534077    -13.7825201     -6.8982314 
    68.5000000       -4.6900733     -8.4516611     -3.9452002     -3.3260300     -8.4319732     -6.6946487     -8.2881842     -3.9427683     -8.0383092     -8.5431885     -6.5878722     -8.8969779     -6.4344420    -10.7554783    -13.7228560     -4.6290457     -3.5565557     -3.5664768     -6.7580901     -8.4536442     -3.3354237     -5.8848851     -2.8900199     -2.7020487     -3.0220692     -3.0590372     -2.5768677     -4.1175000     -3.7832889     -3.7657300     -3.5470876     -3.6371147     -3.4588513     -3.4554765     -3.2563277     -3.4492685     -3.4416571    -10.7755787    -13.8087648     -6.9183538 
    69.0000000       -4.7107585     -8.4686620     -3.9636951     -3.3422788     -8.4492587     -6.7125514     -8.3066494     -3.9616053     -8.0657037     -8.5598598     -6.6068024     -8.9190271     -6.4536636    -10.7795633    -13.7510683     -4.6482867     -3.5734775     -3.5842696     -6.7754230     -8.4727354     -3.3504612     -5.9013490     -2.9032089     -2.7154426     -3.0357847     -3.0731183     -2.5888810     -4.1362500     -3.8000603     -3.7814441     -3.5612371     -3.6526097     -3.4743310     -3.4714604     -3.2710211     -3.4618117     -3.4554109    -10.7977496    -13.8350096     -6.9385144 
    69.5000000       -4.7314438     -8.4856629     -3.9821901     -3.3585277     -8.4665442     -6.7304540     -8.3251146     -3.9804423     -8.0930982     -8.5765311     -6.6257327     -8.9410136     -6.4728852    -10.8036483    -13.7792805     -4.6675277     -3.5903993     -3.6020625     -6.7927558     -8.4918266     -3.3654987     -5.9174938     -2.9163980     -2.7288364     -3.0495002     -3.0871994     -2.6008943     -4.1550000     -3.8168316     -3.7971582     -3.5753867     -3.6681047     -3.4894276     -3.4869473     -3.2857144     -3.4743548     -3.4691647    -10.8199205    -13.8612544     -6.9586986 
    70.0000000       -4.7521291     -8.5026637     -4.0006851     -3.3744190     -8.4838296     -6.7483566     -8.3435799     -3.9992792     -8.1204927     -8.5932024     -6.6446630     -8.9630000     -6.4921068    -10.8277333    -13.8074927     -4.6867687     -3.6073211     -3.6198553     -6.8100887     -8.5109178     -3.3805362     -5.9331863     -2.9295871     -2.7422302     -3.0632157     -3.1012805     -2.6129076     -4.1737500     -3.8336029     -3.8122638     -3.5895362     -3.6835997     -3.5045241     -3.5024343     -3.3004077     -3.4868980     -3.4829186    -10.8420915    -13.8867104     -6.9788827 
    70.0000000       -4.7521291     -8.5026637     -4.0006851     -3.3744190     -8.4838296     -6.7483566     -8.3435799     -3.9992792     -8.1204927     -8.5932024     -6.6446630    -13.6150000     -6.4921068    -10.8277333    -13.8074927     -4.6867687     -3.6073211     -3.6198553     -6.8100887     -8.5109178     -3.3805362     -5.9331863     -2.9295871     -2.7422302     -3.0632157     -3.1012805     -2.6129076     -4.1737500     -3.8336029     -3.8122638     -3.5895362     -3.6835997     -3.5045241     -3.5024343     -3.3004077     -3.4868980     -3.4829186    -10.8420915    -13.8867104     -6.9788827 
    70.5000000       -4.7728144     -8.5196646     -4.0191801     -3.3896621     -8.5011151     -6.7662592     -8.3620451     -4.0181162     -8.1478871     -8.6098738     -6.6635933    -13.6364255     -6.5113284    -10.8518184    -13.8357049     -4.7056071     -3.6242430     -3.6376481     -6.8274216     -8.5300090     -3.3955737     -5.9488788     -2.9427761     -2.7556241     -3.0769313     -3.1153616     -2.6249209     -4.1925000     -3.8503743     -3.8270093     -3.6036857     -3.6990947     -3.5196206     -3.5179212     -3.3151010     -3.4994411     -3.4966724    -10.8642624    -13.9091907     -6.9990669 
    71.0000000       -4.7934997     -8.5366338     -4.0376750     -3.4049052     -8.5184006     -6.7841619     -8.3805103     -4.0362715     -8.1749684     -8.6265451     -6.6825235    -13.6578511     -6.5305500    -10.8754558    -13.8639171     -4.7238809     -3.6411648     -3.6554409     -6.8447544     -8.5491002     -3.4106112     -5.9645714     -2.9559652     -2.7689721     -3.0906468     -3.1294426     -2.6369342     -4.2112500     -3.8671456     -3.8417548     -3.6178352     -3.7145897     -3.5347171     -3.5334081     -3.3297943     -3.5119843     -3.5104262    -10.8864334    -13.9316709     -7.0192510 
    71.5000000       -4.8141850     -8.5528263     -4.0561700     -3.4201483     -8.5356861     -6.8020645     -8.3989756     -4.0540343     -8.2007381     -8.6432164     -6.7014538    -13.6792961     -6.5487962    -10.8967793    -13.8921293     -4.7421547     -3.6580866     -3.6732337     -6.8620873     -8.5681914     -3.4256487     -5.9802639     -2.9691542     -2.7817625     -3.1043623     -3.1435237     -2.6489475     -4.2300000     -3.8839170     -3.8565004     -3.6319848     -3.7300847     -3.5498137     -3.5488951     -3.3444877     -3.5245274     -3.5241800    -10.9086043    -13.9541512     -7.0394352 
    72.0000000       -4.8348702     -8.5690189     -4.0746650     -3.4353914     -8.5529716     -6.8199671     -8.4174408     -4.0717971     -8.2265079     -8.6598877     -6.7203841    -13.7007588     -6.5666565    -10.9181028    -13.9203415     -4.7604286     -3.6750084     -3.6910266     -6.8794201     -8.5872826     -3.4406862     -5.9959564     -2.9823433     -2.7945530     -3.1180778     -3.1576048     -2.6609608     -4.2487500     -3.9006883     -3.8712459     -3.6461343     -3.7455796     -3.5649102     -3.5643820     -3.3591810     -3.5370706     -3.5379338    -10.9307753    -13.9766315     -7.0596193 
    72.5000000       -4.8555555     -8.5852114     -4.0925785     -3.4506346     -8.5702571     -6.8378697     -8.4355156     -4.0895599     -8.2522777     -8.6765591     -6.7393143    -13.7222215     -6.5845168    -10.9394262    -13.9485537     -4.7787024     -3.6919302     -3.7088194     -6.8967530     -8.6063738     -3.4557237     -6.0116490     -2.9955323     -2.8073435     -3.1317933     -3.1715894     -2.6729741     -4.2675000     -3.9174597     -3.8859914     -3.6602838     -3.7608888     -3.5800067     -3.5798689     -3.3738743     -3.5496137     -3.5516876    -10.9529462    -13.9991118     -7.0798035 
    73.0000000       -4.8762408     -8.6014039     -4.1101891     -3.4658777     -8.5875425     -6.8557723     -8.4532531     -4.1073227     -8.2780474     -8.6924619     -6.7582446    -13.7436842     -6.6023770    -10.9607497    -13.9767659     -4.7969762     -3.7088520     -3.7266122     -6.9140859     -8.6254024     -3.4707612     -6.0273415     -3.0086311     -2.8201340     -3.1455089     -3.1851644     -2.6849874     -4.2862500     -3.9342310     -3.9007369     -3.6744333     -3.7754470     -3.5951033     -3.5953559     -3.3885676     -3.5621569     -3.5654414    -10.9751171    -14.0215921     -7.0999876 
    73.5000000       -4.8969261     -8.6175965     -4.1277998     -3.4811208     -8.6048280     -6.8736750     -8.4709906     -4.1250855     -8.3038172     -8.7080857     -6.7771749    -13.7651469     -6.6202373    -10.9820732    -14.0049781     -4.8152500     -3.7257738     -3.7444050     -6.9314187     -8.6436777     -3.4857987     -6.0430341     -3.0211280     -2.8329244     -3.1592244     -3.1987395     -2.6970007     -4.3050000     -3.9502275     -3.9154824     -3.6885829     -3.7900053     -3.6101998     -3.6108428     -3.4032609     -3.5747000     -3.5791953    -10.9972881    -14.0440724     -7.1201718 
    73.5000000       -4.8969261     -8.6175965     -4.1277998     -3.4811208     -8.6048280     -6.8736750     -8.4709906     -4.1250855     -8.3038172     -8.7080857     -6.7771749    -13.7651469     -6.6202373    -10.9820732    -14.0049781     -4.8152500     -3.7257738     -3.7444050     -6.9314187     -8.6436777     -3.4857987     -6.0430341     -3.0211280     -2.8329244     -3.1592244     -3.1987395     -2.6970007     -4.3050000     -3.9502275     -3.9154824     -3.6885829     -3.7900053     -3.6101998     -3.6108428     -3.4032609     -3.5747000     -3.5791953    -10.9972881    -14.0440724     -7.1201718 
    74.0000000       -4.9176114     -8.6337890     -4.1454104     -3.4963639     -8.6221135     -6.8915776     -8.4887280     -4.1428483     -8.3295870     -8.7237095     -6.7961051    -13.7866096     -6.6380976    -11.0033967    -14.0331904     -4.8335238     -3.7423705     -3.7621978     -6.9487516     -8.6619531     -3.5008362     -6.0587266     -3.0336250     -2.8457149     -3.1724175     -3.2123145     -2.7090140     -4.3237500     -3.9659160     -3.9302280     -3.7027324     -3.8045635     -3.6252963     -3.6263297     -3.4179543     -3.5872432     -3.5929491    -11.0194590    -14.0665527     -7.1403559 
    74.5000000       -4.9382967     -8.6499815     -4.1630210     -3.5116070     -8.6393990     -6.9094802     -8.5064655     -4.1606111     -8.3553567     -8.7393333     -6.8150354    -13.8080723     -6.6559578    -11.0247201    -14.0605198     -4.8517976     -3.7583265     -3.7799907     -6.9660845     -8.6802284     -3.5158737     -6.0744191     -3.0461219     -2.8585054     -3.1855329     -3.2258896     -2.7210273     -4.3425000     -3.9816046     -3.9449735     -3.7168819     -3.8191218     -3.6403928     -3.6418167     -3.4326476     -3.5997863     -3.6067029    -11.0416300    -14.0890330     -7.1605401 
    75.0000000       -4.9589820     -8.6661741     -4.1806316     -3.5268501     -8.6566845     -6.9273828     -8.5242030     -4.1783739     -8.3811265     -8.7549571     -6.8339657    -13.8295350     -6.6738181    -11.0460436    -14.0876679     -4.8700715     -3.7742825     -3.7977835     -6.9834173     -8.6985037     -3.5309112     -6.0901117     -3.0586189     -2.8712958     -3.1986483     -3.2394647     -2.7330406     -4.3612500     -3.9972931     -3.9597190     -3.7310314     -3.8336800     -3.6554894     -3.6573036     -3.4473409     -3.6123294     -3.6204567    -11.0638009    -14.1115133     -7.1807243 
    75.5000000       -4.9789240     -8.6823666     -4.1982422     -3.5420932     -8.6739700     -6.9452855     -8.5419404     -4.1961367     -8.4068963     -8.7705809     -6.8521132    -13.8509977     -6.6916784    -11.0673671    -14.1148159     -4.8883453     -3.7902385     -3.8154024     -7.0007502     -8.7167790     -3.5459487     -6.1058042     -3.0711158     -2.8840863     -3.2117637     -3.2530397     -2.7450540     -4.3800000     -4.0129817     -3.9744645     -3.7451810     -3.8482383     -3.6705859     -3.6727905     -3.4620342     -3.6248726     -3.6342105    -11.0849393    -14.1339936     -7.2009084 
    76.0000000       -4.9985612     -8.6985591     -4.2158528     -3.5573363     -8.6911716     -6.9631881     -8.5596779     -4.2138995     -8.4326660     -8.7862047     -6.8695462    -13.8724604     -6.7095386    -11.0886905    -14.1419639     -4.9066191     -3.8061944     -3.8326405     -7.0180830     -8.7350543     -3.5609862     -6.1214967     -3.0836128     -2.8968768     -3.2248791     -3.2666148     -2.7570673     -4.3987500     -4.0286702     -3.9892100     -3.7593305     -3.8627965     -3.6856824     -3.6882775     -3.4767275     -3.6369826     -3.6479643    -11.1048144    -14.1564738     -7.2210926 
    76.5000000       -5.0181983     -8.7147517     -4.2334634     -3.5725794     -8.7073021     -6.9805326     -8.5774154     -4.2316623     -8.4584358     -8.8018285     -6.8869792    -13.8939231     -6.7273989    -11.1100140    -14.1691120     -4.9248929     -3.8221504     -3.8498786     -7.0354159     -8.7533296     -3.5760237     -6.1371893     -3.0961097     -2.9096673     -3.2379945     -3.2801899     -2.7690806     -4.4170909     -4.0443588     -4.0039555     -3.7734007     -3.8773548     -3.7007790     -3.7037644     -3.4914209     -3.6487931     -3.6613354    -11.1246896    -14.1789541     -7.2412767 
    77.0000000       -5.0378355     -8.7309442     -4.2510740     -3.5878225     -8.7234326     -6.9974451     -8.5951528     -4.2494251     -8.4842056     -8.8174523     -6.9044122    -13.9153858     -6.7452591    -11.1313375    -14.1962600     -4.9431667     -3.8381064     -3.8671167     -7.0527488     -8.7716050     -3.5910612     -6.1528818     -3.1086067     -2.9224577     -3.2511099     -3.2937649     -2.7807806     -4.4348182     -4.0600473     -4.0187011     -3.7867923     -3.8919130     -3.7158755     -3.7192513     -3.5061142     -3.6606037     -3.6741687    -11.1445647    -14.2014344     -7.2614609 
    77.0000000       -5.0378355     -8.7309442     -4.2510740     -3.5878225     -8.7234326     -6.9974451     -8.5951528     -4.2494251     -8.4842056     -8.8174523     -6.9044122    -13.9153858     -6.7452591    -11.1313375    -14.1962600     -4.9431667     -3.8381064     -3.8671167     -7.0527488     -8.7716050     -3.5910612     -6.1528818     -3.1086067     -2.9224577     -3.2511099     -3.2937649     -2.7807806     -4.4348182     -4.0600473     -4.0187011     -3.7867923     -3.8919130     -3.7158755     -3.7192513     -3.5061142     -3.6606037     -3.6741687    -11.1445647    -14.2014344     -7.2614609 
    77.5000000       -5.0574726     -8.7471367     -4.2686847     -3.6030656     -8.7395632     -7.0143575     -8.6128903     -4.2671879     -8.5099754     -8.8330761     -6.9218451    -13.9368485     -6.7631194    -11.1526610    -14.2234080     -4.9614406     -3.8540624     -3.8843547     -7.0700816     -8.7898803     -3.6060987     -6.1685744     -3.1211036     -2.9352482     -3.2642253     -3.3073400     -2.7921764     -4.4525455     -4.0757359     -4.0334466     -3.8001839     -3.9064713     -3.7309720     -3.7347383     -3.5208075     -3.6724142     -3.6870019    -11.1644399    -14.2239147     -7.2816450 
    78.0000000       -5.0771098     -8.7633293     -4.2862953     -3.6183087     -8.7556937     -7.0312700     -8.6306278     -4.2849507     -8.5357451     -8.8486999     -6.9392781    -13.9583112     -6.7809797    -11.1739844    -14.2505561     -4.9797144     -3.8700183     -3.9015928     -7.0874145     -8.8081556     -3.6211363     -6.1842669     -3.1336006     -2.9480387     -3.2773407     -3.3209150     -2.8035723     -4.4702727     -4.0914244     -4.0481921     -3.8135755     -3.9210295     -3.7460685     -3.7502252     -3.5346777     -3.6842247     -3.6998351    -11.1843150    -14.2463950     -7.3018160 
    78.5000000       -5.0967469     -8.7795218     -4.3039059     -3.6326798     -8.7718243     -7.0481824     -8.6483653     -4.3027135     -8.5608877     -8.8643237     -6.9567111    -13.9797739     -6.7988399    -11.1953079    -14.2777041     -4.9971357     -3.8859743     -3.9188309     -7.1047474     -8.8264309     -3.6361738     -6.1999594     -3.1460975     -2.9608291     -3.2904561     -3.3344901     -2.8149681     -4.4880000     -4.1071130     -4.0626971     -3.8269670     -3.9355878     -3.7603752     -3.7654284     -3.5484752     -3.6960352     -3.7126684    -11.2041901    -14.2666238     -7.3216797 
    79.0000000       -5.1163841     -8.7957143     -4.3215165     -3.6470094     -8.7879548     -7.0650949     -8.6661027     -4.3204763     -8.5847593     -8.8799475     -6.9741441    -14.0012366     -6.8167002    -11.2166314    -14.3048521     -5.0143702     -3.9019303     -3.9360689     -7.1217991     -8.8447062     -3.6508772     -6.2156520     -3.1585944     -2.9736196     -3.3035715     -3.3480652     -2.8263639     -4.5057273     -4.1228015     -4.0765421     -3.8403586     -3.9501460     -3.7745661     -3.7801461     -3.5622727     -3.7078457     -3.7255016    -11.2240653    -14.2848418     -7.3415434 
    79.5000000       -5.1360212     -8.8119069     -4.3391271     -3.6613391     -8.8040854     -7.0820074     -8.6838402     -4.3381663     -8.6086310     -8.8955713     -6.9915770    -14.0226993     -6.8345605    -11.2379548    -14.3320002     -5.0316046     -3.9178863     -3.9533070     -7.1384437     -8.8629816     -3.6652180     -6.2310916     -3.1710914     -2.9864101     -3.3166869     -3.3616402     -2.8377597     -4.5234545     -4.1384901     -4.0903871     -3.8537502     -3.9647043     -3.7887569     -3.7948638     -3.5760702     -3.7196563     -3.7383348    -11.2439404    -14.3030598     -7.3614072 
    80.0000000       -5.1556584     -8.8278766     -4.3567377     -3.6756687     -8.8202159     -7.0989198     -8.7015777     -4.3548849     -8.6325026     -8.9111951     -7.0090100    -14.0441620     -6.8524207    -11.2592783    -14.3591482     -5.0488391     -3.9338422     -3.9705451     -7.1550883     -8.8812569     -3.6795588     -6.2460417     -3.1835883     -2.9992005     -3.3298023     -3.3752153     -2.8491555     -4.5411818     -4.1541786     -4.1042321     -3.8671418     -3.9792625     -3.8029477     -3.8095814     -3.5898677     -3.7314668     -3.7511681    -11.2638156    -14.3212779     -7.3812709 
    80.5000000       -5.1752955     -8.8433618     -4.3743483     -3.6899983     -8.8363465     -7.1158323     -8.7193151     -4.3716035     -8.6563743     -8.9268189     -7.0264430    -14.0656247     -6.8688872    -11.2794560    -14.3862962     -5.0660735     -3.9497982     -3.9877831     -7.1717329     -8.8995322     -3.6938996     -6.2609918     -3.1960853     -3.0119910     -3.3429177     -3.3887903     -2.8605513     -4.5589091     -4.1698672     -4.1180771     -3.8805333     -3.9938208     -3.8171385     -3.8242991     -3.6036652     -3.7432773     -3.7640013    -11.2836907    -14.3394959     -7.4011346 
    81.0000000       -5.1949326     -8.8588469     -4.3911773     -3.7043280     -8.8524770     -7.1327447     -8.7369791     -4.3883221     -8.6802459     -8.9424427     -7.0438760    -14.0862956     -6.8852184    -11.2995332    -14.4134443     -5.0833080     -3.9657542     -4.0050212     -7.1883775     -8.9178075     -3.7082405     -6.2759419     -3.2085822     -3.0247815     -3.3560331     -3.4023654     -2.8719471     -4.5766364     -4.1855557     -4.1319221     -3.8939249     -4.0083791     -3.8313294     -3.8390168     -3.6174627     -3.7550878     -3.7768346    -11.3035659    -14.3577140     -7.4209983 
    81.5000000       -5.2145698     -8.8743320     -4.4078676     -3.7186576     -8.8686075     -7.1496572     -8.7540811     -4.4050407     -8.7041176     -8.9580665     -7.0613089    -14.1067018     -6.9015496    -11.3196103    -14.4403757     -5.1005424     -3.9817102     -4.0222593     -7.2050222     -8.9360828     -3.7225813     -6.2908920     -3.2210792     -3.0371884     -3.3691486     -3.4159405     -2.8833430     -4.5943636     -4.2012443     -4.1457671     -3.9073165     -4.0229373     -3.8455202     -3.8537344     -3.6312602     -3.7668984     -3.7896678    -11.3234410    -14.3759320     -7.4408620 
    81.5000000       -5.2145698     -8.8743320     -4.4078676     -3.7186576     -8.8686075     -7.1496572     -8.7540811     -4.4050407     -8.7041176     -8.9580665     -7.0613089    -14.1067018     -6.9015496    -11.3196103    -14.4403757     -5.1005424     -3.9817102     -4.0222593     -7.2050222     -8.9360828     -3.7225813     -6.2908920     -3.2210792     -3.0371884     -3.3691486     -3.4159405     -2.8833430     -4.5943636     -4.2012443     -4.1457671     -3.9073165     -4.0229373     -3.8455202     -3.8537344     -3.6312602     -3.7668984     -3.7896678    -11.3234410    -14.3759320     -7.4408620 
    82.0000000       -5.2342069     -8.8898172     -4.4245580     -3.7329872     -8.8847381     -7.1665697     -8.7711831     -4.4217593     -8.7279892     -8.9727410     -7.0787419    -14.1271081     -6.9178808    -11.3396874    -14.4658864     -5.1177769     -3.9976662     -4.0394973     -7.2216668     -8.9543581     -3.7369221     -6.3058421     -3.2335761     -3.0493310     -3.3822640     -3.4292826     -2.8947388     -4.6120909     -4.2169328     -4.1596121     -3.9207081     -4.0371304     -3.8597110     -3.8684521     -3.6450577     -3.7787089     -3.8025010    -11.3433162    -14.3941501     -7.4607257 
    82.5000000       -5.2538441     -8.9053023     -4.4412483     -3.7473169     -8.9008686     -7.1834821     -8.7882851     -4.4384779     -8.7518608     -8.9873553     -7.0961749    -14.1475144     -6.9342121    -11.3597645    -14.4913972     -5.1350113     -4.0136221     -4.0567354     -7.2383114     -8.9726335     -3.7512630     -6.3207922     -3.2460731     -3.0614736     -3.3953794     -3.4422843     -2.9061346     -4.6298182     -4.2323952     -4.1734571     -3.9340996     -4.0507214     -3.8739018     -3.8831698     -3.6588552     -3.7905194     -3.8153343    -11.3631913    -14.4123681     -7.4805894 
    83.0000000       -5.2734812     -8.9207874     -4.4579387     -3.7616465     -8.9169992     -7.2003946     -8.8053871     -4.4551965     -8.7757325     -9.0019695     -7.1136079    -14.1679207     -6.9505433    -11.3798416    -14.5169080     -5.1522458     -4.0295781     -4.0739735     -7.2549560     -8.9905397     -3.7656038     -6.3357423     -3.2585700     -3.0736163     -3.4081992     -3.4552861     -2.9175304     -4.6475455     -4.2471037     -4.1873021     -3.9474912     -4.0643124     -3.8880927     -3.8978875     -3.6726527     -3.8023299     -3.8281675    -11.3830664    -14.4305861     -7.5004532 
    83.5000000       -5.2931184     -8.9362726     -4.4746291     -3.7759762     -8.9331297     -7.2173070     -8.8224891     -4.4719151     -8.7996041     -9.0165837     -7.1310408    -14.1883270     -6.9668745    -11.3999187    -14.5424188     -5.1694802     -4.0450527     -4.0912115     -7.2716006     -9.0078386     -3.7799446     -6.3506924     -3.2710670     -3.0857589     -3.4207177     -3.4682878     -2.9289262     -4.6652727     -4.2618122     -4.2011471     -3.9608828     -4.0779034     -3.9022835     -3.9126051     -3.6864502     -3.8141405     -3.8410007    -11.4029416    -14.4488042     -7.5203169 
    84.0000000       -5.3123994     -8.9517577     -4.4913194     -3.7903058     -8.9492603     -7.2342195     -8.8395911     -4.4886337     -8.8234758     -9.0311979     -7.1484738    -14.2087332     -6.9832058    -11.4199958    -14.5679296     -5.1867147     -4.0601087     -4.1084496     -7.2882452     -9.0251375     -3.7942854     -6.3656425     -3.2831000     -3.0979015     -3.4332362     -3.4812896     -2.9403220     -4.6830000     -4.2765207     -4.2149921     -3.9742744     -4.0914944     -3.9164743     -3.9273228     -3.7002477     -3.8259510     -3.8538340    -11.4228167    -14.4670222     -7.5401806 
    84.5000000       -5.3310012     -8.9672428     -4.5080098     -3.8046354     -8.9653908     -7.2511319     -8.8566931     -4.5053523     -8.8473474     -9.0458121     -7.1659068    -14.2291395     -6.9995370    -11.4400729    -14.5934404     -5.2039491     -4.0751648     -4.1256877     -7.3048898     -9.0424365     -3.8086263     -6.3805925     -3.2950481     -3.1100441     -3.4457548     -3.4942913     -2.9517178     -4.7007273     -4.2912293     -4.2288371     -3.9876660     -4.1050854     -3.9306651     -3.9420405     -3.7140452     -3.8377615     -3.8666672    -11.4426919    -14.4852403     -7.5600443 
    85.0000000       -5.3496030     -8.9827280     -4.5247001     -3.8189651     -8.9815214     -7.2680444     -8.8737951     -4.5220709     -8.8712190     -9.0604263     -7.1819852    -14.2495458     -7.0158682    -11.4601500    -14.6189512     -5.2211836     -4.0902208     -4.1422693     -7.3215345     -9.0597354     -3.8229671     -6.3955426     -3.3069962     -3.1221867     -3.4582733     -3.5072931     -2.9631137     -4.7184545     -4.3059378     -4.2426821     -4.0010575     -4.1186764     -3.9448560     -3.9567582     -3.7278427     -3.8495720     -3.8795004    -11.4611888    -14.5034583     -7.5799080 
    85.5000000       -5.3682049     -8.9982131     -4.5413905     -3.8332947     -8.9976170     -7.2849569     -8.8908971     -4.5387895     -8.8950907     -9.0750405     -7.1976480    -14.2699521     -7.0321994    -11.4802271    -14.6444620     -5.2384180     -4.1052768     -4.1586320     -7.3381791     -9.0770343     -3.8373079     -6.4104927     -3.3189444     -3.1343293     -3.4707918     -3.5202948     -2.9745095     -4.7361818     -4.3206463     -4.2565271     -4.0144491     -4.1322674     -3.9590468     -3.9714758     -3.7416402     -3.8613825     -3.8923337    -11.4790449    -14.5216764     -7.5997717 
    86.0000000       -5.3868067     -9.0136982     -4.5580809     -3.8476243     -9.0128836     -7.3013924     -8.9079991     -4.5555081     -8.9189623     -9.0896547     -7.2133108    -14.2903584     -7.0485307    -11.5003042    -14.6699727     -5.2556525     -4.1203328     -4.1749947     -7.3548237     -9.0943333     -3.8516487     -6.4254428     -3.3308925     -3.1464719     -3.4833103     -3.5332966     -2.9859053     -4.7539091     -4.3353549     -4.2703721     -4.0277809     -4.1458584     -3.9732376     -3.9861935     -3.7554377     -3.8731931     -3.9051669    -11.4969010    -14.5398944     -7.6196354 
    86.0000000       -5.3868067     -9.0136982     -4.5580809     -3.8476243     -9.0128836     -7.3013924     -8.9079991     -4.5555081     -8.9189623     -9.0896547     -7.2133108    -14.2903584     -7.0485307    -11.5003042    -14.6699727     -5.2556525     -4.1203328     -4.1749947     -7.3548237     -9.0943333     -3.8516487     -6.4254428     -3.3308925     -3.1464719     -3.4833103     -3.5332966     -2.9859053     -4.7539091     -4.3353549     -4.2703721     -4.0277809     -4.1458584     -3.9732376     -3.9861935     -3.7554377     -3.8731931     -3.9051669    -11.4969010    -14.5398944     -7.6196354 
    86.5000000       -5.4054085     -9.0291834     -4.5747712     -3.8619540     -9.0281503     -7.3169306     -8.9251011     -4.5722267     -8.9428340     -9.1042689     -7.2289736    -14.3107646     -7.0648619    -11.5203813    -14.6954835     -5.2728870     -4.1353888     -4.1913573     -7.3714683     -9.1116322     -3.8659896     -6.4403929     -3.3428406     -3.1586145     -3.4958289     -3.5462983     -2.9973011     -4.7711081     -4.3500634     -4.2842171     -4.0402208     -4.1594494     -3.9874284     -4.0009112     -3.7692352     -3.8850036     -3.9180002    -11.5147570    -14.5581124     -7.6394991 
    87.0000000       -5.4240104     -9.0446685     -4.5914616     -3.8762836     -9.0434169     -7.3324689     -8.9422031     -4.5889453     -8.9653496     -9.1188831     -7.2446364    -14.3311709     -7.0811931    -11.5404584    -14.7209943     -5.2895956     -4.1504448     -4.2077200     -7.3881129     -9.1289311     -3.8803304     -6.4553430     -3.3547887     -3.1707571     -3.5083474     -3.5593001     -3.0086969     -4.7879550     -4.3647719     -4.2980621     -4.0526607     -4.1730404     -4.0016193     -4.0156289     -3.7830327     -3.8967009     -3.9308334    -11.5326131    -14.5763305     -7.6593629 
    87.5000000       -5.4426122     -9.0601536     -4.6081519     -3.8900666     -9.0586835     -7.3480071     -8.9593051     -4.6056639     -8.9874908     -9.1334973     -7.2602991    -14.3515772     -7.0975244    -11.5605355    -14.7465051     -5.3060151     -4.1655008     -4.2240827     -7.4047575     -9.1462301     -3.8946712     -6.4702931     -3.3667368     -3.1828998     -3.5208659     -3.5723018     -3.0200927     -4.8048018     -4.3794804     -4.3119071     -4.0651005     -4.1866315     -4.0158101     -4.0303465     -3.7968302     -3.9077743     -3.9435814    -11.5504692    -14.5945485     -7.6792266 
    88.0000000       -5.4612140     -9.0756388     -4.6248423     -3.9033674     -9.0739502     -7.3635454     -8.9764071     -4.6223825     -9.0096320     -9.1481115     -7.2759619    -14.3719835     -7.1138556    -11.5806126    -14.7720159     -5.3224347     -4.1805568     -4.2404453     -7.4214021     -9.1635290     -3.9090121     -6.4852432     -3.3786850     -3.1950424     -3.5333844     -3.5853036     -3.0314885     -4.8216486     -4.3941890     -4.3257521     -4.0775404     -4.2002225     -4.0300009     -4.0450642     -3.8106277     -3.9188476     -3.9557581    -11.5683253    -14.6127666     -7.6990903 
    88.5000000       -5.4798159     -9.0911239     -4.6415326     -3.9166682     -9.0892168     -7.3790836     -8.9935091     -4.6391011     -9.0317732     -9.1627257     -7.2916247    -14.3923897     -7.1301868    -11.6006897    -14.7975267     -5.3388542     -4.1956128     -4.2568080     -7.4380467     -9.1808279     -3.9233529     -6.5001933     -3.3906331     -3.2071850     -3.5459030     -3.5983053     -3.0425241     -4.8384955     -4.4088975     -4.3390052     -4.0899803     -4.2138135     -4.0441917     -4.0597819     -3.8244252     -3.9299210     -3.9679349    -11.5861814    -14.6309846     -7.7190453 
    89.0000000       -5.4984177     -9.1066090     -4.6582230     -3.9299689     -9.1044835     -7.3946218     -9.0106111     -4.6558197     -9.0539144     -9.1773399     -7.3072875    -14.4127960     -7.1465181    -11.6207668    -14.8230375     -5.3552738     -4.2106689     -4.2731707     -7.4546914     -9.1981269     -3.9376937     -6.5151434     -3.4025812     -3.2193276     -3.5584215     -3.6113071     -3.0534579     -4.8553423     -4.4236060     -4.3519963     -4.1024201     -4.2274045     -4.0578183     -4.0744996     -3.8377865     -3.9409944     -3.9801116    -11.6040375    -14.6492027     -7.7390913 
    89.5000000       -5.5170195     -9.1220942     -4.6749134     -3.9432697     -9.1197501     -7.4101601     -9.0277131     -4.6723225     -9.0760556     -9.1919541     -7.3229503    -14.4332023     -7.1628493    -11.6408439    -14.8485030     -5.3716934     -4.2257249     -4.2895333     -7.4713360     -9.2154258     -3.9520345     -6.5300934     -3.4145293     -3.2314702     -3.5709400     -3.6243088     -3.0643916     -4.8721892     -4.4383145     -4.3649874     -4.1148600     -4.2409955     -4.0710538     -4.0885979     -3.8507508     -3.9520678     -3.9922884    -11.6218936    -14.6674207     -7.7591373 
    90.0000000       -5.5356214     -9.1372859     -4.6915705     -3.9565704     -9.1350168     -7.4256983     -9.0448151     -4.6880215     -9.0981968     -9.2065683     -7.3386131    -14.4536086     -7.1791805    -11.6609210    -14.8719058     -5.3881129     -4.2407809     -4.3058960     -7.4879806     -9.2327247     -3.9663754     -6.5450435     -3.4264775     -3.2436128     -3.5834586     -3.6373106     -3.0753253     -4.8890360     -4.4530231     -4.3779786     -4.1272999     -4.2545865     -4.0842893     -4.1025694     -3.8637150     -3.9631411     -4.0044651    -11.6397497    -14.6855626     -7.7791832 
    90.0000000       -5.5356214     -9.1372859     -4.6915705     -3.9565704     -9.1350168     -7.4256983     -9.0448151     -4.6880215     -9.0981968     -9.2065683     -7.3386131    -14.4536086     -7.1791805    -11.6609210    -14.8719058     -5.3881129     -4.2407809     -4.3058960     -7.4879806     -9.2327247     -3.9663754     -6.5450435     -3.4264775     -3.2436128     -3.5834586     -3.6373106     -3.0753253     -4.8890360     -4.4530231     -4.3779786     -4.1272999     -4.2545865     -4.0842893     -4.1025694     -3.8637150     -3.9631411     -4.0044651    -11.6397497    -14.6855626     -7.7791832 
    90.5000000       -5.5542232     -9.1521716     -4.7073420     -3.9698712     -9.1502834     -7.4412365     -9.0619171     -4.7037204     -9.1203380     -9.2211825     -7.3542759    -14.4740149     -7.1949018    -11.6808276    -14.8953086     -5.4045325     -4.2558369     -4.3222587     -7.5046252     -9.2500237     -3.9807162     -6.5599936     -3.4384256     -3.2557554     -3.5959771     -3.6503123     -3.0862591     -4.9058829     -4.4677316     -4.3909697     -4.1397397     -4.2681775     -4.0975249     -4.1165409     -3.8766793     -3.9742145     -4.0166418    -11.6576057    -14.7029345     -7.7992292 
    91.0000000       -5.5728250     -9.1670573     -4.7231134     -3.9831720     -9.1655500     -7.4567748     -9.0790267     -4.7194193     -9.1424791     -9.2357968     -7.3699387    -14.4944211     -7.2099070    -11.7004156    -14.9187114     -5.4209520     -4.2708929     -4.3386213     -7.5211289     -9.2673226     -3.9945998     -6.5745902     -3.4503737     -3.2678980     -3.6084956     -3.6633140     -3.0971928     -4.9227297     -4.4824401     -4.4039608     -4.1521796     -4.2817685     -4.1107604     -4.1305124     -3.8896435     -3.9852879     -4.0288186    -11.6754618    -14.7203064     -7.8192752 
    91.5000000       -5.5914269     -9.1819430     -4.7388849     -3.9964727     -9.1808167     -7.4723130     -9.0961363     -4.7351182     -9.1646203     -9.2504110     -7.3856015    -14.5145395     -7.2249121    -11.7200037    -14.9421142     -5.4373716     -4.2859489     -4.3549840     -7.5373995     -9.2846215     -4.0082887     -6.5890574     -3.4623218     -3.2800406     -3.6210141     -3.6763158     -3.1081265     -4.9395766     -4.4971486     -4.4169519     -4.1646194     -4.2953595     -4.1239959     -4.1444840     -3.9026078     -3.9963613     -4.0409953    -11.6933179    -14.7376782     -7.8393212 
    92.0000000       -5.6100287     -9.1968287     -4.7546564     -4.0097735     -9.1960833     -7.4878512     -9.1132459     -4.7508172     -9.1867615     -9.2650536     -7.4012642    -14.5344489     -7.2399173    -11.7395917    -14.9655170     -5.4537912     -4.3010049     -4.3713466     -7.5536702     -9.3019204     -4.0219776     -6.6035247     -3.4742699     -3.2921833     -3.6335327     -3.6893175     -3.1190603     -4.9564234     -4.5118572     -4.4299430     -4.1770593     -4.3089505     -4.1372315     -4.1584555     -3.9155720     -4.0074346     -4.0531721    -11.7111740    -14.7550501     -7.8593671 
    92.5000000       -5.6286305     -9.2117144     -4.7704279     -4.0230743     -9.2113500     -7.5033895     -9.1303556     -4.7665161     -9.2089027     -9.2797024     -7.4169270    -14.5543583     -7.2549225    -11.7591797    -14.9889198     -5.4702107     -4.3160609     -4.3877093     -7.5699408     -9.3192194     -4.0356665     -6.6179919     -3.4862181     -3.3043259     -3.6460512     -3.7021829     -3.1299940     -4.9732703     -4.5265657     -4.4429341     -4.1894992     -4.3224409     -4.1504670     -4.1724270     -3.9285363     -4.0185080     -4.0653488    -11.7290301    -14.7724220     -7.8794131 
    93.0000000       -5.6472324     -9.2266001     -4.7861993     -4.0363750     -9.2266166     -7.5189277     -9.1474652     -4.7822150     -9.2310439     -9.2943512     -7.4325898    -14.5742678     -7.2699276    -11.7787677    -15.0123226     -5.4866303     -4.3311169     -4.4040720     -7.5862114     -9.3365183     -4.0493554     -6.6324591     -3.4981662     -3.3162773     -3.6585411     -3.7149040     -3.1409277     -4.9901171     -4.5408948     -4.4559252     -4.2019390     -4.3351448     -4.1637025     -4.1863986     -3.9415005     -4.0295814     -4.0775256    -11.7468862    -14.7897938     -7.8994591 
    93.5000000       -5.6657314     -9.2414858     -4.8019708     -4.0496758     -9.2418832     -7.5344660     -9.1645748     -4.7979139     -9.2531851     -9.3090000     -7.4482526    -14.5941772     -7.2849328    -11.7983557    -15.0357254     -5.5030498     -4.3461730     -4.4204346     -7.6024820     -9.3538172     -4.0630443     -6.6469263     -3.5101143     -3.3279003     -3.6704310     -3.7276252     -3.1518615     -5.0069640     -4.5545452     -4.4689163     -4.2143789     -4.3478487     -4.1769381     -4.2003701     -3.9544648     -4.0406547     -4.0897023    -11.7647423    -14.8071657     -7.9195050 
    93.5000000       -5.6657314     -9.2414858     -4.8019708     -4.0496758     -9.2418832     -7.5344660     -9.1645748     -4.7979139     -9.2531851    -14.4240000     -7.4482526    -14.5941772     -7.2849328    -11.7983557    -15.0357254     -5.5030498     -4.3461730     -4.4204346     -7.6024820     -9.3538172     -4.0630443     -6.6469263     -3.5101143     -3.3279003     -3.6704310     -3.7276252     -3.1518615     -5.0069640     -4.5545452     -4.4689163     -4.2143789     -4.3478487     -4.1769381     -4.2003701     -3.9544648     -4.0406547     -4.0897023    -11.7647423    -14.8071657     -7.9195050 
    94.0000000       -5.6832905     -9.2563715     -4.8177423     -4.0629765     -9.2571499     -7.5500042     -9.1816845     -4.8136129     -9.2753263    -14.4390268     -7.4639154    -14.6140867     -7.2999380    -11.8179438    -15.0591282     -5.5194694     -4.3608096     -4.4367973     -7.6187526     -9.3711233     -4.0767332     -6.6613935     -3.5220624     -3.3395234     -3.6823209     -3.7403463     -3.1627952     -5.0238108     -4.5681955     -4.4819074     -4.2268188     -4.3605527     -4.1901736     -4.2143416     -3.9674290     -4.0517281     -4.1018791    -11.7825983    -14.8245376     -7.9395510 
    94.0000000       -5.6832905     -9.2563715     -4.8177423     -4.0629765     -9.2571499     -7.5500042     -9.1816845     -4.8136129     -9.2753263    -14.4390268     -7.4639154    -14.6140867     -7.2999380    -11.8179438    -15.0591282     -5.5194694     -4.3608096     -4.4367973     -7.6187526     -9.3711233     -4.0767332     -6.6613935     -3.5220624     -3.3395234     -3.6823209     -3.7403463     -3.1627952     -5.0238108     -4.5681955     -4.4819074     -4.2268188     -4.3605527     -4.1901736     -4.2143416     -3.9674290     -4.0517281     -4.1018791    -11.7825983    -14.8245376     -7.9395510 
    94.5000000       -5.7008496     -9.2712573     -4.8335138     -4.0762773     -9.2724165     -7.5655424     -9.1987941     -4.8293118     -9.2974675    -14.4540535     -7.4795782    -14.6339961     -7.3149432    -11.8375318    -15.0825310     -5.5358890     -4.3749921     -4.4531600     -7.6350232     -9.3884464     -4.0904221     -6.6758607     -3.5340106     -3.3511464     -3.6942109     -3.7530675     -3.1737289     -5.0406577     -4.5818459     -4.4948985     -4.2392586     -4.3732566     -4.2034091     -4.2283132     -3.9803933     -4.0628015     -4.1140558    -11.8004544    -14.8419094     -7.9595970 
    95.0000000       -5.7184088     -9.2861430     -4.8492852     -4.0895781     -9.2876832     -7.5810807     -9.2159037     -4.8450107     -9.3196086    -14.4690803     -7.4952410    -14.6539056     -7.3299483    -11.8571198    -15.1059338     -5.5523085     -4.3891746     -4.4693685     -7.6512939     -9.4057694     -4.1041110     -6.6903279     -3.5459587     -3.3627695     -3.7061008     -3.7657886     -3.1846627     -5.0575045     -4.5954963     -4.5078896     -4.2516985     -4.3859606     -4.2166447     -4.2422847     -3.9933575     -4.0738749     -4.1262326    -11.8183105    -14.8592813     -7.9796430 
    95.5000000       -5.7359679     -9.3010287     -4.8650567     -4.1028788     -9.3029498     -7.5966189     -9.2330133     -4.8607097     -9.3417498    -14.4841071     -7.5109038    -14.6738150     -7.3449535    -11.8767078    -15.1293366     -5.5687281     -4.4033572     -4.4847317     -7.6675645     -9.4230925     -4.1177999     -6.7047951     -3.5579068     -3.3743925     -3.7179907     -3.7785097     -3.1955964     -5.0743514     -4.6091467     -4.5208807     -4.2641384     -4.3986645     -4.2298802     -4.2562562     -4.0063218     -4.0849482     -4.1384093    -11.8361666    -14.8766532     -7.9996889 
    96.0000000       -5.7535270     -9.3159144     -4.8808282     -4.1161796     -9.3182165     -7.6121571     -9.2501230     -4.8764086     -9.3632504    -14.4991338     -7.5263488    -14.6937244     -7.3599587    -11.8962958    -15.1527394     -5.5851476     -4.4175397     -4.5000948     -7.6838351     -9.4404155     -4.1314888     -6.7192623     -3.5696887     -3.3860156     -3.7298806     -3.7912309     -3.2065301     -5.0911982     -4.6227970     -4.5338718     -4.2765782     -4.4113685     -4.2431157     -4.2702278     -4.0192860     -4.0960216     -4.1505860    -11.8515485    -14.8940251     -8.0197349 
    96.5000000       -5.7710861     -9.3308001     -4.8965997     -4.1294804     -9.3329367     -7.6276954     -9.2672326     -4.8921075     -9.3835941    -14.5141606     -7.5410552    -14.7136339     -7.3749638    -11.9158839    -15.1761422     -5.6009861     -4.4317223     -4.5154580     -7.7001057     -9.4577386     -4.1451777     -6.7337295     -3.5812276     -3.3976386     -3.7417705     -3.8039520     -3.2174639     -5.1080450     -4.6364474     -4.5468629     -4.2890181     -4.4240724     -4.2563513     -4.2841993     -4.0322503     -4.1070950     -4.1627628    -11.8657300    -14.9113969     -8.0397809 
    97.0000000       -5.7886453     -9.3456858     -4.9123711     -4.1427811     -9.3470886     -7.6430356     -9.2843422     -4.9078064     -9.4039378    -14.5291874     -7.5557616    -14.7335433     -7.3899690    -11.9354719    -15.1995450     -5.6167024     -4.4459048     -4.5308211     -7.7163763     -9.4750617     -4.1588666     -6.7481967     -3.5927665     -3.4092617     -3.7536605     -3.8166732     -3.2283976     -5.1248919     -4.6500978     -4.5598540     -4.3011096     -4.4367763     -4.2695868     -4.2981708     -4.0452145     -4.1181684     -4.1749395    -11.8799114    -14.9287688     -8.0598268 
    97.5000000       -5.8062044     -9.3605715     -4.9281426     -4.1560819     -9.3612405     -7.6571963     -9.3014519     -4.9235054     -9.4242815    -14.5442141     -7.5704680    -14.7534528     -7.4049742    -11.9550599    -15.2229478     -5.6324186     -4.4600873     -4.5461843     -7.7326469     -9.4923847     -4.1725555     -6.7626640     -3.6043054     -3.4208847     -3.7655504     -3.8293943     -3.2393313     -5.1414444     -4.6637481     -4.5728451     -4.3130914     -4.4494803     -4.2828223     -4.3121423     -4.0581788     -4.1292417     -4.1871163    -11.8940928    -14.9461407     -8.0798728 
    98.0000000       -5.8237635     -9.3754572     -4.9439141     -4.1687585     -9.3753924     -7.6713571     -9.3185615     -4.9392043     -9.4446252    -14.5592409     -7.5851744    -14.7733622     -7.4199793    -11.9746479    -15.2463506     -5.6481349     -4.4742699     -4.5615474     -7.7489175     -9.5097078     -4.1862444     -6.7771312     -3.6158443     -3.4325078     -3.7774403     -3.8421154     -3.2502651     -5.1575556     -4.6773985     -4.5858362     -4.3250731     -4.4621842     -4.2960579     -4.3261139     -4.0711430     -4.1403151     -4.1992930    -11.9082743    -14.9635125     -8.0999188 
    98.5000000       -5.8413226     -9.3903429     -4.9596856     -4.1810688     -9.3895443     -7.6855178     -9.3356711     -4.9549032     -9.4649689    -14.5742676     -7.5998808    -14.7932717     -7.4349845    -11.9942359    -15.2697534     -5.6638512     -4.4884524     -4.5769106     -7.7651882     -9.5270308     -4.1999333     -6.7915984     -3.6273832     -3.4441308     -3.7893302     -3.8548366     -3.2611988     -5.1736667     -4.6910489     -4.5988273     -4.3370548     -4.4748882     -4.3092934     -4.3400854     -4.0841073     -4.1513885     -4.2114698    -11.9224557    -14.9808844     -8.1199647 
    99.0000000       -5.8588818     -9.4052286     -4.9754570     -4.1933792     -9.4036962     -7.6996785     -9.3527807     -4.9706021     -9.4853126    -14.5892944     -7.6145872    -14.8131811     -7.4499897    -12.0138240    -15.2907596     -5.6795675     -4.5026349     -4.5922737     -7.7814588     -9.5443539     -4.2136222     -6.8060656     -3.6389222     -3.4557539     -3.8012202     -3.8675577     -3.2721325     -5.1897778     -4.7046993     -4.6118184     -4.3490365     -4.4875921     -4.3225289     -4.3540569     -4.0970715     -4.1624619     -4.2236465    -11.9366371    -14.9982563     -8.1400107 
    99.5000000       -5.8764409     -9.4201143     -4.9912285     -4.2056896     -9.4178481     -7.7138393     -9.3698904     -4.9863011     -9.5056563    -14.6043212     -7.6292936    -14.8330906     -7.4649948    -12.0334120    -15.3113798     -5.6952837     -4.5168175     -4.6076369     -7.7977294     -9.5616769     -4.2273111     -6.8205328     -3.6504611     -3.4673769     -3.8131101     -3.8802789     -3.2830663     -5.2058889     -4.7183496     -4.6244860     -4.3610183     -4.5002961     -4.3357645     -4.3680285     -4.1100358     -4.1735352     -4.2358233    -11.9508186    -15.0156281     -8.1600127 
   100.0000000       -5.8940000     -9.4350000     -5.0070000     -4.2180000     -9.4320000     -7.7280000     -9.3870000     -5.0020000     -9.5260000    -14.6190000     -7.6440000    -14.8530000     -7.4800000    -12.0530000    -15.3320000     -5.7110000     -4.5310000     -4.6230000     -7.8140000     -9.5790000     -4.2410000     -6.8350000     -3.6620000     -3.4790000     -3.8250000     -3.8930000     -3.2940000     -5.2220000     -4.7320000     -4.6370000     -4.3730000     -4.5130000     -4.3490000     -4.3820000     -4.1230000     -4.1850000     -4.2480000    -11.9650000    -15.0330000     -8.1800000 
   100.5000000       -5.9115025     -9.4495168     -5.0214049     -4.2302677     -9.4461972     -7.7422187     -9.4024476     -5.0168905     -9.5464053    -14.6340375     -7.6586621    -14.8727842     -7.4949493    -12.0705602    -15.3528142     -5.7268099     -4.5451457     -4.6382982     -7.8302992     -9.5945997     -4.2547542     -6.8487517     -3.6734660     -3.4905559     -3.8369680     -3.9048551     -3.3043912     -5.2378673     -4.7456466     -4.6492665     -4.3849986     -4.5257798     -4.3620581     -4.3957969     -4.1359803     -4.1955009     -4.2597025    -11.9791225    -15.0487196     -8.2004780 
   101.0000000       -5.9290049     -9.4639480     -5.0361070     -4.2425355     -9.4603944     -7.7564375     -9.4178952     -5.0315585     -9.5668106    -14.6490749     -7.6733243    -14.8925684     -7.5098985    -12.0881204    -15.3736284     -5.7426198     -4.5592915     -4.6535964     -7.8465983     -9.6101994     -4.2685084     -6.8625033     -3.6849320     -3.5021117     -3.8489361     -3.9167102     -3.3147823     -5.2537347     -4.7592932     -4.6615330     -4.3969973     -4.5385597     -4.3748593     -4.4095938     -4.1489607     -4.2060017     -4.2712793    -11.9932449    -15.0644391     -8.2209559 
   101.0000000       -5.9290049     -9.4639480     -5.0361070     -4.2425355     -9.4603944     -7.7564375     -9.4178952     -5.0315585     -9.5668106    -14.6490749     -7.6733243    -14.8925684     -7.5098985    -12.0881204    -15.3736284     -5.7426198     -4.5592915     -4.6535964     -7.8465983     -9.6101994     -4.2685084     -6.8625033     -3.6849320     -3.5021117     -3.8489361     -3.9167102     -3.3147823     -5.2537347     -4.7592932     -4.6615330     -4.3969973     -4.5385597     -4.3748593     -4.4095938     -4.1489607     -4.2060017     -4.2712793    -11.9932449    -15.0644391     -8.2209559 
   101.5000000       -5.9465074     -9.4783272     -5.0508462     -4.2548032     -9.4745917     -7.7706562     -9.4333427     -5.0461103     -9.5872159    -14.6641124     -7.6879864    -14.9123526     -7.5248478    -12.1056805    -15.3944426     -5.7584297     -4.5734372     -4.6688946     -7.8628975     -9.6257991     -4.2822625     -6.8762550     -3.6963980     -3.5136676     -3.8609041     -3.9285654     -3.3251165     -5.2696020     -4.7729397     -4.6737995     -4.4089959     -4.5513395     -4.3872616     -4.4230597     -4.1619410     -4.2165026     -4.2828562    -12.0073674    -15.0801587     -8.2414339 
   102.0000000       -5.9640098     -9.4927064     -5.0655853     -4.2670709     -9.4887889     -7.7848750     -9.4487903     -5.0606621     -9.6076212    -14.6791499     -7.7026485    -14.9321368     -7.5397971    -12.1232936    -15.4152568     -5.7742396     -4.5875830     -4.6841928     -7.8791967     -9.6413988     -4.2960167     -6.8900066     -3.7078640     -3.5252234     -3.8728721     -3.9404205     -3.3354431     -5.2854694     -4.7865863     -4.6860660     -4.4209945     -4.5641194     -4.3996640     -4.4363123     -4.1741806     -4.2270035     -4.2944331    -12.0214898    -15.0958782     -8.2619118 
   102.5000000       -5.9815123     -9.5070856     -5.0803244     -4.2793387     -9.5029861     -7.7990937     -9.4642379     -5.0752139     -9.6280264    -14.6941874     -7.7173106    -14.9519210     -7.5536961    -12.1409363    -15.4360710     -5.7900495     -4.6017287     -4.6994909     -7.8954959     -9.6569985     -4.3097709     -6.9037583     -3.7193300     -3.5367793     -3.8848402     -3.9522756     -3.3457697     -5.3013367     -4.8002329     -4.6983325     -4.4329932     -4.5768992     -4.4120663     -4.4495649     -4.1864169     -4.2375043     -4.3060100    -12.0356123    -15.1115898     -8.2823898 
   103.0000000       -5.9990148     -9.5214648     -5.0950636     -4.2916064     -9.5171833     -7.8133124     -9.4796855     -5.0897656     -9.6484317    -14.7092248     -7.7319728    -14.9720459     -7.5674136    -12.1585791    -15.4568852     -5.8058594     -4.6158744     -4.7147891     -7.9117950     -9.6725981     -4.3235251     -6.9175100     -3.7307960     -3.5483351     -3.8968082     -3.9641307     -3.3560963     -5.3172041     -4.8138795     -4.7105990     -4.4449918     -4.5896790     -4.4244686     -4.4628175     -4.1986531     -4.2480052     -4.3175868    -12.0497347    -15.1272311     -8.3028677 
   103.5000000       -6.0165172     -9.5358440     -5.1098027     -4.3038741     -9.5313806     -7.8275312     -9.4951330     -5.1043174     -9.6688370    -14.7242623     -7.7466349    -14.9921722     -7.5811311    -12.1762218    -15.4776994     -5.8216693     -4.6300202     -4.7300873     -7.9280942     -9.6881978     -4.3372792     -6.9312462     -3.7422620     -3.5598910     -3.9087762     -3.9759859     -3.3664229     -5.3330714     -4.8275261     -4.7228656     -4.4569905     -4.6024589     -4.4368710     -4.4760701     -4.2108894     -4.2585061     -4.3291637    -12.0638572    -15.1428723     -8.3233457 
   104.0000000       -6.0340197     -9.5502232     -5.1245419     -4.3161419     -9.5455778     -7.8417499     -9.5105806     -5.1188692     -9.6892423    -14.7392998     -7.7612970    -15.0122984     -7.5948486    -12.1938646    -15.4985136     -5.8374792     -4.6441659     -4.7453855     -7.9443934     -9.7037975     -4.3510334     -6.9449576     -3.7537280     -3.5714468     -3.9207442     -3.9878355     -3.3767494     -5.3489388     -4.8411726     -4.7351321     -4.4689891     -4.6152387     -4.4492733     -4.4893227     -4.2231256     -4.2690070     -4.3407406    -12.0779796    -15.1585135     -8.3438237 
   104.5000000       -6.0508271     -9.5646024     -5.1392810     -4.3284096     -9.5597750     -7.8559687     -9.5260282     -5.1334210     -9.7096476    -14.7543373     -7.7759591    -15.0324247     -7.6085661    -12.2115073    -15.5193278     -5.8532891     -4.6583117     -4.7606837     -7.9606539     -9.7193972     -4.3644235     -6.9586690     -3.7651941     -3.5830027     -3.9325118     -3.9996553     -3.3870760     -5.3648061     -4.8548192     -4.7473986     -4.4809877     -4.6279529     -4.4616756     -4.5025753     -4.2353618     -4.2795078     -4.3523174    -12.0921021    -15.1741547     -8.3643016 
   105.0000000       -6.0673582     -9.5789816     -5.1540202     -4.3406773     -9.5739722     -7.8701874     -9.5414758     -5.1479728     -9.7300529    -14.7693747     -7.7906213    -15.0525510     -7.6222836    -12.2291501    -15.5401420     -5.8690990     -4.6724574     -4.7759819     -7.9768991     -9.7349969     -4.3776661     -6.9723803     -3.7766601     -3.5945585     -3.9438336     -4.0114750     -3.3974026     -5.3806735     -4.8677944     -4.7596651     -4.4929864     -4.6399090     -4.4740780     -4.5158280     -4.2475981     -4.2900087     -4.3638943    -12.1062245    -15.1897959     -8.3847796 
   105.5000000       -6.0838892     -9.5933608     -5.1687593     -4.3529451     -9.5881694     -7.8844061     -9.5569233     -5.1625246     -9.7504582    -14.7844122     -7.8052834    -15.0726772     -7.6360011    -12.2467929    -15.5609562     -5.8849089     -4.6866031     -4.7912801     -7.9931443     -9.7505966     -4.3909087     -6.9860917     -3.7881261     -3.6061144     -3.9551554     -4.0232948     -3.4077292     -5.3965408     -4.8804731     -4.7719316     -4.5049850     -4.6518651     -4.4864803     -4.5290806     -4.2598343     -4.3005096     -4.3754712    -12.1203470    -15.2054371     -8.4052575 
   106.0000000       -6.1004202     -9.6077400     -5.1834984     -4.3652128     -9.6023667     -7.8986249     -9.5723709     -5.1770764     -9.7708635    -14.7994497     -7.8199455    -15.0928035     -7.6497186    -12.2644356    -15.5817704     -5.9007188     -4.7000039     -4.8065783     -8.0093895     -9.7661963     -4.4041512     -6.9998031     -3.7995921     -3.6176377     -3.9664772     -4.0351146     -3.4180558     -5.4124082     -4.8931518     -4.7841981     -4.5169836     -4.6638212     -4.4988826     -4.5423332     -4.2720706     -4.3110104     -4.3870481    -12.1344694    -15.2210783     -8.4257355 
   106.5000000       -6.1169513     -9.6221192     -5.1982376     -4.3774805     -9.6165639     -7.9128436     -9.5878185     -5.1916281     -9.7900474    -14.8144872     -7.8346076    -15.1129298     -7.6634362    -12.2820784    -15.6025845     -5.9162936     -4.7132527     -4.8218764     -8.0256347     -9.7818017     -4.4173938     -7.0135145     -3.8110581     -3.6286326     -3.9777989     -4.0469343     -3.4283824     -5.4282755     -4.9058304     -4.7964646     -4.5289823     -4.6757773     -4.5112850     -4.5555858     -4.2843068     -4.3215113     -4.3986249    -12.1485919    -15.2367195     -8.4462134 
   107.0000000       -6.1334823     -9.6364984     -5.2129767     -4.3897483     -9.6307611     -7.9270623     -9.6032661     -5.2061799     -9.8087062    -14.8295246     -7.8492698    -15.1330561     -7.6771537    -12.2997211    -15.6233987     -5.9314312     -4.7265015     -4.8371746     -8.0418799     -9.7974085     -4.4306363     -7.0272258     -3.8225241     -3.6396275     -3.9891207     -4.0587541     -3.4387090     -5.4441429     -4.9185091     -4.8087311     -4.5409809     -4.6877333     -4.5236873     -4.5688384     -4.2965431     -4.3320122     -4.4102018    -12.1627143    -15.2523607     -8.4666914 
   107.5000000       -6.1500133     -9.6508776     -5.2277159     -4.4020160     -9.6449583     -7.9412811     -9.6187136     -5.2207317     -9.8273650    -14.8445621     -7.8639319    -15.1531823     -7.6908712    -12.3173639    -15.6442129     -5.9465688     -4.7397503     -4.8519773     -8.0581251     -9.8130152     -4.4438789     -7.0409372     -3.8339901     -3.6506224     -4.0004425     -4.0705739     -3.4490356     -5.4600102     -4.9311878     -4.8209976     -4.5529795     -4.6996894     -4.5360896     -4.5820910     -4.3087793     -4.3425130     -4.4217787    -12.1768368    -15.2680019     -8.4871694 
   108.0000000       -6.1665443     -9.6652568     -5.2424550     -4.4142837     -9.6591556     -7.9554998     -9.6341612     -5.2352835     -9.8460237    -14.8595996     -7.8785940    -15.1733086     -7.7045887    -12.3350066    -15.6650271     -5.9617065     -4.7529990     -4.8663808     -8.0743703     -9.8286219     -4.4571215     -7.0546486     -3.8454561     -3.6616173     -4.0117643     -4.0823936     -3.4593622     -5.4758776     -4.9438664     -4.8332641     -4.5649782     -4.7116455     -4.5484920     -4.5953436     -4.3210155     -4.3530139     -4.4333556    -12.1909592    -15.2836432     -8.5076473 
   108.5000000       -6.1830754     -9.6796360     -5.2571942     -4.4265515     -9.6732157     -7.9697186     -9.6496088     -5.2498353     -9.8646825    -14.8746371     -7.8928668    -15.1934349     -7.7183062    -12.3526494    -15.6858413     -5.9768441     -4.7662478     -4.8807843     -8.0906156     -9.8442287     -4.4703640     -7.0683600     -3.8569221     -3.6726122     -4.0230861     -4.0942134     -3.4696887     -5.4917449     -4.9565451     -4.8455306     -4.5769768     -4.7236016     -4.5608943     -4.6085962     -4.3332518     -4.3635148     -4.4449324    -12.2050817    -15.2992844     -8.5281253 
   109.0000000       -6.1996064     -9.6940153     -5.2719333     -4.4388192     -9.6871481     -7.9839373     -9.6650564     -5.2643871     -9.8833412    -14.8896745     -7.9064427    -15.2135611     -7.7320237    -12.3702921    -15.7066555     -5.9919817     -4.7794966     -4.8951879     -8.1068608     -9.8598354     -4.4836066     -7.0820713     -3.8683881     -3.6836071     -4.0344078     -4.1060332     -3.4800153     -5.5076122     -4.9692238     -4.8577971     -4.5885492     -4.7355577     -4.5732967     -4.6218488     -4.3454880     -4.3740157     -4.4565093    -12.2192042    -15.3149256     -8.5486032 
   109.5000000       -6.2161374     -9.7083945     -5.2866725     -4.4510869     -9.7010806     -7.9981560     -9.6805039     -5.2789389     -9.9020000    -14.9047120     -7.9200186    -15.2336874     -7.7457412    -12.3879349    -15.7257429     -6.0071193     -4.7927454     -4.9095914     -8.1231060     -9.8754421     -4.4968491     -7.0957827     -3.8798541     -3.6946020     -4.0457296     -4.1178529     -3.4903419     -5.5234796     -4.9819025     -4.8700636     -4.5996921     -4.7475138     -4.5856990     -4.6351014     -4.3577243     -4.3845165     -4.4680862    -12.2333266    -15.3305668     -8.5690812 
   110.0000000       -6.2326685     -9.7227737     -5.3014116     -4.4626195     -9.7150130     -8.0122689     -9.6959515     -5.2934906     -9.9206587    -14.9197495     -7.9335945    -15.2538137     -7.7594587    -12.4055776    -15.7438888     -6.0222569     -4.8059942     -4.9239949     -8.1393512     -9.8910489     -4.5100917     -7.1094941     -3.8911219     -3.7055969     -4.0570514     -4.1296727     -3.5006685     -5.5390863     -4.9945811     -4.8823302     -4.6108349     -4.7594699     -4.5981013     -4.6483541     -4.3699605     -4.3950174     -4.4796630    -12.2474491    -15.3462080     -8.5895591 
   110.5000000       -6.2491995     -9.7371529     -5.3161507     -4.4738076     -9.7289455     -8.0260416     -9.7113991     -5.3080424     -9.9393175    -14.9347870     -7.9471704    -15.2739399     -7.7731762    -12.4232204    -15.7620347     -6.0373945     -4.8192430     -4.9383984     -8.1555964     -9.9066556     -4.5233343     -7.1232055     -3.9021606     -3.7165918     -4.0683732     -4.1414925     -3.5109951     -5.5543022     -5.0072598     -4.8945967     -4.6219777     -4.7714260     -4.6105037     -4.6616067     -4.3821968     -4.4055183     -4.4912399    -12.2615715    -15.3618492     -8.6101568 
   111.0000000       -6.2657305     -9.7515321     -5.3308899     -4.4849958     -9.7428779     -8.0398143     -9.7268467     -5.3225942     -9.9579762    -14.9498244     -7.9607464    -15.2940662     -7.7868937    -12.4408632    -15.7801805     -6.0525321     -4.8324918     -4.9528019     -8.1718416     -9.9222623     -4.5365768     -7.1369168     -3.9131993     -3.7275868     -4.0796950     -4.1533122     -3.5213217     -5.5695180     -5.0199385     -4.9068632     -4.6331205     -4.7833821     -4.6229060     -4.6748593     -4.3944330     -4.4160191     -4.5028168    -12.2756940    -15.3774904     -8.6314420 
   111.5000000       -6.2822615     -9.7659113     -5.3456290     -4.4961839     -9.7568104     -8.0535870     -9.7422942     -5.3371460     -9.9766350    -14.9648619     -7.9743223    -15.3141925     -7.8006113    -12.4585059    -15.7983264     -6.0676697     -4.8457405     -4.9672054     -8.1880868     -9.9378691     -4.5498194     -7.1506282     -3.9242380     -3.7385817     -4.0910167     -4.1651320     -3.5316483     -5.5847338     -5.0326171     -4.9191235     -4.6442633     -4.7953382     -4.6353083     -4.6881119     -4.4066692     -4.4265200     -4.5143937    -12.2898164    -15.3931316     -8.6527271 
   112.0000000       -6.2987926     -9.7802905     -5.3603682     -4.5073721     -9.7707429     -8.0673597     -9.7577418     -5.3516978     -9.9952937    -14.9798994     -7.9878982    -15.3343188     -7.8143288    -12.4761487    -15.8164722     -6.0828074     -4.8589893     -4.9816089     -8.2043321     -9.9534758     -4.5630620     -7.1643396     -3.9352767     -3.7495766     -4.1023385     -4.1769518     -3.5419749     -5.5999496     -5.0452958     -4.9308107     -4.6554061     -4.8072943     -4.6477107     -4.7013645     -4.4189055     -4.4370209     -4.5259705    -12.3039389    -15.4087728     -8.6740122 
   112.5000000       -6.3153236     -9.7946697     -5.3751003     -4.5185602     -9.7846753     -8.0811324     -9.7731657     -5.3662496    -10.0139525    -14.9949369     -8.0014741    -15.3544450     -7.8280463    -12.4937914    -15.8346181     -6.0979450     -4.8722381     -4.9960124     -8.2205773     -9.9690825     -4.5763045     -7.1780510     -3.9463154     -3.7605715     -4.1136603     -4.1887715     -3.5523015     -5.6151655     -5.0579745     -4.9424979     -4.6665490     -4.8192504     -4.6601130     -4.7146171     -4.4311417     -4.4475217     -4.5375474    -12.3182126    -15.4244140     -8.6952974 
   113.0000000       -6.3318546     -9.8087671     -5.3888743     -4.5297484     -9.7986078     -8.0949051     -9.7884459     -5.3808014    -10.0326112    -15.0099743     -8.0150500    -15.3745713     -7.8417638    -12.5114342    -15.8527639     -6.1130826     -4.8854869     -5.0104160     -8.2368225     -9.9846893     -4.5895471     -7.1917623     -3.9573541     -3.7715664     -4.1249821     -4.2005913     -3.5626280     -5.6303813     -5.0706532     -4.9541851     -4.6776918     -4.8312064     -4.6725153     -4.7278697     -4.4433780     -4.4580226     -4.5491243    -12.3325281    -15.4400553     -8.7165825 
   113.5000000       -6.3483857     -9.8226428     -5.4026484     -4.5409365     -9.8125402     -8.1086778     -9.8037260     -5.3953532    -10.0512700    -15.0250118     -8.0286260    -15.3946976     -7.8554813    -12.5290769    -15.8709098     -6.1282202     -4.8987357     -5.0248195     -8.2530677    -10.0002960     -4.6027896     -7.2054737     -3.9683928     -3.7825613     -4.1363039     -4.2124111     -3.5729546     -5.6455971     -5.0833318     -4.9658722     -4.6888346     -4.8431625     -4.6849177     -4.7411223     -4.4556142     -4.4685235     -4.5607011    -12.3468436    -15.4556965     -8.7378677 
   114.0000000       -6.3649167     -9.8365185     -5.4164224     -4.5521247     -9.8264727     -8.1224505     -9.8190062     -5.4090119    -10.0699287    -15.0400493     -8.0422019    -15.4148238     -7.8691988    -12.5467197    -15.8890557     -6.1433578     -4.9119845     -5.0392230     -8.2693129    -10.0159027     -4.6160322     -7.2191851     -3.9794315     -3.7935562     -4.1476256     -4.2242308     -3.5832812     -5.6608129     -5.0960105     -4.9775594     -4.6999774     -4.8551186     -4.6973200     -4.7543749     -4.4678505     -4.4790244     -4.5722780    -12.3611592    -15.4713377     -8.7591528 
   114.5000000       -6.3814477     -9.8503943     -5.4301964     -4.5633128     -9.8404051     -8.1362232     -9.8342864     -5.4225567    -10.0885875    -15.0548310     -8.0557778    -15.4349501     -7.8829163    -12.5643624    -15.9072015     -6.1584954     -4.9252333     -5.0536265     -8.2855581    -10.0315095     -4.6292748     -7.2328965     -3.9904703     -3.8045511     -4.1589474     -4.2360506     -3.5936078     -5.6760288     -5.1086892     -4.9892466     -4.7111202     -4.8670747     -4.7097224     -4.7676275     -4.4800867     -4.4893697     -4.5836726    -12.3754747    -15.4869789     -8.7804380 
   114.5000000       -6.3814477     -9.8503943     -5.4301964     -4.5633128     -9.8404051     -8.1362232     -9.8342864     -5.4225567    -10.0885875    -15.0548310     -8.0557778    -15.4349501     -7.8829163    -12.5643624    -15.9072015     -6.1584954     -4.9252333     -5.0536265     -8.2855581    -10.0315095     -4.6292748     -7.2328965     -3.9904703     -3.8045511     -4.1589474     -4.2360506     -3.5936078     -5.6760288     -5.1086892     -4.9892466     -4.7111202     -4.8670747     -4.7097224     -4.7676275     -4.4800867     -4.4893697     -4.5836726    -12.3754747    -15.4869789     -8.7804380 
   115.0000000       -6.3979788     -9.8642700     -5.4439704     -4.5745010     -9.8543376     -8.1499960     -9.8495666     -5.4361015    -10.1072462    -15.0693257     -8.0693537    -15.4555057     -7.8966338    -12.5820052    -15.9253474     -6.1736330     -4.9384821     -5.0680300     -8.3018033    -10.0471162     -4.6425173     -7.2466078     -4.0015090     -3.8155460     -4.1702692     -4.2478704     -3.6039344     -5.6912446     -5.1213678     -5.0009338     -4.7222630     -4.8790308     -4.7213914     -4.7805899     -4.4923229     -4.4995097     -4.5947020    -12.3897902    -15.5026201     -8.8017231 
   115.5000000       -6.4145098     -9.8781458     -5.4577445     -4.5856891     -9.8682701     -8.1637687     -9.8648468     -5.4496464    -10.1259050    -15.0838204     -8.0829296    -15.4762050     -7.9103513    -12.5998097    -15.9434932     -6.1887707     -4.9517308     -5.0824335     -8.3180486    -10.0627229     -4.6557599     -7.2603192     -4.0125477     -3.8265409     -4.1815910     -4.2596901     -3.6142610     -5.7064604     -5.1340465     -5.0126209     -4.7334059     -4.8909869     -4.7329762     -4.7931882     -4.5045592     -4.5096497     -4.6057314    -12.4041058    -15.5182613     -8.8230083 
   116.0000000       -6.4310408     -9.8920215     -5.4715185     -4.5968773     -9.8822025     -8.1775414     -9.8801270     -5.4631912    -10.1445637    -15.0983151     -8.0965056    -15.4969044     -7.9234994    -12.6182349    -15.9616391     -6.2039083     -4.9649796     -5.0968370     -8.3342938    -10.0783296     -4.6690025     -7.2740306     -4.0235864     -3.8375358     -4.1929128     -4.2715099     -3.6243804     -5.7216763     -5.1467252     -5.0243081     -4.7445487     -4.9029430     -4.7445611     -4.8057865     -4.5167954     -4.5197898     -4.6167607    -12.4184213    -15.5339025     -8.8442934 
   116.5000000       -6.4466332     -9.9058972     -5.4852925     -4.6080654     -9.8961350     -8.1913141     -9.8954072     -5.4767360    -10.1632225    -15.1128098     -8.1100815    -15.5176037     -7.9361119    -12.6366600    -15.9797850     -6.2190459     -4.9782284     -5.1112405     -8.3505390    -10.0939364     -4.6822450     -7.2877420     -4.0346251     -3.8485307     -4.2042345     -4.2833297     -3.6342406     -5.7368921     -5.1594039     -5.0359953     -4.7556915     -4.9148991     -4.7561459     -4.8183849     -4.5283346     -4.5299298     -4.6277901    -12.4327368    -15.5495437     -8.8655786 
   117.0000000       -6.4620993     -9.9197730     -5.4990666     -4.6192536     -9.9100674     -8.2050868     -9.9106874     -5.4902808    -10.1818812    -15.1273045     -8.1236574    -15.5383031     -7.9487244    -12.6550852    -15.9979308     -6.2341835     -4.9914772     -5.1256441     -8.3667842    -10.1095431     -4.6954876     -7.3014533     -4.0456638     -3.8595256     -4.2155310     -4.2951404     -3.6441008     -5.7521079     -5.1720825     -5.0476824     -4.7668343     -4.9268552     -4.7677307     -4.8309832     -4.5398618     -4.5400698     -4.6388195    -12.4470524    -15.5651849     -8.8868637 
   117.5000000       -6.4775654     -9.9336487     -5.5128406     -4.6304417     -9.9239999     -8.2188595     -9.9259676     -5.5038256    -10.2005400    -15.1417992     -8.1372333    -15.5590025     -7.9613369    -12.6735104    -16.0160767     -6.2492070     -5.0047260     -5.1400476     -8.3830294    -10.1251498     -4.7087301     -7.3151081     -4.0567025     -3.8705205     -4.2263376     -4.3062475     -3.6539611     -5.7673237     -5.1847612     -5.0593696     -4.7779771     -4.9388113     -4.7793156     -4.8435815     -4.5513891     -4.5502098     -4.6498489    -12.4613679    -15.5801631     -8.9081488 
   118.0000000       -6.4930316     -9.9475245     -5.5266146     -4.6416299     -9.9379323     -8.2326322     -9.9412477     -5.5173704    -10.2185097    -15.1562939     -8.1508092    -15.5797018     -7.9739494    -12.6919355    -16.0342225     -6.2638245     -5.0179748     -5.1544511     -8.3992746    -10.1407566     -4.7219727     -7.3281527     -4.0677412     -3.8815154     -4.2371442     -4.3173546     -3.6638213     -5.7825396     -5.1974399     -5.0710568     -4.7891199     -4.9507674     -4.7909004     -4.8561799     -4.5629164     -4.5603498     -4.6608783    -12.4756834    -15.5950542     -8.9294340 
   118.5000000       -6.5084977     -9.9614002     -5.5403886     -4.6528180     -9.9518648     -8.2464049     -9.9565279     -5.5309152    -10.2353824    -15.1707886     -8.1643852    -15.6004012     -7.9865618    -12.7103607    -16.0523684     -6.2784420     -5.0312236     -5.1688546     -8.4155198    -10.1563633     -4.7352153     -7.3411972     -4.0787800     -3.8925103     -4.2479508     -4.3284616     -3.6736815     -5.7977554     -5.2094115     -5.0827440     -4.8002628     -4.9620541     -4.8024852     -4.8687782     -4.5744437     -4.5704898     -4.6719077    -12.4899990    -15.6099454     -8.9507191 
   119.0000000       -6.5239639     -9.9752759     -5.5541627     -4.6640062     -9.9657973     -8.2601776     -9.9718081     -5.5444600    -10.2522551    -15.1852833     -8.1779611    -15.6211005     -7.9991743    -12.7287859    -16.0705142     -6.2930595     -5.0443059     -5.1832581     -8.4318593    -10.1719700     -4.7484578     -7.3542418     -4.0898187     -3.9035052     -4.2587575     -4.3395687     -3.6835417     -5.8129712     -5.2212042     -5.0944311     -4.8114056     -4.9733276     -4.8140701     -4.8813765     -4.5859709     -4.5806298     -4.6829371    -12.5043145    -15.6248365     -8.9720043 
   119.5000000       -6.5394300     -9.9891517     -5.5679367     -4.6751943     -9.9797297     -8.2739503     -9.9870883     -5.5580048    -10.2691278    -15.1997780     -8.1915370    -15.6417999     -8.0117868    -12.7472110    -16.0886601     -6.3076770     -5.0566626     -5.1976616     -8.4482158    -10.1875768     -4.7615522     -7.3672864     -4.1008574     -3.9145001     -4.2695641     -4.3506757     -3.6934019     -5.8281871     -5.2329969     -5.1061183     -4.8225484     -4.9846010     -4.8256549     -4.8939749     -4.5974982     -4.5907698     -4.6939664    -12.5186300    -15.6397276     -8.9932894 
   120.0000000       -6.5548962    -10.0030274     -5.5817107     -4.6863825     -9.9936622     -8.2877230    -10.0023685     -5.5715497    -10.2860005    -15.2142727     -8.2051129    -15.6624992     -8.0243993    -12.7656362    -16.1068060     -6.3222945     -5.0690193     -5.2120651     -8.4645723    -10.1995632     -4.7743772     -7.3803310     -4.1118961     -3.9254950     -4.2803707     -4.3617828     -3.7032621     -5.8434029     -5.2447896     -5.1178055     -4.8336912     -4.9958745     -4.8372397     -4.9065732     -4.6090255     -4.6009098     -4.7049958    -12.5329456    -15.6546187     -9.0145746 
   120.5000000       -6.5703623    -10.0169031     -5.5954848     -4.6975706    -10.0075946     -8.3014957    -10.0176487     -5.5850945    -10.3028732    -15.2287674     -8.2186888    -15.6831986     -8.0370118    -12.7840613    -16.1249518     -6.3369120     -5.0813761     -5.2263539     -8.4809288    -10.2105324     -4.7872023     -7.3933756     -4.1229348     -3.9364899     -4.2911773     -4.3728899     -3.7131224     -5.8586187     -5.2565823     -5.1294927     -4.8448340     -5.0071479     -4.8488245     -4.9191716     -4.6205528     -4.6110499     -4.7160252    -12.5472611    -15.6695099     -9.0358597 
   121.0000000       -6.5858284    -10.0307789     -5.6092588     -4.7087588    -10.0215271     -8.3152684    -10.0329289     -5.5986393    -10.3197459    -15.2432621     -8.2322648    -15.7038980     -8.0496243    -12.8024865    -16.1430977     -6.3515295     -5.0937328     -5.2396317     -8.4972853    -10.2215016     -4.8000273     -7.4064202     -4.1339735     -3.9473482     -4.3019839     -4.3839969     -3.7229826     -5.8738345     -5.2683751     -5.1411798     -4.8559768     -5.0184214     -4.8604094     -4.9317699     -4.6320800     -4.6211899     -4.7270546    -12.5615767    -15.6844010     -9.0571449 
   121.5000000       -6.6012946    -10.0446546     -5.6230328     -4.7199469    -10.0354595     -8.3290411    -10.0482091     -5.6121841    -10.3366186    -15.2577568     -8.2458407    -15.7245973     -8.0622368    -12.8209117    -16.1612435     -6.3661470     -5.1060895     -5.2529096     -8.5136418    -10.2324708     -4.8128524     -7.4194647     -4.1450122     -3.9577384     -4.3127905     -4.3951040     -3.7328428     -5.8890504     -5.2801678     -5.1528670     -4.8671197     -5.0296948     -4.8719942     -4.9443682     -4.6436073     -4.6313299     -4.7380840    -12.5758922    -15.6992921     -9.0784300 
   122.0000000       -6.6167607    -10.0585304     -5.6368068     -4.7311351    -10.0493170     -8.3428138    -10.0634893     -5.6257289    -10.3534913    -15.2722515     -8.2594166    -15.7452967     -8.0748493    -12.8393368    -16.1782495     -6.3807645     -5.1184463     -5.2661874     -8.5299982    -10.2434400     -4.8256774     -7.4325093     -4.1560509     -3.9681286     -4.3235972     -4.4062110     -3.7427030     -5.9042662     -5.2919605     -5.1645542     -4.8782625     -5.0409683     -4.8835790     -4.9569666     -4.6551346     -4.6414699     -4.7491134    -12.5902077    -15.7141832     -9.0998989 
   122.5000000       -6.6322269    -10.0724061     -5.6505809     -4.7423233    -10.0624991     -8.3565865    -10.0787694     -5.6392737    -10.3703640    -15.2867462     -8.2729925    -15.7659960     -8.0874618    -12.8577620    -16.1935960     -6.3953820     -5.1308030     -5.2794653     -8.5463547    -10.2544092     -4.8385025     -7.4455539     -4.1670896     -3.9785189     -4.3344038     -4.4173181     -3.7525632     -5.9194820     -5.3037532     -5.1762413     -4.8893181     -5.0522417     -4.8951639     -4.9695649     -4.6666619     -4.6516099     -4.7601427    -12.6045233    -15.7290744     -9.1214916 
   123.0000000       -6.6476930    -10.0862818     -5.6643549     -4.7535114    -10.0756812     -8.3703592    -10.0940496     -5.6528185    -10.3872367    -15.3012409     -8.2860159    -15.7866954     -8.1000742    -12.8761871    -16.2089426     -6.4099995     -5.1431597     -5.2927431     -8.5627112    -10.2653784     -4.8513275     -7.4585985     -4.1781284     -3.9889091     -4.3452104     -4.4284252     -3.7624235     -5.9346978     -5.3155459     -5.1879285     -4.8997696     -5.0635152     -4.9067487     -4.9821632     -4.6781891     -4.6617499     -4.7711721    -12.6188388    -15.7439655     -9.1430843 
   123.5000000       -6.6631591    -10.1001576     -5.6781289     -4.7646996    -10.0888634     -8.3841319    -10.1093298     -5.6663633    -10.4041094    -15.3157357     -8.2988820    -15.8073947     -8.1126867    -12.8946123    -16.2242891     -6.4246170     -5.1555164     -5.3060209     -8.5790677    -10.2763476     -4.8641526     -7.4716431     -4.1891671     -3.9992993     -4.3560170     -4.4395322     -3.7722837     -5.9499137     -5.3273386     -5.1996157     -4.9102210     -5.0747886     -4.9183335     -4.9947616     -4.6897164     -4.6718899     -4.7822015    -12.6331543    -15.7588566     -9.1646770 
   124.0000000       -6.6786253    -10.1140333     -5.6919030     -4.7750325    -10.1020455     -8.3979046    -10.1246100     -5.6799081    -10.4209821    -15.3302304     -8.3117482    -15.8280941     -8.1252992    -12.9130375    -16.2396357     -6.4392345     -5.1678732     -5.3192988     -8.5954242    -10.2873168     -4.8769776     -7.4846877     -4.2002058     -4.0096895     -4.3668236     -4.4506393     -3.7821439     -5.9646154     -5.3391314     -5.2113029     -4.9206725     -5.0860621     -4.9299184     -5.0073599     -4.7012437     -4.6820299     -4.7932309    -12.6474699    -15.7737477     -9.1862697 
   124.0000000       -6.6786253    -10.1140333     -5.6919030     -4.7750325    -10.1020455     -8.3979046    -10.1246100     -5.6799081    -10.4209821    -15.3302304     -8.3117482    -15.8280941     -8.1252992    -12.9130375    -16.2396357     -6.4392345     -5.1678732     -5.3192988     -8.5954242    -10.2873168     -4.8769776     -7.4846877     -4.2002058     -4.0096895     -4.3668236     -4.4506393     -3.7821439     -5.9646154     -5.3391314     -5.2113029     -4.9206725     -5.0860621     -4.9299184     -5.0073599     -4.7012437     -4.6820299     -4.7932309    -12.6474699    -15.7737477     -9.1862697 
   124.5000000       -6.6940914    -10.1279091     -5.7056770     -4.7851442    -10.1152276     -8.4133444    -10.1398902     -5.6934530    -10.4378548    -15.3447251     -8.3246143    -15.8487935     -8.1379117    -12.9314626    -16.2549822     -6.4538520     -5.1802299     -5.3325766     -8.6117807    -10.2982860     -4.8898026     -7.4977322     -4.2112445     -4.0200798     -4.3776302     -4.4617464     -3.7920041     -5.9789744     -5.3509241     -5.2229900     -4.9311239     -5.0973356     -4.9415032     -5.0199582     -4.7127710     -4.6921700     -4.8042603    -12.6617854    -15.7886389     -9.2078624 
   125.0000000       -6.7095576    -10.1417848     -5.7194510     -4.7952558    -10.1284097     -8.4289283    -10.1551005     -5.7069978    -10.4547276    -15.3592198     -8.3374804    -15.8694928     -8.1505242    -12.9498878    -16.2703287     -6.4684695     -5.1925866     -5.3458545     -8.6281372    -10.3092552     -4.9026277     -7.5107768     -4.2222832     -4.0304700     -4.3884369     -4.4728534     -3.8018643     -5.9933333     -5.3627168     -5.2346772     -4.9415754     -5.1086090     -4.9530880     -5.0325566     -4.7242982     -4.7023100     -4.8152897    -12.6761009    -15.8035300     -9.2294552 
   125.5000000       -6.7250237    -10.1556605     -5.7332250     -4.8053675    -10.1415918     -8.4445121    -10.1694683     -5.7205426    -10.4716003    -15.3737145     -8.3503466    -15.8901922     -8.1631367    -12.9683130    -16.2856753     -6.4830870     -5.2049434     -5.3591323     -8.6444936    -10.3202244     -4.9154527     -7.5238214     -4.2333219     -4.0408602     -4.3992435     -4.4839605     -3.8117245     -6.0076923     -5.3745095     -5.2460670     -4.9520269     -5.1198825     -4.9646729     -5.0451549     -4.7358255     -4.7124500     -4.8263191    -12.6904165    -15.8184211     -9.2510479 
   126.0000000       -6.7404899    -10.1695310     -5.7469991     -4.8154791    -10.1547739     -8.4600960    -10.1838360     -5.7340874    -10.4884730    -15.3882092     -8.3632127    -15.9108915     -8.1757492    -12.9867381    -16.3010218     -6.4977045     -5.2173001     -5.3724102     -8.6608501    -10.3311935     -4.9282778     -7.5368660     -4.2441487     -4.0512504     -4.4100501     -4.4950675     -3.8215848     -6.0220513     -5.3863022     -5.2572082     -4.9624783     -5.1311559     -4.9762577     -5.0577533     -4.7473528     -4.7225900     -4.8373484    -12.7047320    -15.8333123     -9.2726406 
   126.5000000       -6.7559560    -10.1833779     -5.7599745     -4.8255908    -10.1679560     -8.4756798    -10.1982038     -5.7476322    -10.5053457    -15.4027039     -8.3760788    -15.9315909     -8.1883617    -13.0051633    -16.3163684     -6.5123220     -5.2296568     -5.3856880     -8.6772066    -10.3421627     -4.9411028     -7.5499106     -4.2548695     -4.0616407     -4.4208567     -4.5061746     -3.8314450     -6.0364103     -5.3980949     -5.2683493     -4.9729298     -5.1424294     -4.9878425     -5.0703516     -4.7588801     -4.7327300     -4.8483778    -12.7190475    -15.8482034     -9.2942333 
   127.0000000       -6.7714221    -10.1972248     -5.7728873     -4.8357024    -10.1811381     -8.4912637    -10.2125716     -5.7611770    -10.5222184    -15.4171986     -8.3889450    -15.9525409     -8.2009741    -13.0235884    -16.3317149     -6.5269395     -5.2420136     -5.3989659     -8.6935631    -10.3531319     -4.9539279     -7.5629552     -4.2655904     -4.0720309     -4.4316633     -4.5172817     -3.8413052     -6.0507692     -5.4098877     -5.2794905     -4.9833812     -5.1537028     -4.9994274     -5.0829499     -4.7704073     -4.7428700     -4.8594072    -12.7333631    -15.8630945     -9.3158260 
   127.5000000       -6.7868883    -10.2110717     -5.7858001     -4.8458141    -10.1943202     -8.5068475    -10.2269393     -5.7747218    -10.5390911    -15.4316933     -8.4018111    -15.9772618     -8.2135866    -13.0420136    -16.3470615     -6.5415570     -5.2543703     -5.4122437     -8.7099196    -10.3641011     -4.9667529     -7.5759997     -4.2763112     -4.0824211     -4.4424699     -4.5283887     -3.8511654     -6.0651282     -5.4216804     -5.2906317     -4.9938327     -5.1649763     -5.0110122     -5.0955483     -4.7819346     -4.7530100     -4.8704366    -12.7476786    -15.8779856     -9.3374187 
   128.0000000       -6.8023544    -10.2249186     -5.7987129     -4.8559257    -10.2075023     -8.5224314    -10.2413071     -5.7882666    -10.5559638    -15.4461880     -8.4146773    -16.0019827     -8.2261991    -13.0604388    -16.3624080     -6.5561745     -5.2667270     -5.4255216     -8.7262761    -10.3750703     -4.9795780     -7.5890443     -4.2870321     -4.0928113     -4.4532766     -4.5394958     -3.8610256     -6.0794872     -5.4334731     -5.3017728     -5.0042842     -5.1762497     -5.0225970     -5.1081466     -4.7934619     -4.7631500     -4.8814660    -12.7614103    -15.8928768     -9.3590114 
   128.5000000       -6.8178206    -10.2387655     -5.8116257     -4.8660374    -10.2206845     -8.5380152    -10.2556749     -5.8018244    -10.5728365    -15.4606827     -8.4275434    -16.0267037     -8.2388116    -13.0788639    -16.3777546     -6.5707920     -5.2790837     -5.4387994     -8.7426326    -10.3860395     -4.9924030     -7.6020889     -4.2977529     -4.1032015     -4.4640832     -4.5506028     -3.8708859     -6.0938462     -5.4452658     -5.3129140     -5.0147356     -5.1875232     -5.0341819     -5.1207449     -4.8049892     -4.7732900     -4.8924954    -12.7746802    -15.9077679     -9.3806042 
   129.0000000       -6.8332867    -10.2526124     -5.8245386     -4.8761490    -10.2338666     -8.5535991    -10.2700427     -5.8153995    -10.5897092    -15.4751774     -8.4404095    -16.0514246     -8.2514241    -13.0971374    -16.3931011     -6.5854096     -5.2914405     -5.4520773     -8.7589890    -10.3970087     -5.0052281     -7.6151335     -4.3084738     -4.1135918     -4.4748898     -4.5617099     -3.8807461     -6.1082051     -5.4570585     -5.3240551     -5.0251871     -5.1987966     -5.0457667     -5.1333433     -4.8165164     -4.7834301     -4.9035247    -12.7879501    -15.9226590     -9.4021969 
   129.5000000       -6.8485706    -10.2664593     -5.8374514     -4.8862607    -10.2470487     -8.5691829    -10.2844104     -5.8289745    -10.6065819    -15.4896721     -8.4532757    -16.0761455     -8.2640366    -13.1153797    -16.4084477     -6.5997958     -5.3037972     -5.4653551     -8.7753455    -10.4079779     -5.0180531     -7.6281781     -4.3191946     -4.1239820     -4.4856964     -4.5728170     -3.8906063     -6.1225641     -5.4688512     -5.3351963     -5.0356385     -5.2100701     -5.0573515     -5.1459416     -4.8280437     -4.7935701     -4.9145541    -12.8012201    -15.9375501     -9.4237896 
   130.0000000       -6.8630125    -10.2803062     -5.8503642     -4.8963723    -10.2602308     -8.5847668    -10.2987782     -5.8425496    -10.6234546    -15.5041668     -8.4661418    -16.1008664     -8.2766491    -13.1336220    -16.4237942     -6.6138525     -5.3161539     -5.4786330     -8.7917020    -10.4189471     -5.0308781     -7.6412227     -4.3299155     -4.1343722     -4.4965030     -4.5839240     -3.9004665     -6.1369231     -5.4806440     -5.3463374     -5.0460900     -5.2213436     -5.0689364     -5.1585106     -4.8395710     -4.8037101     -4.9255835    -12.8144900    -15.9524413     -9.4453823 
   130.5000000       -6.8774545    -10.2941531     -5.8632770     -4.9064840    -10.2734129     -8.6003506    -10.3131460     -5.8561247    -10.6403273    -15.5185700     -8.4790079    -16.1255873     -8.2892616    -13.1518643    -16.4391408     -6.6279092     -5.3285107     -5.4919108     -8.8080585    -10.4299163     -5.0437032     -7.6542672     -4.3406363     -4.1447624     -4.5073096     -4.5950311     -3.9103267     -6.1512821     -5.4924367     -5.3574786     -5.0565415     -5.2326170     -5.0800118     -5.1704236     -4.8510983     -4.8138501     -4.9364377    -12.8277600    -15.9673324     -9.4669750 
   131.0000000       -6.8918965    -10.3080000     -5.8761898     -4.9165956    -10.2865950     -8.6159345    -10.3275137     -5.8696997    -10.6572000    -15.5329402     -8.4918741    -16.1503082     -8.3018741    -13.1701066    -16.4544873     -6.6419658     -5.3408674     -5.5051886     -8.8244150    -10.4408855     -5.0565282     -7.6673118     -4.3513572     -4.1551527     -4.5181099     -4.6061382     -3.9201870     -6.1656410     -5.5042294     -5.3686197     -5.0669929     -5.2438905     -5.0909040     -5.1823366     -4.8626255     -4.8237541     -4.9471228    -12.8410299    -15.9822235     -9.4885677 
   131.0000000       -6.8918965    -15.2430000     -5.8761898     -4.9165956    -10.2865950     -8.6159345    -10.3275137     -5.8696997    -10.6572000    -15.5329402     -8.4918741    -16.1503082     -8.3018741    -13.1701066    -16.4544873     -6.6419658     -5.3408674     -5.5051886     -8.8244150    -10.4408855     -5.0565282     -7.6673118     -4.3513572     -4.1551527     -4.5181099     -4.6061382     -3.9201870     -6.1656410     -5.5042294     -5.3686197     -5.0669929     -5.2438905     -5.0909040     -5.1823366     -4.8626255     -4.8237541     -4.9471228    -12.8410299    -15.9822235     -9.4885677 
   131.5000000       -6.9063385    -15.2660882     -5.8891026     -4.9267072    -10.2997771     -8.6315183    -10.3418815     -5.8832748    -10.6726180    -15.5473104     -8.5047402    -16.1750291     -8.3144865    -13.1883489    -16.4698339     -6.6560225     -5.3532241     -5.5184665     -8.8407715    -10.4518547     -5.0693533     -7.6803564     -4.3620780     -4.1655429     -4.5283229     -4.6172452     -3.9300472     -6.1800000     -5.5160221     -5.3797609     -5.0774444     -5.2551639     -5.1017962     -5.1942497     -4.8741528     -4.8336280     -4.9578079    -12.8542998    -15.9971146     -9.5101604 
   132.0000000       -6.9207805    -15.2891765     -5.9020155     -4.9368189    -10.3129592     -8.6471022    -10.3562493     -5.8968499    -10.6877465    -15.5616806     -8.5176064    -16.1997501     -8.3263759    -13.2065912    -16.4851804     -6.6700792     -5.3655809     -5.5317443     -8.8571280    -10.4628239     -5.0821783     -7.6934010     -4.3727989     -4.1759331     -4.5385360     -4.6279814     -3.9399074     -6.1943590     -5.5278148     -5.3909020     -5.0878958     -5.2664374     -5.1126885     -5.2061627     -4.8856801     -4.8435018     -4.9684930    -12.8675698    -16.0120058     -9.5317532 
   132.5000000       -6.9352225    -15.3122647     -5.9149283     -4.9469305    -10.3261413     -8.6626860    -10.3706170     -5.9104249    -10.7028751    -15.5760508     -8.5304725    -16.2244710     -8.3380853    -13.2248336    -16.5005270     -6.6841358     -5.3779376     -5.5450222     -8.8734844    -10.4737931     -5.0950034     -7.7064456     -4.3835197     -4.1863233     -4.5487491     -4.6383188     -3.9497324     -6.2087179     -5.5396075     -5.4020432     -5.0983473     -5.2777108     -5.1235807     -5.2180757     -4.8971437     -4.8533756     -4.9791781    -12.8808397    -16.0268969     -9.5533459 
   133.0000000       -6.9496645    -15.3353529     -5.9278411     -4.9570422    -10.3393234     -8.6782699    -10.3849848     -5.9240000    -10.7180036    -15.5904210     -8.5433386    -16.2491919     -8.3497947    -13.2430759    -16.5158735     -6.6981925     -5.3902943     -5.5583000     -8.8898409    -10.4847623     -5.1078284     -7.7194902     -4.3942406     -4.1967136     -4.5589622     -4.6486562     -3.9591398     -6.2230769     -5.5514003     -5.4131843     -5.1087988     -5.2889843     -5.1344730     -5.2299888     -4.9080631     -4.8632495     -4.9898633    -12.8941097    -16.0417880     -9.5749386 
   133.0000000       -6.9496645    -15.3353529     -5.9278411     -4.9570422    -10.3393234     -8.6782699    -10.3849848     -9.4830000    -10.7180036    -15.5904210     -8.5433386    -16.2491919     -8.3497947    -13.2430759    -16.5158735     -6.6981925     -5.3902943     -5.5583000     -8.8898409    -10.4847623     -5.1078284     -7.7194902     -4.3942406     -4.1967136     -4.5589622     -4.6486562     -3.9591398     -6.2230769     -5.5514003     -5.4131843     -5.1087988     -5.2889843     -5.1344730     -5.2299888     -4.9080631     -4.8632495     -4.9898633    -12.8941097    -16.0417880     -9.5749386 
   133.5000000       -6.9641064    -15.3584412     -5.9407539     -4.9671538    -10.3525055     -8.6938537    -10.3993526     -9.4973215    -10.7331321    -15.6047912     -8.5562048    -16.2739128     -8.3615041    -13.2613182    -16.5312201     -6.7122492     -5.4026510     -5.5715779     -8.9061974    -10.4957315     -5.1206535     -7.7322194     -4.4049614     -4.2071038     -4.5691753     -4.6589937     -3.9685473     -6.2374359     -5.5630340     -5.4243255     -5.1192502     -5.2999580     -5.1453652     -5.2419018     -4.9189824     -4.8731233     -5.0005484    -12.9073796    -16.0566791     -9.5966482 
   134.0000000       -6.9785484    -15.3815294     -5.9536667     -4.9772655    -10.3656877     -8.7094376    -10.4137203     -9.5116430    -10.7482606    -15.6191614     -8.5690709    -16.2986337     -8.3732135    -13.2795605    -16.5465666     -6.7263059     -5.4149381     -5.5848557     -8.9225917    -10.5067007     -5.1334785     -7.7446346     -4.4156823     -4.2174940     -4.5793883     -4.6693311     -3.9779548     -6.2517949     -5.5739716     -5.4354666     -5.1297017     -5.3105887     -5.1562574     -5.2538148     -4.9299018     -4.8829972     -5.0112335    -12.9206496    -16.0720789     -9.6185056 
   134.5000000       -6.9929904    -15.4046043     -5.9665796     -4.9873771    -10.3788698     -8.7250214    -10.4280881     -9.5259645    -10.7633892    -15.6335316     -8.5819370    -16.3233546     -8.3849229    -13.2978028    -16.5619132     -6.7403625     -5.4264400     -5.5981336     -8.9393461    -10.5176699     -5.1463035     -7.7570498     -4.4264031     -4.2278842     -4.5896014     -4.6796685     -3.9873622     -6.2661538     -5.5849093     -5.4466078     -5.1401531     -5.3212195     -5.1671497     -5.2657278     -4.9408212     -4.8928710     -5.0219186    -12.9339195    -16.0875282     -9.6403630 
   135.0000000       -7.0074324    -15.4276259     -5.9794924     -4.9974888    -10.3920519     -8.7406053    -10.4424559     -9.5402860    -10.7785177    -15.6479018     -8.5948032    -16.3480755     -8.3966324    -13.3160451    -16.5772597     -6.7544192     -5.4379419     -5.6114114     -8.9561005    -10.5286391     -5.1591286     -7.7694649     -4.4371240     -4.2382745     -4.5998145     -4.6900059     -3.9967697     -6.2805128     -5.5958469     -5.4577490     -5.1506046     -5.3318503     -5.1780419     -5.2776409     -4.9517406     -4.9027449     -5.0326037    -12.9471894    -16.1029775     -9.6622205 
   135.5000000       -7.0218744    -15.4506475     -5.9924052     -5.0076004    -10.4052340     -8.7561891    -10.4568237     -9.5546074    -10.7936462    -15.6622720     -8.6076693    -16.3727965     -8.4083418    -13.3342874    -16.5926063     -6.7684759     -5.4494439     -5.6246893     -8.9728549    -10.5396083     -5.1719536     -7.7818801     -4.4478449     -4.2486647     -4.6100276     -4.7003433     -4.0061771     -6.2948718     -5.6067846     -5.4688901     -5.1610561     -5.3424810     -5.1889342     -5.2895539     -4.9626600     -4.9126187     -5.0432888    -12.9604594    -16.1184267     -9.6840779 
   136.0000000       -7.0363164    -15.4736691     -6.0053180     -5.0177121    -10.4184161     -8.7717730    -10.4711914     -9.5689289    -10.8087747    -15.6766422     -8.6205355    -16.3975174     -8.4200512    -13.3525297    -16.6079528     -6.7825326     -5.4609458     -5.6369685     -8.9896093    -10.5505775     -5.1847787     -7.7942953     -4.4585657     -4.2590549     -4.6202406     -4.7106808     -4.0155846     -6.3092308     -5.6177222     -5.4800313     -5.1715075     -5.3531118     -5.1998264     -5.3014669     -4.9735793     -4.9224925     -5.0539739    -12.9737293    -16.1338760     -9.7059354 
   136.5000000       -7.0507583    -15.4966906     -6.0182308     -5.0278237    -10.4315982     -8.7873568    -10.4855592     -9.5832504    -10.8239033    -15.6910124     -8.6334016    -16.4222383     -8.4317606    -13.3707721    -16.6232994     -6.7965892     -5.4724477     -5.6490373     -9.0063637    -10.5615467     -5.1974194     -7.8067105     -4.4692866     -4.2694451     -4.6304537     -4.7210182     -4.0249921     -6.3235897     -5.6286598     -5.4911724     -5.1819590     -5.3637425     -5.2107187     -5.3133800     -4.9844987     -4.9323664     -5.0646591    -12.9869993    -16.1493253     -9.7277928 
   137.0000000       -7.0652003    -15.5197122     -6.0311436     -5.0379354    -10.4447803     -8.8029407    -10.4999270     -9.5975719    -10.8390318    -15.7053826     -8.6462677    -16.4467744     -8.4434700    -13.3890144    -16.6386459     -6.8106459     -5.4839497     -5.6611062     -9.0231181    -10.5725159     -5.2099336     -7.8191256     -4.4800074     -4.2798354     -4.6406668     -4.7313556     -4.0343995     -6.3379487     -5.6395975     -5.5023136     -5.1924104     -5.3743733     -5.2216109     -5.3252930     -4.9954181     -4.9422402     -5.0753442    -13.0002692    -16.1647746     -9.7496503 
   137.5000000       -7.0796423    -15.5427338     -6.0440565     -5.0480470    -10.4579392     -8.8185245    -10.5142947     -9.6118934    -10.8541603    -15.7197528     -8.6591339    -16.4699514     -8.4551794    -13.4072567    -16.6539925     -6.8247026     -5.4954516     -5.6731750     -9.0398724    -10.5834851     -5.2224478     -7.8315408     -4.4907283     -4.2902256     -4.6508799     -4.7416930     -4.0438070     -6.3523077     -5.6505351     -5.5134547     -5.2028619     -5.3850040     -5.2325031     -5.3372060     -5.0063375     -4.9521141     -5.0860293    -13.0135391    -16.1802239     -9.7715077 
   138.0000000       -7.0940843    -15.5657554     -6.0569693     -5.0581586    -10.4710977     -8.8341084    -10.5286625     -9.6262149    -10.8692889    -15.7341230     -8.6720000    -16.4931283     -8.4668888    -13.4254990    -16.6674213     -6.8387592     -5.5069535     -5.6852439     -9.0566268    -10.5944543     -5.2349619     -7.8439560     -4.5014491     -4.3003982     -4.6610929     -4.7520304     -4.0532145     -6.3666667     -5.6614728     -5.5245959     -5.2132920     -5.3956348     -5.2433954     -5.3491190     -5.0172568     -4.9619879     -5.0967144    -13.0268091    -16.1956731     -9.7933652 
   138.0000000       -7.0940843    -15.5657554     -6.0569693     -5.0581586    -10.4710977     -8.8341084    -10.5286625     -9.6262149    -10.8692889    -15.7341230    -11.4760000    -16.4931283     -8.4668888    -13.4254990    -16.6674213     -6.8387592     -5.5069535     -5.6852439     -9.0566268    -10.5944543     -5.2349619     -7.8439560     -4.5014491     -4.3003982     -4.6610929     -4.7520304     -4.0532145     -6.3666667     -5.6614728     -5.5245959     -5.2132920     -5.3956348     -5.2433954     -5.3491190     -5.0172568     -4.9619879     -5.0967144    -13.0268091    -16.1956731     -9.7933652 
   138.5000000       -7.1085263    -15.5887770     -6.0698821     -5.0682703    -10.4842563     -8.8496922    -10.5430303     -9.6405364    -10.8844174    -15.7484932    -11.4903263    -16.5163053     -8.4785982    -13.4437413    -16.6803828     -6.8528159     -5.5184555     -5.6973127     -9.0733812    -10.6054235     -5.2474761     -7.8563711     -4.5121700     -4.3101631     -4.6713060     -4.7623679     -4.0626219     -6.3810256     -5.6724104     -5.5357370     -5.2230294     -5.4062656     -5.2542876     -5.3610321     -5.0281762     -4.9718617     -5.1073995    -13.0400790    -16.2111224     -9.8152226 
   139.0000000       -7.1229683    -15.6117986     -6.0827949     -5.0783819    -10.4974148     -8.8652761    -10.5572221     -9.6548579    -10.8995459    -15.7628634    -11.5046527    -16.5394823     -8.4903076    -13.4619836    -16.6933443     -6.8668726     -5.5299574     -5.7093816     -9.0901356    -10.6163927     -5.2599903     -7.8687863     -4.5228908     -4.3199280     -4.6815191     -4.7727053     -4.0720294     -6.3953846     -5.6833481     -5.5468782     -5.2327668     -5.4168963     -5.2651799     -5.3729451     -5.0390956     -4.9817356     -5.1180846    -13.0533490    -16.2265717     -9.8370801 
   139.5000000       -7.1374102    -15.6348201     -6.0957077     -5.0884936    -10.5105733     -8.8808599    -10.5705355     -9.6691794    -10.9146744    -15.7772336    -11.5189790    -16.5626593     -8.5020170    -13.4802259    -16.7063057     -6.8809293     -5.5414594     -5.7214504     -9.1068900    -10.6273619     -5.2725045     -7.8812015     -4.5336117     -4.3296929     -4.6917322     -4.7830427     -4.0814369     -6.4095116     -5.6942857     -5.5580193     -5.2425043     -5.4275271     -5.2760721     -5.3848581     -5.0500150     -4.9916094     -5.1287697    -13.0666189    -16.2420210     -9.8589375 
   140.0000000       -7.1518522    -15.6578417     -6.1086206     -5.0986052    -10.5237318     -8.8964438    -10.5838489     -9.6835008    -10.9298030    -15.7916038    -11.5333053    -16.5858363     -8.5137264    -13.4984682    -16.7192672     -6.8949859     -5.5529613     -5.7335192     -9.1236444    -10.6383311     -5.2850186     -7.8936167     -4.5443325     -4.3394579     -4.7019453     -4.7933801     -4.0908443     -6.4232907     -5.7052234     -5.5691605     -5.2522417     -5.4381578     -5.2869644     -5.3967712     -5.0609344     -5.0014833     -5.1394548    -13.0798889    -16.2574702     -9.8807950 
   140.0000000       -7.1518522    -15.6578417     -6.1086206     -5.0986052    -10.5237318     -8.8964438    -10.5838489     -9.6835008    -10.9298030    -15.7916038    -11.5333053    -16.5858363     -8.5137264    -13.4984682    -16.7192672     -6.8949859     -5.5529613     -5.7335192     -9.1236444    -10.6383311     -5.2850186     -7.8936167     -4.5443325     -4.3394579     -4.7019453     -4.7933801     -4.0908443     -6.4232907     -5.7052234     -5.5691605     -5.2522417     -5.4381578     -5.2869644     -5.3967712     -5.0609344     -5.0014833     -5.1394548    -13.0798889    -16.2574702     -9.8807950 
   140.5000000       -7.1662942    -15.6808633     -6.1215334     -5.1079005    -10.5368904     -8.9120276    -10.5971624     -9.6978223    -10.9449315    -15.8059740    -11.5476316    -16.6090132     -8.5254358    -13.5167106    -16.7322286     -6.9090426     -5.5644632     -5.7455881     -9.1403988    -10.6493003     -5.2975328     -7.9060318     -4.5550534     -4.3492228     -4.7121583     -4.8037175     -4.1002518     -6.4370698     -5.7161610     -5.5802453     -5.2619792     -5.4487886     -5.2978566     -5.4086842     -5.0718537     -5.0113571     -5.1501400    -13.0931588    -16.2729195     -9.9026524 
   141.0000000       -7.1807362    -15.7038849     -6.1344462     -5.1170651    -10.5500489     -8.9276115    -10.6104758     -9.7121438    -10.9600600    -15.8203442    -11.5619580    -16.6321902     -8.5371452    -13.5349529    -16.7451901     -6.9230993     -5.5759652     -5.7576569     -9.1571532    -10.6602695     -5.3100470     -7.9184470     -4.5657742     -4.3589877     -4.7223714     -4.8140549     -4.1096593     -6.4508488     -5.7270987     -5.5909042     -5.2717166     -5.4594193     -5.3087488     -5.4205972     -5.0827731     -5.0212310     -5.1608251    -13.1064287    -16.2883688     -9.9245098 
   141.5000000       -7.1951782    -15.7269065     -6.1472088     -5.1262298    -10.5632074     -8.9431953    -10.6237892     -9.7264653    -10.9751885    -15.8347144    -11.5762843    -16.6553672     -8.5488546    -13.5531952    -16.7581516     -6.9371559     -5.5874671     -5.7697258     -9.1739076    -10.6712387     -5.3225612     -7.9308622     -4.5764951     -4.3687526     -4.7325845     -4.8243924     -4.1190667     -6.4646279     -5.7380363     -5.6015631     -5.2814540     -5.4700501     -5.3196411     -5.4325103     -5.0936925     -5.0311048     -5.1715102    -13.1196987    -16.3038181     -9.9463673 
   142.0000000       -7.2096202    -15.7499281     -6.1592994     -5.1353944    -10.5763659     -8.9587792    -10.6371026     -9.7407868    -10.9903171    -15.8490846    -11.5906106    -16.6785442     -8.5605640    -13.5714375    -16.7711130     -6.9512126     -5.5989690     -5.7817946     -9.1906620    -10.6822079     -5.3350753     -7.9432773     -4.5872159     -4.3785175     -4.7427976     -4.8347298     -4.1284742     -6.4784070     -5.7489740     -5.6122220     -5.2911915     -5.4806809     -5.3305333     -5.4444233     -5.1046119     -5.0409786     -5.1821953    -13.1329686    -16.3192674     -9.9682247 
   142.5000000       -7.2240622    -15.7729496     -6.1713900     -5.1445590    -10.5895244     -8.9744984    -10.6504161     -9.7551083    -11.0054456    -15.8634548    -11.6049369    -16.7017211     -8.5722734    -13.5896610    -16.7840745     -6.9647471     -5.6104710     -5.7938634     -9.2074164    -10.6931771     -5.3475895     -7.9556925     -4.5979368     -4.3882825     -4.7530106     -4.8450672     -4.1378816     -6.4921860     -5.7599116     -5.6228809     -5.3009289     -5.4913116     -5.3414256     -5.4563363     -5.1155312     -5.0508525     -5.1928804    -13.1462386    -16.3347166     -9.9900822 
   142.8000000       -7.2327273    -15.7867626     -6.1786444     -5.1500578    -10.5974195     -8.9840000    -10.6584041     -9.7637012    -11.0145227    -15.8720770    -11.6135327    -16.7156273     -8.5792991    -13.6003036    -16.7918514     -6.9727902     -5.6173721     -5.8011047     -9.2174690    -10.6997586     -5.3550980     -7.9631416     -4.6043693     -4.3941414     -4.7591385     -4.8512697     -4.1435261     -6.5004535     -5.7664742     -5.6292762     -5.3067714     -5.4976901     -5.3479609     -5.4634841     -5.1220829     -5.0567768     -5.1992915    -13.1542005    -16.3439862    -10.0031967 
   142.8000000       -7.2327273    -15.7867626     -6.1786444     -5.1500578    -10.5974195    -11.9340000    -10.6584041     -9.7637012    -11.0145227    -15.8720770    -11.6135327    -16.7156273     -8.5792991    -13.6003036    -16.7918514     -6.9727902     -5.6173721     -5.8011047     -9.2174690    -10.6997586     -5.3550980     -7.9631416     -4.6043693     -4.3941414     -4.7591385     -4.8512697     -4.1435261     -6.5004535     -5.7664742     -5.6292762     -5.3067714     -5.4976901     -5.3479609     -5.4634841     -5.1220829     -5.0567768     -5.1992915    -13.1542005    -16.3439862    -10.0031967 
   143.0000000       -7.2385041    -15.7959712     -6.1834807     -5.1537237    -10.6026830    -11.9405707    -10.6637295     -9.7694298    -11.0205741    -15.8778250    -11.6192633    -16.7248981     -8.5839828    -13.6073987    -16.7970359     -6.9781523     -5.6219729     -5.8059323     -9.2241708    -10.7041463     -5.3601037     -7.9681077     -4.6086576     -4.3980474     -4.7632237     -4.8554046     -4.1472891     -6.5059651     -5.7708493     -5.6335398     -5.3106664     -5.5019424     -5.3523178     -5.4682493     -5.1264506     -5.0607263     -5.2035655    -13.1595085    -16.3501659    -10.0119396 
   143.5000000       -7.2529461    -15.8189928     -6.1955713     -5.1628883    -10.6158415    -11.9569973    -10.6770429     -9.7837513    -11.0357026    -15.8921952    -11.6335896    -16.7480751     -8.5956923    -13.6251364    -16.8099974     -6.9915576     -5.6334748     -5.8180011     -9.2409251    -10.7151155     -5.3726179     -7.9805229     -4.6193785     -4.4078123     -4.7734368     -4.8657420     -4.1566966     -6.5197442     -5.7817869     -5.6441986     -5.3204038     -5.5125731     -5.3632101     -5.4801624     -5.1373700     -5.0706002     -5.2142506    -13.1727784    -16.3656152    -10.0337971 
   144.0000000       -7.2673881    -15.8420144     -6.2076619     -5.1720530    -10.6290000    -11.9734239    -10.6903564     -9.7980728    -11.0508312    -15.9065654    -11.6479159    -16.7712521     -8.6074017    -13.6428741    -16.8229589     -7.0049629     -5.6449768     -5.8300700     -9.2576795    -10.7260847     -5.3851320     -7.9929380     -4.6298802     -4.4175772     -4.7836499     -4.8760795     -4.1661040     -6.5335233     -5.7927246     -5.6548575     -5.3301412     -5.5232039     -5.3741023     -5.4920754     -5.1482894     -5.0804740     -5.2249358    -13.1860484    -16.3810645    -10.0556545 
   144.0000000       -7.2673881    -15.8420144     -6.2076619     -5.1720530    -16.1450000    -11.9734239    -10.6903564     -9.7980728    -11.0508312    -15.9065654    -11.6479159    -16.7712521     -8.6074017    -13.6428741    -16.8229589     -7.0049629     -5.6449768     -5.8300700     -9.2576795    -10.7260847     -5.3851320     -7.9929380     -4.6298802     -4.4175772     -4.7836499     -4.8760795     -4.1661040     -6.5335233     -5.7927246     -5.6548575     -5.3301412     -5.5232039     -5.3741023     -5.4920754     -5.1482894     -5.0804740     -5.2249358    -13.1860484    -16.3810645    -10.0556545 
   144.2000000       -7.2731649    -15.8512230     -6.2124982     -5.1757188    -16.1513110    -11.9799946    -10.6956817     -9.8038014    -11.0568826    -15.9123135    -11.6536465    -16.7805229     -8.6120854    -13.6499692    -16.8281435     -7.0103250     -5.6495775     -5.8348975     -9.2643813    -10.7304724     -5.3901377     -7.9979041     -4.6340525     -4.4214832     -4.7877351     -4.8802144     -4.1698670     -6.5390349     -5.7970996     -5.6591211     -5.3340362     -5.5274562     -5.3784592     -5.4968406     -5.1526571     -5.0844235     -5.2292098    -13.1913564    -16.3872442    -10.0643975 
   144.2000000       -7.2731649    -15.8512230     -6.2124982     -5.1757188    -16.1513110    -11.9799946    -10.6956817     -9.8038014    -11.0568826    -15.9123135    -11.6536465    -16.7805229     -8.6120854    -13.6499692    -16.8281435     -7.0103250     -5.6495775     -5.8348975     -9.2643813    -10.7304724     -5.3901377     -7.9979041     -4.6340525     -4.4214832     -4.7877351     -4.8802144     -4.1698670     -6.5390349     -5.7970996     -5.6591211     -5.3340362     -5.5274562     -5.3784592     -5.4968406     -5.1526571     -5.0844235     -5.2292098    -13.1913564    -16.3872442    -10.0643975 
   144.5000000       -7.2816966    -15.8650360     -6.2197525     -5.1812176    -16.1607776    -11.9898505    -10.7036698     -9.8123943    -11.0659597    -15.9209356    -11.6622423    -16.7944291     -8.6191111    -13.6606118    -16.8359203     -7.0183682     -5.6564787     -5.8421388     -9.2744339    -10.7370539     -5.3976462     -8.0053532     -4.6403109     -4.4273421     -4.7938629     -4.8864169     -4.1755115     -6.5473023     -5.8036622     -5.6655164     -5.3398787     -5.5338346     -5.3849945     -5.5039884     -5.1592088     -5.0903479     -5.2356209    -13.1993183    -16.3965137    -10.0775120 
   145.0000000       -7.2950848    -15.8880576     -6.2318432     -5.1903822    -16.1765551    -12.0062772    -10.7169832     -9.8267157    -11.0810882    -15.9353058    -11.6765686    -16.8176060     -8.6308205    -13.6783495    -16.8488818     -7.0317734     -5.6679806     -5.8542076     -9.2911883    -10.7480231     -5.4101604     -8.0177684     -4.6507417     -4.4371071     -4.8040760     -4.8967543     -4.1849190     -6.5610814     -5.8145999     -5.6761753     -5.3496161     -5.5444654     -5.3958868     -5.5159015     -5.1701281     -5.1002217     -5.2463060    -13.2125883    -16.4119630    -10.0993505 
   145.5000000       -7.3084730    -15.9110791     -6.2439338     -5.1995469    -16.1923327    -12.0227038    -10.7302967     -9.8410372    -11.0962168    -15.9496760    -11.6908949    -16.8407830     -8.6425299    -13.6960872    -16.8618433     -7.0451787     -5.6794826     -5.8662765     -9.3079427    -10.7589923     -5.4226746     -8.0301835     -4.6611724     -4.4468720     -4.8142891     -4.9070917     -4.1943264     -6.5748605     -5.8255375     -5.6868342     -5.3593536     -5.5550962     -5.4067790     -5.5278145     -5.1810475     -5.1100955     -5.2569911    -13.2258582    -16.4274123    -10.1209052 
   146.0000000       -7.3218612    -15.9341007     -6.2560244     -5.2087115    -16.2081103    -12.0391304    -10.7436101     -9.8553587    -11.1113453    -15.9640463    -11.7052212    -16.8639600     -8.6542393    -13.7138248    -16.8748047     -7.0585840     -5.6909845     -5.8783453     -9.3246971    -10.7699615     -5.4351887     -8.0425987     -4.6716032     -4.4566369     -4.8245022     -4.9174291     -4.2037339     -6.5886395     -5.8364752     -5.6974931     -5.3690910     -5.5657269     -5.4176713     -5.5397275     -5.1919669     -5.1199694     -5.2676762    -13.2386695    -16.4428616    -10.1424600 
   146.5000000       -7.3352495    -15.9571223     -6.2681150     -5.2178761    -16.2238878    -12.0555570    -10.7569235     -9.8696802    -11.1260625    -15.9784165    -11.7195476    -16.8871370     -8.6659487    -13.7315625    -16.8877662     -7.0719892     -5.7024865     -5.8904142     -9.3414515    -10.7809307     -5.4477029     -8.0550139     -4.6820339     -4.4664018     -4.8347153     -4.9277666     -4.2131414     -6.6024186     -5.8474128     -5.7081520     -5.3788284     -5.5763577     -5.4285635     -5.5516406     -5.2028863     -5.1298432     -5.2783613    -13.2511906    -16.4583108    -10.1640148 
   147.0000000       -7.3486377    -15.9801439     -6.2802057     -5.2270408    -16.2396654    -12.0719837    -10.7702370     -9.8840017    -11.1393995    -15.9927867    -11.7338739    -16.9103140     -8.6776581    -13.7493002    -16.9007276     -7.0853945     -5.7139884     -5.9024830     -9.3582059    -10.7918999     -5.4602171     -8.0674290     -4.6924647     -4.4761667     -4.8445438     -4.9381040     -4.2225488     -6.6161977     -5.8583504     -5.7188109     -5.3885659     -5.5869884     -5.4394558     -5.5635243     -5.2138056     -5.1397171     -5.2890464    -13.2637117    -16.4737601    -10.1855696 
   147.5000000       -7.3620259    -16.0031655     -6.2922963     -5.2362054    -16.2554430    -12.0884103    -10.7835504     -9.8983232    -11.1527366    -16.0071789    -11.7482002    -16.9334909     -8.6893675    -13.7670379    -16.9136891     -7.0987998     -5.7254903     -5.9145518     -9.3749603    -10.8028691     -5.4727313     -8.0798442     -4.7028954     -4.4859316     -4.8541901     -4.9484414     -4.2319563     -6.6299767     -5.8692881     -5.7294698     -5.3983033     -5.5976192     -5.4503480     -5.5748078     -5.2247250     -5.1495909     -5.2997315    -13.2762329    -16.4892094    -10.2071243 
   148.0000000       -7.3754142    -16.0261871     -6.3043869     -5.2453700    -16.2712205    -12.1048369    -10.7968638     -9.9126447    -11.1660736    -16.0216107    -11.7625265    -16.9566679     -8.7010769    -13.7847756    -16.9266506     -7.1122051     -5.7369923     -5.9266207     -9.3917147    -10.8138383     -5.4852454     -8.0922594     -4.7133262     -4.4956966     -4.8638364     -4.9587788     -4.2413638     -6.6437558     -5.8802257     -5.7401287     -5.4080408     -5.6082499     -5.4609491     -5.5860912     -5.2356444     -5.1594647     -5.3102941    -13.2887540    -16.5046587    -10.2286791 
   148.5000000       -7.3888024    -16.0463388     -6.3164775     -5.2545347    -16.2869981    -12.1212635    -10.8101773     -9.9269319    -11.1794107    -16.0360424    -11.7768529    -16.9798449     -8.7127863    -13.8025133    -16.9396120     -7.1256103     -5.7484942     -5.9386895     -9.4084691    -10.8248075     -5.4977596     -8.1046746     -4.7237569     -4.5054615     -4.8734827     -4.9691162     -4.2507712     -6.6575349     -5.8911634     -5.7507875     -5.4177782     -5.6188807     -5.4712361     -5.5973747     -5.2465638     -5.1693386     -5.3205960    -13.3012751    -16.5201080    -10.2502339 
   149.0000000       -7.4021906    -16.0621858     -6.3285682     -5.2636993    -16.3027757    -12.1376902    -10.8234907     -9.9407459    -11.1927478    -16.0504741    -11.7911792    -16.9991488     -8.7244957    -13.8202510    -16.9525735     -7.1390156     -5.7599961     -5.9507584     -9.4252235    -10.8357766     -5.5102738     -8.1170897     -4.7341877     -4.5152264     -4.8831290     -4.9787829     -4.2601787     -6.6713140     -5.9021010     -5.7614464     -5.4275157     -5.6295115     -5.4815231     -5.6086582     -5.2574832     -5.1790264     -5.3308978    -13.3137962    -16.5355572    -10.2717887 
   149.5000000       -7.4155788    -16.0780328     -6.3406588     -5.2728640    -16.3185533    -12.1541168    -10.8368041     -9.9545599    -11.2060848    -16.0649058    -11.8055055    -17.0178423     -8.7362051    -13.8379887    -16.9655349     -7.1524209     -5.7714981     -5.9628272     -9.4419778    -10.8467458     -5.5227880     -8.1295049     -4.7446184     -4.5249913     -4.8927753     -4.9883001     -4.2695861     -6.6850930     -5.9130387     -5.7721053     -5.4372531     -5.6401422     -5.4918101     -5.6199416     -5.2684025     -5.1887009     -5.3411997    -13.3263174    -16.5510065    -10.2933434 
   150.0000000       -7.4289671    -16.0938798     -6.3527494     -5.2820286    -16.3343308    -12.1705434    -10.8501176     -9.9683738    -11.2194219    -16.0793375    -11.8198319    -17.0365359     -8.7476695    -13.8557264    -16.9784964     -7.1658262     -5.7830000     -5.9748960     -9.4589212    -10.8577150     -5.5353022     -8.1419201     -4.7550492     -4.5347562     -4.9024216     -4.9978174     -4.2789936     -6.6988721     -5.9239763     -5.7827642     -5.4469905     -5.6507730     -5.5020971     -5.6312251     -5.2793219     -5.1983753     -5.3515015    -13.3388385    -16.5664558    -10.3148982 
   150.0000000       -7.4289671    -16.0938798     -6.3527494     -5.2820286    -16.3343308    -12.1705434    -10.8501176     -9.9683738    -11.2194219    -16.0793375    -11.8198319    -17.0365359     -8.7476695    -13.8557264    -16.9784964     -7.1658262     -9.2980000     -5.9748960     -9.4589212    -10.8577150     -5.5353022     -8.1419201     -4.7550492     -4.5347562     -4.9024216     -4.9978174     -4.2789936     -6.6988721     -5.9239763     -5.7827642     -5.4469905     -5.6507730     -5.5020971     -5.6312251     -5.2793219     -5.1983753     -5.3515015    -13.3388385    -16.5664558    -10.3148982 
   150.5000000       -7.4423553    -16.1097268     -6.3648400     -5.2911932    -16.3501084    -12.1869700    -10.8634310     -9.9821878    -11.2327590    -16.0937692    -11.8341582    -17.0552295     -8.7586458    -13.8734641    -16.9914579     -7.1792314     -9.3151724     -5.9869649     -9.4763447    -10.8686842     -5.5478163     -8.1543352     -4.7654799     -4.5445212     -4.9120679     -5.0073346     -4.2884011     -6.7126512     -5.9349140     -5.7934231     -5.4567280     -5.6612337     -5.5123841     -5.6425085     -5.2902413     -5.2080498     -5.3618034    -13.3513596    -16.5819051    -10.3364530 
   151.0000000       -7.4557435    -16.1255738     -6.3769307     -5.3003579    -16.3658860    -12.2033967    -10.8767444     -9.9960017    -11.2460960    -16.1082010    -11.8484863    -17.0739230     -8.7696221    -13.8912018    -17.0044193     -7.1926367     -9.3323448     -5.9990337     -9.4937682    -10.8796534     -5.5603305     -8.1665973     -4.7759107     -4.5542861     -4.9217142     -5.0168518     -4.2978085     -6.7264302     -5.9455902     -5.8040820     -5.4664654     -5.6713333     -5.5226711     -5.6537920     -5.3011027     -5.2177243     -5.3721052    -13.3638807    -16.5973543    -10.3580078 
   151.5000000       -7.4691317    -16.1414208     -6.3890213     -5.3095225    -16.3816635    -12.2198233    -10.8900579    -10.0098157    -11.2594331    -16.1226327    -11.8628157    -17.0926166     -8.7805985    -13.9089395    -17.0173808     -7.2060420     -9.3495172     -6.0111026     -9.5111917    -10.8906226     -5.5728447     -8.1783212     -4.7863414     -4.5640510     -4.9313604     -5.0263690     -4.3070625     -6.7402093     -5.9557855     -5.8147409     -5.4762029     -5.6814330     -5.5329581     -5.6650755     -5.3114765     -5.2273987     -5.3824070    -13.3764018    -16.6128036    -10.3795625 
   152.0000000       -7.4825200    -16.1572678     -6.4011119     -5.3186871    -16.3974411    -12.2362499    -10.9033713    -10.0236297    -11.2727701    -16.1370644    -11.8771450    -17.1113102     -8.7915748    -13.9266772    -17.0303422     -7.2194472     -9.3666896     -6.0231714     -9.5286151    -10.9015918     -5.5853589     -8.1900451     -4.7967722     -4.5738159     -4.9410067     -5.0358863     -4.3160209     -6.7539884     -5.9659808     -5.8253998     -5.4859403     -5.6915326     -5.5432451     -5.6763589     -5.3218503     -5.2370732     -5.3927089    -13.3889230    -16.6282529    -10.4011173 
   152.5000000       -7.4959082    -16.1731148     -6.4132025     -5.3278518    -16.4132187    -12.2526765    -10.9166847    -10.0374436    -11.2861072    -16.1514961    -11.8914744    -17.1300037     -8.8025512    -13.9444149    -17.0433037     -7.2328525     -9.3838619     -6.0352403     -9.5460386    -10.9125610     -5.5978730     -8.2017691     -4.8072029     -4.5835808     -4.9506530     -5.0454035     -4.3249793     -6.7677674     -5.9761761     -5.8360587     -5.4956777     -5.7016323     -5.5535321     -5.6876424     -5.3322240     -5.2467476     -5.4030107    -13.4014441    -16.6437022    -10.4226721 
   153.0000000       -7.5092964    -16.1889617     -6.4252931     -5.3370164    -16.4289962    -12.2677088    -10.9299981    -10.0512576    -11.2994443    -16.1659278    -11.9058038    -17.1486973     -8.8135275    -13.9621525    -17.0562652     -7.2462578     -9.4010343     -6.0473091     -9.5634621    -10.9235302     -5.6103872     -8.2134930     -4.8176337     -4.5933458     -4.9602993     -5.0549207     -4.3339377     -6.7815465     -5.9863714     -5.8467176     -5.5054152     -5.7117319     -5.5638191     -5.6989258     -5.3425978     -5.2564221     -5.4133126    -13.4139652    -16.6591514    -10.4442268 
   153.5000000       -7.5226847    -16.2048087     -6.4373838     -5.3461811    -16.4447738    -12.2820724    -10.9433116    -10.0650716    -11.3127813    -16.1803596    -11.9201332    -17.1673909     -8.8245038    -13.9798902    -17.0692266     -7.2596631     -9.4182067     -6.0584452     -9.5808856    -10.9344994     -5.6229014     -8.2252170     -4.8280644     -4.6031107     -4.9699456     -5.0644379     -4.3428962     -6.7953256     -5.9965667     -5.8573765     -5.5151526     -5.7218316     -5.5741061     -5.7102093     -5.3529716     -5.2660966     -5.4236144    -13.4264863    -16.6746007    -10.4657816 
   154.0000000       -7.5360729    -16.2206557     -6.4494744     -5.3553457    -16.4605514    -12.2964361    -10.9566250    -10.0788855    -11.3261184    -16.1947913    -11.9344625    -17.1860844     -8.8354802    -13.9976279    -17.0821881     -7.2730683     -9.4353791     -6.0693138     -9.5983091    -10.9454686     -5.6354156     -8.2369409     -4.8384952     -4.6128756     -4.9795919     -5.0739551     -4.3518546     -6.8091047     -6.0067620     -5.8680353     -5.5248901     -5.7319312     -5.5843931     -5.7214927     -5.3633454     -5.2757710     -5.4339163    -13.4390075    -16.6900500    -10.4873364 
   154.5000000       -7.5494611    -16.2365027     -6.4615650     -5.3645103    -16.4751424    -12.3107998    -10.9699384    -10.0926995    -11.3394555    -16.2092230    -11.9487919    -17.2047780     -8.8464565    -14.0153656    -17.0951495     -7.2864736     -9.4525515     -6.0801823     -9.6157325    -10.9564378     -5.6479297     -8.2486648     -4.8489259     -4.6226405     -4.9892382     -5.0834724     -4.3608130     -6.8228837     -6.0169573     -5.8786942     -5.5346275     -5.7420309     -5.5946801     -5.7327762     -5.3737192     -5.2854455     -5.4442181    -13.4515286    -16.7054993    -10.5088912 
   155.0000000       -7.5628493    -16.2523497     -6.4736556     -5.3736750    -16.4886722    -12.3251635    -10.9833038    -10.1065135    -11.3527925    -16.2236547    -11.9631213    -17.2234715     -8.8574328    -14.0331033    -17.1081110     -7.2998789     -9.4697239     -6.0910508     -9.6331560    -10.9674070     -5.6603210     -8.2603888     -4.8593567     -4.6324054     -4.9988845     -5.0929896     -4.3697714     -6.8366628     -6.0271526     -5.8893531     -5.5443649     -5.7521305     -5.6049671     -5.7440597     -5.3840930     -5.2951200     -5.4545200    -13.4640497    -16.7209486    -10.5304459 
   155.5000000       -7.5762376    -16.2681967     -6.4857463     -5.3828396    -16.5022020    -12.3395271    -10.9967279    -10.1203274    -11.3661296    -16.2380864    -11.9774506    -17.2421651     -8.8684092    -14.0508410    -17.1210725     -7.3132842     -9.4868963     -6.1019193     -9.6505795    -10.9783762     -5.6725525     -8.2721127     -4.8697874     -4.6421703     -5.0085308     -5.1025068     -4.3787298     -6.8504419     -6.0373479     -5.9000120     -5.5541024     -5.7622302     -5.6152541     -5.7553431     -5.3944668     -5.3047944     -5.4648218    -13.4765708    -16.7363978    -10.5520007 
   156.0000000       -7.5896258    -16.2840437     -6.4978369     -5.3920042    -16.5157318    -12.3538908    -11.0101519    -10.1341414    -11.3794666    -16.2525181    -11.9917800    -17.2608587     -8.8793855    -14.0685787    -17.1340339     -7.3266450     -9.5040687     -6.1127878     -9.6680030    -10.9893454     -5.6847840     -8.2838366     -4.8802182     -4.6519353     -5.0181770     -5.1120240     -4.3876882     -6.8642209     -6.0475432     -5.9106709     -5.5635273     -5.7723298     -5.6255411     -5.7666266     -5.4048406     -5.3144689     -5.4751237    -13.4890920    -16.7518471    -10.5735555 
   156.5000000       -7.6030140    -16.2998907     -6.5099275     -5.4011689    -16.5292616    -12.3682545    -11.0235760    -10.1479553    -11.3928037    -16.2669499    -12.0061094    -17.2795522     -8.8903619    -14.0863164    -17.1469954     -7.3391855     -9.5212410     -6.1236564     -9.6854264    -11.0003146     -5.6970156     -8.2955606     -4.8906489     -4.6617002     -5.0278233     -5.1215413     -4.3966467     -6.8780000     -6.0577386     -5.9213298     -5.5726360     -5.7824295     -5.6358281     -5.7779100     -5.4152143     -5.3241433     -5.4854255    -13.5016131    -16.7672964    -10.5951103 
   157.0000000       -7.6164023    -16.3157377     -6.5220181     -5.4103335    -16.5427914    -12.3826181    -11.0370000    -10.1617693    -11.4061408    -16.2813816    -12.0204387    -17.2982458     -8.9013382    -14.1040541    -17.1599569     -7.3517260     -9.5384134     -6.1345249     -9.7028499    -11.0112838     -5.7092471     -8.3072845     -4.9010797     -4.6714651     -5.0374696     -5.1310585     -4.4056051     -6.8911414     -6.0679339     -5.9319887     -5.5817447     -5.7925291     -5.6461151     -5.7891935     -5.4255881     -5.3338178     -5.4957274    -13.5141342    -16.7827457    -10.6166230 
   157.0000000       -7.6164023    -16.3157377     -6.5220181     -5.4103335    -16.5427914    -12.3826181    -16.2330000    -10.1617693    -11.4061408    -16.2813816    -12.0204387    -17.2982458     -8.9013382    -14.1040541    -17.1599569     -7.3517260     -9.5384134     -6.1345249     -9.7028499    -11.0112838     -5.7092471     -8.3072845     -4.9010797     -4.6714651     -5.0374696     -5.1310585     -4.4056051     -6.8911414     -6.0679339     -5.9319887     -5.5817447     -5.7925291     -5.6461151     -5.7891935     -5.4255881     -5.3338178     -5.4957274    -13.5141342    -16.7827457    -10.6166230 
   157.5000000       -7.6297905    -16.3315847     -6.5341088     -5.4194981    -16.5563212    -12.3969818    -16.2459340    -10.1755833    -11.4194778    -16.2958133    -12.0347681    -17.3169394     -8.9123145    -14.1216484    -17.1729183     -7.3642665     -9.5555858     -6.1453934     -9.7202734    -11.0222530     -5.7214786     -8.3190084     -4.9115105     -4.6808381     -5.0471159     -5.1405757     -4.4145635     -6.9042827     -6.0781292     -5.9424038     -5.5908534     -5.8026288     -5.6564021     -5.8004770     -5.4359619     -5.3434923     -5.5060292    -13.5266553    -16.7981949    -10.6368135 
   158.0000000       -7.6431787    -16.3474317     -6.5461994     -5.4286628    -16.5698510    -12.4113455    -16.2588680    -10.1893972    -11.4328149    -16.3102450    -12.0490975    -17.3356329     -8.9232909    -14.1390597    -17.1850810     -7.3768070     -9.5727582     -6.1562619     -9.7376969    -11.0332222     -5.7337102     -8.3307324     -4.9219412     -4.6899887     -5.0567622     -5.1500929     -4.4235219     -6.9174241     -6.0883245     -5.9526718     -5.5999620     -5.8127284     -5.6666891     -5.8117604     -5.4463357     -5.3531667     -5.5163311    -13.5391765    -16.8136442    -10.6570040 
   158.5000000       -7.6565669    -16.3632787     -6.5582900     -5.4378274    -16.5833809    -12.4257092    -16.2718020    -10.2032112    -11.4461520    -16.3246767    -12.0634268    -17.3543265     -8.9342672    -14.1564710    -17.1965377     -7.3893475     -9.5899306     -6.1671305     -9.7551204    -11.0441914     -5.7459417     -8.3424563     -4.9323720     -4.6991393     -5.0664085     -5.1596101     -4.4324803     -6.9305654     -6.0985198     -5.9629397     -5.6090707     -5.8228281     -5.6769761     -5.8230439     -5.4567095     -5.3628412     -5.5266329    -13.5516976    -16.8290935    -10.6771945 
   159.0000000       -7.6699552    -16.3791257     -6.5701401     -5.4469921    -16.5969107    -12.4400728    -16.2847360    -10.2170252    -11.4594890    -16.3391085    -12.0777562    -17.3730201     -8.9452436    -14.1738823    -17.2079944     -7.4018880     -9.6071030     -6.1779990     -9.7725438    -11.0551606     -5.7581733     -8.3541802     -4.9428027     -4.7082899     -5.0760548     -5.1691274     -4.4414387     -6.9437068     -6.1087151     -5.9732077     -5.6181794     -5.8329277     -5.6872631     -5.8343273     -5.4670833     -5.3725157     -5.5369348    -13.5642187    -16.8445428    -10.6973850 
   159.5000000       -7.6833434    -16.3949727     -6.5815668     -5.4561567    -16.6104405    -12.4544365    -16.2976700    -10.2308391    -11.4728261    -16.3535402    -12.0920856    -17.3917136     -8.9562199    -14.1912936    -17.2194510     -7.4144284     -9.6242754     -6.1888675     -9.7899673    -11.0661298     -5.7704048     -8.3659042     -4.9532335     -4.7174404     -5.0857011     -5.1786446     -4.4503972     -6.9568482     -6.1189104     -5.9834757     -5.6272881     -5.8430274     -5.6975501     -5.8456108     -5.4774571     -5.3821901     -5.5472366    -13.5767398    -16.8599920    -10.7175755 
   160.0000000       -7.6967316    -16.4108197     -6.5929935     -5.4646933    -16.6239703    -12.4688002    -16.3106041    -10.2446531    -11.4861631    -16.3679719    -12.1064149    -17.4104072     -8.9671962    -14.2087049    -17.2309077     -7.4269689     -9.6414478     -6.1997360     -9.8073908    -11.0770990     -5.7826363     -8.3776281     -4.9636642     -4.7265910     -5.0953474     -5.1881618     -4.4593556     -6.9699895     -6.1291057     -5.9937437     -5.6363968     -5.8531270     -5.7078371     -5.8568943     -5.4878309     -5.3918646     -5.5575385    -13.5892609    -16.8754413    -10.7377660 
   160.5000000       -7.7101198    -16.4266667     -6.6044202     -5.4730717    -16.6375001    -12.4831639    -16.3235381    -10.2584670    -11.4995002    -16.3824036    -12.1207443    -17.4291008     -8.9781726    -14.2261162    -17.2423643     -7.4395094     -9.6586202     -6.2106045     -9.8248143    -11.0880682     -5.7948679     -8.3893520     -4.9740950     -4.7357416     -5.1049936     -5.1976790     -4.4683140     -6.9831309     -6.1393010     -6.0040116     -5.6455055     -5.8632267     -5.7181241     -5.8681777     -5.4982046     -5.4015390     -5.5678403    -13.6017821    -16.8908906    -10.7579566 
   161.0000000       -7.7235081    -16.4425137     -6.6158469     -5.4814502    -16.6510299    -12.4975275    -16.3364721    -10.2722810    -11.5128373    -16.3968353    -12.1350737    -17.4477943     -8.9891489    -14.2435275    -17.2538210     -7.4520499     -9.6757925     -6.2214731     -9.8422378    -11.0990374     -5.8070994     -8.4010760     -4.9845257     -4.7448922     -5.1146399     -5.2071963     -4.4772724     -6.9962723     -6.1494963     -6.0142796     -5.6546141     -5.8733263     -5.7284111     -5.8794612     -5.5085784     -5.4112135     -5.5781422    -13.6143032    -16.9063399    -10.7781471 
   161.5000000       -7.7368311    -16.4583607     -6.6272736     -5.4898287    -16.6645597    -12.5118912    -16.3494061    -10.2860950    -11.5261743    -16.4112670    -12.1494030    -17.4664879     -9.0001252    -14.2609388    -17.2652776     -7.4645904     -9.6929649     -6.2323416     -9.8596612    -11.1100066     -5.8193310     -8.4127999     -4.9949565     -4.7540428     -5.1242862     -5.2167135     -4.4862308     -7.0094136     -6.1596916     -6.0245476     -5.6637228     -5.8834260     -5.7386981     -5.8907446     -5.5189522     -5.4208880     -5.5884440    -13.6268243    -16.9217892    -10.7983376 
   162.0000000       -7.7492452    -16.4742077     -6.6387003     -5.4982071    -16.6780896    -12.5262549    -16.3623401    -10.2999089    -11.5395114    -16.4256988    -12.1637324    -17.4851814     -9.0111016    -14.2783501    -17.2767343     -7.4771309     -9.7101373     -6.2432101     -9.8770847    -11.1209758     -5.8315625     -8.4245238     -5.0053872     -4.7631934     -5.1339325     -5.2262307     -4.4951893     -7.0225550     -6.1698869     -6.0348156     -5.6728315     -5.8935256     -5.7489851     -5.9020281     -5.5293260     -5.4305624     -5.5987459    -13.6393454    -16.9372384    -10.8185281 
   162.5000000       -7.7616593    -16.4900546     -6.6501270     -5.5065856    -16.6916194    -12.5406185    -16.3752741    -10.3137229    -11.5528485    -16.4401305    -12.1780618    -17.5038750     -9.0220779    -14.2957614    -17.2881909     -7.4896714     -9.7273097     -6.2540786     -9.8945082    -11.1319450     -5.8437940     -8.4362478     -5.0158180     -4.7723440     -5.1435788     -5.2357479     -4.5041477     -7.0356963     -6.1800822     -6.0450835     -5.6819402     -5.9036253     -5.7592721     -5.9133116     -5.5396998     -5.4402369     -5.6090477    -13.6518666    -16.9526877    -10.8387186 
   163.0000000       -7.7740734    -16.5059016     -6.6615537     -5.5149641    -16.7051492    -12.5549822    -16.3882081    -10.3275369    -11.5661855    -16.4545622    -12.1923912    -17.5225686     -9.0330543    -14.3131727    -17.2996476     -7.5022119     -9.7444821     -6.2649472     -9.9119317    -11.1429142     -5.8560256     -8.4479717     -5.0262487     -4.7814946     -5.1532251     -5.2452651     -4.5131061     -7.0488377     -6.1902775     -6.0553515     -5.6910489     -5.9137249     -5.7695591     -5.9245950     -5.5500736     -5.4499114     -5.6193495    -13.6643877    -16.9681370    -10.8589091 
   163.5000000       -7.7864875    -16.5217486     -6.6729804     -5.5233426    -16.7186790    -12.5693459    -16.4011421    -10.3413508    -11.5795226    -16.4689939    -12.2067205    -17.5412621     -9.0440306    -14.3305840    -17.3111042     -7.5147524     -9.7616545     -6.2758157     -9.9293551    -11.1538834     -5.8682571     -8.4596956     -5.0366795     -4.7906452     -5.1628714     -5.2547824     -4.5220645     -7.0619791     -6.2004728     -6.0656195     -5.7001576     -5.9238246     -5.7798461     -5.9358785     -5.5604474     -5.4595858     -5.6296514    -13.6769088    -16.9835863    -10.8790997 
   164.0000000       -7.7989016    -16.5375956     -6.6844071     -5.5317210    -16.7322088    -12.5837096    -16.4140761    -10.3551648    -11.5928597    -16.4834256    -12.2210499    -17.5599557     -9.0550069    -14.3479953    -17.3225609     -7.5272929     -9.7788269     -6.2866842     -9.9467786    -11.1648526     -5.8804887     -8.4714196     -5.0470034     -4.7997958     -5.1725177     -5.2642996     -4.5310229     -7.0751204     -6.2106681     -6.0758875     -5.7092663     -5.9339242     -5.7901331     -5.9471619     -5.5708212     -5.4692603     -5.6399532    -13.6894299    -16.9990355    -10.8992902 
   164.5000000       -7.8113157    -16.5534426     -6.6958338     -5.5400995    -16.7457386    -12.5980732    -16.4270101    -10.3689788    -11.6060361    -16.4978574    -12.2353793    -17.5786493     -9.0659833    -14.3654066    -17.3340175     -7.5398334     -9.7959993     -6.2975527     -9.9642021    -11.1758218     -5.8927202     -8.4831435     -5.0572160     -4.8089464     -5.1818323     -5.2738168     -4.5399813     -7.0882618     -6.2208634     -6.0861554     -5.7183749     -5.9440239     -5.8004201     -5.9584454     -5.5811949     -5.4789347     -5.6502551    -13.7019511    -17.0144848    -10.9194807 
   165.0000000       -7.8237297    -16.5692896     -6.7072605     -5.5484780    -16.7592684    -12.6124369    -16.4399442    -10.3827927    -11.6175830    -16.5122891    -12.2497086    -17.5978526     -9.0769596    -14.3828179    -17.3454742     -7.5523739     -9.8131716     -6.3084212     -9.9816256    -11.1867910     -5.9049517     -8.4948674     -5.0674286     -4.8180969     -5.1908591     -5.2833340     -4.5489398     -7.1014031     -6.2310587     -6.0964234     -5.7274836     -5.9541235     -5.8107071     -5.9697288     -5.5915687     -5.4886092     -5.6605569    -13.7144722    -17.0299341    -10.9396712 
   165.5000000       -7.8361438    -16.5851366     -6.7186872     -5.5568564    -16.7727983    -12.6268006    -16.4528782    -10.3966067    -11.6291300    -16.5267269    -12.2640380    -17.6176883     -9.0879360    -14.4002292    -17.3569308     -7.5649144     -9.8303440     -6.3192898     -9.9990491    -11.1977602     -5.9171833     -8.5065914     -5.0776413     -4.8272475     -5.1998858     -5.2928513     -4.5578982     -7.1145445     -6.2412540     -6.1066914     -5.7365923     -5.9642232     -5.8209941     -5.9810123     -5.6019425     -5.4982837     -5.6708588    -13.7269933    -17.0453834    -10.9598617 
   166.0000000       -7.8485579    -16.6009836     -6.7301139     -5.5652349    -16.7863281    -12.6411643    -16.4658122    -10.4104206    -11.6406769    -16.5412809    -12.2783674    -17.6375240     -9.0989123    -14.4176405    -17.3683875     -7.5774549     -9.8475164     -6.3301583    -10.0164552    -11.2087294     -5.9294148     -8.5183153     -5.0878539     -4.8363981     -5.2089126     -5.3023685     -4.5668566     -7.1276859     -6.2514493     -6.1169594     -5.7457010     -5.9743228     -5.8312811     -5.9922785     -5.6123163     -5.5079581     -5.6811606    -13.7395144    -17.0608327    -10.9800522 
   166.5000000       -7.8609720    -16.6168306     -6.7415406     -5.5736134    -16.7998579    -12.6555279    -16.4786326    -10.4242346    -11.6522239    -16.5558350    -12.2926967    -17.6573597     -9.1098886    -14.4350518    -17.3798441     -7.5899954     -9.8646888     -6.3410268    -10.0338109    -11.2196986     -5.9416464     -8.5300392     -5.0980666     -4.8455487     -5.2179393     -5.3118857     -4.5758150     -7.1408272     -6.2616446     -6.1272273     -5.7548097     -5.9844225     -5.8415681     -6.0029029     -5.6226901     -5.5176326     -5.6914625    -13.7521022    -17.0762819    -11.0002428 
   167.0000000       -7.8733861    -16.6301354     -6.7529673     -5.5819918    -16.8133877    -12.6698916    -16.4907251    -10.4380486    -11.6637708    -16.5703890    -12.3070261    -17.6771955     -9.1208650    -14.4524631    -17.3913008     -7.6025359     -9.8816917     -6.3518953    -10.0511667    -11.2306678     -5.9538779     -8.5417632     -5.1082792     -4.8546993     -5.2269661     -5.3214029     -4.5847734     -7.1539686     -6.2718399     -6.1374953     -5.7639184     -5.9945221     -5.8518551     -6.0135273     -5.6330639     -5.5273071     -5.7017643    -13.7647065    -17.0917312    -11.0204333 
   167.5000000       -7.8858002    -16.6428047     -6.7643940     -5.5903703    -16.8269175    -12.6842553    -16.5028177    -10.4517289    -11.6753178    -16.5849430    -12.3213555    -17.6970312     -9.1318413    -14.4698744    -17.4027575     -7.6150764     -9.8986377     -6.3627638    -10.0685224    -11.2416370     -5.9661094     -8.5534871     -5.1184918     -4.8638499     -5.2359929     -5.3309201     -4.5937318     -7.1671099     -6.2820352     -6.1477633     -5.7730270     -6.0046218     -5.8621421     -6.0241517     -5.6434377     -5.5369815     -5.7118802    -13.7773108    -17.1071805    -11.0406238 
   168.0000000       -7.8982143    -16.6554740     -6.7758207     -5.5987488    -16.8404473    -12.6986190    -16.5149102    -10.4650651    -11.6868647    -16.5994971    -12.3355554    -17.7168669     -9.1428176    -14.4872857    -17.4142141     -7.6276169     -9.9155837     -6.3736324    -10.0858782    -11.2526062     -5.9783410     -8.5652110     -5.1287045     -4.8730005     -5.2450196     -5.3404374     -4.6026903     -7.1802513     -6.2922305     -6.1580313     -5.7821357     -6.0147214     -5.8719365     -6.0347762     -5.6538115     -5.5466560     -5.7218663    -13.7899151    -17.1226298    -11.0608143 
   168.5000000       -7.9106284    -16.6681433     -6.7872474     -5.6071272    -16.8539771    -12.7127138    -16.5270028    -10.4784013    -11.6984117    -16.6140511    -12.3496434    -17.7367026     -9.1537940    -14.5046970    -17.4256708     -7.6401574     -9.9325297     -6.3845009    -10.1032340    -11.2635754     -5.9905725     -8.5769350     -5.1389171     -4.8821511     -5.2540464     -5.3491724     -4.6116487     -7.1933927     -6.3024258     -6.1682992     -5.7912444     -6.0248211     -5.8816861     -6.0454006     -5.6641852     -5.5562674     -5.7318523    -13.8025194    -17.1380790    -11.0810048 
   169.0000000       -7.9230425    -16.6808126     -6.7986741     -5.6155057    -16.8675070    -12.7251300    -16.5390953    -10.4917375    -11.7099586    -16.6286051    -12.3637314    -17.7565383     -9.1647703    -14.5221083    -17.4371274     -7.6526979     -9.9494757     -6.3953694    -10.1205897    -11.2745446     -6.0028041     -8.5886589     -5.1491298     -4.8913017     -5.2630732     -5.3578582     -4.6206071     -7.2065340     -6.3126211     -6.1785672     -5.8003531     -6.0349207     -5.8914357     -6.0560250     -5.6745590     -5.5658273     -5.7418383    -13.8151237    -17.1535283    -11.1011953 
   169.5000000       -7.9354566    -16.6934819     -6.8101008     -5.6238842    -16.8810368    -12.7375462    -16.5511879    -10.5050737    -11.7215055    -16.6431592    -12.3778194    -17.7763741     -9.1757467    -14.5395196    -17.4485841     -7.6652384     -9.9664218     -6.4062379    -10.1379455    -11.2855138     -6.0150356     -8.6003828     -5.1593424     -4.9004523     -5.2720999     -5.3665440     -4.6295655     -7.2196754     -6.3228164     -6.1888352     -5.8094618     -6.0449130     -5.9011854     -6.0666494     -5.6849328     -5.5753873     -5.7518244    -13.8277280    -17.1689776    -11.1213859 
   170.0000000       -7.9478707    -16.7061512     -6.8215275     -5.6322626    -16.8945666    -12.7499624    -16.5632805    -10.5184098    -11.7330525    -16.6577132    -12.3919074    -17.7962098     -9.1867230    -14.5569309    -17.4600407     -7.6777789     -9.9833678     -6.4171065    -10.1553013    -11.2964830     -6.0272671     -8.6121068     -5.1695550     -4.9096029     -5.2811267     -5.3752299     -4.6385239     -7.2328168     -6.3330117     -6.1991031     -5.8185705     -6.0544761     -5.9109350     -6.0772739     -5.6953066     -5.5849473     -5.7618104    -13.8403323    -17.1844269    -11.1404104 
   170.5000000       -7.9602848    -16.7188204     -6.8329542     -5.6406411    -16.9080964    -12.7623786    -16.5753730    -10.5317460    -11.7445994    -16.6722672    -12.4059954    -17.8160455     -9.1976993    -14.5743422    -17.4714974     -7.6903194    -10.0003138     -6.4279750    -10.1726570    -11.3074522     -6.0394987     -8.6238307     -5.1797677     -4.9187535     -5.2901534     -5.3839157     -4.6474823     -7.2459581     -6.3432070     -6.2093711     -5.8276791     -6.0640391     -5.9206846     -6.0878983     -5.7056804     -5.5945072     -5.7717965    -13.8529366    -17.1998761    -11.1563795 
   171.0000000       -7.9726989    -16.7314897     -6.8443809     -5.6490196    -16.9216262    -12.7747948    -16.5874656    -10.5450822    -11.7561464    -16.6868213    -12.4200834    -17.8358812     -9.2082950    -14.5917535    -17.4829540     -7.7028599    -10.0172598     -6.4388435    -10.1900128    -11.3184214     -6.0517302     -8.6351083     -5.1899803     -4.9279040     -5.2991802     -5.3926016     -4.6564408     -7.2590995     -6.3528933     -6.2196391     -5.8367878     -6.0736021     -5.9304342     -6.0985227     -5.7160542     -5.6040672     -5.7817825    -13.8655409    -17.2153254    -11.1723485 
   171.5000000       -7.9851130    -16.7441590     -6.8558077     -5.6573980    -16.9351560    -12.7872110    -16.5995581    -10.5584184    -11.7676933    -16.7013753    -12.4341714    -17.8557170     -9.2187271    -14.6091648    -17.4944107     -7.7148400    -10.0342058     -6.4497120    -10.2073685    -11.3293906     -6.0639618     -8.6460338     -5.2001930     -4.9370546     -5.3082070     -5.4012874     -4.6653992     -7.2722408     -6.3624708     -6.2299071     -5.8458965     -6.0831652     -5.9401839     -6.1091471     -5.7264280     -5.6136272     -5.7917686    -13.8781452    -17.2307747    -11.1883175 
   172.0000000       -7.9975271    -16.7568283     -6.8672344     -5.6657765    -16.9486858    -12.7996272    -16.6116507    -10.5717546    -11.7792403    -16.7159294    -12.4482594    -17.8755527     -9.2291591    -14.6265761    -17.5058673     -7.7262824    -10.0511519     -6.4605805    -10.2247243    -11.3403598     -6.0761933     -8.6569594     -5.2104056     -4.9462052     -5.3172337     -5.4099733     -4.6743576     -7.2853822     -6.3720484     -6.2401750     -5.8550052     -6.0927282     -5.9499335     -6.1197715     -5.7364851     -5.6231872     -5.8017546    -13.8907495    -17.2462240    -11.2042865 
   172.5000000       -8.0099412    -16.7694976     -6.8786611     -5.6741550    -16.9622157    -12.8120434    -16.6237432    -10.5850907    -11.7907872    -16.7304834    -12.4623474    -17.8953884     -9.2395911    -14.6439874    -17.5173240     -7.7377248    -10.0680979     -6.4714491    -10.2420801    -11.3513289     -6.0884248     -8.6678849     -5.2206182     -4.9553558     -5.3262605     -5.4186591     -4.6833160     -7.2985236     -6.3816260     -6.2504430     -5.8641139     -6.1022912     -5.9596831     -6.1303960     -5.7463759     -5.6327471     -5.8117407    -13.9033538    -17.2616733    -11.2202555 
   173.0000000       -8.0223553    -16.7821669     -6.8900878     -5.6825334    -16.9757455    -12.8244596    -16.6358358    -10.5984269    -11.8023342    -16.7450374    -12.4764354    -17.9152241     -9.2500232    -14.6594771    -17.5287806     -7.7491672    -10.0850439     -6.4823176    -10.2594358    -11.3622981     -6.1006564     -8.6788105     -5.2308309     -4.9645064     -5.3352872     -5.4273449     -4.6919685     -7.3116649     -6.3912036     -6.2607110     -5.8732226     -6.1118543     -5.9694327     -6.1410204     -5.7562668     -5.6423071     -5.8217267    -13.9159581    -17.2771225    -11.2362246 
   173.5000000       -8.0347694    -16.7948362     -6.9015145     -5.6909119    -16.9892753    -12.8368758    -16.6479283    -10.6117631    -11.8138811    -16.7595915    -12.4905234    -17.9350598     -9.2604552    -14.6743914    -17.5402373     -7.7606095    -10.1019899     -6.4931861    -10.2767916    -11.3732673     -6.1128879     -8.6897360     -5.2410435     -4.9736570     -5.3443140     -5.4360308     -4.7004900     -7.3248063     -6.4007811     -6.2709790     -5.8823312     -6.1214173     -5.9791824     -6.1516448     -5.7661576     -5.6518671     -5.8317127    -13.9285624    -17.2925718    -11.2521936 
   174.0000000       -8.0471835    -16.8075055     -6.9129412     -5.6992904    -17.0023953    -12.8492920    -16.6600209    -10.6250993    -11.8254281    -16.7741455    -12.5046114    -17.9548956     -9.2708872    -14.6893057    -17.5516939     -7.7720519    -10.1189359     -6.5033512    -10.2941474    -11.3842365     -6.1251195     -8.7006616     -5.2512562     -4.9828076     -5.3533408     -5.4447166     -4.7090115     -7.3379476     -6.4103587     -6.2812469     -5.8914399     -6.1309803     -5.9889320     -6.1622692     -5.7760485     -5.6614270     -5.8416988    -13.9411667    -17.3080211    -11.2681626 
   174.5000000       -8.0595975    -16.8201747     -6.9243679     -5.7076688    -17.0139488    -12.8617082    -16.6721134    -10.6384355    -11.8369750    -16.7886995    -12.5186994    -17.9747313     -9.2813193    -14.7042199    -17.5631506     -7.7834943    -10.1358820     -6.5131359    -10.3115031    -11.3952057     -6.1373510     -8.7115871     -5.2614688     -4.9919582     -5.3623675     -5.4534025     -4.7175331     -7.3510890     -6.4199363     -6.2915149     -5.9005486     -6.1405434     -5.9986816     -6.1728936     -5.7859393     -5.6709870     -5.8516848    -13.9537710    -17.3234704    -11.2841316 
   175.0000000       -8.0720116    -16.8328440     -6.9357946     -5.7160473    -17.0255023    -12.8741244    -16.6842060    -10.6517716    -11.8485219    -16.8032536    -12.5327874    -17.9945670     -9.2917513    -14.7191342    -17.5746073     -7.7949367    -10.1528280     -6.5229207    -10.3288589    -11.4061749     -6.1495825     -8.7225127     -5.2716814     -5.0011088     -5.3713943     -5.4620883     -4.7260546     -7.3642304     -6.4295139     -6.3017829     -5.9096573     -6.1501064     -6.0084312     -6.1835181     -5.7958302     -5.6805470     -5.8616709    -13.9663753    -17.3389196    -11.3001006 
   175.5000000       -8.0844257    -16.8455133     -6.9472213     -5.7244258    -17.0370558    -12.8865406    -16.6962985    -10.6651078    -11.8600689    -16.8178076    -12.5468754    -18.0144027     -9.3021833    -14.7340485    -17.5860639     -7.8063791    -10.1697740     -6.5327054    -10.3462146    -11.4171441     -6.1616208     -8.7334382     -5.2818941     -5.0102594     -5.3804210     -5.4707742     -4.7345762     -7.3773717     -6.4390915     -6.3120509     -5.9187660     -6.1596694     -6.0181809     -6.1941425     -5.8057210     -5.6901070     -5.8716569    -13.9789796    -17.3543689    -11.3160696 
   176.0000000       -8.0968398    -16.8581826     -6.9586480     -5.7328042    -17.0486093    -12.8989568    -16.7083911    -10.6784440    -11.8716158    -16.8323616    -12.5609634    -18.0342385     -9.3126154    -14.7489627    -17.5975206     -7.8178215    -10.1867200     -6.5424902    -10.3635704    -11.4281133     -6.1736523     -8.7443638     -5.2921067     -5.0194100     -5.3894478     -5.4794600     -4.7430977     -7.3900284     -6.4486690     -6.3219859     -5.9278747     -6.1692324     -6.0279305     -6.2047669     -5.8156118     -5.6996669     -5.8816430    -13.9915839    -17.3698182    -11.3320387 
   176.5000000       -8.1092539    -16.8708519     -6.9700747     -5.7411827    -17.0601628    -12.9113730    -16.7204836    -10.6917802    -11.8831628    -16.8469157    -12.5750514    -18.0540742     -9.3230474    -14.7638770    -17.6089772     -7.8292639    -10.2036660     -6.5522750    -10.3809262    -11.4390825     -6.1856838     -8.7552893     -5.3023194     -5.0285605     -5.3984746     -5.4881458     -4.7516193     -7.4025640     -6.4582466     -6.3318870     -5.9365716     -6.1787955     -6.0376801     -6.2153913     -5.8255027     -5.7092269     -5.8916290    -14.0041882    -17.3852675    -11.3480077 
   177.0000000       -8.1216680    -16.8835212     -6.9815014     -5.7495612    -17.0717163    -12.9237892    -16.7325762    -10.7051164    -11.8947097    -16.8614697    -12.5891394    -18.0739099     -9.3334794    -14.7787913    -17.6204339     -7.8407063    -10.2206121     -6.5620597    -10.3982819    -11.4500517     -6.1977153     -8.7662148     -5.3125320     -5.0377111     -5.4075013     -5.4968317     -4.7601408     -7.4150995     -6.4678242     -6.3417881     -5.9451433     -6.1883585     -6.0474297     -6.2260157     -5.8353935     -5.7187869     -5.9016150    -14.0167925    -17.4007167    -11.3639767 
   177.5000000       -8.1340821    -16.8961905     -6.9929281     -5.7579396    -17.0832698    -12.9362054    -16.7446687    -10.7184526    -11.9062567    -16.8760237    -12.6032274    -18.0937456     -9.3439114    -14.7937055    -17.6318905     -7.8521487    -10.2375581     -6.5718445    -10.4156377    -11.4610209     -6.2097468     -8.7771404     -5.3227446     -5.0468617     -5.4165281     -5.5055175     -4.7686623     -7.4276351     -6.4774018     -6.3516892     -5.9537150     -6.1979215     -6.0571794     -6.2366402     -5.8452844     -5.7283468     -5.9116011    -14.0293968    -17.4161660    -11.3799457 
   178.0000000       -8.1464962    -16.9088598     -7.0043548     -5.7663181    -17.0948233    -12.9486216    -16.7567613    -10.7317887    -11.9178036    -16.8905778    -12.6173154    -18.1135813     -9.3543435    -14.8086198    -17.6433472     -7.8635911    -10.2545041     -6.5816292    -10.4329935    -11.4719901     -6.2217783     -8.7880659     -5.3329573     -5.0560123     -5.4255549     -5.5142034     -4.7771839     -7.4401706     -6.4869794     -6.3615903     -5.9622867     -6.2074846     -6.0669290     -6.2472646     -5.8551752     -5.7379068     -5.9215871    -14.0420011    -17.4316153    -11.3959147 
   178.5000000       -8.1589103    -16.9215291     -7.0156374     -5.7746966    -17.1063768    -12.9610377    -16.7688539    -10.7451249    -11.9293506    -16.9051318    -12.6314034    -18.1334171     -9.3647755    -14.8235341    -17.6548038     -7.8750335    -10.2714501     -6.5914140    -10.4503492    -11.4829593     -6.2338098     -8.7989915     -5.3431699     -5.0651629     -5.4345816     -5.5228892     -4.7857054     -7.4527062     -6.4965569     -6.3714914     -5.9708583     -6.2170476     -6.0766786     -6.2578890     -5.8650660     -5.7474668     -5.9315732    -14.0546054    -17.4470646    -11.4118837 
   179.0000000       -8.1713244    -16.9341983     -7.0264722     -5.7830750    -17.1179303    -12.9734539    -16.7809464    -10.7584611    -11.9408975    -16.9196858    -12.6454914    -18.1527153     -9.3752075    -14.8384483    -17.6662605     -7.8864759    -10.2883961     -6.6011988    -10.4677050    -11.4939285     -6.2458412     -8.8099170     -5.3533826     -5.0743135     -5.4436084     -5.5315751     -4.7942270     -7.4652417     -6.5061345     -6.3813925     -5.9794300     -6.2266106     -6.0864282     -6.2685134     -5.8749569     -5.7570268     -5.9415592    -14.0672097    -17.4625139    -11.4278528 
   179.5000000       -8.1837385    -16.9468676     -7.0373071     -5.7914535    -17.1294838    -12.9858701    -16.7930390    -10.7717973    -11.9524444    -16.9342399    -12.6595794    -18.1692736     -9.3856396    -14.8533626    -17.6777171     -7.8979183    -10.3053421     -6.6109835    -10.4850607    -11.5048977     -6.2578727     -8.8208426     -5.3635952     -5.0833588     -5.4526351     -5.5402609     -4.8027485     -7.4777773     -6.5157121     -6.3912936     -5.9880017     -6.2361737     -6.0961779     -6.2791378     -5.8848477     -5.7665867     -5.9515453    -14.0798140    -17.4779631    -11.4438218 
   180.0000000       -8.1961526    -16.9595369     -7.0481419     -5.7998320    -17.1410373    -12.9982863    -16.8051315    -10.7851335    -11.9639914    -16.9487939    -12.6736674    -18.1858319     -9.3960716    -14.8682769    -17.6891738     -7.9093607    -10.3222882     -6.6207683    -10.5024165    -11.5158669     -6.2699042     -8.8317681     -5.3738078     -5.0918516     -5.4616619     -5.5489467     -4.8112701     -7.4903128     -6.5252897     -6.4011947     -5.9965734     -6.2457367     -6.1059275     -6.2897623     -5.8947386     -5.7761467     -5.9615313    -14.0924183    -17.4934124    -11.4597908 
   180.5000000       -8.2085667    -16.9722062     -7.0589768     -5.8082104    -17.1525908    -13.0107025    -16.8172241    -10.7984696    -11.9755383    -16.9633479    -12.6877554    -18.2023902     -9.4065036    -14.8831911    -17.7006304     -7.9208031    -10.3392342     -6.6305530    -10.5197723    -11.5268361     -6.2819357     -8.8426937     -5.3840205     -5.1003443     -5.4706887     -5.5576326     -4.8197916     -7.5028483     -6.5348673     -6.4110958     -6.0051450     -6.2552997     -6.1156771     -6.3003867     -5.9046294     -5.7857067     -5.9715174    -14.1050226    -17.5088617    -11.4757598 
   181.0000000       -8.2206784    -16.9848755     -7.0698116     -5.8165889    -17.1641443    -13.0231187    -16.8293166    -10.8118058    -11.9870853    -16.9779020    -12.7018434    -18.2189485     -9.4169357    -14.8981054    -17.7120871     -7.9322455    -10.3561802     -6.6403378    -10.5371280    -11.5378053     -6.2939672     -8.8536192     -5.3942331     -5.1088370     -5.4797154     -5.5663184     -4.8283131     -7.5153839     -6.5444448     -6.4209969     -6.0137167     -6.2648628     -6.1254267     -6.3110111     -5.9145203     -5.7952666     -5.9815034    -14.1176269    -17.5243110    -11.4917288 
   181.5000000       -8.2321495    -16.9975448     -7.0806464     -5.8249674    -17.1756978    -13.0355349    -16.8414092    -10.8251420    -11.9986322    -16.9924560    -12.7159314    -18.2355068     -9.4273677    -14.9130197    -17.7235437     -7.9436879    -10.3731262     -6.6501225    -10.5544838    -11.5487745     -6.3059987     -8.8645448     -5.4044458     -5.1173298     -5.4887422     -5.5750043     -4.8368347     -7.5279194     -6.5540224     -6.4308980     -6.0222884     -6.2744258     -6.1351764     -6.3216355     -5.9244111     -5.8048266     -5.9914894    -14.1302312    -17.5397602    -11.5076979 
   182.0000000       -8.2436206    -17.0102141     -7.0914813     -5.8333458    -17.1872513    -13.0479511    -16.8535017    -10.8384782    -12.0101792    -17.0070100    -12.7300194    -18.2520650     -9.4377997    -14.9279339    -17.7350004     -7.9551303    -10.3900722     -6.6599073    -10.5718396    -11.5597437     -6.3180301     -8.8754703     -5.4146584     -5.1258225     -5.4977689     -5.5836901     -4.8453562     -7.5404550     -6.5636000     -6.4407992     -6.0308601     -6.2839888     -6.1449260     -6.3322599     -5.9343019     -5.8143866     -6.0014755    -14.1428355    -17.5552095    -11.5236669 
   182.5000000       -8.2550917    -17.0228834     -7.1023161     -5.8417243    -17.1988048    -13.0603673    -16.8655943    -10.8518144    -12.0217261    -17.0215641    -12.7441074    -18.2686233     -9.4482318    -14.9428482    -17.7457848     -7.9665727    -10.4070183     -6.6696921    -10.5891953    -11.5707129     -6.3300616     -8.8863959     -5.4248710     -5.1343152     -5.5067957     -5.5923760     -4.8538778     -7.5529905     -6.5731776     -6.4507003     -6.0394317     -6.2935519     -6.1546756     -6.3428844     -5.9441928     -5.8239465     -6.0114615    -14.1554398    -17.5706588    -11.5396359 
   183.0000000       -8.2665629    -17.0355526     -7.1131509     -5.8500153    -17.2103583    -13.0727835    -16.8776868    -10.8651505    -12.0332731    -17.0361181    -12.7581954    -18.2851816     -9.4586638    -14.9577625    -17.7562086     -7.9780151    -10.4239643     -6.6794768    -10.6068165    -11.5816821     -6.3420931     -8.8973214     -5.4350837     -5.1428080     -5.5158225     -5.6010618     -4.8623993     -7.5655261     -6.5827552     -6.4606014     -6.0480034     -6.3031149     -6.1644252     -6.3535088     -5.9540836     -5.8335065     -6.0214476    -14.1680441    -17.5861081    -11.5556049 
   183.5000000       -8.2780340    -17.0482219     -7.1239858     -5.8577289    -17.2219118    -13.0851997    -16.8897794    -10.8784867    -12.0448200    -17.0506722    -12.7722834    -18.3017399     -9.4690958    -14.9726767    -17.7666324     -7.9894575    -10.4409103     -6.6892616    -10.6254693    -11.5926513     -6.3541246     -8.9082470     -5.4452963     -5.1513007     -5.5248492     -5.6097476     -4.8709209     -7.5780616     -6.5923327     -6.4705025     -6.0565751     -6.3126779     -6.1741748     -6.3641332     -5.9639745     -5.8430665     -6.0314336    -14.1806484    -17.6015574    -11.5715739 
   184.0000000       -8.2895051    -17.0608912     -7.1348206     -5.8654425    -17.2334653    -13.0976159    -16.9018719    -10.8918229    -12.0563670    -17.0652262    -12.7863714    -18.3182982     -9.4795279    -14.9875910    -17.7770563     -8.0008999    -10.4578563     -6.6990463    -10.6441221    -11.6036205     -6.3661561     -8.9191725     -5.4555090     -5.1597934     -5.5338760     -5.6184335     -4.8794424     -7.5905972     -6.6019103     -6.4804036     -6.0651468     -6.3222410     -6.1839245     -6.3747576     -5.9738653     -5.8526265     -6.0414197    -14.1932527    -17.6170066    -11.5875429 
   184.5000000       -8.3009762    -17.0735605     -7.1456554     -5.8731562    -17.2450188    -13.1100321    -16.9139645    -10.9051591    -12.0679139    -17.0798227    -12.8004594    -18.3348565     -9.4899599    -15.0025053    -17.7874801     -8.0123423    -10.4748023     -6.7088311    -10.6627750    -11.6145897     -6.3781876     -8.9300981     -5.4657216     -5.1682862     -5.5425236     -5.6271193     -4.8879640     -7.6031327     -6.6114879     -6.4903047     -6.0737184     -6.3318040     -6.1936741     -6.3853820     -5.9837561     -5.8621864     -6.0514057    -14.2058570    -17.6324559    -11.6035120 
   185.0000000       -8.3124473    -17.0862298     -7.1564903     -5.8808698    -17.2565723    -13.1224483    -16.9260570    -10.9184953    -12.0794608    -17.0945992    -12.8145474    -18.3514148     -9.5003919    -15.0174196    -17.7979039     -8.0237847    -10.4917484     -6.7186159    -10.6814278    -11.6255589     -6.3902191     -8.9410236     -5.4759342     -5.1767789     -5.5509705     -5.6358052     -4.8964855     -7.6156682     -6.6210655     -6.5002058     -6.0822901     -6.3413670     -6.2034237     -6.3960065     -5.9936470     -5.8717464     -6.0613917    -14.2184613    -17.6479052    -11.6194810 
   185.5000000       -8.3239184    -17.0988991     -7.1673251     -5.8885834    -17.2681258    -13.1348645    -16.9381496    -10.9318314    -12.0910078    -17.1093756    -12.8286354    -18.3679730     -9.5108239    -15.0323338    -17.8083277     -8.0352271    -10.5086944     -6.7284006    -10.7000806    -11.6365281     -6.4022505     -8.9519492     -5.4861469     -5.1852717     -5.5594174     -5.6444910     -4.9050070     -7.6282038     -6.6306431     -6.5101069     -6.0908618     -6.3509301     -6.2131733     -6.4066309     -6.0035378     -5.8813064     -6.0713778    -14.2310656    -17.6633545    -11.6354500 
   186.0000000       -8.3353895    -17.1115684     -7.1781599     -5.8962971    -17.2796793    -13.1472807    -16.9502421    -10.9451676    -12.1025547    -17.1241521    -12.8422860    -18.3845313     -9.5212560    -15.0472481    -17.8187516     -8.0466695    -10.5256404     -6.7381854    -10.7187334    -11.6474973     -6.4142820     -8.9628747     -5.4963595     -5.1937644     -5.5678643     -5.6531769     -4.9135286     -7.6407393     -6.6402206     -6.5200080     -6.0994334     -6.3604931     -6.2229230     -6.4172553     -6.0134287     -5.8908663     -6.0813638    -14.2436699    -17.6786005    -11.6514190 
   186.5000000       -8.3468607    -17.1242377     -7.1889948     -5.9040107    -17.2912328    -13.1596969    -16.9623347    -10.9585038    -12.1133498    -17.1389285    -12.8556675    -18.4010896     -9.5316880    -15.0621624    -17.8291754     -8.0581119    -10.5425864     -6.7479701    -10.7373863    -11.6584665     -6.4263135     -8.9738003     -5.5064254     -5.2022571     -5.5763113     -5.6618627     -4.9220501     -7.6532749     -6.6497982     -6.5299091     -6.1080051     -6.3700561     -6.2326726     -6.4278797     -6.0233195     -5.9004263     -6.0913499    -14.2562742    -17.6937295    -11.6673880 
   187.0000000       -8.3583318    -17.1369069     -7.1998296     -5.9117244    -17.3027863    -13.1718751    -16.9744272    -10.9718400    -12.1231948    -17.1537050    -12.8690490    -18.4176479     -9.5421200    -15.0770766    -17.8395992     -8.0695542    -10.5595324     -6.7577549    -10.7560391    -11.6694357     -6.4383450     -8.9847258     -5.5164401     -5.2107499     -5.5847582     -5.6705485     -4.9305717     -7.6658104     -6.6593758     -6.5398102     -6.1165768     -6.3796192     -6.2424222     -6.4385042     -6.0332104     -5.9099863     -6.1013359    -14.2688785    -17.7088585    -11.6822085 
   187.5000000       -8.3698029    -17.1495762     -7.2106644     -5.9194380    -17.3143398    -13.1816369    -16.9865198    -10.9851762    -12.1330399    -17.1684814    -12.8824305    -18.4342062     -9.5525521    -15.0919909    -17.8500230     -8.0809966    -10.5758421     -6.7675396    -10.7746919    -11.6804049     -6.4503765     -8.9956513     -5.5264549     -5.2192426     -5.5932051     -5.6792344     -4.9390932     -7.6783460     -6.6689534     -6.5497113     -6.1251485     -6.3891822     -6.2521718     -6.4488682     -6.0431012     -5.9195463     -6.1113220    -14.2805844    -17.7239875    -11.6964066 
   188.0000000       -8.3812740    -17.1622455     -7.2214993     -5.9271516    -17.3258933    -13.1913988    -16.9986124    -10.9985123    -12.1428850    -17.1832579    -12.8958120    -18.4507645     -9.5629841    -15.1069052    -17.8604469     -8.0924390    -10.5908195     -6.7773244    -10.7933448    -11.6913741     -6.4624080     -9.0065769     -5.5364696     -5.2277353     -5.6016520     -5.6879202     -4.9476148     -7.6908815     -6.6785310     -6.5596124     -6.1337201     -6.3987452     -6.2619215     -6.4588225     -6.0529920     -5.9291062     -6.1213080    -14.2922026    -17.7391165    -11.7106048 
   188.5000000       -8.3927451    -17.1749148     -7.2323341     -5.9348653    -17.3374468    -13.2011606    -17.0107049    -11.0113734    -12.1527300    -17.1980343    -12.9091935    -18.4673227     -9.5734161    -15.1218194    -17.8708707     -8.1038814    -10.6057970     -6.7871092    -10.8119976    -11.7023433     -6.4744394     -9.0175024     -5.5464843     -5.2362281     -5.6100989     -5.6966061     -4.9561363     -7.7034171     -6.6881085     -6.5695135     -6.1422918     -6.4083083     -6.2716711     -6.4687768     -6.0628829     -5.9386662     -6.1311988    -14.3038208    -17.7542455    -11.7248029 
   189.0000000       -8.4042162    -17.1875841     -7.2431689     -5.9425789    -17.3490003    -13.2109224    -17.0227975    -11.0242165    -12.1625751    -17.2128108    -12.9225750    -18.4838810     -9.5838482    -15.1367337    -17.8812945     -8.1141136    -10.6207745     -6.7968939    -10.8306504    -11.7133125     -6.4864709     -9.0284280     -5.5564990     -5.2447208     -5.6185459     -5.7052919     -4.9646578     -7.7159526     -6.6976861     -6.5794146     -6.1508635     -6.4178713     -6.2814207     -6.4787311     -6.0727737     -5.9482262     -6.1407700    -14.3154390    -17.7693745    -11.7390011 
   189.5000000       -8.4156873    -17.2002071     -7.2540038     -5.9502925    -17.3605538    -13.2206842    -17.0348900    -11.0370596    -12.1724202    -17.2275872    -12.9359565    -18.5004393     -9.5942802    -15.1516480    -17.8917183     -8.1243330    -10.6357519     -6.8066787    -10.8493032    -11.7242817     -6.4985024     -9.0393535     -5.5665137     -5.2532135     -5.6269928     -5.7139778     -4.9731794     -7.7284882     -6.7072637     -6.5893157     -6.1594352     -6.4274343     -6.2911703     -6.4886854     -6.0826646     -5.9577861     -6.1503412    -14.3270572    -17.7845035    -11.7531992 
   190.0000000       -8.4271585    -17.2105637     -7.2648386     -5.9580062    -17.3721073    -13.2304460    -17.0469826    -11.0499027    -12.1822653    -17.2423637    -12.9493380    -18.5169976     -9.6047122    -15.1665622    -17.9021422     -8.1345525    -10.6507294     -6.8164634    -10.8679561    -11.7352509     -6.5105339     -9.0502791     -5.5765284     -5.2617063     -5.6354397     -5.7226636     -4.9817009     -7.7410237     -6.7168413     -6.5992168     -6.1680068     -6.4369974     -6.3005746     -6.4986397     -6.0925554     -5.9672000     -6.1599124    -14.3386754    -17.7996325    -11.7673973 
   190.5000000       -8.4386296    -17.2209202     -7.2756734     -5.9657198    -17.3836607    -13.2402078    -17.0590751    -11.0627457    -12.1921103    -17.2571401    -12.9627195    -18.5335559     -9.6151443    -15.1814765    -17.9125660     -8.1447719    -10.6657069     -6.8262482    -10.8866089    -11.7462201     -6.5225654     -9.0612046     -5.5865432     -5.2701990     -5.6438866     -5.7313494     -4.9902225     -7.7535592     -6.7264189     -6.6091179     -6.1765785     -6.4465604     -6.3098376     -6.5085940     -6.1024462     -5.9765927     -6.1694836    -14.3502935    -17.8147615    -11.7815955 
   191.0000000       -8.4501007    -17.2312767     -7.2865083     -5.9734335    -17.3952142    -13.2499697    -17.0708887    -11.0755888    -12.2019554    -17.2719166    -12.9761010    -18.5501142     -9.6255763    -15.1963908    -17.9229898     -8.1549914    -10.6806844     -6.8360330    -10.9052617    -11.7571893     -6.5345969     -9.0721302     -5.5965579     -5.2786917     -5.6523336     -5.7396037     -4.9987440     -7.7660948     -6.7359964     -6.6190190     -6.1851502     -6.4557641     -6.3191007     -6.5185483     -6.1123371     -5.9859854     -6.1790548    -14.3619117    -17.8298904    -11.7957936 
   191.5000000       -8.4615718    -17.2416333     -7.2973431     -5.9811471    -17.4067677    -13.2597315    -17.0826792    -11.0884319    -12.2118005    -17.2866930    -12.9894825    -18.5666725     -9.6360083    -15.2109460    -17.9334136     -8.1652108    -10.6956618     -6.8458177    -10.9239145    -11.7681585     -6.5466284     -9.0830557     -5.6065726     -5.2871845     -5.6607805     -5.7475452     -5.0072656     -7.7786303     -6.7455740     -6.6289202     -6.1937219     -6.4648447     -6.3283637     -6.5285026     -6.1222279     -5.9953780     -6.1886260    -14.3735299    -17.8450194    -11.8099917 
   192.0000000       -8.4730429    -17.2519898     -7.3081779     -5.9888607    -17.4183212    -13.2694933    -17.0944697    -11.1012750    -12.2216455    -17.3014695    -13.0028640    -18.5832307     -9.6464404    -15.2235374    -17.9438375     -8.1754303    -10.7106393     -6.8556025    -10.9425674    -11.7791277     -6.5586598     -9.0939813     -5.6165873     -5.2956772     -5.6692274     -5.7554866     -5.0157871     -7.7911659     -6.7551516     -6.6388213     -6.2022935     -6.4739253     -6.3376267     -6.5384569     -6.1321188     -6.0047707     -6.1981972    -14.3851481    -17.8601484    -11.8241899 
   192.5000000       -8.4845140    -17.2623463     -7.3190128     -5.9965744    -17.4298747    -13.2792551    -17.1062602    -11.1141180    -12.2314906    -17.3162459    -13.0162455    -18.5997890     -9.6568724    -15.2361287    -17.9542613     -8.1856497    -10.7256168     -6.8653872    -10.9612202    -11.7900969     -6.5706913     -9.1049068     -5.6266020     -5.3041699     -5.6776743     -5.7634281     -5.0243087     -7.8037014     -6.7647292     -6.6487224     -6.2108652     -6.4830059     -6.3468898     -6.5484112     -6.1420096     -6.0141634     -6.2077684    -14.3967663    -17.8752774    -11.8383880 
   193.0000000       -8.4959851    -17.2727029     -7.3298476     -6.0042880    -17.4414282    -13.2890169    -17.1180507    -11.1269611    -12.2413357    -17.3310224    -13.0296270    -18.6163473     -9.6673044    -15.2487201    -17.9646851     -8.1958691    -10.7405942     -6.8751720    -10.9798730    -11.8010661     -6.5827228     -9.1158324     -5.6366168     -5.3126627     -5.6861212     -5.7713695     -5.0328302     -7.8162370     -6.7741816     -6.6586235     -6.2194369     -6.4920866     -6.3561528     -6.5583655     -6.1519005     -6.0235560     -6.2173396    -14.4083845    -17.8904064    -11.8525862 
   193.5000000       -8.5074563    -17.2830594     -7.3406825     -6.0120016    -17.4529817    -13.2987787    -17.1298412    -11.1398042    -12.2511807    -17.3457989    -13.0430086    -18.6329056     -9.6777364    -15.2613114    -17.9751089     -8.2060886    -10.7555717     -6.8849568    -10.9985259    -11.8120353     -6.5947543     -9.1261963     -5.6466315     -5.3211554     -5.6945682     -5.7793110     -5.0413517     -7.8287725     -6.7832394     -6.6685246     -6.2280086     -6.5011672     -6.3654158     -6.5683198     -6.1617913     -6.0329487     -6.2269108    -14.4200026    -17.9055354    -11.8667843 
   194.0000000       -8.5189274    -17.2934160     -7.3515173     -6.0197153    -17.4645352    -13.3085405    -17.1416317    -11.1526472    -12.2610258    -17.3605753    -13.0563901    -18.6494639     -9.6881685    -15.2739027    -17.9855328     -8.2163080    -10.7705492     -6.8947415    -11.0171787    -11.8230045     -6.6067858     -9.1362139     -5.6566462     -5.3296481     -5.7030151     -5.7872524     -5.0498733     -7.8413081     -6.7922972     -6.6784257     -6.2365802     -6.5102478     -6.3746789     -6.5782741     -6.1716821     -6.0423413     -6.2364820    -14.4316208    -17.9206644    -11.8809824 
   194.5000000       -8.5303985    -17.3037725     -7.3623521     -6.0274289    -17.4760887    -13.3183024    -17.1534222    -11.1654903    -12.2708709    -17.3753518    -13.0697716    -18.6660222     -9.6982819    -15.2864941    -17.9959566     -8.2265275    -10.7855267     -6.9045263    -11.0358315    -11.8339737     -6.6188173     -9.1462314     -5.6666609     -5.3381409     -5.7114620     -5.7951939     -5.0583948     -7.8538436     -6.8013550     -6.6883268     -6.2451519     -6.5193284     -6.3839419     -6.5882285     -6.1815730     -6.0517340     -6.2460532    -14.4432390    -17.9357934    -11.8951806 
   195.0000000       -8.5418696    -17.3141290     -7.3731870     -6.0351425    -17.4876422    -13.3280642    -17.1652127    -11.1783334    -12.2807160    -17.3901282    -13.0831531    -18.6825805     -9.7082766    -15.2990854    -18.0063804     -8.2367469    -10.8005041     -6.9143110    -11.0544843    -11.8449429     -6.6308487     -9.1562490     -5.6766756     -5.3466336     -5.7199089     -5.8031353     -5.0669164     -7.8663791     -6.8104128     -6.6982279     -6.2537236     -6.5284091     -6.3932049     -6.5981828     -6.1912433     -6.0611267     -6.2556244    -14.4548572    -17.9509224    -11.9093787 
   195.5000000       -8.5533407    -17.3244856     -7.3840218     -6.0428562    -17.4991957    -13.3378260    -17.1770032    -11.1911765    -12.2905610    -17.4049047    -13.0965346    -18.6991387     -9.7182713    -15.3116768    -18.0168042     -8.2469664    -10.8154816     -6.9240958    -11.0731372    -11.8559121     -6.6428802     -9.1662665     -5.6866904     -5.3551263     -5.7283558     -5.8110768     -5.0754379     -7.8789147     -6.8194706     -6.7081290     -6.2622953     -6.5374897     -6.4024680     -6.6081371     -6.2006455     -6.0705193     -6.2651956    -14.4664754    -17.9660514    -11.9235768 
   196.0000000       -8.5648118    -17.3348421     -7.3948566     -6.0505698    -17.5107492    -13.3475878    -17.1887937    -11.2040195    -12.3004061    -17.4196811    -13.1099161    -18.7156970     -9.7282660    -15.3242681    -18.0272281     -8.2571858    -10.8304591     -6.9338805    -11.0917900    -11.8668812     -6.6549117     -9.1762841     -5.6967051     -5.3636191     -5.7368028     -5.8190182     -5.0839595     -7.8914502     -6.8285284     -6.7175739     -6.2708669     -6.5465703     -6.4117310     -6.6180914     -6.2100477     -6.0799120     -6.2747668    -14.4780936    -17.9811804    -11.9377750 
   196.5000000       -8.5762829    -17.3451986     -7.4056915     -6.0582835    -17.5223027    -13.3573496    -17.2005842    -11.2168626    -12.3102512    -17.4344576    -13.1232976    -18.7298826     -9.7382607    -15.3368595    -18.0376519     -8.2674053    -10.8454365     -6.9436653    -11.1104428    -11.8778504     -6.6669432     -9.1863017     -5.7067198     -5.3721118     -5.7452497     -5.8269597     -5.0924810     -7.9039858     -6.8375862     -6.7269125     -6.2794386     -6.5556509     -6.4209940     -6.6280457     -6.2194498     -6.0893047     -6.2843380    -14.4897117    -17.9963094    -11.9519731 
   197.0000000       -8.5877541    -17.3555552     -7.4165263     -6.0659971    -17.5338562    -13.3671114    -17.2123747    -11.2297057    -12.3200962    -17.4492340    -13.1366791    -18.7429503     -9.7482554    -15.3494508    -18.0480757     -8.2776247    -10.8604140     -6.9534501    -11.1290957    -11.8896147     -6.6788578     -9.1963192     -5.7167345     -5.3806045     -5.7536966     -5.8349011     -5.1007757     -7.9160742     -6.8466440     -6.7362511     -6.2880103     -6.5647315     -6.4302571     -6.6380000     -6.2288520     -6.0986973     -6.2939092    -14.5013299    -18.0114384    -11.9661713 
   197.5000000       -8.5992252    -17.3659117     -7.4273611     -6.0737107    -17.5454097    -13.3768733    -17.2241652    -11.2425487    -12.3299413    -17.4640105    -13.1500606    -18.7560179     -9.7582501    -15.3620422    -18.0584995     -8.2878442    -10.8753915     -6.9632348    -11.1477485    -11.9013899     -6.6906539     -9.2063368     -5.7267492     -5.3890973     -5.7621435     -5.8428426     -5.1088143     -7.9278646     -6.8557018     -6.7455897     -6.2965820     -6.5738122     -6.4395201     -6.6479543     -6.2382542     -6.1080900     -6.3034804    -14.5129481    -18.0265674    -11.9803694 
   198.0000000       -8.6106963    -17.3762683     -7.4381960     -6.0814244    -17.5569632    -13.3866351    -17.2359557    -11.2553918    -12.3397864    -17.4787869    -13.1634421    -18.7690856     -9.7682448    -15.3746335    -18.0689234     -8.2980636    -10.8903690     -6.9730196    -11.1664013    -11.9131652     -6.7024500     -9.2163544     -5.7367640     -5.3975900     -5.7705904     -5.8507840     -5.1168528     -7.9396550     -6.8647596     -6.7549283     -6.3051536     -6.5828928     -6.4487831     -6.6579086     -6.2476564     -6.1174827     -6.3130517    -14.5245663    -18.0416964    -11.9945675 
   198.5000000       -8.6221674    -17.3866248     -7.4490308     -6.0891380    -17.5680643    -13.3963969    -17.2477462    -11.2682349    -12.3496314    -17.4935634    -13.1768236    -18.7821533     -9.7782395    -15.3872249    -18.0793472     -8.3082831    -10.9053464     -6.9828098    -11.1850541    -11.9249404     -6.7142462     -9.2263719     -5.7467787     -5.4060827     -5.7790374     -5.8587255     -5.1248914     -7.9514454     -6.8738174     -6.7642669     -6.3137253     -6.5919734     -6.4580462     -6.6678629     -6.2570586     -6.1268753     -6.3226229    -14.5361845    -18.0568254    -12.0087657 
   199.0000000       -8.6336385    -17.3969813     -7.4598656     -6.0968516    -17.5781314    -13.4061587    -17.2595367    -11.2810780    -12.3594765    -17.5083398    -13.1902051    -18.7952210     -9.7882342    -15.3998162    -18.0897710     -8.3185025    -10.9203239     -6.9926007    -11.2039338    -11.9367157     -6.7260423     -9.2363895     -5.7567934     -5.4145755     -5.7874843     -5.8666669     -5.1329300     -7.9632358     -6.8828752     -6.7736055     -6.3222970     -6.6010540     -6.4673092     -6.6778172     -6.2664608     -6.1362680     -6.3321941    -14.5478027    -18.0719544    -12.0229638 
   199.5000000       -8.6451096    -17.4073379     -7.4707005     -6.1045653    -17.5881986    -13.4159205    -17.2713272    -11.2939210    -12.3693216    -17.5231163    -13.2035866    -18.8082886     -9.7982289    -15.4124075    -18.1001948     -8.3287220    -10.9353014     -7.0023916    -11.2231358    -11.9484909     -6.7378384     -9.2464070     -5.7668081     -5.4230682     -5.7959312     -5.8746083     -5.1409685     -7.9750262     -6.8919331     -6.7829441     -6.3308124     -6.6101347     -6.4765722     -6.6877715     -6.2758629     -6.1456606     -6.3417653    -14.5594208    -18.0870834    -12.0371619 
   200.0000000       -8.6565808    -17.4176944     -7.4815353     -6.1122789    -17.5982657    -13.4256823    -17.2831177    -11.3067641    -12.3791667    -17.5378927    -13.2169681    -18.8213563     -9.8082236    -15.4249989    -18.1106187     -8.3389414    -10.9502788     -7.0121825    -11.2423377    -11.9602662     -6.7496345     -9.2564246     -5.7768228     -5.4315609     -5.8043781     -5.8825498     -5.1490071     -7.9868166     -6.9009909     -6.7922826     -6.3388292     -6.6192153     -6.4858353     -6.6977258     -6.2852651     -6.1550533     -6.3513365    -14.5710390    -18.1022124    -12.0513601 
   200.5000000       -8.6680519    -17.4280509     -7.4923736     -6.1199926    -17.6083329    -13.4354441    -17.2949082    -11.3196072    -12.3890117    -17.5526692    -13.2303496    -18.8344240     -9.8182183    -15.4375902    -18.1210425     -8.3491609    -10.9652563     -7.0219733    -11.2615396    -11.9720414     -6.7614306     -9.2664422     -5.7868376     -5.4400537     -5.8128251     -5.8904912     -5.1570457     -7.9986070     -6.9100487     -6.8016212     -6.3468460     -6.6282959     -6.4950983     -6.7076801     -6.2946673     -6.1644460     -6.3609077    -14.5826572    -18.1173414    -12.0655582 
   201.0000000       -8.6795230    -17.4384075     -7.5032153     -6.1277062    -17.6184000    -13.4452060    -17.3066987    -11.3324503    -12.3988568    -17.5674456    -13.2437311    -18.8474916     -9.8282130    -15.4501816    -18.1314663     -8.3593803    -10.9802338     -7.0317642    -11.2807415    -11.9838167     -6.7732267     -9.2764597     -5.7968523     -5.4485464     -5.8212720     -5.8984327     -5.1650843     -8.0103974     -6.9191065     -6.8109598     -6.3548627     -6.6373765     -6.5043613     -6.7176344     -6.3040695     -6.1738386     -6.3704789    -14.5942754    -18.1324704    -12.0797563 
   201.5000000       -8.6909941    -17.4487640     -7.5140571     -6.1354198    -17.6284671    -13.4549678    -17.3184892    -11.3452933    -12.4087019    -17.5822221    -13.2571126    -18.8605593     -9.8382077    -15.4627729    -18.1418901     -8.3695998    -10.9952113     -7.0415551    -11.2999434    -11.9955919     -6.7850228     -9.2864773     -5.8068670     -5.4570392     -5.8297189     -5.9063741     -5.1731228     -8.0221878     -6.9281643     -6.8202984     -6.3628795     -6.6464571     -6.5136244     -6.7275887     -6.3134717     -6.1832313     -6.3800501    -14.6058936    -18.1475993    -12.0939545 
   202.0000000       -8.7024652    -17.4591205     -7.5248989     -6.1431335    -17.6385343    -13.4647296    -17.3302796    -11.3581364    -12.4185469    -17.5969985    -13.2704942    -18.8736270     -9.8482024    -15.4753643    -18.1523140     -8.3798192    -11.0101887     -7.0513460    -11.3191453    -12.0073672     -6.7968190     -9.2964948     -5.8168817     -5.4655319     -5.8381658     -5.9143156     -5.1811614     -8.0339782     -6.9372221     -6.8296370     -6.3708963     -6.6555378     -6.5228874     -6.7375430     -6.3228739     -6.1926240     -6.3896213    -14.6175118    -18.1627283    -12.1081526 
   202.5000000       -8.7139363    -17.4694771     -7.5357406     -6.1508471    -17.6486014    -13.4744914    -17.3420701    -11.3709795    -12.4283920    -17.6117750    -13.2838757    -18.8866947     -9.8581971    -15.4879556    -18.1627378     -8.3900387    -11.0251662     -7.0611369    -11.3383473    -12.0191424     -6.8086151     -9.3065124     -5.8268964     -5.4740246     -5.8466127     -5.9222570     -5.1892000     -8.0457686     -6.9462799     -6.8389756     -6.3789130     -6.6646184     -6.5321504     -6.7474973     -6.3322761     -6.2020166     -6.3991925    -14.6291299    -18.1778573    -12.1223508 
   203.0000000       -8.7252653    -17.4798336     -7.5465824     -6.1585607    -17.6586686    -13.4842532    -17.3538606    -11.3838225    -12.4382371    -17.6265514    -13.2972572    -18.8997623     -9.8681918    -15.5005470    -18.1731616     -8.4002581    -11.0401437     -7.0709277    -11.3575492    -12.0309176     -6.8204112     -9.3165300     -5.8369111     -5.4825174     -5.8550597     -5.9301985     -5.1972385     -8.0575590     -6.9553377     -6.8483142     -6.3869298     -6.6736990     -6.5414135     -6.7574517     -6.3416782     -6.2114093     -6.4087637    -14.6407481    -18.1929863    -12.1365489 
   203.5000000       -8.7360590    -17.4901902     -7.5574241     -6.1662744    -17.6687357    -13.4940150    -17.3656511    -11.3966656    -12.4480821    -17.6413279    -13.3106387    -18.9128300     -9.8781865    -15.5131383    -18.1835854     -8.4104776    -11.0551211     -7.0807186    -11.3767511    -12.0426929     -6.8322073     -9.3265475     -5.8469259     -5.4910101     -5.8635066     -5.9381399     -5.2052771     -8.0693493     -6.9643955     -6.8576528     -6.3949466     -6.6827796     -6.5506765     -6.7674060     -6.3510804     -6.2208019     -6.4183349    -14.6523663    -18.2081153    -12.1507470 
   204.0000000       -8.7468528    -17.5005467     -7.5682659     -6.1739880    -17.6788029    -13.5037769    -17.3774416    -11.4095087    -12.4579272    -17.6557051    -13.3240202    -18.9258977     -9.8881812    -15.5257297    -18.1940093     -8.4206970    -11.0700986     -7.0905095    -11.3959530    -12.0544681     -6.8440034     -9.3365651     -5.8569406     -5.4995028     -5.8719535     -5.9460814     -5.2133157     -8.0811397     -6.9734533     -6.8669914     -6.4029633     -6.6918603     -6.5599395     -6.7773603     -6.3604826     -6.2301946     -6.4279061    -14.6639845    -18.2232443    -12.1649452 
   204.5000000       -8.7576465    -17.5109032     -7.5791077     -6.1817016    -17.6888700    -13.5135387    -17.3892321    -11.4223518    -12.4677723    -17.6697536    -13.3374017    -18.9389653     -9.8981759    -15.5383210    -18.2044331     -8.4309165    -11.0850761     -7.1003004    -11.4151549    -12.0662434     -6.8557995     -9.3465827     -5.8669553     -5.5079956     -5.8804004     -5.9540228     -5.2213542     -8.0929301     -6.9825111     -6.8763300     -6.4109801     -6.7009409     -6.5692025     -6.7873146     -6.3698848     -6.2395873     -6.4374773    -14.6756027    -18.2383733    -12.1791433 
   205.0000000       -8.7684403    -17.5212598     -7.5899494     -6.1894153    -17.6989371    -13.5233005    -17.4010226    -11.4351948    -12.4776174    -17.6838020    -13.3507832    -18.9520330     -9.9081706    -15.5509123    -18.2148569     -8.4411359    -11.1000536     -7.1100912    -11.4343569    -12.0780186     -6.8675957     -9.3566002     -5.8769700     -5.5164883     -5.8888473     -5.9619643     -5.2293928     -8.1047205     -6.9915689     -6.8856686     -6.4189969     -6.7100215     -6.5784656     -6.7972689     -6.3792870     -6.2489799     -6.4470485    -14.6872209    -18.2535023    -12.1933414 
   205.5000000       -8.7792341    -17.5316163     -7.6007912     -6.1971289    -17.7090043    -13.5330623    -17.4128131    -11.4480379    -12.4874624    -17.6978505    -13.3632334    -18.9651007     -9.9181653    -15.5635037    -18.2252807     -8.4513554    -11.1150310     -7.1198821    -11.4535588    -12.0897939     -6.8793918     -9.3666178     -5.8869847     -5.5244694     -5.8972943     -5.9699057     -5.2374314     -8.1165109     -7.0006267     -6.8950072     -6.4270136     -6.7191021     -6.5877286     -6.8072232     -6.3886892     -6.2583726     -6.4566197    -14.6988390    -18.2686313    -12.2057583 
   206.0000000       -8.7900278    -17.5419728     -7.6116330     -6.2048426    -17.7190714    -13.5428241    -17.4246036    -11.4608810    -12.4973075    -17.7118990    -13.3753888    -18.9781683     -9.9281600    -15.5760950    -18.2357046     -8.4615748    -11.1300085     -7.1296730    -11.4727607    -12.1015691     -6.8911879     -9.3766353     -5.8969995     -5.5323397     -5.9057412     -5.9778472     -5.2454699     -8.1283013     -7.0096845     -6.9043458     -6.4350304     -6.7281827     -6.5969916     -6.8171775     -6.3980913     -6.2677653     -6.4661909    -14.7104572    -18.2828094    -12.2175569 
   206.5000000       -8.8008216    -17.5523294     -7.6224747     -6.2125562    -17.7291386    -13.5525859    -17.4363941    -11.4737241    -12.5071526    -17.7259475    -13.3875443    -18.9912360     -9.9381547    -15.5886864    -18.2461284     -8.4717943    -11.1449860     -7.1394639    -11.4919626    -12.1133444     -6.9029840     -9.3866529     -5.9070142     -5.5402100     -5.9141881     -5.9857886     -5.2535085     -8.1400917     -7.0187423     -6.9136844     -6.4430472     -6.7372634     -6.6062547     -6.8271318     -6.4074935     -6.2771579     -6.4757621    -14.7220754    -18.2968110    -12.2293555 
   207.0000000       -8.8116153    -17.5626859     -7.6333165     -6.2202698    -17.7392057    -13.5623477    -17.4481846    -11.4865671    -12.5169976    -17.7399959    -13.3996997    -19.0043037     -9.9481494    -15.6012777    -18.2565522     -8.4820137    -11.1599634     -7.1492547    -11.5111645    -12.1251196     -6.9147801     -9.3966705     -5.9170289     -5.5480803     -5.9224346     -5.9937300     -5.2615471     -8.1518821     -7.0278002     -6.9230230     -6.4510639     -6.7463440     -6.6155177     -6.8370861     -6.4168957     -6.2865506     -6.4853333    -14.7336936    -18.3108126    -12.2411541 
   207.5000000       -8.8224091    -17.5730424     -7.6441582     -6.2279835    -17.7492729    -13.5721096    -17.4599751    -11.4994102    -12.5268427    -17.7540444    -13.4118552    -19.0173714     -9.9581441    -15.6138691    -18.2669760     -8.4922332    -11.1749409     -7.1590456    -11.5303665    -12.1368949     -6.9265762     -9.4066880     -5.9270436     -5.5559506     -5.9302388     -6.0016715     -5.2695857     -8.1636725     -7.0368580     -6.9323616     -6.4590807     -6.7554246     -6.6247807     -6.8470404     -6.4262979     -6.2959432     -6.4949045    -14.7453118    -18.3248142    -12.2529526 
   208.0000000       -8.8332028    -17.5833990     -7.6550000     -6.2356971    -17.7593400    -13.5818714    -17.4717656    -11.5122533    -12.5366878    -17.7680929    -13.4240106    -19.0304390     -9.9681388    -15.6264604    -18.2773999     -8.5024526    -11.1899184     -7.1688365    -11.5495684    -12.1486701     -6.9383723     -9.4167056     -5.9370583     -5.5638209     -5.9380431     -6.0096129     -5.2776242     -8.1754629     -7.0459158     -6.9417002     -6.4670975     -6.7645052     -6.6340438     -6.8569947     -6.4357001     -6.3053359     -6.5044758    -14.7569300    -18.3388158    -12.2647512 
   208.0000000       -8.8332028    -17.5833990    -13.4640000     -6.2356971    -17.7593400    -13.5818714    -17.4717656    -11.5122533    -12.5366878    -17.7680929    -13.4240106    -19.0304390     -9.9681388    -15.6264604    -18.2773999     -8.5024526    -11.1899184     -7.1688365    -11.5495684    -12.1486701     -6.9383723     -9.4167056     -5.9370583     -5.5638209     -5.9380431     -6.0096129     -5.2776242     -8.1754629     -7.0459158     -6.9417002     -6.4670975     -6.7645052     -6.6340438     -6.8569947     -6.4357001     -6.3053359     -6.5044758    -14.7569300    -18.3388158    -12.2647512 
   208.5000000       -8.8439966    -17.5937555    -13.4790168     -6.2434107    -17.7694071    -13.5916332    -17.4835561    -11.5250963    -12.5465328    -17.7821413    -13.4361661    -19.0435067     -9.9781335    -15.6390518    -18.2878237     -8.5126721    -11.2048959     -7.1786274    -11.5687703    -12.1604453     -6.9501685     -9.4267232     -5.9470731     -5.5716912     -5.9458474     -6.0175544     -5.2856628     -8.1872533     -7.0549736     -6.9510387     -6.4751143     -6.7735859     -6.6433068     -6.8669490     -6.4451023     -6.3147286     -6.5140470    -14.7685481    -18.3528174    -12.2765498 
   209.0000000       -8.8547903    -17.6041121    -13.4940335     -6.2511244    -17.7794743    -13.6013950    -17.4953466    -11.5379394    -12.5563779    -17.7961898    -13.4483216    -19.0565744     -9.9881282    -15.6516431    -18.2982475     -8.5217939    -11.2198733     -7.1884182    -11.5879722    -12.1722206     -6.9619646     -9.4367407     -5.9570878     -5.5795615     -5.9536517     -6.0254958     -5.2937014     -8.1990437     -7.0640314     -6.9603773     -6.4831310     -6.7826665     -6.6525698     -6.8769033     -6.4545044     -6.3241212     -6.5236182    -14.7801663    -18.3668190    -12.2883484 
   209.0000000       -8.8547903    -17.6041121    -13.4940335     -6.2511244    -17.7794743    -13.6013950    -17.4953466    -11.5379394    -12.5563779    -17.7961898    -13.4483216    -19.0565744     -9.9881282    -15.6516431    -18.2982475     -8.5217939    -11.2198733     -7.1884182    -11.5879722    -12.1722206     -6.9619646     -9.4367407     -5.9570878     -5.5795615     -5.9536517     -6.0254958     -5.2937014     -8.1990437     -7.0640314     -6.9603773     -6.4831310     -6.7826665     -6.6525698     -6.8769033     -6.4545044     -6.3241212     -6.5236182    -14.7801663    -18.3668190    -12.2883484 
   209.5000000       -8.8655841    -17.6144686    -13.5090503     -6.2588380    -17.7895414    -13.6111568    -17.5071371    -11.5507825    -12.5662230    -17.8102383    -13.4604770    -19.0696420     -9.9981229    -15.6642345    -18.3086713     -8.5307518    -11.2348508     -7.1982091    -11.6071741    -12.1839958     -6.9737607     -9.4467583     -5.9671025     -5.5874319     -5.9614560     -6.0334373     -5.3017399     -8.2108341     -7.0730892     -6.9697159     -6.4911478     -6.7917471     -6.6618329     -6.8868576     -6.4639066     -6.3335139     -6.5331894    -14.7917845    -18.3808206    -12.3001469 
   210.0000000       -8.8763779    -17.6248251    -13.5240671     -6.2665517    -17.7996086    -13.6209186    -17.5189276    -11.5636256    -12.5760681    -17.8242868    -13.4726325    -19.0827097    -10.0081176    -15.6768258    -18.3190952     -8.5397097    -11.2498283     -7.2080000    -11.6263761    -12.1957711     -6.9855568     -9.4567758     -5.9771172     -5.5953022     -5.9692603     -6.0413787     -5.3097785     -8.2226245     -7.0821470     -6.9790545     -6.4991646     -6.8008277     -6.6710959     -6.8968119     -6.4733088     -6.3429066     -6.5427606    -14.8034027    -18.3948222    -12.3119455 
   210.0000000       -8.8763779    -17.6248251    -13.5240671     -6.2665517    -17.7996086    -13.6209186    -17.5189276    -11.5636256    -12.5760681    -17.8242868    -13.4726325    -19.0827097    -10.0081176    -15.6768258    -18.3190952     -8.5397097    -11.2498283    -10.1540000    -11.6263761    -12.1957711     -6.9855568     -9.4567758     -5.9771172     -5.5953022     -5.9692603     -6.0413787     -5.3097785     -8.2226245     -7.0821470     -6.9790545     -6.4991646     -6.8008277     -6.6710959     -6.8968119     -6.4733088     -6.3429066     -6.5427606    -14.8034027    -18.3948222    -12.3119455 
   210.5000000       -8.8871716    -17.6351817    -13.5390852     -6.2742653    -17.8096757    -13.6306805    -17.5307181    -11.5764686    -12.5859131    -17.8383352    -13.4847879    -19.0957774    -10.0181123    -15.6894171    -18.3295190     -8.5486675    -11.2648057    -10.1628516    -11.6455780    -12.2075463     -6.9973529     -9.4667934     -5.9871319     -5.6031725     -5.9770645     -6.0493202     -5.3178171     -8.2344148     -7.0912048     -6.9883931     -6.5071813     -6.8099083     -6.6803589     -6.9067662     -6.4827110     -6.3522992     -6.5523318    -14.8150209    -18.4088238    -12.3237441 
   211.0000000       -8.8979654    -17.6455382    -13.5541088     -6.2817239    -17.8197429    -13.6404423    -17.5425086    -11.5896582    -12.5957582    -17.8523837    -13.4969434    -19.1088451    -10.0281070    -15.7020085    -18.3399428     -8.5576254    -11.2797832    -10.1717033    -11.6647799    -12.2193216     -7.0091490     -9.4768110     -5.9970300     -5.6110428     -5.9848688     -6.0572616     -5.3258556     -8.2462052     -7.1002626     -6.9977317     -6.5151981     -6.8189890     -6.6896220     -6.9167205     -6.4921132     -6.3616919     -6.5619030    -14.8266391    -18.4228253    -12.3355427 
   211.5000000       -8.9087591    -17.6558947    -13.5691323     -6.2889432    -17.8298100    -13.6502041    -17.5542991    -11.6028947    -12.6056033    -17.8664322    -13.5090988    -19.1219127    -10.0381017    -15.7145998    -18.3502604     -8.5665833    -11.2947607    -10.1805549    -11.6839818    -12.2310968     -7.0209452     -9.4868285     -6.0068178     -5.6189131     -5.9926731     -6.0652031     -5.3338942     -8.2579956     -7.1093204     -7.0070703     -6.5232149     -6.8280696     -6.6988850     -6.9264225     -6.5015154     -6.3710845     -6.5714742    -14.8382572    -18.4368269    -12.3473412 
   212.0000000       -8.9195529    -17.6662513    -13.5841558     -6.2961625    -17.8398772    -13.6595930    -17.5660896    -11.6161312    -12.6154483    -17.8804807    -13.5212543    -19.1349804    -10.0480964    -15.7271912    -18.3602163     -8.5755412    -11.3097382    -10.1894066    -11.7031837    -12.2428721     -7.0327413     -9.4968461     -6.0166056     -5.6267834     -6.0004774     -6.0731445     -5.3419328     -8.2697860     -7.1183782     -7.0164089     -6.5312316     -6.8371502     -6.7081480     -6.9356934     -6.5109176     -6.3804772     -6.5807230    -14.8498754    -18.4508285    -12.3591398 
   212.5000000       -8.9303466    -17.6766078    -13.5991793     -6.3033818    -17.8499443    -13.6675033    -17.5778801    -11.6293677    -12.6252934    -17.8945291    -13.5334097    -19.1480481    -10.0580911    -15.7397825    -18.3701723     -8.5844991    -11.3267382    -10.1982582    -11.7223856    -12.2546473     -7.0445374     -9.5068636     -6.0263934     -5.6346537     -6.0082817     -6.0810860     -5.3499713     -8.2815764     -7.1274360     -7.0257475     -6.5392484     -6.8462308     -6.7174111     -6.9449643     -6.5203197     -6.3898699     -6.5897837    -14.8614936    -18.4648301    -12.3709384 
   213.0000000       -8.9411404    -17.6869643    -13.6142028     -6.3106011    -17.8600114    -13.6754136    -17.5896706    -11.6426042    -12.6351385    -17.9085776    -13.5455652    -19.1611157    -10.0680858    -15.7523739    -18.3801282     -8.5934570    -11.3445427    -10.2071099    -11.7415876    -12.2664226     -7.0563335     -9.5168812     -6.0361812     -5.6425240     -6.0160860     -6.0890274     -5.3580099     -8.2933668     -7.1364938     -7.0350861     -6.5472652     -6.8553115     -6.7266741     -6.9542352     -6.5297219     -6.3991458     -6.5988444    -14.8730534    -18.4788317    -12.3827370 
   213.5000000       -8.9519342    -17.6973209    -13.6292264     -6.3178204    -17.8700786    -13.6833239    -17.6014611    -11.6558408    -12.6445414    -17.9226261    -13.5577206    -19.1741834    -10.0780805    -15.7649652    -18.3900842     -8.6024149    -11.3623473    -10.2159615    -11.7607895    -12.2781978     -7.0681296     -9.5268988     -6.0459690     -5.6503943     -6.0238902     -6.0969689     -5.3660485     -8.3051572     -7.1455516     -7.0444247     -6.5552819     -6.8643921     -6.7359371     -6.9635060     -6.5391241     -6.4083634     -6.6079051    -14.8846046    -18.4928333    -12.3945355 
   214.0000000       -8.9627279    -17.7076774    -13.6442499     -6.3250397    -17.8801457    -13.6912342    -17.6132516    -11.6690773    -12.6529275    -17.9366746    -13.5698761    -19.1872511    -10.0880752    -15.7775566    -18.4000401     -8.6113728    -11.3801518    -10.2248132    -11.7799914    -12.2899730     -7.0799257     -9.5369163     -6.0557568     -5.6582646     -6.0316945     -6.1049103     -5.3740871     -8.3169476     -7.1546094     -7.0537633     -6.5632987     -6.8734727     -6.7452002     -6.9727769     -6.5485263     -6.4175809     -6.6169658    -14.8961557    -18.5068349    -12.4063341 
   214.5000000       -8.9735217    -17.7180340    -13.6592734     -6.3322589    -17.8902129    -13.6991445    -17.6250421    -11.6823138    -12.6613136    -17.9507230    -13.5820316    -19.2003188    -10.0980699    -15.7901479    -18.4099961     -8.6203307    -11.3979563    -10.2336648    -11.7977033    -12.3017483     -7.0917218     -9.5469339     -6.0655445     -5.6661349     -6.0394988     -6.1128518     -5.3821256     -8.3287380     -7.1636672     -7.0631019     -6.5713155     -6.8823070     -6.7542053     -6.9820478     -6.5579285     -6.4267985     -6.6260265    -14.9077068    -18.5208365    -12.4181327 
   215.0000000       -8.9843154    -17.7283905    -13.6742969     -6.3394782    -17.9002800    -13.7070547    -17.6368326    -11.6955503    -12.6696997    -17.9647715    -13.5941870    -19.2133864    -10.1080646    -15.8022115    -18.4199520     -8.6292886    -11.4157608    -10.2425165    -11.8151383    -12.3135235     -7.1035180     -9.5569515     -6.0753323     -5.6740052     -6.0473031     -6.1207932     -5.3901642     -8.3405284     -7.1727251     -7.0724405     -6.5793322     -6.8908963     -6.7630310     -6.9913187     -6.5673307     -6.4360161     -6.6350872    -14.9192580    -18.5348381    -12.4299313 
   215.5000000       -8.9951092    -17.7387470    -13.6893204     -6.3466975    -17.9103472    -13.7149650    -17.6486231    -11.7087868    -12.6780857    -17.9788200    -13.6063425    -19.2264541    -10.1180593    -15.8141206    -18.4299080     -8.6382465    -11.4335653    -10.2513681    -11.8325733    -12.3252988     -7.1153141     -9.5669690     -6.0851201     -5.6818756     -6.0551074     -6.1287346     -5.3982028     -8.3523188     -7.1817829     -7.0817791     -6.5873490     -6.8994857     -6.7718567     -7.0005896     -6.5767328     -6.4452337     -6.6441479    -14.9308091    -18.5488397    -12.4417298 
   216.0000000       -9.0059029    -17.7491036    -13.7043439     -6.3539168    -17.9204143    -13.7228753    -17.6604136    -11.7220233    -12.6864718    -17.9928685    -13.6184979    -19.2395218    -10.1280540    -15.8260296    -18.4398639     -8.6472044    -11.4513699    -10.2602198    -11.8500083    -12.3370740     -7.1271102     -9.5769866     -6.0949079     -5.6897459     -6.0629117     -6.1366761     -5.4062413     -8.3641092     -7.1908407     -7.0911177     -6.5953658     -6.9080750     -6.7806824     -7.0098604     -6.5861350     -6.4544512     -6.6532086    -14.9423602    -18.5628413    -12.4535284 
   216.5000000       -9.0166967    -17.7594601    -13.7193675     -6.3611361    -17.9304814    -13.7307856    -17.6722041    -11.7352598    -12.6948579    -18.0069169    -13.6306534    -19.2525894    -10.1380487    -15.8379387    -18.4498198     -8.6561622    -11.4691744    -10.2690714    -11.8674433    -12.3488493     -7.1389063     -9.5870041     -6.1046957     -5.6976162     -6.0707159     -6.1446175     -5.4142799     -8.3758996     -7.1998985     -7.1004563     -6.6033825     -6.9166644     -6.7895081     -7.0191313     -6.5955372     -6.4636688     -6.6622693    -14.9539114    -18.5768429    -12.4653270 
   217.0000000       -9.0274904    -17.7698166    -13.7343910     -6.3683554    -17.9405486    -13.7386959    -17.6839946    -11.7484963    -12.7032440    -18.0209654    -13.6428088    -19.2656571    -10.1480434    -15.8498477    -18.4597758     -8.6651201    -11.4869789    -10.2779231    -11.8848783    -12.3606245     -7.1507024     -9.5970217     -6.1144835     -5.7054865     -6.0785202     -6.1525590     -5.4223185     -8.3876900     -7.2089563     -7.1097949     -6.6113993     -6.9252537     -6.7983338     -7.0284022     -6.6049394     -6.4728864     -6.6713300    -14.9654625    -18.5908445    -12.4771256 
   217.5000000       -9.0382842    -17.7801732    -13.7494145     -6.3755747    -17.9506157    -13.7466062    -17.6959191    -11.7617328    -12.7116301    -18.0350139    -13.6549643    -19.2787248    -10.1580381    -15.8617568    -18.4697317     -8.6740780    -11.5047834    -10.2867747    -11.9023133    -12.3723998     -7.1624985     -9.6070393     -6.1242713     -5.7133568     -6.0863245     -6.1602870     -5.4303570     -8.3994803     -7.2180141     -7.1191334     -6.6194161     -6.9338431     -6.8071596     -7.0376731     -6.6143416     -6.4821039     -6.6803907    -14.9770136    -18.6048461    -12.4889241 
   218.0000000       -9.0490780    -17.7905297    -13.7644380     -6.3827940    -17.9606829    -13.7545165    -17.7078896    -11.7749693    -12.7200162    -18.0490623    -13.6671197    -19.2917924    -10.1680328    -15.8736658    -18.4796877     -8.6830359    -11.5225879    -10.2956264    -11.9197483    -12.3841750     -7.1742947     -9.6170568     -6.1340590     -5.7212271     -6.0941288     -6.1675507     -5.4383956     -8.4112707     -7.2269366     -7.1282567     -6.6274328     -6.9424324     -6.8159853     -7.0469439     -6.6237438     -6.4913215     -6.6894514    -14.9885648    -18.6188477    -12.5007227 
   218.5000000       -9.0598717    -17.8008862    -13.7794615     -6.3900133    -17.9707500    -13.7624268    -17.7198601    -11.7882058    -12.7284023    -18.0631108    -13.6792752    -19.3048601    -10.1780275    -15.8855749    -18.4896436     -8.6919938    -11.5403924    -10.3044780    -11.9371834    -12.3959503     -7.1860908     -9.6270744     -6.1438468     -5.7290974     -6.1019331     -6.1748144     -5.4464342     -8.4230611     -7.2355956     -7.1370161     -6.6354496     -6.9510217     -6.8248110     -7.0562148     -6.6331459     -6.5005391     -6.6985121    -15.0001159    -18.6328492    -12.5125213 
   219.0000000       -9.0706655    -17.8111927    -13.7944850     -6.3972325    -17.9808172    -13.7703370    -17.7318305    -11.8014423    -12.7367883    -18.0771593    -13.6914306    -19.3161680    -10.1880222    -15.8974839    -18.4995996     -8.7009517    -11.5581970    -10.3133297    -11.9546184    -12.4077255     -7.1978869     -9.6370920     -6.1536346     -5.7369677     -6.1097374     -6.1820781     -5.4544727     -8.4348515     -7.2442545     -7.1457755     -6.6434664     -6.9596111     -6.8336367     -7.0654857     -6.6425481     -6.5097567     -6.7075728    -15.0116670    -18.6468508    -12.5243199 
   219.5000000       -9.0814592    -17.8211315    -13.8095086     -6.4044518    -17.9908843    -13.7782473    -17.7438010    -11.8146788    -12.7451744    -18.0912078    -13.7035861    -19.3263349    -10.1980169    -15.9093930    -18.5095555     -8.7099096    -11.5760015    -10.3221813    -11.9720534    -12.4195007     -7.2096830     -9.6464162     -6.1634224     -5.7448380     -6.1175416     -6.1893417     -5.4625113     -8.4466419     -7.2529134     -7.1545349     -6.6514832     -6.9682004     -6.8424624     -7.0747566     -6.6519503     -6.5189742     -6.7166335    -15.0232182    -18.6608524    -12.5361184 
   220.0000000       -9.0922530    -17.8310703    -13.8245321     -6.4116711    -18.0009514    -13.7861576    -17.7557715    -11.8279153    -12.7535605    -18.1052562    -13.7157416    -19.3365018    -10.2080116    -15.9213020    -18.5195115     -8.7188675    -11.5938060    -10.3310330    -11.9894884    -12.4312760     -7.2214644     -9.6554570     -6.1732102     -5.7527083     -6.1253459     -6.1966054     -5.4705499     -8.4583385     -7.2615724     -7.1632942     -6.6594999     -6.9767898     -6.8512881     -7.0840274     -6.6613525     -6.5281918     -6.7256942    -15.0347693    -18.6748540    -12.5479170 
   220.5000000       -9.1030467    -17.8410092    -13.8395556     -6.4188904    -18.0110186    -13.7940679    -17.7677419    -11.8411518    -12.7619466    -18.1193047    -13.7278970    -19.3466687    -10.2178290    -15.9332111    -18.5294674     -8.7278254    -11.6116105    -10.3398846    -12.0069234    -12.4430512     -7.2328992     -9.6644977     -6.1829980     -5.7605786     -6.1331502     -6.2038691     -5.4785885     -8.4700117     -7.2702313     -7.1720536     -6.6675167     -6.9853791     -6.8601138     -7.0932983     -6.6707169     -6.5374094     -6.7347549    -15.0463204    -18.6888556    -12.5597156 
   221.0000000       -9.1138405    -17.8509480    -13.8545791     -6.4261097    -18.0210857    -13.8019782    -17.7797124    -11.8543884    -12.7703327    -18.1333532    -13.7400525    -19.3568356    -10.2274695    -15.9451201    -18.5394234     -8.7367833    -11.6294150    -10.3487362    -12.0243584    -12.4548265     -7.2443339     -9.6735384     -6.1927858     -5.7684489     -6.1409545     -6.2111328     -5.4866270     -8.4816848     -7.2788902     -7.1808130     -6.6755335     -6.9939685     -6.8689395     -7.1025692     -6.6796479     -6.5466269     -6.7438156    -15.0578716    -18.7028572    -12.5715142 
   221.5000000       -9.1246342    -17.8608869    -13.8696026     -6.4333290    -18.0311529    -13.8098885    -17.7916829    -11.8676249    -12.7787188    -18.1474017    -13.7522079    -19.3670025    -10.2371101    -15.9570292    -18.5493793     -8.7457412    -11.6472195    -10.3575879    -12.0417934    -12.4666017     -7.2557687     -9.6825791     -6.2025736     -5.7763193     -6.1487588     -6.2183964     -5.4946656     -8.4933580     -7.2875492     -7.1895724     -6.6835502     -7.0025578     -6.8777653     -7.1118401     -6.6885789     -6.5558445     -6.7528763    -15.0694227    -18.7168588    -12.5833127 
   222.0000000       -9.1354280    -17.8708257    -13.8846261     -6.4405483    -18.0412200    -13.8177988    -17.8036533    -11.8808614    -12.7871049    -18.1614501    -13.7643634    -19.3771694    -10.2467507    -15.9689382    -18.5593352     -8.7546991    -11.6650241    -10.3664395    -12.0592284    -12.4783770     -7.2672034     -9.6916198     -6.2123613     -5.7841896     -6.1565631     -6.2256601     -5.5027042     -8.5050311     -7.2962081     -7.1983318     -6.6915670     -7.0111472     -6.8865910     -7.1211109     -6.6975099     -6.5650621     -6.7619370    -15.0809738    -18.7308604    -12.5951113 
   222.5000000       -9.1462218    -17.8807645    -13.8996497     -6.4477676    -18.0512872    -13.8257091    -17.8156238    -11.8940979    -12.7954909    -18.1754986    -13.7765188    -19.3873362    -10.2563913    -15.9808473    -18.5692912     -8.7636569    -11.6828286    -10.3752912    -12.0766635    -12.4901522     -7.2786382     -9.7006605     -6.2221491     -5.7920599     -6.1643674     -6.2329238     -5.5107427     -8.5167043     -7.3048670     -7.2070912     -6.6995838     -7.0197365     -6.8954167     -7.1303818     -6.7064409     -6.5742797     -6.7709978    -15.0925250    -18.7448620    -12.6069099 
   223.0000000       -9.1570155    -17.8907034    -13.9146732     -6.4549869    -18.0613543    -13.8336193    -17.8275942    -11.9073344    -12.8038770    -18.1895471    -13.7886743    -19.3975031    -10.2660319    -15.9927563    -18.5792471     -8.7726148    -11.7006331    -10.3841428    -12.0940985    -12.5019701     -7.2900729     -9.7097012     -6.2319369     -5.7999302     -6.1721716     -6.2401875     -5.5187813     -8.5283774     -7.3135260     -7.2158506     -6.7076005     -7.0283258     -6.9042424     -7.1396527     -6.7153720     -6.5834972     -6.7800585    -15.1040761    -18.7588636    -12.6187085 
   223.5000000       -9.1678093    -17.9006422    -13.9296967     -6.4622061    -18.0714214    -13.8415296    -17.8395647    -11.9205709    -12.8122631    -18.2035956    -13.8008297    -19.4076700    -10.2756724    -16.0046654    -18.5892031     -8.7815727    -11.7184376    -10.3929945    -12.1115335    -12.5142864     -7.3015077     -9.7187419     -6.2417247     -5.8078005     -6.1799759     -6.2474511     -5.5268199     -8.5400506     -7.3221849     -7.2246099     -6.7156173     -7.0369152     -6.9130681     -7.1489236     -6.7243030     -6.5927148     -6.7891192    -15.1156273    -18.7728652    -12.6305070 
   224.0000000       -9.1786030    -17.9105810    -13.9447202     -6.4694254    -18.0814886    -13.8494399    -17.8515352    -11.9338074    -12.8206492    -18.2176440    -13.8129852    -19.4178369    -10.2853130    -16.0165744    -18.5991590     -8.7905306    -11.7362421    -10.4018461    -12.1289685    -12.5266028     -7.3129424     -9.7277827     -6.2515125     -5.8156708     -6.1877802     -6.2547148     -5.5348584     -8.5517237     -7.3308439     -7.2333693     -6.7236341     -7.0455045     -6.9218938     -7.1581944     -6.7332340     -6.6019324     -6.7981799    -15.1271784    -18.7868668    -12.6423056 
   224.5000000       -9.1893968    -17.9205199    -13.9597437     -6.4766447    -18.0915557    -13.8573502    -17.8635056    -11.9470439    -12.8290353    -18.2316925    -13.8251406    -19.4280038    -10.2949536    -16.0284834    -18.6091150     -8.7994885    -11.7540466    -10.4106978    -12.1464035    -12.5389191     -7.3243772     -9.7368234     -6.2613003     -5.8235411     -6.1955845     -6.2619785     -5.5425359     -8.5633969     -7.3395028     -7.2421287     -6.7316508     -7.0540939     -6.9307195     -7.1674653     -6.7421650     -6.6111499     -6.8072406    -15.1387295    -18.8008684    -12.6541042 
   225.0000000       -9.2001905    -17.9304587    -13.9747672     -6.4838640    -18.1016229    -13.8652605    -17.8754761    -11.9602804    -12.8374214    -18.2454907    -13.8372961    -19.4381707    -10.3045942    -16.0403925    -18.6190709     -8.8084464    -11.7718512    -10.4195494    -12.1638385    -12.5512354     -7.3358119     -9.7458641     -6.2710881     -5.8314114     -6.2033888     -6.2692422     -5.5500821     -8.5750700     -7.3481617     -7.2508881     -6.7396676     -7.0626832     -6.9395453     -7.1767362     -6.7510961     -6.6203675     -6.8163013    -15.1502807    -18.8148700    -12.6659028 
   225.5000000       -9.2109843    -17.9403976    -13.9897908     -6.4910833    -18.1116900    -13.8731708    -17.8874466    -11.9735169    -12.8458075    -18.2582567    -13.8494516    -19.4483376    -10.3142348    -16.0523015    -18.6290269     -8.8174043    -11.7896557    -10.4284011    -12.1812735    -12.5635518     -7.3472467     -9.7549048     -6.2808758     -5.8392817     -6.2111931     -6.2765058     -5.5576284     -8.5867432     -7.3568207     -7.2596475     -6.7476844     -7.0712726     -6.9483710     -7.1860071     -6.7600271     -6.6295851     -6.8253620    -15.1618318    -18.8288716    -12.6777013 
   226.0000000       -9.2217780    -17.9503364    -14.0048143     -6.4983026    -18.1217572    -13.8810811    -17.8994170    -11.9867534    -12.8541935    -18.2710227    -13.8616070    -19.4585045    -10.3238753    -16.0642106    -18.6389828     -8.8263622    -11.8074602    -10.4372527    -12.1987085    -12.5758681     -7.3586814     -9.7639455     -6.2906636     -5.8471520     -6.2189973     -6.2837695     -5.5651746     -8.5984163     -7.3654796     -7.2684069     -6.7557011     -7.0798619     -6.9571967     -7.1952779     -6.7689581     -6.6388027     -6.8344227    -15.1733829    -18.8428731    -12.6894999 
   226.5000000       -9.2325718    -17.9602752    -14.0198378     -6.5055219    -18.1318243    -13.8889914    -17.9113875    -11.9999899    -12.8625796    -18.2837886    -13.8737625    -19.4686714    -10.3335159    -16.0761196    -18.6489387     -8.8353201    -11.8252647    -10.4461044    -12.2161436    -12.5881844     -7.3701162     -9.7729862     -6.3004514     -5.8550223     -6.2268016     -6.2910332     -5.5727209     -8.6100895     -7.3741385     -7.2771663     -6.7635795     -7.0884513     -6.9660224     -7.2045488     -6.7778891     -6.6480202     -6.8434834    -15.1849341    -18.8568747    -12.7012985 
   227.0000000       -9.2433656    -17.9702141    -14.0348613     -6.5127412    -18.1418915    -13.8969016    -17.9233580    -12.0132264    -12.8709657    -18.2965546    -13.8859179    -19.4788383    -10.3431565    -16.0880287    -18.6588947     -8.8442780    -11.8430692    -10.4549560    -12.2335786    -12.6005008     -7.3815509     -9.7820269     -6.3102392     -5.8628926     -6.2346059     -6.2982968     -5.5802671     -8.6217626     -7.3827975     -7.2859256     -6.7711879     -7.0970406     -6.9748481     -7.2138197     -6.7868201     -6.6572378     -6.8525441    -15.1964852    -18.8708763    -12.7130971 
   227.5000000       -9.2541593    -17.9801529    -14.0498848     -6.5199605    -18.1519586    -13.9048119    -17.9353284    -12.0264629    -12.8793518    -18.3093205    -13.8969434    -19.4890052    -10.3527971    -16.0999377    -18.6688506     -8.8532359    -11.8608737    -10.4638077    -12.2510136    -12.6128171     -7.3929857     -9.7910676     -6.3200270     -5.8707629     -6.2424102     -6.3055605     -5.5878134     -8.6334358     -7.3914564     -7.2946850     -6.7787963     -7.1056300     -6.9836738     -7.2230906     -6.7957512     -6.6664554     -6.8616048    -15.2080363    -18.8848779    -12.7218760 
   228.0000000       -9.2647609    -17.9900917    -14.0649084     -6.5271797    -18.1620257    -13.9127222    -17.9472989    -12.0396994    -12.8877379    -18.3220865    -13.9073974    -19.4991721    -10.3624377    -16.1118468    -18.6788066     -8.8621938    -11.8786783    -10.4726593    -12.2684486    -12.6251334     -7.4044204     -9.8001084     -6.3298148     -5.8786333     -6.2502145     -6.3128242     -5.5953596     -8.6451089     -7.4001153     -7.3034444     -6.7864047     -7.1142193     -6.9924995     -7.2323614     -6.8046822     -6.6756730     -6.8706655    -15.2195875    -18.8981828    -12.7304048 
   228.5000000       -9.2748524    -18.0000306    -14.0799319     -6.5343990    -18.1720929    -13.9206325    -17.9592694    -12.0529360    -12.8961240    -18.3348525    -13.9178515    -19.5093390    -10.3720782    -16.1237558    -18.6887625     -8.8711516    -11.8964828    -10.4815110    -12.2858836    -12.6374498     -7.4158552     -9.8091491     -6.3396026     -5.8865036     -6.2580188     -6.3200879     -5.6029059     -8.6567821     -7.4087743     -7.3122038     -6.7940130     -7.1228086     -7.0013252     -7.2416323     -6.8136132     -6.6848905     -6.8797262    -15.2311386    -18.9101853    -12.7389335 
   229.0000000       -9.2849439    -18.0099694    -14.0937633     -6.5416183    -18.1829573    -13.9285428    -17.9712398    -12.0661725    -12.9045101    -18.3476184    -13.9283056    -19.5195059    -10.3817188    -16.1356649    -18.6987185     -8.8801095    -11.9142873    -10.4903626    -12.3033186    -12.6497661     -7.4272899     -9.8181898     -6.3493904     -5.8943739     -6.2658230     -6.3273515     -5.6104522     -8.6684553     -7.4174332     -7.3209632     -6.8016214     -7.1313980     -7.0101510     -7.2509032     -6.8225442     -6.6941081     -6.8887869    -15.2426897    -18.9221877    -12.7474622 
   229.5000000       -9.2950354    -18.0199083    -14.1051727     -6.5488376    -18.1939007    -13.9364531    -17.9832103    -12.0794090    -12.9128961    -18.3603844    -13.9387597    -19.5296728    -10.3913594    -16.1475739    -18.7086744     -8.8890674    -11.9320918    -10.4992143    -12.3207536    -12.6620825     -7.4387247     -9.8272305     -6.3591781     -5.9022442     -6.2736273     -6.3346152     -5.6179984     -8.6801284     -7.4260922     -7.3297226     -6.8092298     -7.1399873     -7.0189767     -7.2601741     -6.8314752     -6.7033257     -6.8978476    -15.2542409    -18.9341902    -12.7559909 
   230.0000000       -9.3051269    -18.0298471    -14.1165821     -6.5560569    -18.2048440    -13.9443634    -17.9951807    -12.0926455    -12.9212822    -18.3731503    -13.9492138    -19.5398397    -10.4010000    -16.1594830    -18.7186304     -8.8980253    -11.9498963    -10.5080659    -12.3381886    -12.6743988     -7.4501595     -9.8362712     -6.3689659     -5.9101145     -6.2814316     -6.3418789     -5.6255447     -8.6918016     -7.4347511     -7.3384820     -6.8168382     -7.1485767     -7.0278024     -7.2694449     -6.8404063     -6.7125432     -6.9069083    -15.2657920    -18.9461926    -12.7645197 
   230.5000000       -9.3152185    -18.0397859    -14.1279916     -6.5632762    -18.2157874    -13.9522737    -18.0071512    -12.1058820    -12.9296683    -18.3859163    -13.9596679    -19.5500066    -10.4106406    -16.1713920    -18.7285863     -8.9069832    -11.9677009    -10.5169176    -12.3556237    -12.6867151     -7.4615942     -9.8453119     -6.3787537     -5.9179848     -6.2892359     -6.3491426     -5.6330909     -8.7034747     -7.4434100     -7.3472414     -6.8244466     -7.1571660     -7.0366281     -7.2787158     -6.8493373     -6.7217608     -6.9159690    -15.2773431    -18.9581951    -12.7730484 
   231.0000000       -9.3253100    -18.0497248    -14.1394010     -6.5704955    -18.2267308    -13.9601839    -18.0191217    -12.1191185    -12.9380544    -18.3986822    -13.9701219    -19.5601735    -10.4202811    -16.1833011    -18.7385422     -8.9159411    -11.9855054    -10.5257692    -12.3730587    -12.6990315     -7.4730290     -9.8543526     -6.3885415     -5.9258551     -6.2970402     -6.3564062     -5.6406372     -8.7151479     -7.4520690     -7.3560007     -6.8320550     -7.1657554     -7.0454538     -7.2879867     -6.8582683     -6.7309784     -6.9250297    -15.2888943    -18.9701976    -12.7815771 
   231.5000000       -9.3354015    -18.0596636    -14.1508104     -6.5777148    -18.2376742    -13.9680942    -18.0310921    -12.1323550    -12.9464405    -18.4114482    -13.9805760    -19.5703404    -10.4299217    -16.1952101    -18.7484982     -8.9248990    -12.0033099    -10.5346208    -12.3887419    -12.7113478     -7.4844637     -9.8633933     -6.3983293     -5.9337254     -6.3048445     -6.3636699     -5.6481834     -8.7268210     -7.4607279     -7.3647601     -6.8396634     -7.1743447     -7.0542795     -7.2972576     -6.8671993     -6.7401960     -6.9340904    -15.3004454    -18.9822000    -12.7901058 
   232.0000000       -9.3454930    -18.0696024    -14.1622198     -6.5849341    -18.2486175    -13.9760045    -18.0430626    -12.1455915    -12.9548266    -18.4242142    -13.9910301    -19.5805073    -10.4395623    -16.2071192    -18.7584541     -8.9338569    -12.0211144    -10.5434725    -12.4039136    -12.7236641     -7.4958985     -9.8724341     -6.4081171     -5.9415957     -6.3126487     -6.3709336     -5.6557297     -8.7384942     -7.4693868     -7.3735195     -6.8472718     -7.1829341     -7.0631052     -7.3065284     -6.8761304     -6.7494135     -6.9431511    -15.3119965    -18.9942025    -12.7986346 
   232.5000000       -9.3555845    -18.0795413    -14.1736292     -6.5921533    -18.2595609    -13.9839148    -18.0550331    -12.1588280    -12.9632127    -18.4369801    -14.0014842    -19.5906742    -10.4492029    -16.2190282    -18.7684101     -8.9428148    -12.0389189    -10.5523241    -12.4190852    -12.7359805     -7.5073332     -9.8814748     -6.4179049     -5.9494660     -6.3204530     -6.3781973     -5.6632760     -8.7501673     -7.4780458     -7.3822789     -6.8548802     -7.1915234     -7.0719309     -7.3157993     -6.8850614     -6.7586311     -6.9522118    -15.3235477    -19.0062049    -12.8071633 
   233.0000000       -9.3656760    -18.0894801    -14.1850386     -6.5993726    -18.2705043    -13.9918251    -18.0670035    -12.1704203    -12.9715987    -18.4497461    -14.0119383    -19.6008411    -10.4588435    -16.2309373    -18.7783660     -8.9506157    -12.0567234    -10.5611758    -12.4342568    -12.7482968     -7.5187680     -9.8905155     -6.4276926     -5.9573363     -6.3281654     -6.3854609     -5.6708222     -8.7618405     -7.4867047     -7.3910383     -6.8624886     -7.2001127     -7.0807567     -7.3250702     -6.8939924     -6.7678487     -6.9612725    -15.3350988    -19.0182074    -12.8156920 
   233.5000000       -9.3757675    -18.0994190    -14.1964481     -6.6065919    -18.2814477    -13.9997354    -18.0789740    -12.1819910    -12.9799848    -18.4625120    -14.0223923    -19.6110080    -10.4684840    -16.2428463    -18.7883220     -8.9583921    -12.0745280    -10.5700274    -12.4494284    -12.7606131     -7.5302027     -9.8995562     -6.4374804     -5.9652066     -6.3353991     -6.3927246     -5.6783685     -8.7735136     -7.4953636     -7.3997977     -6.8700970     -7.2087021     -7.0895824     -7.3343411     -6.9029234     -6.7770662     -6.9703333    -15.3466499    -19.0302098    -12.8242207 
   234.0000000       -9.3858590    -18.1093578    -14.2078575     -6.6138112    -18.2923910    -14.0076457    -18.0909445    -12.1935617    -12.9883709    -18.4752780    -14.0328464    -19.6211749    -10.4781246    -16.2547554    -18.7982779     -8.9661686    -12.0923325    -10.5788791    -12.4646000    -12.7729295     -7.5416375     -9.9085969     -6.4472682     -5.9730770     -6.3426328     -6.3999883     -5.6859147     -8.7851868     -7.5040226     -7.4085571     -6.8777054     -7.2172914     -7.0984081     -7.3436119     -6.9118544     -6.7862838     -6.9793940    -15.3582011    -19.0422123    -12.8327495 
   234.5000000       -9.3959505    -18.1192966    -14.2192669     -6.6210305    -18.3033344    -14.0155560    -18.1029149    -12.2051323    -12.9967570    -18.4880440    -14.0433005    -19.6313418    -10.4877652    -16.2666644    -18.8082339     -8.9739450    -12.1101370    -10.5877307    -12.4797716    -12.7852458     -7.5530722     -9.9176376     -6.4570560     -5.9809473     -6.3498664     -6.4072520     -5.6934610     -8.7968599     -7.5126815     -7.4173164     -6.8853138     -7.2258808     -7.1072338     -7.3528828     -6.9207855     -6.7955014     -6.9884547    -15.3697522    -19.0542147    -12.8412782 
   235.0000000       -9.4060420    -18.1292355    -14.2306763     -6.6282498    -18.3142778    -14.0234662    -18.1148854    -12.2167030    -13.0051431    -18.5008099    -14.0537546    -19.6415087    -10.4974058    -16.2785735    -18.8181898     -8.9817215    -12.1279415    -10.5965824    -12.4949432    -12.7975622     -7.5645070     -9.9266783     -6.4668438     -5.9886056     -6.3571001     -6.4145156     -5.7010072     -8.8085331     -7.5213405     -7.4260758     -6.8929222     -7.2344701     -7.1160595     -7.3621537     -6.9297165     -6.8047190     -6.9975154    -15.3813033    -19.0662172    -12.8498069 
   235.5000000       -9.4161335    -18.1391743    -14.2420857     -6.6354691    -18.3252211    -14.0313765    -18.1268559    -12.2282737    -13.0135292    -18.5135759    -14.0642087    -19.6516756    -10.5070464    -16.2904825    -18.8281458     -8.9894980    -12.1457460    -10.6054340    -12.5101149    -12.8098785     -7.5759417     -9.9357190     -6.4766316     -5.9958839     -6.3643338     -6.4217793     -5.7085535     -8.8202062     -7.5299994     -7.4348352     -6.9005306     -7.2430595     -7.1248852     -7.3714246     -6.9386475     -6.8139365     -7.0065761    -15.3928545    -19.0782196    -12.8583357 
   236.0000000       -9.4262250    -18.1491131    -14.2534951     -6.6426884    -18.3361645    -14.0392868    -18.1388263    -12.2398443    -13.0219153    -18.5263418    -14.0746628    -19.6618425    -10.5166869    -16.3023916    -18.8381017     -8.9972744    -12.1635505    -10.6142857    -12.5252865    -12.8221948     -7.5873765     -9.9447598     -6.4864194     -6.0031622     -6.3715675     -6.4290430     -5.7160997     -8.8318794     -7.5386583     -7.4435946     -6.9081390     -7.2516488     -7.1337109     -7.3806954     -6.9475785     -6.8231541     -7.0156368    -15.4044056    -19.0902221    -12.8668644 
   236.5000000       -9.4363165    -18.1590520    -14.2649046     -6.6499077    -18.3471079    -14.0471971    -18.1507968    -12.2514150    -13.0303014    -18.5391078    -14.0851168    -19.6720094    -10.5263275    -16.3143006    -18.8480576     -9.0050509    -12.1813623    -10.6231373    -12.5404581    -12.8345112     -7.5988112     -9.9538005     -6.4962072     -6.0104404     -6.3788012     -6.4363067     -5.7236460     -8.8435525     -7.5473173     -7.4523540     -6.9157474     -7.2602382     -7.1425366     -7.3899663     -6.9565095     -6.8323717     -7.0246975    -15.4159567    -19.1022246    -12.8753931 
   237.0000000       -9.4464080    -18.1689908    -14.2763140     -6.6571269    -18.3580513    -14.0551074    -18.1627672    -12.2629857    -13.0386874    -18.5518737    -14.0955709    -19.6821763    -10.5359681    -16.3262097    -18.8580136     -9.0128274    -12.1995299    -10.6319890    -12.5556297    -12.8468275     -7.6102460     -9.9628412     -6.5059949     -6.0177187     -6.3860349     -6.4435703     -5.7311923     -8.8552257     -7.5559762     -7.4611134     -6.9233558     -7.2688275     -7.1513624     -7.3992372     -6.9654406     -6.8415893     -7.0337582    -15.4275079    -19.1142270    -12.8839218 
   237.5000000       -9.4564995    -18.1789297    -14.2877234     -6.6643462    -18.3689946    -14.0630177    -18.1747377    -12.2745564    -13.0470735    -18.5646397    -14.1060250    -19.6923432    -10.5456087    -16.3381187    -18.8679695     -9.0206038    -12.2176975    -10.6408406    -12.5708013    -12.8591438     -7.6216807     -9.9718819     -6.5157827     -6.0249970     -6.3932686     -6.4508340     -5.7387385     -8.8668988     -7.5646351     -7.4698728     -6.9309642     -7.2774168     -7.1601881     -7.4085081     -6.9743716     -6.8508068     -7.0428189    -15.4390590    -19.1262295    -12.8924506 
   238.0000000       -9.4665910    -18.1888685    -14.2991328     -6.6715655    -18.3799380    -14.0709280    -18.1867082    -12.2861270    -13.0554596    -18.5774057    -14.1164791    -19.7025101    -10.5552493    -16.3500278    -18.8779255     -9.0283803    -12.2358651    -10.6496923    -12.5859729    -12.8714602     -7.6331155     -9.9809226     -6.5254056     -6.0322753     -6.4005023     -6.4580977     -5.7462848     -8.8785720     -7.5732941     -7.4786321     -6.9385726     -7.2860062     -7.1690138     -7.4177789     -6.9833026     -6.8598799     -7.0513983    -15.4506102    -19.1382319    -12.9009793 
   238.5000000       -9.4766825    -18.1988073    -14.3105422     -6.6787848    -18.3908814    -14.0788383    -18.1986786    -12.2976977    -13.0638457    -18.5901716    -14.1269332    -19.7126770    -10.5648898    -16.3616746    -18.8878814     -9.0361567    -12.2540327    -10.6585439    -12.6011445    -12.8837765     -7.6445502     -9.9899633     -6.5349035     -6.0395535     -6.4077360     -6.4653614     -5.7538310     -8.8902451     -7.5819530     -7.4873915     -6.9461810     -7.2945955     -7.1778395     -7.4269651     -6.9922336     -6.8687664     -7.0598251    -15.4621613    -19.1502344    -12.9095080 
   239.0000000       -9.4867740    -18.2087462    -14.3219517     -6.6860041    -18.4018248    -14.0867485    -18.2106491    -12.3092684    -13.0722318    -18.6029376    -14.1373872    -19.7228438    -10.5745304    -16.3702503    -18.8978374     -9.0439332    -12.2722004    -10.6673956    -12.6163162    -12.8960928     -7.6559850     -9.9990040     -6.5444015     -6.0468318     -6.4149696     -6.4726250     -5.7613773     -8.9019183     -7.5906120     -7.4961509     -6.9537894     -7.3031849     -7.1866652     -7.4354881     -7.0011646     -6.8776530     -7.0682519    -15.4737124    -19.1622368    -12.9180367 
   239.5000000       -9.4968655    -18.2186850    -14.3333611     -6.6932234    -18.4127681    -14.0946588    -18.2226196    -12.3208390    -13.0806179    -18.6157035    -14.1478413    -19.7330107    -10.5841710    -16.3788259    -18.9077933     -9.0517097    -12.2903680    -10.6762472    -12.6314878    -12.9084092     -7.6674197    -10.0080448     -6.5538994     -6.0541101     -6.4222033     -6.4798887     -5.7689235     -8.9135914     -7.5992709     -7.5049103     -6.9613978     -7.3117742     -7.1954909     -7.4440112     -7.0100957     -6.8865396     -7.0766787    -15.4849892    -19.1742393    -12.9265655 
   240.0000000       -9.5069570    -18.2286239    -14.3447705     -6.7004427    -18.4237115    -14.1025691    -18.2345900    -12.3324097    -13.0890040    -18.6284695    -14.1582954    -19.7431776    -10.5938116    -16.3874015    -18.9177493     -9.0594861    -12.3085356    -10.6850989    -12.6466594    -12.9207255     -7.6788545    -10.0170855     -6.5633974     -6.0613883     -6.4294370     -6.4871524     -5.7764698     -8.9252646     -7.6079298     -7.5136697     -6.9690062     -7.3203636     -7.2043166     -7.4525342     -7.0190267     -6.8954261     -7.0851055    -15.4959382    -19.1862417    -12.9350942 
   240.5000000       -9.5170485    -18.2385627    -14.3561799     -6.7076620    -18.4346549    -14.1104794    -18.2465605    -12.3439804    -13.0973900    -18.6412354    -14.1687495    -19.7533445    -10.6034522    -16.3959772    -18.9277052     -9.0672626    -12.3267032    -10.6939505    -12.6618310    -12.9330418     -7.6902892    -10.0261262     -6.5728953     -6.0686666     -6.4366707     -6.4944161     -5.7840161     -8.9369377     -7.6165888     -7.5224291     -6.9766146     -7.3289529     -7.2131424     -7.4610572     -7.0279577     -6.9043127     -7.0935323    -15.5068872    -19.1982442    -12.9436229 
   241.0000000       -9.5271400    -18.2485015    -14.3675893     -6.7148813    -18.4455983    -14.1183897    -18.2585310    -12.3555511    -13.1057761    -18.6540014    -14.1792036    -19.7635114    -10.6130927    -16.4045528    -18.9376611     -9.0750390    -12.3448708    -10.7028021    -12.6770026    -12.9453582     -7.7017240    -10.0351669     -6.5823933     -6.0759449     -6.4439044     -6.5016797     -5.7915623     -8.9486109     -7.6252477     -7.5311885     -6.9842230     -7.3370804     -7.2219681     -7.4695802     -7.0368887     -6.9131992     -7.1019591    -15.5178362    -19.2102466    -12.9521516 
   241.5000000       -9.5372315    -18.2584404    -14.3789987     -6.7221005    -18.4565416    -14.1263000    -18.2705014    -12.3671217    -13.1141622    -18.6667674    -14.1896576    -19.7736783    -10.6227333    -16.4131285    -18.9476171     -9.0828155    -12.3630384    -10.7116538    -12.6921742    -12.9576745     -7.7131587    -10.0442076     -6.5918912     -6.0832232     -6.4511381     -6.5089434     -5.7991086     -8.9602840     -7.6339066     -7.5399478     -6.9918314     -7.3451437     -7.2306996     -7.4781032     -7.0458198     -6.9220858     -7.1103859    -15.5287851    -19.2222491    -12.9606804 
   242.0000000       -9.5473230    -18.2683792    -14.3904082     -6.7293198    -18.4674850    -14.1342103    -18.2824719    -12.3786924    -13.1225483    -18.6795333    -14.2001117    -19.7838452    -10.6323739    -16.4217041    -18.9575730     -9.0905920    -12.3812060    -10.7205086    -12.7073458    -12.9699909     -7.7245935    -10.0532483     -6.6013892     -6.0905014     -6.4583718     -6.5162071     -5.8066548     -8.9719572     -7.6425656     -7.5487072     -6.9994398     -7.3532070     -7.2390618     -7.4866262     -7.0547508     -6.9309723     -7.1188127    -15.5397341    -19.2342516    -12.9692091 
   242.5000000       -9.5574145    -18.2783180    -14.4018176     -6.7365391    -18.4784284    -14.1421206    -18.2944424    -12.3902631    -13.1309344    -18.6922993    -14.2105658    -19.7940121    -10.6420145    -16.4302798    -18.9675290     -9.0983684    -12.3993736    -10.7293640    -12.7225175    -12.9823072     -7.7360282    -10.0622890     -6.6108871     -6.0977797     -6.4656055     -6.5234708     -5.8142011     -8.9836304     -7.6512245     -7.5574666     -7.0070482     -7.3612703     -7.2474240     -7.4951492     -7.0636818     -6.9398589     -7.1272395    -15.5506831    -19.2462540    -12.9777378 
   243.0000000       -9.5675060    -18.2882569    -14.4132270     -6.7437584    -18.4893717    -14.1500308    -18.3064128    -12.4018337    -13.1393205    -18.7050652    -14.2210199    -19.8041790    -10.6516551    -16.4388554    -18.9774849     -9.1061449    -12.4175413    -10.7382194    -12.7376891    -12.9946235     -7.7474630    -10.0713297     -6.6203851     -6.1050580     -6.4728392     -6.5307344     -5.8217473     -8.9953035     -7.6598834     -7.5659761     -7.0146566     -7.3693337     -7.2557862     -7.5036722     -7.0726128     -6.9487455     -7.1356663    -15.5616321    -19.2582565    -12.9862665 
   243.5000000       -9.5775975    -18.2981957    -14.4246364     -6.7509777    -18.5003151    -14.1579411    -18.3183833    -12.4134044    -13.1477066    -18.7178312    -14.2314740    -19.8143459    -10.6612956    -16.4474310    -18.9874409     -9.1139213    -12.4357089    -10.7470748    -12.7528607    -13.0069399     -7.7588977    -10.0803705     -6.6298830     -6.1123362     -6.4800728     -6.5379981     -5.8292936     -9.0069767     -7.6685424     -7.5740570     -7.0222650     -7.3773970     -7.2641485     -7.5121953     -7.0815438     -6.9576320     -7.1440930    -15.5725811    -19.2702589    -12.9947953 
   244.0000000       -9.5876890    -18.3081346    -14.4360458     -6.7579350    -18.5112585    -14.1658514    -18.3303537    -12.4249751    -13.1560926    -18.7305972    -14.2419281    -19.8245128    -10.6709362    -16.4560067    -18.9973968     -9.1216978    -12.4538765    -10.7559302    -12.7680323    -13.0192562     -7.7703325    -10.0894112     -6.6393810     -6.1196145     -6.4873065     -6.5452618     -5.8368398     -9.0186498     -7.6772013     -7.5821378     -7.0298734     -7.3854603     -7.2725107     -7.5207183     -7.0904749     -6.9665186     -7.1525198    -15.5835301    -19.2822614    -13.0033240 
   244.5000000       -9.5977805    -18.3180734    -14.4474552     -6.7648915    -18.5222019    -14.1737617    -18.3423242    -12.4365457    -13.1644787    -18.7433631    -14.2523821    -19.8346797    -10.6805768    -16.4645823    -19.0073528     -9.1294743    -12.4720441    -10.7647856    -12.7832039    -13.0315725     -7.7817672    -10.0984519     -6.6488789     -6.1268928     -6.4945402     -6.5525255     -5.8443861     -9.0303230     -7.6858603     -7.5902187     -7.0374818     -7.3935236     -7.2808729     -7.5292413     -7.0994059     -6.9754051     -7.1609466    -15.5944791    -19.2942638    -13.0118527 
   245.0000000       -9.6078720    -18.3280122    -14.4588647     -6.7718480    -18.5331452    -14.1810781    -18.3542947    -12.4481164    -13.1728648    -18.7561291    -14.2628362    -19.8448466    -10.6902174    -16.4731580    -19.0173035     -9.1372507    -12.4902117    -10.7736410    -12.7983755    -13.0438889     -7.7930151    -10.1074926     -6.6583769     -6.1341711     -6.5017739     -6.5597891     -5.8519324     -9.0419961     -7.6945192     -7.5982996     -7.0450902     -7.4015870     -7.2892351     -7.5377643     -7.1083369     -6.9842917     -7.1693734    -15.6054281    -19.3062663    -13.0203814 
   245.5000000       -9.6179635    -18.3379511    -14.4702741     -6.7788045    -18.5440886    -14.1881601    -18.3697492    -12.4596871    -13.1812509    -18.7688950    -14.2732903    -19.8550135    -10.6998580    -16.4817336    -19.0272474     -9.1450272    -12.5083793    -10.7824964    -12.8135471    -13.0562052     -7.8039413    -10.1165333     -6.6678748     -6.1414493     -6.5090076     -6.5670528     -5.8594786     -9.0532877     -7.7030873     -7.6063804     -7.0526986     -7.4096503     -7.2975973     -7.5462873     -7.1172679     -6.9931783     -7.1778002    -15.6163771    -19.3182687    -13.0289102 
   246.0000000       -9.6280550    -18.3478899    -14.4816835     -6.7857609    -18.5550320    -14.1952421    -18.3854218    -12.4712578    -13.1896370    -18.7816610    -14.2837444    -19.8651804    -10.7094985    -16.4903093    -19.0371914     -9.1528036    -12.5265469    -10.7913518    -12.8287188    -13.0685215     -7.8148676    -10.1255740     -6.6773728     -6.1487276     -6.5162413     -6.5743165     -5.8670249     -9.0640070     -7.7113852     -7.6144613     -7.0603070     -7.4177136     -7.3059596     -7.5548103     -7.1261989     -7.0020648     -7.1862270    -15.6273261    -19.3302712    -13.0374389 
   246.5000000       -9.6381465    -18.3578287    -14.4930929     -6.7927174    -18.5659754    -14.2023242    -18.4010944    -12.4828284    -13.1980231    -18.7944269    -14.2941985    -19.8753473    -10.7191391    -16.4988849    -19.0471353     -9.1605801    -12.5447145    -10.8002072    -12.8438904    -13.0808379     -7.8257938    -10.1346147     -6.6868707     -6.1560059     -6.5234750     -6.5815802     -5.8745711     -9.0747263     -7.7196831     -7.6225422     -7.0679154     -7.4257769     -7.3143218     -7.5633333     -7.1351300     -7.0109514     -7.1946538    -15.6382751    -19.3422736    -13.0459676 
   247.0000000       -9.6482380    -18.3677676    -14.5045023     -6.7996739    -18.5769187    -14.2094062    -18.4167671    -12.4943991    -13.2064092    -18.8071929    -14.3046525    -19.8855142    -10.7287797    -16.5074605    -19.0570792     -9.1683566    -12.5628821    -10.8090626    -12.8590620    -13.0931542     -7.8367200    -10.1436554     -6.6963687     -6.1632841     -6.5307087     -6.5888438     -5.8821174     -9.0854456     -7.7279810     -7.6306230     -7.0755238     -7.4338403     -7.3226840     -7.5718564     -7.1440610     -7.0198379     -7.2030806    -15.6492241    -19.3542761    -13.0544964 
   247.5000000       -9.6583296    -18.3777064    -14.5159117     -6.8066304    -18.5878621    -14.2164882    -18.4324397    -12.5059698    -13.2143508    -18.8199589    -14.3151066    -19.8956811    -10.7384203    -16.5160362    -19.0670231     -9.1761330    -12.5810498    -10.8179180    -12.8742336    -13.1054706     -7.8476463    -10.1526962     -6.7058666     -6.1705624     -6.5379424     -6.5961075     -5.8896636     -9.0961649     -7.7362789     -7.6387039     -7.0831322     -7.4419036     -7.3310462     -7.5803794     -7.1529920     -7.0287245     -7.2115074    -15.6601731    -19.3662786    -13.0630251 
   248.0000000       -9.6684211    -18.3876453    -14.5273212     -6.8135869    -18.5988055    -14.2235702    -18.4481124    -12.5175404    -13.2214037    -18.8327248    -14.3255607    -19.9058480    -10.7480609    -16.5246118    -19.0769671     -9.1839095    -12.5992174    -10.8267734    -12.8894052    -13.1177869     -7.8585725    -10.1617369     -6.7153646     -6.1778407     -6.5451760     -6.6033712     -5.8972099     -9.1068842     -7.7445768     -7.6467847     -7.0907406     -7.4499669     -7.3394085     -7.5889024     -7.1619230     -7.0376110     -7.2199342    -15.6711221    -19.3782810    -13.0715538 
   248.5000000       -9.6785126    -18.3975841    -14.5387306     -6.8205434    -18.6097488    -14.2306522    -18.4637850    -12.5291111    -13.2284566    -18.8454908    -14.3360148    -19.9160149    -10.7577014    -16.5331875    -19.0869110     -9.1916859    -12.6173850    -10.8356288    -12.9045768    -13.1301032     -7.8694987    -10.1707776     -6.7248625     -6.1851190     -6.5524097     -6.6106349     -5.9047562     -9.1176035     -7.7528747     -7.6548656     -7.0983490     -7.4580302     -7.3477707     -7.5974254     -7.1708541     -7.0464976     -7.2283610    -15.6820711    -19.3902835    -13.0800825 
   249.0000000       -9.6886041    -18.4075229    -14.5501400     -6.8274998    -18.6206922    -14.2377342    -18.4794576    -12.5406818    -13.2355094    -18.8582199    -14.3464689    -19.9261818    -10.7673303    -16.5417631    -19.0968549     -9.1994624    -12.6355526    -10.8444842    -12.9197484    -13.1424196     -7.8804250    -10.1798183     -6.7343605     -6.1923972     -6.5596434     -6.6173750     -5.9123024     -9.1283228     -7.7611726     -7.6629465     -7.1059574     -7.4660936     -7.3561329     -7.6059484     -7.1797851     -7.0553842     -7.2367878    -15.6930201    -19.4022859    -13.0886113 
   249.5000000       -9.6986956    -18.4174618    -14.5615494     -6.8344563    -18.6316356    -14.2448163    -18.4951303    -12.5522525    -13.2425623    -18.8691518    -14.3569230    -19.9369686    -10.7766412    -16.5503388    -19.1067988     -9.2072389    -12.6537202    -10.8533396    -12.9349201    -13.1547359     -7.8913512    -10.1888590     -6.7438584     -6.1996755     -6.5668771     -6.6240874     -5.9198487     -9.1390421     -7.7694705     -7.6710273     -7.1135658     -7.4741569     -7.3644951     -7.6144714     -7.1881878     -7.0642707     -7.2452146    -15.7039690    -19.4142884    -13.0971400 
   250.0000000       -9.7087871    -18.4274006    -14.5729588     -6.8414128    -18.6425790    -14.2518983    -18.5108029    -12.5638231    -13.2496151    -18.8800837    -14.3673770    -19.9481282    -10.7859520    -16.5589144    -19.1167428     -9.2150153    -12.6718878    -10.8621950    -12.9500917    -13.1670522     -7.9022775    -10.1973005     -6.7533564     -6.2069538     -6.5741108     -6.6307998     -5.9273949     -9.1497614     -7.7777684     -7.6791082     -7.1211742     -7.4822202     -7.3728573     -7.6229944     -7.1965774     -7.0731573     -7.2536414    -15.7149180    -19.4262908    -13.1056687 
   250.5000000       -9.7188786    -18.4373394    -14.5843683     -6.8483693    -18.6535223    -14.2589803    -18.5264755    -12.5753938    -13.2566680    -18.8910156    -14.3778311    -19.9592877    -10.7952629    -16.5674900    -19.1266867     -9.2227918    -12.6900554    -10.8710504    -12.9652633    -13.1793686     -7.9132037    -10.2054230     -6.7628544     -6.2142320     -6.5813445     -6.6375123     -5.9349412     -9.1604807     -7.7860663     -7.6871891     -7.1287826     -7.4902836     -7.3812196     -7.6315174     -7.2049671     -7.0820438     -7.2620682    -15.7258670    -19.4382933    -13.1141974 
   251.0000000       -9.7289701    -18.4472783    -14.5957777     -6.8553258    -18.6644657    -14.2660623    -18.5421482    -12.5869645    -13.2637208    -18.9019475    -14.3882852    -19.9704473    -10.8045737    -16.5760657    -19.1366306     -9.2305682    -12.7082230    -10.8799058    -12.9777385    -13.1916849     -7.9241299    -10.2135456     -6.7723523     -6.2215103     -6.5885782     -6.6442247     -5.9424874     -9.1712000     -7.7943642     -7.6952699     -7.1363910     -7.4983469     -7.3895818     -7.6400405     -7.2133567     -7.0909304     -7.2704950    -15.7368160    -19.4502957    -13.1227262 
   251.5000000       -9.7390616    -18.4572171    -14.6071871     -6.8622823    -18.6754091    -14.2731443    -18.5578208    -12.5985351    -13.2707737    -18.9128795    -14.3987393    -19.9816069    -10.8138846    -16.5846413    -19.1465746     -9.2383447    -12.7263907    -10.8887612    -12.9898652    -13.2017644     -7.9350562    -10.2216681     -6.7818503     -6.2287886     -6.5958119     -6.6509371     -5.9500337     -9.1819193     -7.8026620     -7.7033508     -7.1439994     -7.5064102     -7.3979440     -7.6485635     -7.2217464     -7.0998170     -7.2789218    -15.7477650    -19.4622982    -13.1312549 
   252.0000000       -9.7491531    -18.4667537    -14.6185965     -6.8692387    -18.6863525    -14.2802264    -18.5734935    -12.6101058    -13.2778266    -18.9238114    -14.4091934    -19.9927665    -10.8231954    -16.5932170    -19.1565185     -9.2461212    -12.7445583    -10.8976166    -13.0019919    -13.2094900     -7.9459824    -10.2297906     -6.7913482     -6.2360669     -6.6030456     -6.6576495     -5.9575799     -9.1926386     -7.8109599     -7.7114317     -7.1516078     -7.5144735     -7.4063062     -7.6570865     -7.2301360     -7.1087035     -7.2873486    -15.7587140    -19.4743007    -13.1397836 
   252.5000000       -9.7592446    -18.4761338    -14.6300059     -6.8761952    -18.6972958    -14.2873084    -18.5891661    -12.6216765    -13.2848794    -18.9347433    -14.4196474    -20.0039261    -10.8325063    -16.6017926    -19.1664624     -9.2538976    -12.7627259    -10.9064720    -13.0141186    -13.2172156     -7.9569086    -10.2379131     -6.8008462     -6.2433451     -6.6102792     -6.6643620     -5.9651262     -9.2033579     -7.8192578     -7.7195125     -7.1592162     -7.5225369     -7.4146685     -7.6656095     -7.2385257     -7.1175901     -7.2957754    -15.7696630    -19.4863031    -13.1483123 
   253.0000000       -9.7693361    -18.4855139    -14.6414153     -6.8831517    -18.7082392    -14.2943904    -18.6048387    -12.6332472    -13.2919323    -18.9456752    -14.4301015    -20.0150857    -10.8418171    -16.6103683    -19.1764063     -9.2616741    -12.7808935    -10.9153274    -13.0262453    -13.2249412     -7.9678349    -10.2460356     -6.8103441     -6.2506234     -6.6175129     -6.6710744     -5.9726725     -9.2140772     -7.8275557     -7.7275934     -7.1668246     -7.5306002     -7.4230307     -7.6741325     -7.2469153     -7.1264766     -7.3042022    -15.7806120    -19.4983056    -13.1568411 
   253.5000000       -9.7794276    -18.4948940    -14.6528248     -6.8901082    -18.7189545    -14.3014724    -18.6205114    -12.6448178    -13.2989851    -18.9566072    -14.4405556    -20.0262453    -10.8511279    -16.6189439    -19.1863503     -9.2694505    -12.7990611    -10.9241828    -13.0383720    -13.2326668     -7.9787611    -10.2541581     -6.8198421     -6.2579017     -6.6247466     -6.6777868     -5.9802187     -9.2247965     -7.8358536     -7.7356742     -7.1744330     -7.5386635     -7.4313929     -7.6826555     -7.2553050     -7.1353632     -7.3126290    -15.7915610    -19.5103080    -13.1653698 
   254.0000000       -9.7895191    -18.5042741    -14.6642342     -6.8970647    -18.7277875    -14.3085544    -18.6361840    -12.6563885    -13.3060380    -18.9675391    -14.4497042    -20.0374049    -10.8604388    -16.6275196    -19.1962942     -9.2772270    -12.8172287    -10.9330382    -13.0504987    -13.2403924     -7.9896873    -10.2622806     -6.8293400     -6.2651799     -6.6319803     -6.6844992     -5.9877650     -9.2355158     -7.8441515     -7.7437551     -7.1820414     -7.5467268     -7.4397551     -7.6911785     -7.2636946     -7.1442498     -7.3210558    -15.8025100    -19.5223105    -13.1738985 
   254.5000000       -9.7996106    -18.5136542    -14.6756436     -6.9040212    -18.7366204    -14.3156365    -18.6518567    -12.6679592    -13.3130909    -18.9784710    -14.4584544    -20.0485644    -10.8697496    -16.6360952    -19.2062381     -9.2850035    -12.8353963    -10.9418936    -13.0626254    -13.2481180     -8.0006136    -10.2704032     -6.8388380     -6.2724582     -6.6392140     -6.6912117     -5.9953112     -9.2462351     -7.8524494     -7.7518360     -7.1896498     -7.5547902     -7.4481173     -7.6997015     -7.2720843     -7.1531363     -7.3294826    -15.8134590    -19.5343129    -13.1824272 
   255.0000000       -9.8097021    -18.5230343    -14.6870530     -6.9109776    -18.7454534    -14.3227185    -18.6675293    -12.6795298    -13.3201437    -18.9894029    -14.4672046    -20.0597240    -10.8790605    -16.6446708    -19.2161820     -9.2927799    -12.8535639    -10.9507490    -13.0747521    -13.2558436     -8.0115398    -10.2785257     -6.8483359     -6.2797365     -6.6464477     -6.6979241     -6.0028575     -9.2569544     -7.8607473     -7.7599168     -7.1972582     -7.5628535     -7.4564796     -7.7082246     -7.2804739     -7.1620229     -7.3379094    -15.8244080    -19.5479743    -13.1909560 
   255.5000000       -9.8197936    -18.5324144    -14.6984624     -6.9179341    -18.7542863    -14.3298005    -18.6832019    -12.6911005    -13.3271966    -19.0003348    -14.4759548    -20.0708836    -10.8883713    -16.6532465    -19.2261260     -9.3005564    -12.8717315    -10.9596044    -13.0868788    -13.2635692     -8.0224661    -10.2866482     -6.8578339     -6.2870148     -6.6536814     -6.7046365     -6.0101679     -9.2676737     -7.8690452     -7.7679977     -7.2048666     -7.5709168     -7.4648418     -7.7167476     -7.2888636     -7.1709094     -7.3463362    -15.8353570    -19.5645908    -13.1994847 
   256.0000000       -9.8298851    -18.5417945    -14.7082082     -6.9248906    -18.7631193    -14.3368825    -18.6988746    -12.7026712    -13.3342494    -19.0112668    -14.4847049    -20.0820432    -10.8976822    -16.6618221    -19.2360699     -9.3083329    -12.8898992    -10.9684598    -13.0990055    -13.2712948     -8.0333923    -10.2947707     -6.8673318     -6.2942930     -6.6609151     -6.7113489     -6.0171912     -9.2783930     -7.8773431     -7.7760786     -7.2124750     -7.5789801     -7.4732040     -7.7252706     -7.2972532     -7.1797960     -7.3547630    -15.8463060    -19.5812072    -13.2080134 
   256.5000000       -9.8396755    -18.5511746    -14.7176948     -6.9318471    -18.7719522    -14.3439645    -18.7145472    -12.7142419    -13.3413023    -19.0221987    -14.4934551    -20.0932028    -10.9069930    -16.6703978    -19.2460138     -9.3161093    -12.9080668    -10.9773151    -13.1111322    -13.2790204     -8.0443185    -10.3028932     -6.8768298     -6.3015713     -6.6681488     -6.7180614     -6.0242145     -9.2891123     -7.8856410     -7.7841594     -7.2200834     -7.5870435     -7.4815662     -7.7337936     -7.3056429     -7.1886825     -7.3631898    -15.8572550    -19.5978237    -13.2165421 
   257.0000000       -9.8494286    -18.5605546    -14.7271814     -6.9388036    -18.7807852    -14.3510466    -18.7302198    -12.7258125    -13.3483551    -19.0331306    -14.5022053    -20.1043624    -10.9163039    -16.6789734    -19.2559577     -9.3238858    -12.9262344    -10.9861705    -13.1232589    -13.2867460     -8.0552448    -10.3110157     -6.8863277     -6.3088496     -6.6753824     -6.7247738     -6.0312378     -9.2998316     -7.8939389     -7.7922403     -7.2276084     -7.5951068     -7.4899284     -7.7423166     -7.3140325     -7.1975691     -7.3716166    -15.8682039    -19.6144401    -13.2250709 
   257.5000000       -9.8591816    -18.5699347    -14.7366681     -6.9457601    -18.7896181    -14.3581286    -18.7458925    -12.7373832    -13.3554080    -19.0440625    -14.5109555    -20.1155220    -10.9256147    -16.6875491    -19.2659017     -9.3316622    -12.9444020    -10.9950259    -13.1353856    -13.2944716     -8.0661710    -10.3191383     -6.8958257     -6.3161278     -6.6826161     -6.7314862     -6.0382611     -9.3105509     -7.9022368     -7.8003212     -7.2348417     -7.6031701     -7.4982907     -7.7508396     -7.3224222     -7.2064557     -7.3800434    -15.8791529    -19.6310566    -13.2335996 
   258.0000000       -9.8689346    -18.5793148    -14.7461547     -6.9527165    -18.7984511    -14.3652106    -18.7615651    -12.7489539    -13.3624609    -19.0549945    -14.5197057    -20.1266816    -10.9349256    -16.6961247    -19.2758456     -9.3394387    -12.9625696    -11.0038813    -13.1475122    -13.3021972     -8.0770972    -10.3272608     -6.9053236     -6.3234061     -6.6898498     -6.7381986     -6.0452845     -9.3212702     -7.9105347     -7.8084020     -7.2420751     -7.6112334     -7.5066529     -7.7593626     -7.3308118     -7.2153422     -7.3884702    -15.8901019    -19.6476730    -13.2421283 
   258.5000000       -9.8786877    -18.5886949    -14.7556413     -6.9596730    -18.8072840    -14.3722926    -18.7772378    -12.7605245    -13.3695137    -19.0659264    -14.5284559    -20.1378411    -10.9442364    -16.7047003    -19.2857895     -9.3472152    -12.9807372    -11.0127367    -13.1596389    -13.3099228     -8.0880235    -10.3353833     -6.9148216     -6.3306844     -6.6970835     -6.7449111     -6.0523078     -9.3319895     -7.9188326     -7.8164829     -7.2493085     -7.6192968     -7.5150151     -7.7678856     -7.3392015     -7.2242288     -7.3968969    -15.9010509    -19.6642895    -13.2506571 
   259.0000000       -9.8884407    -18.5980750    -14.7651280     -6.9666295    -18.8161169    -14.3793746    -18.7929104    -12.7720952    -13.3765666    -19.0768583    -14.5372060    -20.1490007    -10.9535473    -16.7132760    -19.2957335     -9.3549916    -12.9989048    -11.0215921    -13.1717656    -13.3176484     -8.0989497    -10.3435058     -6.9243195     -6.3379627     -6.7043172     -6.7516235     -6.0593311     -9.3427088     -7.9271305     -7.8245637     -7.2565418     -7.6273601     -7.5233773     -7.7764087     -7.3475911     -7.2331153     -7.4053237    -15.9119999    -19.6809060    -13.2591859 
   259.5000000       -9.8981937    -18.6074551    -14.7746146     -6.9735860    -18.8249499    -14.3864567    -18.8085830    -12.7836659    -13.3836194    -19.0877902    -14.5459562    -20.1601603    -10.9628581    -16.7218516    -19.3056774     -9.3627681    -13.0170724    -11.0304475    -13.1838923    -13.3253740     -8.1098759    -10.3516283     -6.9338175     -6.3452409     -6.7115509     -6.7583359     -6.0663544     -9.3534281     -7.9354284     -7.8326446     -7.2637752     -7.6354234     -7.5317396     -7.7849317     -7.3559807     -7.2420019     -7.4137505    -15.9229489    -19.6975224    -13.2677202 
   260.0000000       -9.9079467    -18.6168352    -14.7841012     -6.9805425    -18.8337828    -14.3935387    -18.8242557    -12.7944275    -13.3906723    -19.0987222    -14.5547064    -20.1713199    -10.9721690    -16.7304273    -19.3156213     -9.3705445    -13.0352400    -11.0393029    -13.1960190    -13.3330996     -8.1208022    -10.3597508     -6.9433154     -6.3525192     -6.7187846     -6.7650483     -6.0733777     -9.3641474     -7.9437263     -7.8407255     -7.2710086     -7.6434867     -7.5401018     -7.7934547     -7.3643704     -7.2508885     -7.4221773    -15.9338979    -19.7141389    -13.2762545 
   260.5000000       -9.9176998    -18.6262153    -14.7935879     -6.9874990    -18.8426158    -14.4006207    -18.8399283    -12.8042104    -13.3977251    -19.1096541    -14.5634566    -20.1824795    -10.9814798    -16.7390029    -19.3255652     -9.3783210    -13.0534077    -11.0481583    -13.2081457    -13.3408252     -8.1317284    -10.3678733     -6.9528134     -6.3597975     -6.7260183     -6.7717607     -6.0804011     -9.3748667     -7.9520242     -7.8488063     -7.2782419     -7.6515501     -7.5484640     -7.8019777     -7.3727600     -7.2597750     -7.4306041    -15.9448469    -19.7307553    -13.2847889 
   261.0000000       -9.9274528    -18.6355954    -14.8030745     -6.9944555    -18.8514487    -14.4077027    -18.8556009    -12.8139933    -13.4047780    -19.1205860    -14.5722068    -20.1936391    -10.9907907    -16.7475786    -19.3355092     -9.3860975    -13.0715753    -11.0570137    -13.2202724    -13.3485508     -8.1426546    -10.3759959     -6.9623113     -6.3670757     -6.7332520     -6.7784732     -6.0874244     -9.3855860     -7.9603220     -7.8568872     -7.2854753     -7.6596134     -7.5568262     -7.8105007     -7.3811497     -7.2686616     -7.4390309    -15.9557959    -19.7473718    -13.2933232 
   261.5000000       -9.9372058    -18.6449755    -14.8125611     -7.0014119    -18.8602817    -14.4147847    -18.8712736    -12.8237762    -13.4118309    -19.1315179    -14.5809570    -20.2047987    -11.0001015    -16.7561542    -19.3454531     -9.3938739    -13.0897429    -11.0658691    -13.2323991    -13.3562764     -8.1535809    -10.3841184     -6.9718093     -6.3743540     -6.7404856     -6.7851856     -6.0944477     -9.3963053     -7.9686199     -7.8649681     -7.2927087     -7.6676767     -7.5651884     -7.8190237     -7.3895393     -7.2775481     -7.4474577    -15.9667449    -19.7639883    -13.3018575 
   262.0000000       -9.9469589    -18.6543556    -14.8220478     -7.0083684    -18.8691146    -14.4218668    -18.8869462    -12.8335592    -13.4188837    -19.1424498    -14.5897071    -20.2159583    -11.0094124    -16.7647298    -19.3553970     -9.4007229    -13.1079105    -11.0747245    -13.2445258    -13.3640020     -8.1645071    -10.3922409     -6.9813072     -6.3816323     -6.7477193     -6.7918980     -6.1014710     -9.4070246     -7.9769178     -7.8730489     -7.2999420     -7.6757400     -7.5735507     -7.8275467     -7.3979290     -7.2864347     -7.4558845    -15.9776939    -19.7806047    -13.3103918 
   262.5000000       -9.9567119    -18.6637357    -14.8315344     -7.0153249    -18.8779476    -14.4289488    -18.9026189    -12.8433421    -13.4259366    -19.1533818    -14.5984573    -20.2271178    -11.0187232    -16.7733055    -19.3653409     -9.4075567    -13.1260781    -11.0835799    -13.2566525    -13.3717276     -8.1754334    -10.4003634     -6.9908052     -6.3889106     -6.7549530     -6.7986104     -6.1084943     -9.4177439     -7.9852157     -7.8811298     -7.3071754     -7.6838034     -7.5819129     -7.8360697     -7.4063186     -7.2953212     -7.4643113    -15.9886429    -19.7972212    -13.3189261 
   263.0000000       -9.9664649    -18.6731158    -14.8410210     -7.0222814    -18.8867805    -14.4360308    -18.9182915    -12.8531250    -13.4329894    -19.1643137    -14.6072075    -20.2382774    -11.0280341    -16.7818811    -19.3752849     -9.4143904    -13.1442457    -11.0924353    -13.2687792    -13.3794532     -8.1863596    -10.4084859     -7.0003031     -6.3961888     -6.7621867     -6.8053229     -6.1155177     -9.4284632     -7.9935136     -7.8892106     -7.3144088     -7.6918667     -7.5902751     -7.8445928     -7.4147083     -7.3042078     -7.4727381    -15.9995919    -19.8138376    -13.3274604 
   263.5000000       -9.9762180    -18.6824959    -14.8505077     -7.0292379    -18.8956135    -14.4431128    -18.9339641    -12.8629079    -13.4400423    -19.1752456    -14.6159577    -20.2494370    -11.0373449    -16.7904568    -19.3852288     -9.4212242    -13.1624133    -11.1012907    -13.2809059    -13.3871788     -8.1972858    -10.4166084     -7.0098011     -6.4034671     -6.7690058     -6.8120353     -6.1225410     -9.4391825     -8.0018115     -7.8972915     -7.3216421     -7.6999300     -7.5986373     -7.8531158     -7.4230979     -7.3130944     -7.4811649    -16.0105409    -19.8304541    -13.3359948 
   264.0000000       -9.9859710    -18.6918760    -14.8599943     -7.0361944    -18.9044464    -14.4501948    -18.9496368    -12.8726909    -13.4470951    -19.1861775    -14.6247079    -20.2605966    -11.0466558    -16.7990324    -19.3951727     -9.4280579    -13.1805809    -11.1101461    -13.2930326    -13.3949044     -8.2082121    -10.4247309     -7.0192991     -6.4107454     -6.7756862     -6.8187477     -6.1295643     -9.4499018     -8.0101094     -7.9053724     -7.3288755     -7.7079933     -7.6069996     -7.8616388     -7.4314876     -7.3219809     -7.4895917    -16.0214899    -19.8470705    -13.3445291 
   264.5000000       -9.9957240    -18.7012561    -14.8694809     -7.0431508    -18.9132794    -14.4572768    -18.9653094    -12.8824738    -13.4541480    -19.1971095    -14.6334581    -20.2717562    -11.0559666    -16.8076081    -19.4051167     -9.4348917    -13.1987486    -11.1190015    -13.3051593    -13.4026300     -8.2191383    -10.4328535     -7.0287970     -6.4180236     -6.7823666     -6.8254601     -6.1365876     -9.4606211     -8.0184073     -7.9134532     -7.3361088     -7.7160567     -7.6153618     -7.8701618     -7.4398772     -7.3308675     -7.4980185    -16.0324388    -19.8636870    -13.3530634 
   265.0000000      -10.0054771    -18.7106362    -14.8789676     -7.0501073    -18.9221123    -14.4643589    -18.9807191    -12.8922567    -13.4612009    -19.2080414    -14.6422082    -20.2829158    -11.0652775    -16.8161837    -19.4150606     -9.4417254    -13.2169162    -11.1278569    -13.3172860    -13.4103556     -8.2300645    -10.4409760     -7.0382950     -6.4253019     -6.7890470     -6.8321726     -6.1436109     -9.4713404     -8.0267052     -7.9215341     -7.3433422     -7.7241200     -7.6237240     -7.8786848     -7.4482669     -7.3397540     -7.5064453    -16.0433878    -19.8803035    -13.3615977 
   265.5000000      -10.0152301    -18.7200163    -14.8884542     -7.0570638    -18.9309453    -14.4714409    -18.9950101    -12.9020396    -13.4682537    -19.2189733    -14.6509584    -20.2940754    -11.0745883    -16.8247593    -19.4250045     -9.4485592    -13.2350838    -11.1367123    -13.3294127    -13.4180812     -8.2409908    -10.4490985     -7.0477929     -6.4325802     -6.7957274     -6.8388850     -6.1506343     -9.4820596     -8.0350031     -7.9296150     -7.3505756     -7.7321833     -7.6320862     -7.8872078     -7.4566565     -7.3485122     -7.5148721    -16.0543368    -19.8969199    -13.3701320 
   266.0000000      -10.0249831    -18.7293964    -14.8979408     -7.0640203    -18.9397782    -14.4785229    -19.0093010    -12.9118226    -13.4753066    -19.2299052    -14.6597086    -20.3052350    -11.0838991    -16.8333350    -19.4349484     -9.4553929    -13.2532514    -11.1455677    -13.3415394    -13.4258069     -8.2519170    -10.4572210     -7.0572909     -6.4398585     -6.8024078     -6.8455974     -6.1576576     -9.4927789     -8.0433010     -7.9376958     -7.3578089     -7.7402466     -7.6404484     -7.8957308     -7.4650462     -7.3569666     -7.5232989    -16.0652858    -19.9135364    -13.3786664 
   266.5000000      -10.0347362    -18.7387765    -14.9074275     -7.0709768    -18.9486112    -14.4856049    -19.0235919    -12.9216055    -13.4823594    -19.2408371    -14.6684588    -20.3163945    -11.0932100    -16.8419106    -19.4448924     -9.4622267    -13.2714190    -11.1544231    -13.3536660    -13.4335325     -8.2628432    -10.4653435     -7.0667888     -6.4471367     -6.8090882     -6.8523098     -6.1646809     -9.5034982     -8.0515989     -7.9457767     -7.3650423     -7.7483100     -7.6488107     -7.9042539     -7.4734358     -7.3654209     -7.5317257    -16.0762348    -19.9301528    -13.3872007 
   267.0000000      -10.0444892    -18.7481566    -14.9169141     -7.0779333    -18.9574441    -14.4926869    -19.0378828    -12.9313884    -13.4894123    -19.2517691    -14.6772090    -20.3275541    -11.1025208    -16.8504863    -19.4548363     -9.4690604    -13.2895866    -11.1632785    -13.3657927    -13.4412581     -8.2737695    -10.4734660     -7.0762868     -6.4544150     -6.8157686     -6.8590223     -6.1717042     -9.5142175     -8.0598968     -7.9538576     -7.3722757     -7.7563733     -7.6571729     -7.9127769     -7.4818255     -7.3738753     -7.5401525    -16.0871838    -19.9467693    -13.3957350 
   267.0000000      -10.0444892    -18.7481566    -14.9169141     -7.0779333    -18.9574441    -14.4926869    -19.0378828    -12.9313884    -13.4894123    -19.2517691    -14.6772090    -20.3275541    -11.1025208    -16.8504863    -19.4548363     -9.4690604    -13.2895866    -11.1632785    -13.3657927    -13.4412581     -8.2737695    -10.4734660     -7.0762868     -6.4544150     -6.8157686     -6.8590223     -6.1717042     -9.5142175     -8.0598968     -7.9538576     -7.3722757     -7.7563733     -7.6571729     -7.9127769     -7.4818255     -7.3738753     -7.5401525    -16.0871838    -19.9467693    -13.3957350 
   267.5000000      -10.0542422    -18.7575367    -14.9264007     -7.0848897    -18.9662771    -14.4997690    -19.0521738    -12.9411713    -13.4964651    -19.2627010    -14.6859592    -20.3387137    -11.1118317    -16.8590619    -19.4647802     -9.4758942    -13.3077542    -11.1721339    -13.3779194    -13.4489837     -8.2846957    -10.4815886     -7.0839455     -6.4616933     -6.8224490     -6.8657347     -6.1787275     -9.5249368     -8.0681947     -7.9619384     -7.3795090     -7.7644366     -7.6655351     -7.9212999     -7.4902151     -7.3823297     -7.5478242    -16.0981328    -19.9633857    -13.4042693 
   268.0000000      -10.0639953    -18.7669168    -14.9358874     -7.0918462    -18.9751100    -14.5068510    -19.0664647    -12.9509543    -13.5035180    -19.2736329    -14.6947093    -20.3498733    -11.1211425    -16.8676376    -19.4747241     -9.4827279    -13.3259218    -11.1809893    -13.3900461    -13.4567093     -8.2956219    -10.4897111     -7.0897925     -6.4689715     -6.8291294     -6.8724471     -6.1857508     -9.5356561     -8.0764926     -7.9700193     -7.3867424     -7.7724999     -7.6738973     -7.9298229     -7.4986048     -7.3907841     -7.5554116    -16.1090818    -19.9800022    -13.4128036 
   268.5000000      -10.0737483    -18.7762969    -14.9453740     -7.0988027    -18.9839430    -14.5139330    -19.0807556    -12.9607372    -13.5105709    -19.2845648    -14.7034595    -20.3610329    -11.1304534    -16.8762132    -19.4846681     -9.4895617    -13.3440894    -11.1898447    -13.4021728    -13.4644349     -8.3065482    -10.4978336     -7.0956395     -6.4762498     -6.8358098     -6.8791595     -6.1927742     -9.5463754     -8.0847905     -7.9781001     -7.3939758     -7.7805633     -7.6822595     -7.9383459     -7.5069944     -7.3992385     -7.5629989    -16.1200308    -19.9966187    -13.4213379 
   269.0000000      -10.0835013    -18.7856770    -14.9548606     -7.1057592    -18.9927759    -14.5210150    -19.0950466    -12.9705201    -13.5176237    -19.2954968    -14.7122097    -20.3721925    -11.1397642    -16.8847889    -19.4946120     -9.4963954    -13.3622571    -11.1987001    -13.4142995    -13.4721605     -8.3174744    -10.5059561     -7.1014865     -6.4835281     -6.8424902     -6.8858720     -6.1997975     -9.5570947     -8.0930884     -7.9861810     -7.4012091     -7.7886266     -7.6906218     -7.9468689     -7.5153841     -7.4076928     -7.5705862    -16.1309798    -20.0132351    -13.4298723 
   269.5000000      -10.0932544    -18.7950571    -14.9643473     -7.1127157    -19.0016089    -14.5280970    -19.1093375    -12.9803030    -13.5246766    -19.3064287    -14.7209599    -20.3833521    -11.1490751    -16.8933645    -19.5045559     -9.5032292    -13.3804247    -11.2075555    -13.4264262    -13.4798861     -8.3284007    -10.5140786     -7.1073335     -6.4908064     -6.8491705     -6.8925844     -6.2068208     -9.5678140     -8.1013863     -7.9942619     -7.4084425     -7.7966899     -7.6989840     -7.9553919     -7.5237737     -7.4161472     -7.5781735    -16.1419288    -20.0298516    -13.4384066 
   270.0000000      -10.1030074    -18.8044372    -14.9738339     -7.1196722    -19.0104418    -14.5351791    -19.1236284    -12.9900860    -13.5317294    -19.3173606    -14.7297101    -20.3945117    -11.1583859    -16.9019401    -19.5144998     -9.5100629    -13.3985923    -11.2164109    -13.4385529    -13.4876117     -8.3393269    -10.5222011     -7.1131805     -6.4980876     -6.8558509     -6.8992968     -6.2138441     -9.5785333     -8.1096842     -8.0023427     -7.4156759     -7.8047533     -7.7073462     -7.9631483     -7.5321634     -7.4246016     -7.5857608    -16.1556024    -20.0464680    -13.4469409 
   270.5000000      -10.1127604    -18.8138173    -14.9833205     -7.1266286    -19.0192748    -14.5422611    -19.1379193    -12.9998689    -13.5387823    -19.3282925    -14.7384603    -20.4056712    -11.1676968    -16.9105158    -19.5244438     -9.5168967    -13.4167599    -11.2252663    -13.4506796    -13.4953373     -8.3502531    -10.5303236     -7.1190275     -6.5053695     -6.8625313     -6.9060092     -6.2208674     -9.5892526     -8.1179821     -8.0104236     -7.4229092     -7.8122579     -7.7157084     -7.9708459     -7.5405530     -7.4330560     -7.5933482    -16.1716268    -20.0630845    -13.4554752 
   271.0000000      -10.1225134    -18.8231974    -14.9928072     -7.1335851    -19.0281077    -14.5493431    -19.1522103    -13.0096518    -13.5458351    -19.3392245    -14.7472104    -20.4168308    -11.1770076    -16.9190914    -19.5343877     -9.5237304    -13.4349275    -11.2341217    -13.4628063    -13.5030629     -8.3611794    -10.5384462     -7.1248744     -6.5126514     -6.8692117     -6.9127217     -6.2278908     -9.5999719     -8.1262799     -8.0185045     -7.4301426     -7.8196603     -7.7240707     -7.9785434     -7.5489427     -7.4415104     -7.6009355    -16.1876512    -20.0797009    -13.4640095 
   271.5000000      -10.1322665    -18.8325775    -15.0022938     -7.1405416    -19.0369407    -14.5564251    -19.1665012    -13.0194347    -13.5528880    -19.3501564    -14.7559606    -20.4279904    -11.1863185    -16.9276671    -19.5443316     -9.5305642    -13.4530951    -11.2429771    -13.4749330    -13.5107885     -8.3721056    -10.5465687     -7.1307214     -6.5199333     -6.8758921     -6.9194341     -6.2349141     -9.6106912     -8.1345778     -8.0260906     -7.4373760     -7.8270627     -7.7324329     -7.9862409     -7.5573323     -7.4499647     -7.6085228    -16.2036756    -20.0963174    -13.4725439 
   272.0000000      -10.1420195    -18.8419576    -15.0117804     -7.1474981    -19.0457736    -14.5635071    -19.1807921    -13.0292177    -13.5599409    -19.3610883    -14.7647108    -20.4391500    -11.1956293    -16.9362427    -19.5542756     -9.5373979    -13.4712627    -11.2518325    -13.4870597    -13.5185141     -8.3823967    -10.5546912     -7.1365684     -6.5272151     -6.8825725     -6.9261465     -6.2419374     -9.6214105     -8.1428757     -8.0332995     -7.4446093     -7.8344651     -7.7403077     -7.9939385     -7.5657220     -7.4584191     -7.6161101    -16.2197000    -20.1129339    -13.4810782 
   272.5000000      -10.1517725    -18.8513377    -15.0212671     -7.1544546    -19.0546066    -14.5705892    -19.1950830    -13.0390006    -13.5669937    -19.3720202    -14.7734610    -20.4483277    -11.2049402    -16.9448184    -19.5642195     -9.5442317    -13.4894303    -11.2606879    -13.4991864    -13.5262397     -8.3923360    -10.5628137     -7.1424154     -6.5344970     -6.8892529     -6.9328589     -6.2489607     -9.6321298     -8.1511736     -8.0405084     -7.4518427     -7.8418675     -7.7480700     -8.0016360     -7.5741116     -7.4668735     -7.6236974    -16.2357244    -20.1295503    -13.4896125 
   273.0000000      -10.1615256    -18.8607178    -15.0307537     -7.1614111    -19.0634395    -14.5776712    -19.2093740    -13.0487835    -13.5740466    -19.3829521    -14.7822112    -20.4553217    -11.2142510    -16.9533940    -19.5741634     -9.5510654    -13.5075979    -11.2695433    -13.5113131    -13.5339653     -8.4022754    -10.5709362     -7.1482624     -6.5417789     -6.8959333     -6.9395714     -6.2559840     -9.6428491     -8.1594715     -8.0477174     -7.4590761     -7.8492699     -7.7558324     -8.0093335     -7.5825013     -7.4753279     -7.6312848    -16.2517488    -20.1461668    -13.4981468 
   273.5000000      -10.1712786    -18.8700979    -15.0402403     -7.1683676    -19.0722725    -14.5847532    -19.2236649    -13.0585664    -13.5810994    -19.3938841    -14.7909614    -20.4623158    -11.2235619    -16.9619696    -19.5841073     -9.5578992    -13.5257656    -11.2783987    -13.5234398    -13.5416909     -8.4122147    -10.5790587     -7.1541094     -6.5490608     -6.9026137     -6.9462838     -6.2630074     -9.6535684     -8.1677694     -8.0549263     -7.4663094     -7.8566723     -7.7635947     -8.0170310     -7.5908909     -7.4837823     -7.6388721    -16.2677733    -20.1627832    -13.5066811 
   274.0000000      -10.1810316    -18.8794780    -15.0497270     -7.1753240    -19.0811054    -14.5918352    -19.2379558    -13.0683493    -13.5881523    -19.4048160    -14.7997115    -20.4693098    -11.2328727    -16.9705453    -19.5940513     -9.5647329    -13.5439332    -11.2872541    -13.5355665    -13.5494165     -8.4221541    -10.5871812     -7.1599564     -6.5563426     -6.9092941     -6.9529962     -6.2700307     -9.6639847     -8.1760673     -8.0621353     -7.4735428     -7.8640747     -7.7713571     -8.0247286     -7.5992806     -7.4922366     -7.6464594    -16.2837977    -20.1793997    -13.5152154 
   274.5000000      -10.1907847    -18.8888581    -15.0592136     -7.1822805    -19.0899384    -14.5989172    -19.2522467    -13.0781323    -13.5952051    -19.4157479    -14.8084617    -20.4763038    -11.2421836    -16.9791209    -19.6039952     -9.5715667    -13.5621008    -11.2961095    -13.5476931    -13.5571421     -8.4320934    -10.5953038     -7.1658034     -6.5636245     -6.9159745     -6.9597086     -6.2770540     -9.6739466     -8.1843652     -8.0693442     -7.4807762     -7.8714771     -7.7791195     -8.0324261     -7.6076702     -7.5006910     -7.6540467    -16.2998221    -20.1960161    -13.5237498 
   275.0000000      -10.2005377    -18.8982382    -15.0687002     -7.1892370    -19.0987713    -14.6059993    -19.2665377    -13.0879152    -13.6022580    -19.4266798    -14.8172119    -20.4832979    -11.2514944    -16.9876966    -19.6139391     -9.5784004    -13.5802684    -11.3049649    -13.5598186    -13.5648677     -8.4420328    -10.6034263     -7.1716504     -6.5709064     -6.9226549     -6.9664211     -6.2840773     -9.6839084     -8.1926631     -8.0765531     -7.4880095     -7.8788795     -7.7868818     -8.0401236     -7.6160599     -7.5091454     -7.6616340    -16.3158465    -20.2126326    -13.5322841 
   275.5000000      -10.2102907    -18.9076183    -15.0781869     -7.1961935    -19.1076043    -14.6130813    -19.2808286    -13.0976981    -13.6093109    -19.4376118    -14.8259621    -20.4902919    -11.2608053    -16.9962722    -19.6238830     -9.5852341    -13.5984360    -11.3124111    -13.5719422    -13.5725933     -8.4519721    -10.6115488     -7.1774974     -6.5781882     -6.9293353     -6.9731335     -6.2911006     -9.6938702     -8.2009610     -8.0837621     -7.4952429     -7.8862819     -7.7946442     -8.0478212     -7.6244495     -7.5175998     -7.6692213    -16.3318709    -20.2292491    -13.5408184 
   276.0000000      -10.2200438    -18.9169984    -15.0876735     -7.2031500    -19.1164372    -14.6201633    -19.2951195    -13.1074810    -13.6163637    -19.4485437    -14.8347123    -20.4972860    -11.2701161    -17.0048479    -19.6338270     -9.5920679    -13.6166036    -11.3198516    -13.5840659    -13.5803189     -8.4619115    -10.6196713     -7.1833444     -6.5854701     -6.9360157     -6.9798459     -6.2981240     -9.7038321     -8.2090202     -8.0909710     -7.5024763     -7.8936844     -7.8024066     -8.0555187     -7.6328392     -7.5260542     -7.6768087    -16.3478953    -20.2458655    -13.5493527 
   276.5000000      -10.2297968    -18.9263785    -15.0971601     -7.2101065    -19.1252701    -14.6272453    -19.3094104    -13.1172640    -13.6234166    -19.4594756    -14.8434625    -20.5042800    -11.2794270    -17.0134235    -19.6437709     -9.5989016    -13.6347712    -11.3272922    -13.5961895    -13.5880445     -8.4718508    -10.6277938     -7.1891914     -6.5927520     -6.9426961     -6.9865583     -6.3051473     -9.7137939     -8.2168532     -8.0981799     -7.5097096     -7.9010868     -7.8101689     -8.0632162     -7.6412288     -7.5345085     -7.6843960    -16.3639197    -20.2624820    -13.5578870 
   277.0000000      -10.2395498    -18.9357586    -15.1066468     -7.2170629    -19.1341031    -14.6343273    -19.3237014    -13.1270469    -13.6304694    -19.4704075    -14.8522126    -20.5112741    -11.2887378    -17.0206667    -19.6537148     -9.6057354    -13.6529388    -11.3347328    -13.6083131    -13.5957701     -8.4817901    -10.6359163     -7.1950384     -6.6000339     -6.9493765     -6.9932707     -6.3121706     -9.7237557     -8.2246861     -8.1053889     -7.5169430     -7.9084892     -7.8179313     -8.0709137     -7.6496185     -7.5429629     -7.6919833    -16.3799441    -20.2790984    -13.5664214 
   277.5000000      -10.2493029    -18.9451387    -15.1161334     -7.2240194    -19.1429360    -14.6414093    -19.3379923    -13.1368298    -13.6375223    -19.4813395    -14.8609628    -20.5182681    -11.2980486    -17.0269565    -19.6636588     -9.6125691    -13.6711065    -11.3421734    -13.6204368    -13.6034957     -8.4917295    -10.6440388     -7.2008853     -6.6073157     -6.9560569     -6.9999832     -6.3191939     -9.7337176     -8.2325190     -8.1125978     -7.5241764     -7.9158916     -7.8256937     -8.0786113     -7.6580081     -7.5514173     -7.6995706    -16.3959685    -20.2957149    -13.5749557 
   278.0000000      -10.2590559    -18.9545188    -15.1256200     -7.2309759    -19.1517690    -14.6484914    -19.3522832    -13.1466127    -13.6445751    -19.4922714    -14.8697130    -20.5252621    -11.3073595    -17.0332464    -19.6736027     -9.6194029    -13.6892741    -11.3496140    -13.6325604    -13.6112213     -8.5016688    -10.6521614     -7.2067323     -6.6145976     -6.9627373     -7.0066956     -6.3262172     -9.7436794     -8.2403519     -8.1198068     -7.5314097     -7.9232940     -7.8334560     -8.0863088     -7.6663978     -7.5598717     -7.7071579    -16.4119929    -20.3123314    -13.5834900 
   278.5000000      -10.2688089    -18.9638989    -15.1351067     -7.2379324    -19.1606019    -14.6555734    -19.3665741    -13.1563957    -13.6516280    -19.5031997    -14.8784632    -20.5322562    -11.3166703    -17.0395362    -19.6835466     -9.6262366    -13.7074417    -11.3570546    -13.6446840    -13.6189469     -8.5116082    -10.6602839     -7.2125793     -6.6218795     -6.9694177     -7.0134080     -6.3332405     -9.7536412     -8.2481848     -8.1270157     -7.5386431     -7.9306964     -7.8412184     -8.0940063     -7.6747874     -7.5683261     -7.7147453    -16.4280173    -20.3289478    -13.5920243 
   279.0000000      -10.2785620    -18.9732790    -15.1445933     -7.2448889    -19.1694349    -14.6626554    -19.3808651    -13.1661786    -13.6586809    -19.5141253    -14.8872134    -20.5392502    -11.3259812    -17.0458261    -19.6934905     -9.6330704    -13.7256093    -11.3644952    -13.6568076    -13.6266725     -8.5215475    -10.6684064     -7.2184263     -6.6291614     -6.9760981     -7.0201204     -6.3402639     -9.7636031     -8.2560177     -8.1342246     -7.5458765     -7.9380988     -7.8489807     -8.1017038     -7.6831771     -7.5767805     -7.7223326    -16.4440417    -20.3455643    -13.6005586 
   279.5000000      -10.2883150    -18.9826591    -15.1540799     -7.2518454    -19.1782678    -14.6697374    -19.3951560    -13.1759615    -13.6657337    -19.5250509    -14.8959635    -20.5462443    -11.3352920    -17.0521159    -19.7034345     -9.6399041    -13.7437769    -11.3719358    -13.6689313    -13.6343981     -8.5314869    -10.6765289     -7.2242733     -6.6364432     -6.9827785     -7.0268329     -6.3472872     -9.7735649     -8.2638506     -8.1414336     -7.5531098     -7.9455012     -7.8567431     -8.1094014     -7.6915667     -7.5852348     -7.7299199    -16.4600661    -20.3621807    -13.6090929 
   280.0000000      -10.2980680    -18.9920392    -15.1635666     -7.2588018    -19.1871008    -14.6768194    -19.4094469    -13.1857444    -13.6727866    -19.5359765    -14.9047137    -20.5532383    -11.3446029    -17.0584058    -19.7133784     -9.6467379    -13.7619445    -11.3793764    -13.6810549    -13.6421237     -8.5414262    -10.6846514     -7.2301203     -6.6437251     -6.9894588     -7.0335453     -6.3543105     -9.7835267     -8.2716835     -8.1486425     -7.5603432     -7.9529036     -7.8645055     -8.1170989     -7.6999564     -7.5936892     -7.7375072    -16.4760905    -20.3787972    -13.6176273 
   280.5000000      -10.3078210    -19.0014192    -15.1730532     -7.2657583    -19.1959337    -14.6839015    -19.4237379    -13.1955274    -13.6798394    -19.5469021    -14.9134639    -20.5602324    -11.3537930    -17.0646956    -19.7233223     -9.6535716    -13.7801121    -11.3868170    -13.6931785    -13.6498493     -8.5513656    -10.6927739     -7.2359673     -6.6510070     -6.9961392     -7.0402577     -6.3613338     -9.7934885     -8.2795164     -8.1558514     -7.5675766     -7.9603060     -7.8722678     -8.1247964     -7.7083460     -7.6021436     -7.7450945    -16.4921149    -20.3954136    -13.6261616 
   281.0000000      -10.3175741    -19.0107993    -15.1825398     -7.2727148    -19.2047667    -14.6909835    -19.4380288    -13.2053103    -13.6868923    -19.5578276    -14.9222141    -20.5672264    -11.3625162    -17.0709855    -19.7334383     -9.6604054    -13.7982797    -11.3942576    -13.7053022    -13.6575749     -8.5613049    -10.7008965     -7.2418143     -6.6582888     -7.0028196     -7.0469701     -6.3683571     -9.8034504     -8.2873494     -8.1630604     -7.5748099     -7.9677084     -7.8800302     -8.1324940     -7.7166700     -7.6105980     -7.7526819    -16.5081393    -20.4120301    -13.6346959 
   281.5000000      -10.3273271    -19.0201794    -15.1920264     -7.2794424    -19.2135996    -14.6980655    -19.4523197    -13.2150932    -13.6939451    -19.5687532    -14.9309643    -20.5742204    -11.3712395    -17.0772754    -19.7441373     -9.6672391    -13.8164473    -11.4016981    -13.7174258    -13.6653005     -8.5712442    -10.7090190     -7.2476613     -6.6655707     -7.0095000     -7.0536826     -6.3753805     -9.8134122     -8.2951823     -8.1702693     -7.5820433     -7.9751109     -7.8877926     -8.1401915     -7.7243102     -7.6190524     -7.7602692    -16.5241637    -20.4286466    -13.6432302 
   282.0000000      -10.3370801    -19.0295595    -15.2015131     -7.2861601    -19.2224326    -14.7051452    -19.4666106    -13.2248761    -13.7009980    -19.5796788    -14.9397145    -20.5812145    -11.3799627    -17.0835652    -19.7548363     -9.6740729    -13.8346150    -11.4091387    -13.7295494    -13.6730261     -8.5811836    -10.7171415     -7.2535083     -6.6728526     -7.0161804     -7.0603950     -6.3824038     -9.8233740     -8.3030152     -8.1774783     -7.5892767     -7.9825133     -7.8955549     -8.1478890     -7.7319505     -7.6275067     -7.7678565    -16.5401881    -20.4452630    -13.6517645 
   282.5000000      -10.3468332    -19.0389396    -15.2109997     -7.2928779    -19.2312655    -14.7122245    -19.4809016    -13.2346591    -13.7080509    -19.5906044    -14.9484646    -20.5882085    -11.3886860    -17.0898551    -19.7655353     -9.6809066    -13.8527826    -11.4165793    -13.7416730    -13.6807517     -8.5911229    -10.7252640     -7.2593553     -6.6801345     -7.0228608     -7.0671074     -6.3894271     -9.8333359     -8.3108481     -8.1846872     -7.5965100     -7.9899157     -7.9033173     -8.1555865     -7.7395908     -7.6359611     -7.7754438    -16.5562125    -20.4618795    -13.6602989 
   283.0000000      -10.3565862    -19.0483197    -15.2204863     -7.2995957    -19.2400985    -14.7193038    -19.4951925    -13.2444420    -13.7151037    -19.6015300    -14.9572148    -20.5952026    -11.3974092    -17.0961449    -19.7762343     -9.6877404    -13.8709502    -11.4240199    -13.7537967    -13.6884773     -8.6010623    -10.7333865     -7.2652023     -6.6874163     -7.0295412     -7.0738198     -6.3964504     -9.8432977     -8.3186810     -8.1918961     -7.6037434     -7.9973181     -7.9110796     -8.1632841     -7.7472310     -7.6444155     -7.7830311    -16.5722369    -20.4784959    -13.6688332 
   283.5000000      -10.3663392    -19.0576998    -15.2299730     -7.3063135    -19.2489314    -14.7263831    -19.5094834    -13.2542249    -13.7221566    -19.6124556    -14.9659650    -20.6021966    -11.4061325    -17.1024348    -19.7869333     -9.6945741    -13.8891178    -11.4314605    -13.7659203    -13.6962030     -8.6110016    -10.7415090     -7.2710493     -6.6946982     -7.0362216     -7.0805323     -6.4034737     -9.8532595     -8.3265139     -8.1991051     -7.6109767     -8.0047205     -7.9188420     -8.1709816     -7.7548713     -7.6528699     -7.7906185    -16.5882613    -20.4951124    -13.6773675 
   284.0000000      -10.3760923    -19.0670799    -15.2394596     -7.3130312    -19.2577644    -14.7334624    -19.5237743    -13.2640078    -13.7292094    -19.6233812    -14.9747152    -20.6091907    -11.4148558    -17.1087246    -19.7976323     -9.7014079    -13.9072854    -11.4389011    -13.7780439    -13.7039286     -8.6209410    -10.7496315     -7.2768962     -6.7019801     -7.0429020     -7.0872447     -6.4104971     -9.8632214     -8.3343468     -8.2063140     -7.6182101     -8.0121229     -7.9266044     -8.1786791     -7.7625116     -7.6613243     -7.7982058    -16.6042857    -20.5117288    -13.6859018 
   284.5000000      -10.3858453    -19.0764600    -15.2489462     -7.3197490    -19.2665973    -14.7405417    -19.5380653    -13.2737908    -13.7362623    -19.6343068    -14.9834654    -20.6161847    -11.4235790    -17.1150145    -19.8083313     -9.7082416    -13.9254530    -11.4463417    -13.7901675    -13.7116542     -8.6308803    -10.7577541     -7.2827432     -6.7092620     -7.0495824     -7.0939571     -6.4175204     -9.8731832     -8.3421797     -8.2135229     -7.6254435     -8.0195253     -7.9343667     -8.1863766     -7.7701518     -7.6697786     -7.8057931    -16.6203102    -20.5283453    -13.6944361 
   285.0000000      -10.3955983    -19.0858401    -15.2584329     -7.3264668    -19.2754303    -14.7476210    -19.5523562    -13.2835737    -13.7433151    -19.6452324    -14.9922156    -20.6231787    -11.4323023    -17.1213043    -19.8190303     -9.7150754    -13.9436206    -11.4537823    -13.8022912    -13.7193798     -8.6408197    -10.7658766     -7.2885902     -6.7165438     -7.0562628     -7.1006695     -6.4245437     -9.8831450     -8.3500127     -8.2207319     -7.6326768     -8.0269277     -7.9421291     -8.1940742     -7.7777921     -7.6782330     -7.8133804    -16.6363346    -20.5449618    -13.7029705 
   285.5000000      -10.4053514    -19.0952202    -15.2679195     -7.3331846    -19.2842632    -14.7547003    -19.5666471    -13.2933566    -13.7503680    -19.6561579    -15.0009657    -20.6301728    -11.4410255    -17.1275942    -19.8297292     -9.7219091    -13.9617882    -11.4612229    -13.8144148    -13.7271054     -8.6507590    -10.7739991     -7.2944372     -6.7238257     -7.0629432     -7.1068966     -6.4315670     -9.8931069     -8.3578456     -8.2279408     -7.6399102     -8.0343301     -7.9498915     -8.2017717     -7.7854324     -7.6866874     -7.8209677    -16.6523590    -20.5615470    -13.7115048 
   286.0000000      -10.4151044    -19.1046003    -15.2774061     -7.3399023    -19.2930962    -14.7617796    -19.5809380    -13.3031395    -13.7574209    -19.6670835    -15.0097159    -20.6371668    -11.4497488    -17.1338840    -19.8404282     -9.7287429    -13.9764114    -11.4686635    -13.8265384    -13.7348310     -8.6606983    -10.7818569     -7.3002842     -6.7311076     -7.0696236     -7.1130036     -6.4385903     -9.9030687     -8.3656785     -8.2351498     -7.6471436     -8.0417325     -7.9576538     -8.2094692     -7.7930726     -7.6951418     -7.8285551    -16.6683834    -20.5781143    -13.7200391 
   286.5000000      -10.4248574    -19.1139804    -15.2868928     -7.3466201    -19.3019291    -14.7688589    -19.5952290    -13.3129225    -13.7644737    -19.6780091    -15.0183800    -20.6441609    -11.4584721    -17.1401739    -19.8511272     -9.7355766    -13.9881110    -11.4761041    -13.8386621    -13.7425566     -8.6706377    -10.7892906     -7.3061312     -6.7383894     -7.0763040     -7.1191106     -6.4456137     -9.9130305     -8.3735114     -8.2423587     -7.6543769     -8.0491349     -7.9654162     -8.2171668     -7.8007129     -7.7035962     -7.8361424    -16.6844078    -20.5946816    -13.7285734 
   287.0000000      -10.4346105    -19.1233605    -15.2963794     -7.3533379    -19.3107621    -14.7759382    -19.6095199    -13.3227054    -13.7715266    -19.6889347    -15.0255141    -20.6511549    -11.4671953    -17.1464638    -19.8618262     -9.7424104    -13.9998106    -11.4835446    -13.8507857    -13.7502822     -8.6805770    -10.7967242     -7.3119782     -6.7456713     -7.0829844     -7.1252176     -6.4526370     -9.9229924     -8.3813443     -8.2495676     -7.6616103     -8.0565374     -7.9731786     -8.2248643     -7.8083531     -7.7120505     -7.8437297    -16.7004322    -20.6112490    -13.7371077 
   287.5000000      -10.4443635    -19.1327406    -15.3058660     -7.3600557    -19.3195950    -14.7830175    -19.6238108    -13.3324883    -13.7785794    -19.6998603    -15.0326482    -20.6581489    -11.4759186    -17.1527536    -19.8725252     -9.7492441    -14.0115102    -11.4909852    -13.8629093    -13.7580078     -8.6905164    -10.8041579     -7.3178252     -6.7529532     -7.0896648     -7.1313246     -6.4596603     -9.9329542     -8.3891772     -8.2567766     -7.6688437     -8.0639398     -7.9809409     -8.2325618     -7.8159934     -7.7205049     -7.8513170    -16.7164566    -20.6278163    -13.7456420 
   288.0000000      -10.4530223    -19.1421207    -15.3153527     -7.3667734    -19.3284280    -14.7900968    -19.6381017    -13.3422712    -13.7856323    -19.7107859    -15.0397822    -20.6651430    -11.4846418    -17.1590435    -19.8832242     -9.7560778    -14.0232098    -11.4984258    -13.8750329    -13.7657334     -8.7004557    -10.8115916     -7.3236722     -6.7602351     -7.0963452     -7.1374316     -6.4666836     -9.9429160     -8.3970101     -8.2639855     -7.6760770     -8.0713422     -7.9887033     -8.2402593     -7.8236337     -7.7289593     -7.8589043    -16.7324810    -20.6443837    -13.7541764 
   288.5000000      -10.4616047    -19.1514646    -15.3248393     -7.3734912    -19.3372609    -14.7971761    -19.6523927    -13.3520542    -13.7926852    -19.7217115    -15.0469163    -20.6721370    -11.4933651    -17.1653333    -19.8939232     -9.7629116    -14.0349093    -11.5058664    -13.8871566    -13.7734590     -8.7103951    -10.8190253     -7.3295192     -6.7675169     -7.1030256     -7.1435386     -6.4737069     -9.9528779     -8.4048430     -8.2711944     -7.6833104     -8.0787446     -7.9964656     -8.2479569     -7.8312739     -7.7374137     -7.8664917    -16.7485032    -20.6609510    -13.7627107 
   289.0000000      -10.4701871    -19.1606183    -15.3343259     -7.3802090    -19.3460939    -14.8042554    -19.6666836    -13.3618371    -13.7997380    -19.7326371    -15.0540504    -20.6791311    -11.5020883    -17.1716232    -19.9046222     -9.7697453    -14.0466089    -11.5133070    -13.8992802    -13.7811846     -8.7203344    -10.8264590     -7.3353662     -6.7747988     -7.1097060     -7.1496457     -6.4807303     -9.9628397     -8.4126759     -8.2784034     -7.6905438     -8.0861470     -8.0042280     -8.2556544     -7.8389142     -7.7458681     -7.8740790    -16.7645248    -20.6775184    -13.7712450 
   289.5000000      -10.4787695    -19.1697720    -15.3438124     -7.3869268    -19.3549268    -14.8113347    -19.6809745    -13.3716200    -13.8067909    -19.7435626    -15.0611845    -20.6861251    -11.5108116    -17.1779130    -19.9153212     -9.7765791    -14.0583085    -11.5207476    -13.9114038    -13.7889102     -8.7302738    -10.8338927     -7.3412132     -6.7820807     -7.1163864     -7.1557527     -6.4877536     -9.9728015     -8.4205089     -8.2856123     -7.6977771     -8.0935494     -8.0119904     -8.2633519     -7.8465545     -7.7543224     -7.8816663    -16.7805464    -20.6940857    -13.7797793 
   290.0000000      -10.4873519    -19.1789257    -15.3532976     -7.3936445    -19.3637598    -14.8184140    -19.6952654    -13.3814029    -13.8138437    -19.7544882    -15.0683185    -20.6931192    -11.5195349    -17.1842029    -19.9260202     -9.7834128    -14.0700081    -11.5281882    -13.9235274    -13.7966552     -8.7402131    -10.8413263     -7.3470602     -6.7893625     -7.1230668     -7.1618597     -6.4947769     -9.9827634     -8.4283418     -8.2928213     -7.7050105     -8.1009518     -8.0197527     -8.2710494     -7.8541947     -7.7627768     -7.8892536    -16.7965680    -20.7106531    -13.7883136 
   290.5000000      -10.4959343    -19.1880794    -15.3627827     -7.4003623    -19.3725927    -14.8254933    -19.7095048    -13.3911859    -13.8208966    -19.7654138    -15.0754526    -20.7001132    -11.5282581    -17.1904927    -19.9367192     -9.7902466    -14.0817077    -11.5356288    -13.9356511    -13.8044724     -8.7501525    -10.8487600     -7.3529071     -6.7966444     -7.1297472     -7.1679667     -6.5018002     -9.9927252     -8.4361747     -8.3000302     -7.7122439     -8.1083542     -8.0275151     -8.2787470     -7.8618350     -7.7712312     -7.8968409    -16.8125896    -20.7272204    -13.7968480 
   291.0000000      -10.5045167    -19.1972332    -15.3722678     -7.4070801    -19.3814257    -14.8325726    -19.7237414    -13.4009688    -13.8279494    -19.7763394    -15.0825867    -20.7071072    -11.5369814    -17.1967826    -19.9474182     -9.7970803    -14.0934073    -11.5430694    -13.9477747    -13.8122897     -8.7600918    -10.8561937     -7.3587541     -6.8039263     -7.1364275     -7.1740737     -6.5088235    -10.0026870     -8.4440076     -8.3072391     -7.7194772     -8.1157566     -8.0352775     -8.2864445     -7.8694753     -7.7796856     -7.9044283    -16.8286112    -20.7437878    -13.8053823 
   291.5000000      -10.5130991    -19.2063869    -15.3817529     -7.4137978    -19.3902586    -14.8396519    -19.7379780    -13.4107517    -13.8350023    -19.7872650    -15.0897208    -20.7141013    -11.5457046    -17.2030725    -19.9581171     -9.8039141    -14.1051069    -11.5505100    -13.9598983    -13.8201069     -8.7700311    -10.8636274     -7.3646011     -6.8112082     -7.1431079     -7.1801807     -6.5154023    -10.0126489     -8.4518405     -8.3144481     -7.7267106     -8.1231590     -8.0430398     -8.2941420     -7.8771155     -7.7881400     -7.9120156    -16.8446328    -20.7603551    -13.8139166 
   292.0000000      -10.5216815    -19.2155406    -15.3912381     -7.4205156    -19.3990916    -14.8467312    -19.7522146    -13.4205346    -13.8420610    -19.7981906    -15.0968548    -20.7210953    -11.5544279    -17.2093623    -19.9688161     -9.8107478    -14.1168065    -11.5579505    -13.9720220    -13.8279242     -8.7799705    -10.8710611     -7.3704481     -6.8184900     -7.1497883     -7.1862878     -6.5216139    -10.0226107     -8.4596734     -8.3216570     -7.7333962     -8.1305615     -8.0508022     -8.3018396     -7.8847558     -7.7965943     -7.9196029    -16.8606544    -20.7769225    -13.8224509 
   292.5000000      -10.5302639    -19.2246943    -15.4007232     -7.4272334    -19.4079245    -14.8538105    -19.7664512    -13.4303176    -13.8491197    -19.8091162    -15.1039889    -20.7280894    -11.5631511    -17.2156522    -19.9795151     -9.8175816    -14.1285061    -11.5653911    -13.9841456    -13.8357414     -8.7899098    -10.8784948     -7.3762951     -6.8257719     -7.1564687     -7.1923948     -6.5278255    -10.0325725     -8.4675063     -8.3288659     -7.7400589     -8.1379639     -8.0585646     -8.3095371     -7.8923960     -7.8050487     -7.9271902    -16.8766760    -20.7934898    -13.8309852 
   293.0000000      -10.5388463    -19.2338480    -15.4102083     -7.4339512    -19.4167575    -14.8608898    -19.7806878    -13.4401005    -13.8561784    -19.8200418    -15.1111230    -20.7350834    -11.5718744    -17.2219420    -19.9902141     -9.8244153    -14.1402057    -11.5728317    -13.9962692    -13.8435586     -8.7998492    -10.8859284     -7.3821421     -6.8330538     -7.1631491     -7.1985018     -6.5340372    -10.0425344     -8.4753392     -8.3360749     -7.7467216     -8.1453663     -8.0663269     -8.3172346     -7.9000363     -7.8135031     -7.9347775    -16.8926976    -20.8100571    -13.8395195 
   293.5000000      -10.5474287    -19.2430017    -15.4196934     -7.4406689    -19.4255847    -14.8679691    -19.7949244    -13.4498834    -13.8632371    -19.8309674    -15.1182571    -20.7420775    -11.5805977    -17.2282319    -20.0009131     -9.8312491    -14.1519053    -11.5802723    -14.0083928    -13.8513759     -8.8097885    -10.8933621     -7.3879891     -6.8403357     -7.1698295     -7.2046088     -6.5402488    -10.0524962     -8.4831721     -8.3432838     -7.7533844     -8.1527687     -8.0740893     -8.3249321     -7.9076766     -7.8219575     -7.9423648    -16.9087192    -20.8266245    -13.8480539 
   294.0000000      -10.5560111    -19.2521554    -15.4291785     -7.4473867    -19.4343859    -14.8750484    -19.8091609    -13.4596663    -13.8702957    -19.8418929    -15.1253911    -20.7490715    -11.5893209    -17.2345217    -20.0116121     -9.8380828    -14.1636049    -11.5877129    -14.0205165    -13.8591931     -8.8197279    -10.9007958     -7.3938361     -6.8476175     -7.1765099     -7.2107158     -6.5464604    -10.0624580     -8.4910051     -8.3504928     -7.7600471     -8.1601711     -8.0818516     -8.3326297     -7.9153168     -7.8304119     -7.9499522    -16.9247408    -20.8431918    -13.8565882 
   294.5000000      -10.5645936    -19.2613092    -15.4386637     -7.4541045    -19.4431870    -14.8821277    -19.8233975    -13.4694493    -13.8773544    -19.8528185    -15.1325252    -20.7560655    -11.5980442    -17.2408116    -20.0223111     -9.8449166    -14.1753045    -11.5951535    -14.0326401    -13.8670104     -8.8296672    -10.9082295     -7.3996831     -6.8548994     -7.1831903     -7.2168228     -6.5526721    -10.0724198     -8.4988380     -8.3577017     -7.7667099     -8.1675735     -8.0896140     -8.3403272     -7.9229571     -7.8388662     -7.9575395    -16.9407624    -20.8597592    -13.8651225 
   295.0000000      -10.5731760    -19.2704629    -15.4481488     -7.4608223    -19.4519882    -14.8892070    -19.8376341    -13.4792285    -13.8844131    -19.8637441    -15.1396593    -20.7630596    -11.6067674    -17.2471014    -20.0330101     -9.8517503    -14.1870041    -11.6025941    -14.0447637    -13.8748276     -8.8396066    -10.9156632     -7.4055301     -6.8621813     -7.1898707     -7.2229298     -6.5588837    -10.0823817     -8.5066709     -8.3649106     -7.7733726     -8.1749759     -8.0973764     -8.3480247     -7.9305974     -7.8473206     -7.9651268    -16.9567840    -20.8763265    -13.8736568 
   295.5000000      -10.5817584    -19.2796166    -15.4576339     -7.4675400    -19.4607894    -14.8962863    -19.8518707    -13.4890056    -13.8914718    -19.8746697    -15.1467933    -20.7700536    -11.6154907    -17.2533913    -20.0437091     -9.8585841    -14.1987037    -11.6100347    -14.0568874    -13.8826448     -8.8495459    -10.9230969     -7.4113771     -6.8694631     -7.1965511     -7.2290369     -6.5650953    -10.0923435     -8.5145038     -8.3721196     -7.7800353     -8.1823783     -8.1051387     -8.3557223     -7.9382376     -7.8557750     -7.9727141    -16.9728056    -20.8928939    -13.8821911 
   296.0000000      -10.5903408    -19.2887703    -15.4671190     -7.4742578    -19.4695906    -14.9033656    -19.8661073    -13.4987828    -13.8985305    -19.8855953    -15.1539274    -20.7770477    -11.6242139    -17.2596812    -20.0544081     -9.8654178    -14.2104033    -11.6174753    -14.0690110    -13.8904621     -8.8594852    -10.9305305     -7.4172241     -6.8767450     -7.2032315     -7.2351439     -6.5713069    -10.1023053     -8.5223367     -8.3793285     -7.7866981     -8.1897807     -8.1129011     -8.3634198     -7.9458779     -7.8642294     -7.9803014    -16.9888272    -20.9094612    -13.8907255 
   296.5000000      -10.5989232    -19.2979240    -15.4766041     -7.4809756    -19.4783918    -14.9104449    -19.8803439    -13.5085599    -13.9055892    -19.8965209    -15.1610615    -20.7840417    -11.6329372    -17.2659710    -20.0651071     -9.8722516    -14.2221028    -11.6249159    -14.0811346    -13.8982793     -8.8694246    -10.9379642     -7.4230711     -6.8840269     -7.2099119     -7.2412509     -6.5775186    -10.1122672     -8.5301696     -8.3865374     -7.7933608     -8.1971831     -8.1206635     -8.3711173     -7.9535182     -7.8726606     -7.9878888    -17.0048488    -20.9260286    -13.8992598 
   297.0000000      -10.6075056    -19.3070777    -15.4860893     -7.4876934    -19.4871929    -14.9175242    -19.8945805    -13.5183371    -13.9126479    -19.9074465    -15.1681956    -20.7910357    -11.6416605    -17.2722609    -20.0758061     -9.8782619    -14.2338024    -11.6323565    -14.0932582    -13.9060966     -8.8793639    -10.9453979     -7.4289180     -6.8913088     -7.2165923     -7.2473579     -6.5837302    -10.1222290     -8.5380025     -8.3937464     -7.8000236     -8.2045855     -8.1284258     -8.3788148     -7.9611584     -7.8810856     -7.9954761    -17.0208704    -20.9425959    -13.9077941 
   297.5000000      -10.6160880    -19.3162314    -15.4955744     -7.4944111    -19.4959941    -14.9246035    -19.9088171    -13.5281142    -13.9197066    -19.9183721    -15.1753296    -20.7980298    -11.6503837    -17.2785507    -20.0865050     -9.8837182    -14.2455020    -11.6397970    -14.1053819    -13.9139138     -8.8893033    -10.9528316     -7.4347650     -6.8985906     -7.2232727     -7.2534649     -6.5899418    -10.1321908     -8.5458354     -8.4009553     -7.8066863     -8.2119880     -8.1361882     -8.3865124     -7.9687987     -7.8895107     -8.0030634    -17.0368920    -20.9591633    -13.9163284 
   298.0000000      -10.6246704    -19.3253851    -15.5050595     -7.5011289    -19.5047953    -14.9316828    -19.9230536    -13.5378914    -13.9267652    -19.9292976    -15.1824637    -20.8050238    -11.6591070    -17.2848406    -20.0972040     -9.8891746    -14.2572016    -11.6472376    -14.1175055    -13.9217310     -8.8992426    -10.9602653     -7.4406120     -6.9058725     -7.2299531     -7.2595719     -6.5961535    -10.1421527     -8.5536684     -8.4081643     -7.8133490     -8.2193904     -8.1439505     -8.3942099     -7.9764389     -7.8979358     -8.0106507    -17.0529136    -20.9757306    -13.9248627 
   298.5000000      -10.6332528    -19.3345389    -15.5145446     -7.5078467    -19.5135965    -14.9387621    -19.9372902    -13.5476685    -13.9338239    -19.9402232    -15.1895978    -20.8120179    -11.6678302    -17.2911304    -20.1079030     -9.8946309    -14.2689012    -11.6546782    -14.1296291    -13.9295483     -8.9091820    -10.9676990     -7.4464590     -6.9131544     -7.2432828     -7.2656790     -6.6023651    -10.1521145     -8.5615013     -8.4153732     -7.8200118     -8.2267928     -8.1517129     -8.4019074     -7.9840792     -7.9063608     -8.0182380    -17.0689352    -20.9922980    -13.9333970 
   299.0000000      -10.6418352    -19.3436926    -15.5240298     -7.5145645    -19.5223976    -14.9458414    -19.9515268    -13.5574457    -13.9408826    -19.9511488    -15.1967319    -20.8190119    -11.6765535    -17.2974203    -20.1186020     -9.9000873    -14.2806008    -11.6621188    -14.1417527    -13.9373655     -8.9191213    -10.9751326     -7.4523060     -6.9204363     -7.2621886     -7.2717860     -6.6085767    -10.1620763     -8.5693342     -8.4225821     -7.8266745     -8.2341952     -8.1594753     -8.4096049     -7.9917195     -7.9147859     -8.0258254    -17.0849568    -21.0088653    -13.9419314 
   299.5000000      -10.6504176    -19.3528463    -15.5335149     -7.5212822    -19.5311988    -14.9529207    -19.9657634    -13.5672228    -13.9479413    -19.9620744    -15.2038659    -20.8260060    -11.6852767    -17.3037101    -20.1293010     -9.9055436    -14.2923004    -11.6695594    -14.1538764    -13.9451828     -8.9290607    -10.9825663     -7.4581530     -6.9277181     -7.2810943     -7.2778930     -6.6147884    -10.1720382     -8.5771671     -8.4297911     -7.8333373     -8.2415976     -8.1672376     -8.4173025     -7.9993597     -7.9232109     -8.0334127    -17.1009784    -21.0254327    -13.9504657 
   300.0000000      -10.6590000    -19.3620000    -15.5430000     -7.5280000    -19.5400000    -14.9600000    -19.9800000    -13.5770000    -13.9550000    -19.9730000    -15.2110000    -20.8330000    -11.6940000    -17.3100000    -20.1400000     -9.9110000    -14.3040000    -11.6770000    -14.1660000    -13.9530000     -8.9390000    -10.9900000     -7.4640000     -6.9350000     -7.3000000     -7.2840000     -6.6210000    -10.1820000     -8.5850000     -8.4370000     -7.8400000     -8.2490000     -8.1750000     -8.4250000     -8.0070000     -7.9316360     -8.0410000    -17.1170000    -21.0420000    -13.9590000 
