# This data was generated by https://sharc.materialsmodeling.org/
# The data has been obtained by linear interpolation between raw data points.
# If you use it in your research, please cite:
# M. Rahm, M. Ångqvist, J. M. Rahm, P. Erhart, and R. Cammi, Non-bonded Radii of the Atoms Under Compression. ChemPhysChem, 2020, 21, 2441-2453. DOI: 10.1002/cphc.202000624
# M. Rahm, R. Cammi, N. W. Ashcroft, and R. Hoffmann, Squeezing all Elements in the Periodic Table: Electron Configuration and Electronegativity of the Atoms under Compression. Journal of the American Chemical Society, 2019, 141, 10253-10271. DOI: 10.1021/jacs.9b02634
# Column 1: Pressure (GPa)
# Column 2: Al spin
# Column 3: Co spin
# Column 4: Cr spin
# Column 5: Cu spin
# Column 6: Fe spin
# Column 7: Hf spin
# Column 8: Mn spin
# Column 9: Mo spin
# Column 10: Nb spin
# Column 11: Ni spin
# Column 12: Ta spin
# Column 13: Ti spin
# Column 14: W spin
# Column 15: Zr spin
# Column 16: V spin
# Column 17: Mg spin
# Column 18: Re spin
# Column 19: Os spin
# Column 20: Rh spin
# Column 21: Ir spin
# Column 22: Pd spin
# Column 23: Pt spin
# Column 24: Ag spin
# Column 25: Au spin
# Column 26: Zn spin
# Column 27: Cd spin
# Column 28: Hg spin
# Column 29: Si spin
# Column 30: Ge spin
# Column 31: Ga spin
# Column 32: In spin
# Column 33: Sn spin
# Column 34: Sb spin
# Column 35: As spin
# Column 36: Te spin
# Column 37: Pb spin
# Column 38: Bi spin
# Column 39: Y spin
# Column 40: Sc spin
# Column 41: Ru spin
     0.0000000        0.5000000      1.5000000      2.5000000      0.5000000      2.0000000      1.0000000      2.5000000      3.0000000      2.5000000      1.0000000      1.5000000      1.0000000      2.0000000      1.0000000      1.5000000      0.0000000      2.5000000      2.0000000      1.5000000      1.5000000      0.0000000      1.0000000      0.5000000      0.5000000      0.0000000      0.0000000      0.0000000      1.0000000      1.0000000      0.5000000      0.5000000      1.0000000      1.5000000      1.5000000      1.0000000      1.0000000      1.0000000      0.5000000      0.5000000      2.0000000 
     1.0000000        0.5000000      1.5000000      2.5000000      0.5000000      2.0000000      1.0000000      2.5000000      3.0000000      2.5000000      1.0000000      1.5000000      1.0000000      3.0000000      2.0000000      2.5000000      0.0000000      2.5000000      2.0000000      1.5000000      1.5000000      0.0000000      1.0000000      0.5000000      0.5000000      0.0000000      0.0000000      0.0000000      1.0000000      1.0000000      0.5000000      0.5000000      1.0000000      1.5000000      1.5000000      1.0000000      1.0000000      1.0000000      0.5000000      0.5000000      2.0000000 
     1.1000000        0.5000000      1.5000000      2.5000000      0.5000000      2.0000000      1.0000000      2.5000000      3.0000000      2.5000000      1.0000000      1.5000000      1.0000000      3.0000000      2.0000000      2.5000000      0.0000000      2.5000000      2.0000000      1.5000000      1.5000000      0.0000000      1.0000000      0.5000000      0.5000000      0.0000000      0.0000000      0.0000000      1.0000000      1.0000000      0.5000000      0.5000000      1.0000000      1.5000000      1.5000000      1.0000000      1.0000000      1.0000000      0.5000000      0.5000000      2.0000000 
     1.1000000        0.5000000      1.5000000      2.5000000      0.5000000      2.0000000      1.0000000      2.5000000      3.0000000      2.5000000      1.0000000      1.5000000      2.0000000      3.0000000      2.0000000      2.5000000      0.0000000      2.5000000      2.0000000      1.5000000      1.5000000      0.0000000      1.0000000      0.5000000      0.5000000      0.0000000      0.0000000      0.0000000      1.0000000      1.0000000      0.5000000      0.5000000      1.0000000      1.5000000      1.5000000      1.0000000      1.0000000      1.0000000      0.5000000      0.5000000      2.0000000 
     1.5000000        0.5000000      1.5000000      2.5000000      0.5000000      2.0000000      1.0000000      2.5000000      3.0000000      2.5000000      1.0000000      1.5000000      2.0000000      3.0000000      2.0000000      2.5000000      0.0000000      2.5000000      2.0000000      1.5000000      1.5000000      0.0000000      1.0000000      0.5000000      0.5000000      0.0000000      0.0000000      0.0000000      1.0000000      1.0000000      0.5000000      0.5000000      1.0000000      1.5000000      1.5000000      1.0000000      1.0000000      1.0000000      0.5000000      0.5000000      2.0000000 
     2.0000000        0.5000000      1.5000000      2.5000000      0.5000000      2.0000000      1.0000000      2.5000000      3.0000000      2.5000000      1.0000000      1.5000000      2.0000000      3.0000000      2.0000000      2.5000000      0.0000000      2.5000000      2.0000000      1.5000000      1.5000000      0.0000000      1.0000000      0.5000000      0.5000000      0.0000000      0.0000000      0.0000000      1.0000000      1.0000000      0.5000000      0.5000000      1.0000000      1.5000000      1.5000000      1.0000000      1.0000000      1.0000000      0.5000000      0.5000000      2.0000000 
     2.5000000        0.5000000      1.5000000      2.5000000      0.5000000      2.0000000      1.0000000      2.5000000      3.0000000      2.5000000      1.0000000      1.5000000      2.0000000      3.0000000      2.0000000      2.5000000      0.0000000      2.5000000      2.0000000      1.5000000      1.5000000      0.0000000      1.0000000      0.5000000      0.5000000      0.0000000      0.0000000      0.0000000      1.0000000      1.0000000      0.5000000      0.5000000      1.0000000      1.5000000      1.5000000      1.0000000      1.0000000      1.0000000      0.5000000      0.5000000      2.0000000 
     3.0000000        0.5000000      1.5000000      2.5000000      0.5000000      2.0000000      1.0000000      2.5000000      3.0000000      2.5000000      1.0000000      1.5000000      2.0000000      3.0000000      2.0000000      2.5000000      0.0000000      2.5000000      2.0000000      1.5000000      1.5000000      0.0000000      1.0000000      0.5000000      0.5000000      0.0000000      0.0000000      0.0000000      1.0000000      1.0000000      0.5000000      0.5000000      1.0000000      1.5000000      1.5000000      1.0000000      1.0000000      1.0000000      0.5000000      0.5000000      2.0000000 
     3.2000000        0.5000000      1.5000000      2.5000000      0.5000000      2.0000000      1.0000000      2.5000000      3.0000000      2.5000000      1.0000000      1.5000000      2.0000000      3.0000000      2.0000000      2.5000000      0.0000000      2.5000000      2.0000000      1.5000000      1.5000000      0.0000000      1.0000000      0.5000000      0.5000000      0.0000000      0.0000000      0.0000000      1.0000000      1.0000000      0.5000000      0.5000000      1.0000000      1.5000000      1.5000000      1.0000000      1.0000000      1.0000000      0.5000000      0.5000000      2.0000000 
     3.2000000        0.5000000      1.5000000      2.5000000      0.5000000      2.0000000      1.0000000      2.5000000      3.0000000      2.5000000      1.0000000      1.5000000      2.0000000      3.0000000      2.0000000      2.5000000      0.0000000      2.5000000      2.0000000      1.5000000      1.5000000      0.0000000      1.0000000      0.5000000      0.5000000      0.0000000      0.0000000      0.0000000      1.0000000      1.0000000      0.5000000      0.5000000      1.0000000      1.5000000      1.5000000      1.0000000      1.0000000      1.0000000      0.5000000      0.5000000      2.0000000 
     3.5000000        0.5000000      1.5000000      2.5000000      0.5000000      2.0000000      1.0000000      2.5000000      3.0000000      2.5000000      1.0000000      1.5000000      2.0000000      3.0000000      2.0000000      2.5000000      0.0000000      2.5000000      2.0000000      1.5000000      1.5000000      0.0000000      1.0000000      0.5000000      0.5000000      0.0000000      0.0000000      0.0000000      1.0000000      1.0000000      0.5000000      0.5000000      1.0000000      1.5000000      1.5000000      1.0000000      1.0000000      1.0000000      0.5000000      0.5000000      2.0000000 
     4.0000000        0.5000000      1.5000000      2.5000000      0.5000000      2.0000000      1.0000000      2.5000000      3.0000000      2.5000000      1.0000000      1.5000000      2.0000000      3.0000000      2.0000000      2.5000000      0.0000000      2.5000000      2.0000000      1.5000000      1.5000000      0.0000000      1.0000000      0.5000000      0.5000000      0.0000000      0.0000000      0.0000000      1.0000000      1.0000000      0.5000000      0.5000000      1.0000000      1.5000000      1.5000000      1.0000000      1.0000000      1.0000000      0.5000000      0.5000000      2.0000000 
     4.5000000        0.5000000      1.5000000      2.5000000      0.5000000      2.0000000      1.0000000      2.5000000      3.0000000      2.5000000      1.0000000      1.5000000      2.0000000      3.0000000      2.0000000      2.5000000      0.0000000      2.5000000      2.0000000      1.5000000      1.5000000      0.0000000      1.0000000      0.5000000      0.5000000      0.0000000      0.0000000      0.0000000      1.0000000      1.0000000      0.5000000      0.5000000      1.0000000      1.5000000      1.5000000      1.0000000      1.0000000      1.0000000      0.5000000      0.5000000      2.0000000 
     4.7000000        0.5000000      1.5000000      2.5000000      0.5000000      2.0000000      1.0000000      2.5000000      3.0000000      2.5000000      1.0000000      1.5000000      2.0000000      3.0000000      2.0000000      2.5000000      0.0000000      2.5000000      2.0000000      1.5000000      1.5000000      0.0000000      1.0000000      0.5000000      0.5000000      0.0000000      0.0000000      0.0000000      1.0000000      1.0000000      0.5000000      0.5000000      1.0000000      1.5000000      1.5000000      1.0000000      1.0000000      1.0000000      0.5000000      0.5000000      2.0000000 
     4.7000000        0.5000000      1.5000000      2.5000000      0.5000000      2.0000000      1.0000000      2.5000000      3.0000000      2.5000000      1.0000000      1.5000000      2.0000000      3.0000000      2.0000000      2.5000000      0.0000000      2.5000000      2.0000000      1.5000000      1.5000000      0.0000000      1.0000000      0.5000000      0.5000000      0.0000000      0.0000000      0.0000000      1.0000000      1.0000000      0.5000000      0.5000000      1.0000000      1.5000000      1.5000000      1.0000000      1.0000000      1.0000000      0.5000000      0.5000000      2.0000000 
     5.0000000        0.5000000      1.5000000      2.5000000      0.5000000      2.0000000      1.0000000      2.5000000      3.0000000      2.5000000      1.0000000      1.5000000      2.0000000      3.0000000      2.0000000      2.5000000      0.0000000      2.5000000      2.0000000      1.5000000      1.5000000      0.0000000      1.0000000      0.5000000      0.5000000      0.0000000      0.0000000      0.0000000      1.0000000      1.0000000      0.5000000      0.5000000      1.0000000      1.5000000      1.5000000      1.0000000      1.0000000      1.0000000      0.5000000      0.5000000      2.0000000 
     5.4000000        0.5000000      1.5000000      2.5000000      0.5000000      2.0000000      1.0000000      2.5000000      3.0000000      2.5000000      1.0000000      1.5000000      2.0000000      3.0000000      2.0000000      2.5000000      0.0000000      2.5000000      2.0000000      1.5000000      1.5000000      0.0000000      1.0000000      0.5000000      0.5000000      0.0000000      0.0000000      0.0000000      1.0000000      1.0000000      0.5000000      0.5000000      1.0000000      1.5000000      1.5000000      1.0000000      1.0000000      1.0000000      0.5000000      0.5000000      2.0000000 
     5.4000000        0.5000000      1.5000000      2.5000000      0.5000000      2.0000000      1.0000000      2.5000000      3.0000000      2.5000000      1.0000000      1.5000000      2.0000000      3.0000000      2.0000000      2.5000000      0.0000000      2.5000000      2.0000000      0.5000000      1.5000000      0.0000000      1.0000000      0.5000000      0.5000000      0.0000000      0.0000000      0.0000000      1.0000000      1.0000000      0.5000000      0.5000000      1.0000000      1.5000000      1.5000000      1.0000000      1.0000000      1.0000000      0.5000000      0.5000000      2.0000000 
     5.5000000        0.5000000      1.5000000      2.5000000      0.5000000      2.0000000      1.0000000      2.5000000      3.0000000      2.5000000      1.0000000      1.5000000      2.0000000      3.0000000      2.0000000      2.5000000      0.0000000      2.5000000      2.0000000      0.5000000      1.5000000      0.0000000      1.0000000      0.5000000      0.5000000      0.0000000      0.0000000      0.0000000      1.0000000      1.0000000      0.5000000      0.5000000      1.0000000      1.5000000      1.5000000      1.0000000      1.0000000      1.0000000      0.5000000      0.5000000      2.0000000 
     5.5000000        0.5000000      1.5000000      2.5000000      0.5000000      2.0000000      1.0000000      2.5000000      3.0000000      2.5000000      1.0000000      1.5000000      2.0000000      3.0000000      2.0000000      2.5000000      0.0000000      2.5000000      2.0000000      0.5000000      1.5000000      0.0000000      1.0000000      0.5000000      0.5000000      0.0000000      0.0000000      0.0000000      1.0000000      1.0000000      0.5000000      0.5000000      1.0000000      1.5000000      1.5000000      1.0000000      1.0000000      1.0000000      0.5000000      0.5000000      2.0000000 
     6.0000000        0.5000000      1.5000000      2.5000000      0.5000000      2.0000000      1.0000000      2.5000000      3.0000000      2.5000000      1.0000000      1.5000000      2.0000000      3.0000000      2.0000000      2.5000000      0.0000000      2.5000000      2.0000000      0.5000000      1.5000000      0.0000000      1.0000000      0.5000000      0.5000000      0.0000000      0.0000000      0.0000000      1.0000000      1.0000000      0.5000000      0.5000000      1.0000000      1.5000000      1.5000000      1.0000000      1.0000000      1.0000000      0.5000000      0.5000000      2.0000000 
     6.5000000        0.5000000      1.5000000      2.5000000      0.5000000      2.0000000      1.0000000      2.5000000      3.0000000      2.5000000      1.0000000      1.5000000      2.0000000      3.0000000      2.0000000      2.5000000      0.0000000      2.5000000      2.0000000      0.5000000      1.5000000      0.0000000      1.0000000      0.5000000      0.5000000      0.0000000      0.0000000      0.0000000      1.0000000      1.0000000      0.5000000      0.5000000      1.0000000      1.5000000      1.5000000      1.0000000      1.0000000      1.0000000      0.5000000      0.5000000      2.0000000 
     6.5000000        0.5000000      1.5000000      2.5000000      0.5000000      2.0000000      1.0000000      2.5000000      3.0000000      2.5000000      1.0000000      1.5000000      2.0000000      3.0000000      2.0000000      2.5000000      0.0000000      2.5000000      2.0000000      0.5000000      1.5000000      0.0000000      1.0000000      0.5000000      0.5000000      0.0000000      0.0000000      0.0000000      1.0000000      1.0000000      0.5000000      0.5000000      1.0000000      1.5000000      1.5000000      1.0000000      1.0000000      1.0000000      0.5000000      0.5000000      2.0000000 
     7.0000000        0.5000000      1.5000000      2.5000000      0.5000000      2.0000000      1.0000000      2.5000000      3.0000000      2.5000000      1.0000000      1.5000000      2.0000000      3.0000000      2.0000000      2.5000000      0.0000000      2.5000000      2.0000000      0.5000000      1.5000000      0.0000000      1.0000000      0.5000000      0.5000000      0.0000000      0.0000000      0.0000000      1.0000000      1.0000000      0.5000000      0.5000000      1.0000000      1.5000000      1.5000000      1.0000000      1.0000000      1.0000000      0.5000000      0.5000000      2.0000000 
     7.5000000        0.5000000      1.5000000      2.5000000      0.5000000      2.0000000      1.0000000      2.5000000      3.0000000      2.5000000      1.0000000      1.5000000      2.0000000      3.0000000      2.0000000      2.5000000      0.0000000      2.5000000      2.0000000      0.5000000      1.5000000      0.0000000      1.0000000      0.5000000      0.5000000      0.0000000      0.0000000      0.0000000      1.0000000      1.0000000      0.5000000      0.5000000      1.0000000      1.5000000      1.5000000      1.0000000      1.0000000      1.0000000      0.5000000      0.5000000      2.0000000 
     8.0000000        0.5000000      1.5000000      2.5000000      0.5000000      2.0000000      1.0000000      2.5000000      3.0000000      2.5000000      1.0000000      1.5000000      2.0000000      3.0000000      2.0000000      2.5000000      0.0000000      2.5000000      2.0000000      0.5000000      1.5000000      0.0000000      1.0000000      0.5000000      0.5000000      0.0000000      0.0000000      0.0000000      1.0000000      1.0000000      0.5000000      0.5000000      1.0000000      1.5000000      1.5000000      1.0000000      1.0000000      1.0000000      0.5000000      0.5000000      2.0000000 
     8.5000000        0.5000000      1.5000000      2.5000000      0.5000000      2.0000000      1.0000000      2.5000000      3.0000000      2.5000000      1.0000000      1.5000000      2.0000000      3.0000000      2.0000000      2.5000000      0.0000000      2.5000000      2.0000000      0.5000000      1.5000000      0.0000000      1.0000000      0.5000000      0.5000000      0.0000000      0.0000000      0.0000000      1.0000000      1.0000000      0.5000000      0.5000000      1.0000000      1.5000000      1.5000000      1.0000000      1.0000000      1.0000000      0.5000000      0.5000000      2.0000000 
     9.0000000        0.5000000      1.5000000      2.5000000      0.5000000      2.0000000      1.0000000      2.5000000      3.0000000      2.5000000      1.0000000      1.5000000      2.0000000      3.0000000      2.0000000      2.5000000      0.0000000      2.5000000      2.0000000      0.5000000      1.5000000      0.0000000      1.0000000      0.5000000      0.5000000      0.0000000      0.0000000      0.0000000      1.0000000      1.0000000      0.5000000      0.5000000      1.0000000      1.5000000      1.5000000      1.0000000      1.0000000      1.0000000      0.5000000      0.5000000      2.0000000 
     9.5000000        0.5000000      1.5000000      2.5000000      0.5000000      2.0000000      1.0000000      2.5000000      3.0000000      2.5000000      1.0000000      1.5000000      2.0000000      3.0000000      2.0000000      2.5000000      0.0000000      2.5000000      2.0000000      0.5000000      1.5000000      0.0000000      1.0000000      0.5000000      0.5000000      0.0000000      0.0000000      0.0000000      1.0000000      1.0000000      0.5000000      0.5000000      1.0000000      1.5000000      1.5000000      1.0000000      1.0000000      1.0000000      0.5000000      0.5000000      2.0000000 
    10.0000000        0.5000000      1.5000000      2.5000000      0.5000000      2.0000000      1.0000000      2.5000000      3.0000000      2.5000000      1.0000000      1.5000000      2.0000000      3.0000000      2.0000000      2.5000000      0.0000000      2.5000000      2.0000000      0.5000000      1.5000000      0.0000000      1.0000000      0.5000000      0.5000000      0.0000000      0.0000000      0.0000000      1.0000000      1.0000000      0.5000000      0.5000000      1.0000000      1.5000000      1.5000000      1.0000000      1.0000000      1.0000000      0.5000000      0.5000000      2.0000000 
    10.5000000        0.5000000      1.5000000      2.5000000      0.5000000      2.0000000      1.0000000      2.5000000      3.0000000      2.5000000      1.0000000      1.5000000      2.0000000      3.0000000      2.0000000      2.5000000      0.0000000      2.5000000      2.0000000      0.5000000      1.5000000      0.0000000      1.0000000      0.5000000      0.5000000      0.0000000      0.0000000      0.0000000      1.0000000      1.0000000      0.5000000      0.5000000      1.0000000      1.5000000      1.5000000      1.0000000      1.0000000      1.0000000      0.5000000      0.5000000      2.0000000 
    11.0000000        0.5000000      1.5000000      2.5000000      0.5000000      2.0000000      1.0000000      2.5000000      3.0000000      2.5000000      1.0000000      1.5000000      2.0000000      3.0000000      2.0000000      2.5000000      0.0000000      2.5000000      2.0000000      0.5000000      1.5000000      0.0000000      1.0000000      0.5000000      0.5000000      0.0000000      0.0000000      0.0000000      1.0000000      1.0000000      0.5000000      0.5000000      1.0000000      1.5000000      1.5000000      1.0000000      1.0000000      1.0000000      0.5000000      0.5000000      2.0000000 
    11.5000000        0.5000000      1.5000000      2.5000000      0.5000000      2.0000000      1.0000000      2.5000000      3.0000000      2.5000000      1.0000000      1.5000000      2.0000000      3.0000000      2.0000000      2.5000000      0.0000000      2.5000000      2.0000000      0.5000000      1.5000000      0.0000000      1.0000000      0.5000000      0.5000000      0.0000000      0.0000000      0.0000000      1.0000000      1.0000000      0.5000000      0.5000000      1.0000000      1.5000000      1.5000000      1.0000000      1.0000000      1.0000000      0.5000000      0.5000000      2.0000000 
    11.5000000        0.5000000      1.5000000      2.5000000      0.5000000      2.0000000      1.0000000      2.5000000      3.0000000      2.5000000      1.0000000      1.5000000      2.0000000      3.0000000      2.0000000      2.5000000      0.0000000      2.5000000      2.0000000      0.5000000      1.5000000      0.0000000      1.0000000      0.5000000      0.5000000      0.0000000      0.0000000      0.0000000      1.0000000      1.0000000      0.5000000      0.5000000      1.0000000      1.5000000      1.5000000      1.0000000      1.0000000      1.0000000      0.5000000      0.5000000      2.0000000 
    12.0000000        0.5000000      1.5000000      2.5000000      0.5000000      2.0000000      1.0000000      2.5000000      3.0000000      2.5000000      1.0000000      1.5000000      2.0000000      3.0000000      2.0000000      2.5000000      0.0000000      2.5000000      2.0000000      0.5000000      1.5000000      0.0000000      1.0000000      0.5000000      0.5000000      0.0000000      0.0000000      0.0000000      1.0000000      1.0000000      0.5000000      0.5000000      1.0000000      1.5000000      1.5000000      1.0000000      1.0000000      1.0000000      0.5000000      0.5000000      2.0000000 
    12.5000000        0.5000000      1.5000000      2.5000000      0.5000000      2.0000000      1.0000000      2.5000000      3.0000000      2.5000000      1.0000000      1.5000000      2.0000000      3.0000000      2.0000000      2.5000000      0.0000000      2.5000000      2.0000000      0.5000000      1.5000000      0.0000000      1.0000000      0.5000000      0.5000000      0.0000000      0.0000000      0.0000000      1.0000000      1.0000000      0.5000000      0.5000000      1.0000000      1.5000000      1.5000000      1.0000000      1.0000000      1.0000000      0.5000000      0.5000000      2.0000000 
    13.0000000        0.5000000      1.5000000      2.5000000      0.5000000      2.0000000      1.0000000      2.5000000      3.0000000      2.5000000      1.0000000      1.5000000      2.0000000      3.0000000      2.0000000      2.5000000      0.0000000      2.5000000      2.0000000      0.5000000      1.5000000      0.0000000      1.0000000      0.5000000      0.5000000      0.0000000      0.0000000      0.0000000      1.0000000      1.0000000      0.5000000      0.5000000      1.0000000      1.5000000      1.5000000      1.0000000      1.0000000      1.0000000      0.5000000      0.5000000      2.0000000 
    13.1000000        0.5000000      1.5000000      2.5000000      0.5000000      2.0000000      1.0000000      2.5000000      3.0000000      2.5000000      1.0000000      1.5000000      2.0000000      3.0000000      2.0000000      2.5000000      0.0000000      2.5000000      2.0000000      0.5000000      1.5000000      0.0000000      1.0000000      0.5000000      0.5000000      0.0000000      0.0000000      0.0000000      1.0000000      1.0000000      0.5000000      0.5000000      1.0000000      1.5000000      1.5000000      1.0000000      1.0000000      1.0000000      0.5000000      0.5000000      2.0000000 
    13.1000000        0.5000000      1.5000000      2.5000000      0.5000000      2.0000000      1.0000000      2.5000000      3.0000000      2.5000000      1.0000000      1.5000000      2.0000000      3.0000000      2.0000000      2.5000000      0.0000000      2.5000000      2.0000000      0.5000000      1.5000000      0.0000000      1.0000000      0.5000000      0.5000000      0.0000000      0.0000000      0.0000000      1.0000000      1.0000000      0.5000000      0.5000000      1.0000000      1.5000000      1.5000000      1.0000000      1.0000000      1.0000000      0.5000000      0.5000000      2.0000000 
    13.5000000        0.5000000      1.5000000      2.5000000      0.5000000      2.0000000      1.0000000      2.5000000      3.0000000      2.5000000      1.0000000      1.5000000      2.0000000      3.0000000      2.0000000      2.5000000      0.0000000      2.5000000      2.0000000      0.5000000      1.5000000      0.0000000      1.0000000      0.5000000      0.5000000      0.0000000      0.0000000      0.0000000      1.0000000      1.0000000      0.5000000      0.5000000      1.0000000      1.5000000      1.5000000      1.0000000      1.0000000      1.0000000      0.5000000      0.5000000      2.0000000 
    14.0000000        0.5000000      1.5000000      2.5000000      0.5000000      2.0000000      1.0000000      2.5000000      3.0000000      2.5000000      1.0000000      1.5000000      2.0000000      3.0000000      2.0000000      2.5000000      0.0000000      2.5000000      2.0000000      0.5000000      1.5000000      0.0000000      1.0000000      0.5000000      0.5000000      0.0000000      0.0000000      0.0000000      1.0000000      1.0000000      0.5000000      0.5000000      1.0000000      1.5000000      1.5000000      1.0000000      1.0000000      1.0000000      0.5000000      0.5000000      2.0000000 
    14.0000000        0.5000000      1.5000000      2.5000000      0.5000000      2.0000000      1.0000000      2.5000000      3.0000000      2.5000000      1.0000000      1.5000000      2.0000000      3.0000000      2.0000000      2.5000000      0.0000000      2.5000000      2.0000000      0.5000000      1.5000000      0.0000000      1.0000000      0.5000000      0.5000000      0.0000000      0.0000000      0.0000000      1.0000000      1.0000000      0.5000000      0.5000000      1.0000000      1.5000000      1.5000000      1.0000000      1.0000000      1.0000000      0.5000000      1.5000000      2.0000000 
    14.5000000        0.5000000      1.5000000      2.5000000      0.5000000      2.0000000      1.0000000      2.5000000      3.0000000      2.5000000      1.0000000      1.5000000      2.0000000      3.0000000      2.0000000      2.5000000      0.0000000      2.5000000      2.0000000      0.5000000      1.5000000      0.0000000      1.0000000      0.5000000      0.5000000      0.0000000      0.0000000      0.0000000      1.0000000      1.0000000      0.5000000      0.5000000      1.0000000      1.5000000      1.5000000      1.0000000      1.0000000      1.0000000      0.5000000      1.5000000      2.0000000 
    15.0000000        0.5000000      1.5000000      2.5000000      0.5000000      2.0000000      1.0000000      2.5000000      3.0000000      2.5000000      1.0000000      1.5000000      2.0000000      3.0000000      2.0000000      2.5000000      0.0000000      2.5000000      2.0000000      0.5000000      1.5000000      0.0000000      1.0000000      0.5000000      0.5000000      0.0000000      0.0000000      0.0000000      1.0000000      1.0000000      0.5000000      0.5000000      1.0000000      1.5000000      1.5000000      1.0000000      1.0000000      1.0000000      0.5000000      1.5000000      2.0000000 
    15.5000000        0.5000000      1.5000000      2.5000000      0.5000000      2.0000000      1.0000000      2.5000000      3.0000000      2.5000000      1.0000000      1.5000000      2.0000000      3.0000000      2.0000000      2.5000000      0.0000000      2.5000000      2.0000000      0.5000000      1.5000000      0.0000000      1.0000000      0.5000000      0.5000000      0.0000000      0.0000000      0.0000000      1.0000000      1.0000000      0.5000000      0.5000000      1.0000000      1.5000000      1.5000000      1.0000000      1.0000000      1.0000000      0.5000000      1.5000000      2.0000000 
    16.0000000        0.5000000      1.5000000      2.5000000      0.5000000      2.0000000      1.0000000      2.5000000      3.0000000      2.5000000      1.0000000      1.5000000      2.0000000      3.0000000      2.0000000      2.5000000      0.0000000      2.5000000      2.0000000      0.5000000      1.5000000      0.0000000      1.0000000      0.5000000      0.5000000      0.0000000      0.0000000      0.0000000      1.0000000      1.0000000      0.5000000      0.5000000      1.0000000      1.5000000      1.5000000      1.0000000      1.0000000      1.0000000      0.5000000      1.5000000      2.0000000 
    16.5000000        0.5000000      1.5000000      2.5000000      0.5000000      2.0000000      1.0000000      2.5000000      3.0000000      2.5000000      1.0000000      1.5000000      2.0000000      3.0000000      2.0000000      2.5000000      0.0000000      2.5000000      2.0000000      0.5000000      1.5000000      0.0000000      1.0000000      0.5000000      0.5000000      0.0000000      0.0000000      0.0000000      1.0000000      1.0000000      0.5000000      0.5000000      1.0000000      1.5000000      1.5000000      1.0000000      1.0000000      1.0000000      0.5000000      1.5000000      2.0000000 
    17.0000000        0.5000000      1.5000000      2.5000000      0.5000000      2.0000000      1.0000000      2.5000000      3.0000000      2.5000000      1.0000000      1.5000000      2.0000000      3.0000000      2.0000000      2.5000000      0.0000000      2.5000000      2.0000000      0.5000000      1.5000000      0.0000000      1.0000000      0.5000000      0.5000000      0.0000000      0.0000000      0.0000000      1.0000000      1.0000000      0.5000000      0.5000000      1.0000000      1.5000000      1.5000000      1.0000000      1.0000000      1.0000000      0.5000000      1.5000000      2.0000000 
    17.5000000        0.5000000      1.5000000      2.5000000      0.5000000      2.0000000      1.0000000      2.5000000      3.0000000      2.5000000      1.0000000      1.5000000      2.0000000      3.0000000      2.0000000      2.5000000      0.0000000      2.5000000      2.0000000      0.5000000      1.5000000      0.0000000      1.0000000      0.5000000      0.5000000      0.0000000      0.0000000      0.0000000      1.0000000      1.0000000      0.5000000      0.5000000      1.0000000      1.5000000      1.5000000      1.0000000      1.0000000      1.0000000      0.5000000      1.5000000      2.0000000 
    17.5000000        0.5000000      1.5000000      2.5000000      0.5000000      2.0000000      1.0000000      2.5000000      3.0000000      2.5000000      1.0000000      1.5000000      2.0000000      3.0000000      2.0000000      2.5000000      0.0000000      2.5000000      2.0000000      0.5000000      1.5000000      0.0000000      1.0000000      0.5000000      0.5000000      0.0000000      0.0000000      0.0000000      1.0000000      1.0000000      0.5000000      0.5000000      1.0000000      1.5000000      1.5000000      1.0000000      1.0000000      1.0000000      0.5000000      1.5000000      2.0000000 
    17.8000000        0.5000000      1.5000000      2.5000000      0.5000000      2.0000000      1.0000000      2.5000000      3.0000000      2.5000000      1.0000000      1.5000000      2.0000000      3.0000000      2.0000000      2.5000000      0.0000000      2.5000000      2.0000000      0.5000000      1.5000000      0.0000000      1.0000000      0.5000000      0.5000000      0.0000000      0.0000000      0.0000000      1.0000000      1.0000000      0.5000000      0.5000000      1.0000000      1.5000000      1.5000000      1.0000000      1.0000000      1.0000000      0.5000000      1.5000000      2.0000000 
    17.8000000        0.5000000      1.5000000      2.5000000      0.5000000      2.0000000      1.0000000      2.5000000      3.0000000      2.5000000      1.0000000      1.5000000      2.0000000      3.0000000      2.0000000      2.5000000      0.0000000      2.5000000      2.0000000      0.5000000      1.5000000      0.0000000      1.0000000      0.5000000      0.5000000      0.0000000      0.0000000      0.0000000      1.0000000      1.0000000      0.5000000      0.5000000      1.0000000      1.5000000      1.5000000      1.0000000      1.0000000      1.0000000      0.5000000      1.5000000      2.0000000 
    18.0000000        0.5000000      1.5000000      2.5000000      0.5000000      2.0000000      1.0000000      2.5000000      3.0000000      2.5000000      1.0000000      1.5000000      2.0000000      3.0000000      2.0000000      2.5000000      0.0000000      2.5000000      2.0000000      0.5000000      1.5000000      0.0000000      1.0000000      0.5000000      0.5000000      0.0000000      0.0000000      0.0000000      1.0000000      1.0000000      0.5000000      0.5000000      1.0000000      1.5000000      1.5000000      1.0000000      1.0000000      1.0000000      0.5000000      1.5000000      2.0000000 
    18.2000000        0.5000000      1.5000000      2.5000000      0.5000000      2.0000000      1.0000000      2.5000000      3.0000000      2.5000000      1.0000000      1.5000000      2.0000000      3.0000000      2.0000000      2.5000000      0.0000000      2.5000000      2.0000000      0.5000000      1.5000000      0.0000000      1.0000000      0.5000000      0.5000000      0.0000000      0.0000000      0.0000000      1.0000000      1.0000000      0.5000000      0.5000000      1.0000000      1.5000000      1.5000000      1.0000000      1.0000000      1.0000000      0.5000000      1.5000000      2.0000000 
    18.2000000        0.5000000      1.5000000      2.5000000      0.5000000      2.0000000      1.0000000      2.5000000      3.0000000      2.5000000      1.0000000      1.5000000      2.0000000      3.0000000      2.0000000      2.5000000      0.0000000      2.5000000      2.0000000      0.5000000      1.5000000      0.0000000      1.0000000      0.5000000      0.5000000      0.0000000      0.0000000      0.0000000      1.0000000      1.0000000      0.5000000      0.5000000      1.0000000      1.5000000      1.5000000      1.0000000      1.0000000      1.0000000      0.5000000      1.5000000      2.0000000 
    18.5000000        0.5000000      1.5000000      2.5000000      0.5000000      2.0000000      1.0000000      2.5000000      3.0000000      2.5000000      1.0000000      1.5000000      2.0000000      3.0000000      2.0000000      2.5000000      0.0000000      2.5000000      2.0000000      0.5000000      1.5000000      0.0000000      1.0000000      0.5000000      0.5000000      0.0000000      0.0000000      0.0000000      1.0000000      1.0000000      0.5000000      0.5000000      1.0000000      1.5000000      1.5000000      1.0000000      1.0000000      1.0000000      0.5000000      1.5000000      2.0000000 
    19.0000000        0.5000000      1.5000000      2.5000000      0.5000000      2.0000000      1.0000000      2.5000000      3.0000000      2.5000000      1.0000000      1.5000000      2.0000000      3.0000000      2.0000000      2.5000000      0.0000000      2.5000000      2.0000000      0.5000000      1.5000000      0.0000000      1.0000000      0.5000000      0.5000000      0.0000000      0.0000000      0.0000000      1.0000000      1.0000000      0.5000000      0.5000000      1.0000000      1.5000000      1.5000000      1.0000000      1.0000000      1.0000000      0.5000000      1.5000000      2.0000000 
    19.5000000        0.5000000      1.5000000      2.5000000      0.5000000      2.0000000      1.0000000      2.5000000      3.0000000      2.5000000      1.0000000      1.5000000      2.0000000      3.0000000      2.0000000      2.5000000      0.0000000      2.5000000      2.0000000      0.5000000      1.5000000      0.0000000      1.0000000      0.5000000      0.5000000      0.0000000      0.0000000      0.0000000      1.0000000      1.0000000      0.5000000      0.5000000      1.0000000      1.5000000      1.5000000      1.0000000      1.0000000      1.0000000      0.5000000      1.5000000      2.0000000 
    20.0000000        0.5000000      1.5000000      2.5000000      0.5000000      2.0000000      1.0000000      2.5000000      3.0000000      2.5000000      1.0000000      1.5000000      2.0000000      3.0000000      2.0000000      2.5000000      0.0000000      2.5000000      2.0000000      0.5000000      1.5000000      0.0000000      1.0000000      0.5000000      0.5000000      0.0000000      0.0000000      0.0000000      1.0000000      1.0000000      0.5000000      0.5000000      1.0000000      1.5000000      1.5000000      1.0000000      1.0000000      1.0000000      0.5000000      1.5000000      2.0000000 
    20.1000000        0.5000000      1.5000000      2.5000000      0.5000000      2.0000000      1.0000000      2.5000000      3.0000000      2.5000000      1.0000000      1.5000000      2.0000000      3.0000000      2.0000000      2.5000000      0.0000000      2.5000000      2.0000000      0.5000000      1.5000000      0.0000000      1.0000000      0.5000000      0.5000000      0.0000000      0.0000000      0.0000000      1.0000000      1.0000000      0.5000000      0.5000000      1.0000000      1.5000000      1.5000000      1.0000000      1.0000000      1.0000000      0.5000000      1.5000000      2.0000000 
    20.1000000        0.5000000      1.5000000      2.5000000      0.5000000      2.0000000      1.0000000      2.5000000      3.0000000      2.5000000      1.0000000      1.5000000      2.0000000      3.0000000      2.0000000      2.5000000      0.0000000      2.5000000      2.0000000      0.5000000      1.5000000      0.0000000      1.0000000      0.5000000      0.5000000      0.0000000      0.0000000      0.0000000      1.0000000      1.0000000      0.5000000      0.5000000      1.0000000      1.5000000      1.5000000      1.0000000      1.0000000      1.0000000      1.5000000      1.5000000      2.0000000 
    20.5000000        0.5000000      1.5000000      2.5000000      0.5000000      2.0000000      1.0000000      2.5000000      3.0000000      2.5000000      1.0000000      1.5000000      2.0000000      3.0000000      2.0000000      2.5000000      0.0000000      2.5000000      2.0000000      0.5000000      1.5000000      0.0000000      1.0000000      0.5000000      0.5000000      0.0000000      0.0000000      0.0000000      1.0000000      1.0000000      0.5000000      0.5000000      1.0000000      1.5000000      1.5000000      1.0000000      1.0000000      1.0000000      1.5000000      1.5000000      2.0000000 
    20.9000000        0.5000000      1.5000000      2.5000000      0.5000000      2.0000000      1.0000000      2.5000000      3.0000000      2.5000000      1.0000000      1.5000000      2.0000000      3.0000000      2.0000000      2.5000000      0.0000000      2.5000000      2.0000000      0.5000000      1.5000000      0.0000000      1.0000000      0.5000000      0.5000000      0.0000000      0.0000000      0.0000000      1.0000000      1.0000000      0.5000000      0.5000000      1.0000000      1.5000000      1.5000000      1.0000000      1.0000000      1.0000000      1.5000000      1.5000000      2.0000000 
    20.9000000        0.5000000      1.5000000      2.5000000      0.5000000      2.0000000      1.0000000      2.5000000      3.0000000      2.5000000      1.0000000      1.5000000      2.0000000      3.0000000      2.0000000      2.5000000      0.0000000      2.5000000      2.0000000      0.5000000      1.5000000      0.0000000      1.0000000      0.5000000      0.5000000      0.0000000      0.0000000      0.0000000      1.0000000      1.0000000      0.5000000      0.5000000      1.0000000      1.5000000      1.5000000      1.0000000      1.0000000      1.0000000      1.5000000      1.5000000      2.0000000 
    21.0000000        0.5000000      1.5000000      2.5000000      0.5000000      2.0000000      1.0000000      2.5000000      3.0000000      2.5000000      1.0000000      1.5000000      2.0000000      3.0000000      2.0000000      2.5000000      0.0000000      2.5000000      2.0000000      0.5000000      1.5000000      0.0000000      1.0000000      0.5000000      0.5000000      0.0000000      0.0000000      0.0000000      1.0000000      1.0000000      0.5000000      0.5000000      1.0000000      1.5000000      1.5000000      1.0000000      1.0000000      1.0000000      1.5000000      1.5000000      2.0000000 
    21.5000000        0.5000000      1.5000000      2.5000000      0.5000000      2.0000000      1.0000000      2.5000000      3.0000000      2.5000000      1.0000000      1.5000000      2.0000000      3.0000000      2.0000000      2.5000000      0.0000000      2.5000000      2.0000000      0.5000000      1.5000000      0.0000000      1.0000000      0.5000000      0.5000000      0.0000000      0.0000000      0.0000000      1.0000000      1.0000000      0.5000000      0.5000000      1.0000000      1.5000000      1.5000000      1.0000000      1.0000000      1.0000000      1.5000000      1.5000000      2.0000000 
    22.0000000        0.5000000      1.5000000      2.5000000      0.5000000      2.0000000      1.0000000      2.5000000      3.0000000      2.5000000      1.0000000      1.5000000      2.0000000      3.0000000      2.0000000      2.5000000      0.0000000      2.5000000      2.0000000      0.5000000      1.5000000      0.0000000      1.0000000      0.5000000      0.5000000      0.0000000      0.0000000      0.0000000      1.0000000      1.0000000      0.5000000      0.5000000      1.0000000      1.5000000      1.5000000      1.0000000      1.0000000      1.0000000      1.5000000      1.5000000      2.0000000 
    22.5000000        0.5000000      1.5000000      2.5000000      0.5000000      2.0000000      1.0000000      2.5000000      3.0000000      2.5000000      1.0000000      1.5000000      2.0000000      3.0000000      2.0000000      2.5000000      0.0000000      2.5000000      2.0000000      0.5000000      1.5000000      0.0000000      1.0000000      0.5000000      0.5000000      0.0000000      0.0000000      0.0000000      1.0000000      1.0000000      0.5000000      0.5000000      1.0000000      1.5000000      1.5000000      1.0000000      1.0000000      1.0000000      1.5000000      1.5000000      2.0000000 
    22.5000000        0.5000000      1.5000000      2.5000000      0.5000000      2.0000000      1.0000000      2.5000000      3.0000000      2.5000000      1.0000000      1.5000000      2.0000000      3.0000000      2.0000000      2.5000000      0.0000000      2.5000000      2.0000000      0.5000000      1.5000000      0.0000000      1.0000000      0.5000000      0.5000000      0.0000000      0.0000000      0.0000000      1.0000000      1.0000000      0.5000000      0.5000000      1.0000000      1.5000000      1.5000000      1.0000000      1.0000000      1.0000000      1.5000000      1.5000000      2.0000000 
    23.0000000        0.5000000      1.5000000      2.5000000      0.5000000      2.0000000      1.0000000      2.5000000      3.0000000      2.5000000      1.0000000      1.5000000      2.0000000      3.0000000      2.0000000      2.5000000      0.0000000      2.5000000      2.0000000      0.5000000      1.5000000      0.0000000      1.0000000      0.5000000      0.5000000      0.0000000      0.0000000      0.0000000      1.0000000      1.0000000      0.5000000      0.5000000      1.0000000      1.5000000      1.5000000      1.0000000      1.0000000      1.0000000      1.5000000      1.5000000      2.0000000 
    23.5000000        0.5000000      1.5000000      2.5000000      0.5000000      2.0000000      1.0000000      2.5000000      3.0000000      2.5000000      1.0000000      1.5000000      2.0000000      3.0000000      2.0000000      2.5000000      0.0000000      2.5000000      2.0000000      0.5000000      1.5000000      0.0000000      1.0000000      0.5000000      0.5000000      0.0000000      0.0000000      0.0000000      1.0000000      1.0000000      0.5000000      0.5000000      1.0000000      1.5000000      1.5000000      1.0000000      1.0000000      1.0000000      1.5000000      1.5000000      2.0000000 
    24.0000000        0.5000000      1.5000000      2.5000000      0.5000000      2.0000000      1.0000000      2.5000000      3.0000000      2.5000000      1.0000000      1.5000000      2.0000000      3.0000000      2.0000000      2.5000000      0.0000000      2.5000000      2.0000000      0.5000000      1.5000000      0.0000000      1.0000000      0.5000000      0.5000000      0.0000000      0.0000000      0.0000000      1.0000000      1.0000000      0.5000000      0.5000000      1.0000000      1.5000000      1.5000000      1.0000000      1.0000000      1.0000000      1.5000000      1.5000000      2.0000000 
    24.5000000        0.5000000      1.5000000      2.5000000      0.5000000      2.0000000      1.0000000      2.5000000      3.0000000      2.5000000      1.0000000      1.5000000      2.0000000      3.0000000      2.0000000      2.5000000      0.0000000      2.5000000      2.0000000      0.5000000      1.5000000      0.0000000      1.0000000      0.5000000      0.5000000      0.0000000      0.0000000      0.0000000      1.0000000      1.0000000      0.5000000      0.5000000      1.0000000      1.5000000      1.5000000      1.0000000      1.0000000      1.0000000      1.5000000      1.5000000      2.0000000 
    24.5000000        0.5000000      1.5000000      2.5000000      0.5000000      2.0000000      1.0000000      2.5000000      3.0000000      2.5000000      1.0000000      1.5000000      2.0000000      3.0000000      2.0000000      2.5000000      0.0000000      2.5000000      2.0000000      0.5000000      1.5000000      0.0000000      1.0000000      0.5000000      0.5000000      0.0000000      0.0000000      0.0000000      1.0000000      1.0000000      0.5000000      0.5000000      1.0000000      1.5000000      1.5000000      1.0000000      1.0000000      1.0000000      1.5000000      1.5000000      2.0000000 
    24.8000000        0.5000000      1.5000000      2.5000000      0.5000000      2.0000000      1.0000000      2.5000000      3.0000000      2.5000000      1.0000000      1.5000000      2.0000000      3.0000000      2.0000000      2.5000000      0.0000000      2.5000000      2.0000000      0.5000000      1.5000000      0.0000000      1.0000000      0.5000000      0.5000000      0.0000000      0.0000000      0.0000000      1.0000000      1.0000000      0.5000000      0.5000000      1.0000000      1.5000000      1.5000000      1.0000000      1.0000000      1.0000000      1.5000000      1.5000000      2.0000000 
    24.8000000        0.5000000      1.5000000      2.5000000      0.5000000      2.0000000      1.0000000      2.5000000      3.0000000      2.5000000      1.0000000      2.5000000      2.0000000      3.0000000      2.0000000      2.5000000      0.0000000      2.5000000      2.0000000      0.5000000      1.5000000      0.0000000      1.0000000      0.5000000      0.5000000      0.0000000      0.0000000      0.0000000      1.0000000      1.0000000      0.5000000      0.5000000      1.0000000      1.5000000      1.5000000      1.0000000      1.0000000      1.0000000      1.5000000      1.5000000      2.0000000 
    25.0000000        0.5000000      1.5000000      2.5000000      0.5000000      2.0000000      1.0000000      2.5000000      3.0000000      2.5000000      1.0000000      2.5000000      2.0000000      3.0000000      2.0000000      2.5000000      0.0000000      2.5000000      2.0000000      0.5000000      1.5000000      0.0000000      1.0000000      0.5000000      0.5000000      0.0000000      0.0000000      0.0000000      1.0000000      1.0000000      0.5000000      0.5000000      1.0000000      1.5000000      1.5000000      1.0000000      1.0000000      1.0000000      1.5000000      1.5000000      2.0000000 
    25.0000000        0.5000000      1.5000000      2.5000000      0.5000000      2.0000000      1.0000000      2.5000000      3.0000000      2.5000000      1.0000000      2.5000000      2.0000000      3.0000000      2.0000000      2.5000000      0.0000000      2.5000000      2.0000000      0.5000000      1.5000000      0.0000000      1.0000000      0.5000000      0.5000000      0.0000000      0.0000000      0.0000000      1.0000000      1.0000000      0.5000000      0.5000000      1.0000000      1.5000000      1.5000000      1.0000000      1.0000000      1.0000000      1.5000000      1.5000000      2.0000000 
    25.5000000        0.5000000      1.5000000      2.5000000      0.5000000      2.0000000      1.0000000      2.5000000      3.0000000      2.5000000      1.0000000      2.5000000      2.0000000      3.0000000      2.0000000      2.5000000      0.0000000      2.5000000      2.0000000      0.5000000      1.5000000      0.0000000      1.0000000      0.5000000      0.5000000      0.0000000      0.0000000      0.0000000      1.0000000      1.0000000      0.5000000      0.5000000      1.0000000      1.5000000      1.5000000      1.0000000      1.0000000      1.0000000      1.5000000      1.5000000      2.0000000 
    25.6000000        0.5000000      1.5000000      2.5000000      0.5000000      2.0000000      1.0000000      2.5000000      3.0000000      2.5000000      1.0000000      2.5000000      2.0000000      3.0000000      2.0000000      2.5000000      0.0000000      2.5000000      2.0000000      0.5000000      1.5000000      0.0000000      1.0000000      0.5000000      0.5000000      0.0000000      0.0000000      0.0000000      1.0000000      1.0000000      0.5000000      0.5000000      1.0000000      1.5000000      1.5000000      1.0000000      1.0000000      1.0000000      1.5000000      1.5000000      2.0000000 
    25.6000000        0.5000000      1.5000000      2.5000000      0.5000000      2.0000000      1.0000000      2.5000000      3.0000000      2.5000000      1.0000000      2.5000000      2.0000000      3.0000000      2.0000000      2.5000000      0.0000000      2.5000000      2.0000000      0.5000000      1.5000000      0.0000000      1.0000000      0.5000000      0.5000000      0.0000000      0.0000000      0.0000000      1.0000000      1.0000000      0.5000000      0.5000000      1.0000000      1.5000000      1.5000000      1.0000000      1.0000000      1.0000000      1.5000000      1.5000000      2.0000000 
    26.0000000        0.5000000      1.5000000      2.5000000      0.5000000      2.0000000      1.0000000      2.5000000      3.0000000      2.5000000      1.0000000      2.5000000      2.0000000      3.0000000      2.0000000      2.5000000      0.0000000      2.5000000      2.0000000      0.5000000      1.5000000      0.0000000      1.0000000      0.5000000      0.5000000      0.0000000      0.0000000      0.0000000      1.0000000      1.0000000      0.5000000      0.5000000      1.0000000      1.5000000      1.5000000      1.0000000      1.0000000      1.0000000      1.5000000      1.5000000      2.0000000 
    26.5000000        0.5000000      1.5000000      2.5000000      0.5000000      2.0000000      1.0000000      2.5000000      3.0000000      2.5000000      1.0000000      2.5000000      2.0000000      3.0000000      2.0000000      2.5000000      0.0000000      2.5000000      2.0000000      0.5000000      1.5000000      0.0000000      1.0000000      0.5000000      0.5000000      0.0000000      0.0000000      0.0000000      1.0000000      1.0000000      0.5000000      0.5000000      1.0000000      1.5000000      1.5000000      1.0000000      1.0000000      1.0000000      1.5000000      1.5000000      2.0000000 
    27.0000000        0.5000000      1.5000000      2.5000000      0.5000000      2.0000000      1.0000000      2.5000000      3.0000000      2.5000000      1.0000000      2.5000000      2.0000000      3.0000000      2.0000000      2.5000000      0.0000000      2.5000000      2.0000000      0.5000000      1.5000000      0.0000000      1.0000000      0.5000000      0.5000000      0.0000000      0.0000000      0.0000000      1.0000000      1.0000000      0.5000000      0.5000000      1.0000000      1.5000000      1.5000000      1.0000000      1.0000000      1.0000000      1.5000000      1.5000000      2.0000000 
    27.5000000        0.5000000      1.5000000      2.5000000      0.5000000      2.0000000      1.0000000      2.5000000      3.0000000      2.5000000      1.0000000      2.5000000      2.0000000      3.0000000      2.0000000      2.5000000      0.0000000      2.5000000      2.0000000      0.5000000      1.5000000      0.0000000      1.0000000      0.5000000      0.5000000      0.0000000      0.0000000      0.0000000      1.0000000      1.0000000      0.5000000      0.5000000      1.0000000      1.5000000      1.5000000      1.0000000      1.0000000      1.0000000      1.5000000      1.5000000      2.0000000 
    28.0000000        0.5000000      1.5000000      2.5000000      0.5000000      2.0000000      1.0000000      2.5000000      3.0000000      2.5000000      1.0000000      2.5000000      2.0000000      3.0000000      2.0000000      2.5000000      0.0000000      2.5000000      2.0000000      0.5000000      1.5000000      0.0000000      1.0000000      0.5000000      0.5000000      0.0000000      0.0000000      0.0000000      1.0000000      1.0000000      0.5000000      0.5000000      1.0000000      1.5000000      1.5000000      1.0000000      1.0000000      1.0000000      1.5000000      1.5000000      2.0000000 
    28.5000000        0.5000000      1.5000000      2.5000000      0.5000000      2.0000000      1.0000000      2.5000000      3.0000000      2.5000000      1.0000000      2.5000000      2.0000000      3.0000000      2.0000000      2.5000000      0.0000000      2.5000000      2.0000000      0.5000000      1.5000000      0.0000000      1.0000000      0.5000000      0.5000000      0.0000000      0.0000000      0.0000000      1.0000000      1.0000000      0.5000000      0.5000000      1.0000000      1.5000000      1.5000000      1.0000000      1.0000000      1.0000000      1.5000000      1.5000000      2.0000000 
    28.7000000        0.5000000      1.5000000      2.5000000      0.5000000      2.0000000      1.0000000      2.5000000      3.0000000      2.5000000      1.0000000      2.5000000      2.0000000      3.0000000      2.0000000      2.5000000      0.0000000      2.5000000      2.0000000      0.5000000      1.5000000      0.0000000      1.0000000      0.5000000      0.5000000      0.0000000      0.0000000      0.0000000      1.0000000      1.0000000      0.5000000      0.5000000      1.0000000      1.5000000      1.5000000      1.0000000      1.0000000      1.0000000      1.5000000      1.5000000      2.0000000 
    28.7000000        0.5000000      1.5000000      2.5000000      0.5000000      2.0000000      1.0000000      2.5000000      3.0000000      2.5000000      1.0000000      2.5000000      2.0000000      3.0000000      2.0000000      2.5000000      0.0000000      2.5000000      2.0000000      0.5000000      1.5000000      0.0000000      1.0000000      0.5000000      0.5000000      0.0000000      0.0000000      0.0000000      1.0000000      1.0000000      0.5000000      0.5000000      1.0000000      1.5000000      1.5000000      1.0000000      1.0000000      1.0000000      1.5000000      1.5000000      2.0000000 
    29.0000000        0.5000000      1.5000000      2.5000000      0.5000000      2.0000000      1.0000000      2.5000000      3.0000000      2.5000000      1.0000000      2.5000000      2.0000000      3.0000000      2.0000000      2.5000000      0.0000000      2.5000000      2.0000000      0.5000000      1.5000000      0.0000000      1.0000000      0.5000000      0.5000000      0.0000000      0.0000000      0.0000000      1.0000000      1.0000000      0.5000000      0.5000000      1.0000000      1.5000000      1.5000000      1.0000000      1.0000000      1.0000000      1.5000000      1.5000000      2.0000000 
    29.5000000        0.5000000      1.5000000      2.5000000      0.5000000      2.0000000      1.0000000      2.5000000      3.0000000      2.5000000      1.0000000      2.5000000      2.0000000      3.0000000      2.0000000      2.5000000      0.0000000      2.5000000      2.0000000      0.5000000      1.5000000      0.0000000      1.0000000      0.5000000      0.5000000      0.0000000      0.0000000      0.0000000      1.0000000      1.0000000      0.5000000      0.5000000      1.0000000      1.5000000      1.5000000      1.0000000      1.0000000      1.0000000      1.5000000      1.5000000      2.0000000 
    29.5000000        0.5000000      1.5000000      2.5000000      0.5000000      2.0000000      1.0000000      2.5000000      3.0000000      2.5000000      1.0000000      2.5000000      2.0000000      3.0000000      2.0000000      2.5000000      0.0000000      2.5000000      2.0000000      0.5000000      1.5000000      0.0000000      1.0000000      0.5000000      0.5000000      0.0000000      0.0000000      0.0000000      1.0000000      1.0000000      0.5000000      0.5000000      1.0000000      1.5000000      1.5000000      1.0000000      1.0000000      1.0000000      1.5000000      1.5000000      2.0000000 
    30.0000000        0.5000000      1.5000000      2.5000000      0.5000000      2.0000000      1.0000000      2.5000000      3.0000000      2.5000000      1.0000000      2.5000000      2.0000000      3.0000000      2.0000000      2.5000000      0.0000000      2.5000000      2.0000000      0.5000000      1.5000000      0.0000000      1.0000000      0.5000000      0.5000000      0.0000000      0.0000000      0.0000000      1.0000000      1.0000000      0.5000000      0.5000000      1.0000000      1.5000000      1.5000000      1.0000000      1.0000000      1.0000000      1.5000000      1.5000000      2.0000000 
    30.5000000        0.5000000      1.5000000      2.5000000      0.5000000      2.0000000      1.0000000      2.5000000      3.0000000      2.5000000      1.0000000      2.5000000      2.0000000      3.0000000      2.0000000      2.5000000      0.0000000      2.5000000      2.0000000      0.5000000      1.5000000      0.0000000      1.0000000      0.5000000      0.5000000      0.0000000      0.0000000      0.0000000      1.0000000      1.0000000      0.5000000      0.5000000      1.0000000      1.5000000      1.5000000      1.0000000      1.0000000      1.0000000      1.5000000      1.5000000      2.0000000 
    31.0000000        0.5000000      1.5000000      2.5000000      0.5000000      2.0000000      1.0000000      2.5000000      3.0000000      2.5000000      1.0000000      2.5000000      2.0000000      3.0000000      2.0000000      2.5000000      0.0000000      2.5000000      2.0000000      0.5000000      1.5000000      0.0000000      1.0000000      0.5000000      0.5000000      0.0000000      0.0000000      0.0000000      1.0000000      1.0000000      0.5000000      0.5000000      1.0000000      1.5000000      1.5000000      1.0000000      1.0000000      1.0000000      1.5000000      1.5000000      2.0000000 
    31.5000000        0.5000000      1.5000000      2.5000000      0.5000000      2.0000000      1.0000000      2.5000000      3.0000000      2.5000000      1.0000000      2.5000000      2.0000000      3.0000000      2.0000000      2.5000000      0.0000000      2.5000000      2.0000000      0.5000000      1.5000000      0.0000000      1.0000000      0.5000000      0.5000000      0.0000000      0.0000000      0.0000000      1.0000000      1.0000000      0.5000000      0.5000000      1.0000000      1.5000000      1.5000000      1.0000000      1.0000000      1.0000000      1.5000000      1.5000000      2.0000000 
    32.0000000        0.5000000      1.5000000      2.5000000      0.5000000      2.0000000      1.0000000      2.5000000      3.0000000      2.5000000      1.0000000      2.5000000      2.0000000      3.0000000      2.0000000      2.5000000      0.0000000      2.5000000      2.0000000      0.5000000      1.5000000      0.0000000      1.0000000      0.5000000      0.5000000      0.0000000      0.0000000      0.0000000      1.0000000      1.0000000      0.5000000      0.5000000      1.0000000      1.5000000      1.5000000      1.0000000      1.0000000      1.0000000      1.5000000      1.5000000      2.0000000 
    32.5000000        0.5000000      1.5000000      2.5000000      0.5000000      2.0000000      1.0000000      2.5000000      3.0000000      2.5000000      1.0000000      2.5000000      2.0000000      3.0000000      2.0000000      2.5000000      0.0000000      2.5000000      2.0000000      0.5000000      1.5000000      0.0000000      1.0000000      0.5000000      0.5000000      0.0000000      0.0000000      0.0000000      1.0000000      1.0000000      0.5000000      0.5000000      1.0000000      1.5000000      1.5000000      1.0000000      1.0000000      1.0000000      1.5000000      1.5000000      2.0000000 
    33.0000000        0.5000000      1.5000000      2.5000000      0.5000000      2.0000000      1.0000000      2.5000000      3.0000000      2.5000000      1.0000000      2.5000000      2.0000000      3.0000000      2.0000000      2.5000000      0.0000000      2.5000000      2.0000000      0.5000000      1.5000000      0.0000000      1.0000000      0.5000000      0.5000000      0.0000000      0.0000000      0.0000000      1.0000000      1.0000000      0.5000000      0.5000000      1.0000000      1.5000000      1.5000000      1.0000000      1.0000000      1.0000000      1.5000000      1.5000000      2.0000000 
    33.5000000        0.5000000      1.5000000      2.5000000      0.5000000      2.0000000      1.0000000      2.5000000      3.0000000      2.5000000      1.0000000      2.5000000      2.0000000      3.0000000      2.0000000      2.5000000      0.0000000      2.5000000      2.0000000      0.5000000      1.5000000      0.0000000      1.0000000      0.5000000      0.5000000      0.0000000      0.0000000      0.0000000      1.0000000      1.0000000      0.5000000      0.5000000      1.0000000      1.5000000      1.5000000      1.0000000      1.0000000      1.0000000      1.5000000      1.5000000      2.0000000 
    33.5000000        0.5000000      1.5000000      2.5000000      0.5000000      2.0000000      1.0000000      2.5000000      3.0000000      2.5000000      1.0000000      2.5000000      2.0000000      3.0000000      2.0000000      2.5000000      0.0000000      2.5000000      2.0000000      0.5000000      1.5000000      0.0000000      0.0000000      0.5000000      0.5000000      0.0000000      0.0000000      0.0000000      1.0000000      1.0000000      0.5000000      0.5000000      1.0000000      1.5000000      1.5000000      1.0000000      1.0000000      1.0000000      1.5000000      1.5000000      2.0000000 
    34.0000000        0.5000000      1.5000000      2.5000000      0.5000000      2.0000000      1.0000000      2.5000000      3.0000000      2.5000000      1.0000000      2.5000000      2.0000000      3.0000000      2.0000000      2.5000000      0.0000000      2.5000000      2.0000000      0.5000000      1.5000000      0.0000000      0.0000000      0.5000000      0.5000000      0.0000000      0.0000000      0.0000000      1.0000000      1.0000000      0.5000000      0.5000000      1.0000000      1.5000000      1.5000000      1.0000000      1.0000000      1.0000000      1.5000000      1.5000000      2.0000000 
    34.0000000        0.5000000      1.5000000      2.5000000      0.5000000      2.0000000      1.0000000      2.5000000      3.0000000      2.5000000      1.0000000      2.5000000      2.0000000      3.0000000      2.0000000      2.5000000      0.0000000      2.5000000      2.0000000      0.5000000      1.5000000      0.0000000      0.0000000      0.5000000      0.5000000      0.0000000      0.0000000      0.0000000      1.0000000      1.0000000      0.5000000      0.5000000      1.0000000      1.5000000      1.5000000      1.0000000      1.0000000      1.0000000      1.5000000      1.5000000      2.0000000 
    34.5000000        0.5000000      1.5000000      2.5000000      0.5000000      2.0000000      1.0000000      2.5000000      3.0000000      2.5000000      1.0000000      2.5000000      2.0000000      3.0000000      2.0000000      2.5000000      0.0000000      2.5000000      2.0000000      0.5000000      1.5000000      0.0000000      0.0000000      0.5000000      0.5000000      0.0000000      0.0000000      0.0000000      1.0000000      1.0000000      0.5000000      0.5000000      1.0000000      1.5000000      1.5000000      1.0000000      1.0000000      1.0000000      1.5000000      1.5000000      2.0000000 
    35.0000000        0.5000000      1.5000000      2.5000000      0.5000000      2.0000000      1.0000000      2.5000000      3.0000000      2.5000000      1.0000000      2.5000000      2.0000000      3.0000000      2.0000000      2.5000000      0.0000000      2.5000000      2.0000000      0.5000000      1.5000000      0.0000000      0.0000000      0.5000000      0.5000000      0.0000000      0.0000000      0.0000000      1.0000000      1.0000000      0.5000000      0.5000000      1.0000000      1.5000000      1.5000000      1.0000000      1.0000000      1.0000000      1.5000000      1.5000000      2.0000000 
    35.2000000        0.5000000      1.5000000      2.5000000      0.5000000      2.0000000      1.0000000      2.5000000      3.0000000      2.5000000      1.0000000      2.5000000      2.0000000      3.0000000      2.0000000      2.5000000      0.0000000      2.5000000      2.0000000      0.5000000      1.5000000      0.0000000      0.0000000      0.5000000      0.5000000      0.0000000      0.0000000      0.0000000      1.0000000      1.0000000      0.5000000      0.5000000      1.0000000      1.5000000      1.5000000      1.0000000      1.0000000      1.0000000      1.5000000      1.5000000      2.0000000 
    35.2000000        0.5000000      1.5000000      2.5000000      0.5000000      2.0000000      1.0000000      2.5000000      3.0000000      2.5000000      1.0000000      2.5000000      2.0000000      3.0000000      2.0000000      2.5000000      0.0000000      2.5000000      2.0000000      0.5000000      1.5000000      0.0000000      0.0000000      0.5000000      0.5000000      0.0000000      0.0000000      0.0000000      1.0000000      1.0000000      0.5000000      0.5000000      1.0000000      1.5000000      1.5000000      1.0000000      1.0000000      1.0000000      1.5000000      1.5000000      2.0000000 
    35.5000000        0.5000000      1.5000000      2.5000000      0.5000000      2.0000000      1.0000000      2.5000000      3.0000000      2.5000000      1.0000000      2.5000000      2.0000000      3.0000000      2.0000000      2.5000000      0.0000000      2.5000000      2.0000000      0.5000000      1.5000000      0.0000000      0.0000000      0.5000000      0.5000000      0.0000000      0.0000000      0.0000000      1.0000000      1.0000000      0.5000000      0.5000000      1.0000000      1.5000000      1.5000000      1.0000000      1.0000000      1.0000000      1.5000000      1.5000000      2.0000000 
    36.0000000        0.5000000      1.5000000      2.5000000      0.5000000      2.0000000      1.0000000      2.5000000      3.0000000      2.5000000      1.0000000      2.5000000      2.0000000      3.0000000      2.0000000      2.5000000      0.0000000      2.5000000      2.0000000      0.5000000      1.5000000      0.0000000      0.0000000      0.5000000      0.5000000      0.0000000      0.0000000      0.0000000      1.0000000      1.0000000      0.5000000      0.5000000      1.0000000      1.5000000      1.5000000      1.0000000      1.0000000      1.0000000      1.5000000      1.5000000      2.0000000 
    36.5000000        0.5000000      1.5000000      2.5000000      0.5000000      2.0000000      1.0000000      2.5000000      3.0000000      2.5000000      1.0000000      2.5000000      2.0000000      3.0000000      2.0000000      2.5000000      0.0000000      2.5000000      2.0000000      0.5000000      1.5000000      0.0000000      0.0000000      0.5000000      0.5000000      0.0000000      0.0000000      0.0000000      1.0000000      1.0000000      0.5000000      0.5000000      1.0000000      1.5000000      1.5000000      1.0000000      1.0000000      1.0000000      1.5000000      1.5000000      2.0000000 
    36.5000000        0.5000000      1.5000000      2.5000000      0.5000000      2.0000000      1.0000000      2.5000000      3.0000000      2.5000000      1.0000000      2.5000000      2.0000000      3.0000000      2.0000000      2.5000000      0.0000000      2.5000000      2.0000000      0.5000000      1.5000000      0.0000000      0.0000000      0.5000000      0.5000000      0.0000000      0.0000000      0.0000000      1.0000000      1.0000000      0.5000000      0.5000000      1.0000000      1.5000000      1.5000000      1.0000000      1.0000000      1.0000000      1.5000000      1.5000000      2.0000000 
    37.0000000        0.5000000      1.5000000      2.5000000      0.5000000      2.0000000      1.0000000      2.5000000      3.0000000      2.5000000      1.0000000      2.5000000      2.0000000      3.0000000      2.0000000      2.5000000      0.0000000      2.5000000      2.0000000      0.5000000      1.5000000      0.0000000      0.0000000      0.5000000      0.5000000      0.0000000      0.0000000      0.0000000      1.0000000      1.0000000      0.5000000      0.5000000      1.0000000      1.5000000      1.5000000      1.0000000      1.0000000      1.0000000      1.5000000      1.5000000      2.0000000 
    37.5000000        0.5000000      1.5000000      2.5000000      0.5000000      2.0000000      1.0000000      2.5000000      3.0000000      2.5000000      1.0000000      2.5000000      2.0000000      3.0000000      2.0000000      2.5000000      0.0000000      2.5000000      2.0000000      0.5000000      1.5000000      0.0000000      0.0000000      0.5000000      0.5000000      0.0000000      0.0000000      0.0000000      1.0000000      1.0000000      0.5000000      0.5000000      1.0000000      1.5000000      1.5000000      1.0000000      1.0000000      1.0000000      1.5000000      1.5000000      2.0000000 
    38.0000000        0.5000000      1.5000000      2.5000000      0.5000000      2.0000000      1.0000000      2.5000000      3.0000000      2.5000000      1.0000000      2.5000000      2.0000000      3.0000000      2.0000000      2.5000000      0.0000000      2.5000000      2.0000000      0.5000000      1.5000000      0.0000000      0.0000000      0.5000000      0.5000000      0.0000000      0.0000000      0.0000000      1.0000000      1.0000000      0.5000000      0.5000000      1.0000000      1.5000000      1.5000000      1.0000000      1.0000000      1.0000000      1.5000000      1.5000000      2.0000000 
    38.5000000        0.5000000      1.5000000      2.5000000      0.5000000      2.0000000      1.0000000      2.5000000      3.0000000      2.5000000      1.0000000      2.5000000      2.0000000      3.0000000      2.0000000      2.5000000      0.0000000      2.5000000      2.0000000      0.5000000      1.5000000      0.0000000      0.0000000      0.5000000      0.5000000      0.0000000      0.0000000      0.0000000      1.0000000      1.0000000      0.5000000      0.5000000      1.0000000      1.5000000      1.5000000      1.0000000      1.0000000      1.0000000      1.5000000      1.5000000      2.0000000 
    38.5000000        0.5000000      1.5000000      2.5000000      0.5000000      2.0000000      1.0000000      2.5000000      3.0000000      2.5000000      1.0000000      2.5000000      2.0000000      3.0000000      2.0000000      2.5000000      0.0000000      2.5000000      2.0000000      0.5000000      1.5000000      0.0000000      0.0000000      0.5000000      0.5000000      0.0000000      0.0000000      0.0000000      1.0000000      1.0000000      0.5000000      0.5000000      1.0000000      1.5000000      1.5000000      1.0000000      1.0000000      1.0000000      1.5000000      1.5000000      2.0000000 
    39.0000000        0.5000000      1.5000000      2.5000000      0.5000000      2.0000000      1.0000000      2.5000000      3.0000000      2.5000000      1.0000000      2.5000000      2.0000000      3.0000000      2.0000000      2.5000000      0.0000000      2.5000000      2.0000000      0.5000000      1.5000000      0.0000000      0.0000000      0.5000000      0.5000000      0.0000000      0.0000000      0.0000000      1.0000000      1.0000000      0.5000000      0.5000000      1.0000000      1.5000000      1.5000000      1.0000000      1.0000000      1.0000000      1.5000000      1.5000000      2.0000000 
    39.5000000        0.5000000      1.5000000      2.5000000      0.5000000      2.0000000      1.0000000      2.5000000      3.0000000      2.5000000      1.0000000      2.5000000      2.0000000      3.0000000      2.0000000      2.5000000      0.0000000      2.5000000      2.0000000      0.5000000      1.5000000      0.0000000      0.0000000      0.5000000      0.5000000      0.0000000      0.0000000      0.0000000      1.0000000      1.0000000      0.5000000      0.5000000      1.0000000      1.5000000      1.5000000      1.0000000      1.0000000      1.0000000      1.5000000      1.5000000      2.0000000 
    39.5000000        0.5000000      1.5000000      2.5000000      0.5000000      2.0000000      1.0000000      2.5000000      3.0000000      2.5000000      1.0000000      2.5000000      2.0000000      3.0000000      2.0000000      2.5000000      0.0000000      2.5000000      2.0000000      0.5000000      1.5000000      0.0000000      0.0000000      0.5000000      0.5000000      0.0000000      0.0000000      0.0000000      1.0000000      1.0000000      0.5000000      0.5000000      1.0000000      1.5000000      1.5000000      1.0000000      1.0000000      1.0000000      1.5000000      1.5000000      2.0000000 
    40.0000000        0.5000000      1.5000000      2.5000000      0.5000000      2.0000000      1.0000000      2.5000000      3.0000000      2.5000000      1.0000000      2.5000000      2.0000000      3.0000000      2.0000000      2.5000000      0.0000000      2.5000000      2.0000000      0.5000000      1.5000000      0.0000000      0.0000000      0.5000000      0.5000000      0.0000000      0.0000000      0.0000000      1.0000000      1.0000000      0.5000000      0.5000000      1.0000000      1.5000000      1.5000000      1.0000000      1.0000000      1.0000000      1.5000000      1.5000000      2.0000000 
    40.5000000        0.5000000      1.5000000      2.5000000      0.5000000      2.0000000      1.0000000      2.5000000      3.0000000      2.5000000      1.0000000      2.5000000      2.0000000      3.0000000      2.0000000      2.5000000      0.0000000      2.5000000      2.0000000      0.5000000      1.5000000      0.0000000      0.0000000      0.5000000      0.5000000      0.0000000      0.0000000      0.0000000      1.0000000      1.0000000      0.5000000      0.5000000      1.0000000      1.5000000      1.5000000      1.0000000      1.0000000      1.0000000      1.5000000      1.5000000      2.0000000 
    41.0000000        0.5000000      1.5000000      2.5000000      0.5000000      2.0000000      1.0000000      2.5000000      3.0000000      2.5000000      1.0000000      2.5000000      2.0000000      3.0000000      2.0000000      2.5000000      0.0000000      2.5000000      2.0000000      0.5000000      1.5000000      0.0000000      0.0000000      0.5000000      0.5000000      0.0000000      0.0000000      0.0000000      1.0000000      1.0000000      0.5000000      0.5000000      1.0000000      1.5000000      1.5000000      1.0000000      1.0000000      1.0000000      1.5000000      1.5000000      2.0000000 
    41.1000000        0.5000000      1.5000000      2.5000000      0.5000000      2.0000000      1.0000000      2.5000000      3.0000000      2.5000000      1.0000000      2.5000000      2.0000000      3.0000000      2.0000000      2.5000000      0.0000000      2.5000000      2.0000000      0.5000000      1.5000000      0.0000000      0.0000000      0.5000000      0.5000000      0.0000000      0.0000000      0.0000000      1.0000000      1.0000000      0.5000000      0.5000000      1.0000000      1.5000000      1.5000000      1.0000000      1.0000000      1.0000000      1.5000000      1.5000000      2.0000000 
    41.1000000        0.5000000      1.5000000      2.5000000      0.5000000      2.0000000      1.0000000      2.5000000      3.0000000      2.5000000      1.0000000      2.5000000      2.0000000      3.0000000      2.0000000      2.5000000      0.0000000      2.5000000      2.0000000      0.5000000      1.5000000      0.0000000      0.0000000      0.5000000      0.5000000      0.0000000      0.0000000      0.0000000      1.0000000      1.0000000      0.5000000      0.5000000      1.0000000      1.5000000      1.5000000      1.0000000      1.0000000      1.0000000      1.5000000      1.5000000      2.0000000 
    41.2000000        0.5000000      1.5000000      2.5000000      0.5000000      2.0000000      1.0000000      2.5000000      3.0000000      2.5000000      1.0000000      2.5000000      2.0000000      3.0000000      2.0000000      2.5000000      0.0000000      2.5000000      2.0000000      0.5000000      1.5000000      0.0000000      0.0000000      0.5000000      0.5000000      0.0000000      0.0000000      0.0000000      1.0000000      1.0000000      0.5000000      0.5000000      1.0000000      1.5000000      1.5000000      1.0000000      1.0000000      1.0000000      1.5000000      1.5000000      2.0000000 
    41.2000000        0.5000000      1.5000000      2.5000000      0.5000000      2.0000000      1.0000000      2.5000000      3.0000000      2.5000000      1.0000000      2.5000000      2.0000000      3.0000000      2.0000000      2.5000000      0.0000000      2.5000000      2.0000000      0.5000000      1.5000000      0.0000000      0.0000000      0.5000000      0.5000000      0.0000000      0.0000000      0.0000000      1.0000000      1.0000000      0.5000000      0.5000000      1.0000000      1.5000000      1.5000000      1.0000000      1.0000000      1.0000000      1.5000000      1.5000000      2.0000000 
    41.5000000        0.5000000      1.5000000      2.5000000      0.5000000      2.0000000      1.0000000      2.5000000      3.0000000      2.5000000      1.0000000      2.5000000      2.0000000      3.0000000      2.0000000      2.5000000      0.0000000      2.5000000      2.0000000      0.5000000      1.5000000      0.0000000      0.0000000      0.5000000      0.5000000      0.0000000      0.0000000      0.0000000      1.0000000      1.0000000      0.5000000      0.5000000      1.0000000      1.5000000      1.5000000      1.0000000      1.0000000      1.0000000      1.5000000      1.5000000      2.0000000 
    42.0000000        0.5000000      1.5000000      2.5000000      0.5000000      2.0000000      1.0000000      2.5000000      3.0000000      2.5000000      1.0000000      2.5000000      2.0000000      3.0000000      2.0000000      2.5000000      0.0000000      2.5000000      2.0000000      0.5000000      1.5000000      0.0000000      0.0000000      0.5000000      0.5000000      0.0000000      0.0000000      0.0000000      1.0000000      1.0000000      0.5000000      0.5000000      1.0000000      1.5000000      1.5000000      1.0000000      1.0000000      1.0000000      1.5000000      1.5000000      2.0000000 
    42.5000000        0.5000000      1.5000000      2.5000000      0.5000000      2.0000000      1.0000000      2.5000000      3.0000000      2.5000000      1.0000000      2.5000000      2.0000000      3.0000000      2.0000000      2.5000000      0.0000000      2.5000000      2.0000000      0.5000000      1.5000000      0.0000000      0.0000000      0.5000000      0.5000000      0.0000000      0.0000000      0.0000000      1.0000000      1.0000000      0.5000000      0.5000000      1.0000000      1.5000000      1.5000000      1.0000000      1.0000000      1.0000000      1.5000000      1.5000000      2.0000000 
    43.0000000        0.5000000      1.5000000      2.5000000      0.5000000      2.0000000      1.0000000      2.5000000      3.0000000      2.5000000      1.0000000      2.5000000      2.0000000      3.0000000      2.0000000      2.5000000      0.0000000      2.5000000      2.0000000      0.5000000      1.5000000      0.0000000      0.0000000      0.5000000      0.5000000      0.0000000      0.0000000      0.0000000      1.0000000      1.0000000      0.5000000      0.5000000      1.0000000      1.5000000      1.5000000      1.0000000      1.0000000      1.0000000      1.5000000      1.5000000      2.0000000 
    43.0000000        0.5000000      1.5000000      2.5000000      0.5000000      2.0000000      1.0000000      2.5000000      3.0000000      2.5000000      1.0000000      2.5000000      2.0000000      3.0000000      2.0000000      2.5000000      0.0000000      2.5000000      2.0000000      0.5000000      1.5000000      0.0000000      0.0000000      0.5000000      0.5000000      0.0000000      0.0000000      0.0000000      1.0000000      1.0000000      0.5000000      0.5000000      1.0000000      1.5000000      1.5000000      1.0000000      1.0000000      1.0000000      1.5000000      1.5000000      2.0000000 
    43.5000000        0.5000000      1.5000000      2.5000000      0.5000000      2.0000000      1.0000000      2.5000000      3.0000000      2.5000000      1.0000000      2.5000000      2.0000000      3.0000000      2.0000000      2.5000000      0.0000000      2.5000000      2.0000000      0.5000000      1.5000000      0.0000000      0.0000000      0.5000000      0.5000000      0.0000000      0.0000000      0.0000000      1.0000000      1.0000000      0.5000000      0.5000000      1.0000000      1.5000000      1.5000000      1.0000000      1.0000000      1.0000000      1.5000000      1.5000000      2.0000000 
    44.0000000        0.5000000      1.5000000      2.5000000      0.5000000      2.0000000      1.0000000      2.5000000      3.0000000      2.5000000      1.0000000      2.5000000      2.0000000      3.0000000      2.0000000      2.5000000      0.0000000      2.5000000      2.0000000      0.5000000      1.5000000      0.0000000      0.0000000      0.5000000      0.5000000      0.0000000      0.0000000      0.0000000      1.0000000      1.0000000      0.5000000      0.5000000      1.0000000      1.5000000      1.5000000      1.0000000      1.0000000      1.0000000      1.5000000      1.5000000      2.0000000 
    44.0000000        0.5000000      1.5000000      2.5000000      0.5000000      2.0000000      1.0000000      2.5000000      3.0000000      2.5000000      1.0000000      2.5000000      2.0000000      3.0000000      2.0000000      2.5000000      0.0000000      2.5000000      2.0000000      0.5000000      1.5000000      0.0000000      0.0000000      0.5000000      0.5000000      0.0000000      0.0000000      0.0000000      1.0000000      1.0000000      0.5000000      0.5000000      1.0000000      1.5000000      1.5000000      1.0000000      1.0000000      1.0000000      1.5000000      1.5000000      2.0000000 
    44.5000000        0.5000000      1.5000000      2.5000000      0.5000000      2.0000000      1.0000000      2.5000000      3.0000000      2.5000000      1.0000000      2.5000000      2.0000000      3.0000000      2.0000000      2.5000000      0.0000000      2.5000000      2.0000000      0.5000000      1.5000000      0.0000000      0.0000000      0.5000000      0.5000000      0.0000000      0.0000000      0.0000000      1.0000000      1.0000000      0.5000000      0.5000000      1.0000000      1.5000000      1.5000000      1.0000000      1.0000000      1.0000000      1.5000000      1.5000000      2.0000000 
    45.0000000        0.5000000      1.5000000      2.5000000      0.5000000      2.0000000      1.0000000      2.5000000      3.0000000      2.5000000      1.0000000      2.5000000      2.0000000      3.0000000      2.0000000      2.5000000      0.0000000      2.5000000      2.0000000      0.5000000      1.5000000      0.0000000      0.0000000      0.5000000      0.5000000      0.0000000      0.0000000      0.0000000      1.0000000      1.0000000      0.5000000      0.5000000      1.0000000      1.5000000      1.5000000      1.0000000      1.0000000      1.0000000      1.5000000      1.5000000      2.0000000 
    45.2000000        0.5000000      1.5000000      2.5000000      0.5000000      2.0000000      1.0000000      2.5000000      3.0000000      2.5000000      1.0000000      2.5000000      2.0000000      3.0000000      2.0000000      2.5000000      0.0000000      2.5000000      2.0000000      0.5000000      1.5000000      0.0000000      0.0000000      0.5000000      0.5000000      0.0000000      0.0000000      0.0000000      1.0000000      1.0000000      0.5000000      0.5000000      1.0000000      1.5000000      1.5000000      1.0000000      1.0000000      1.0000000      1.5000000      1.5000000      2.0000000 
    45.2000000        0.5000000      1.5000000      2.5000000      0.5000000      2.0000000      1.0000000      2.5000000      3.0000000      2.5000000      1.0000000      2.5000000      2.0000000      3.0000000      2.0000000      2.5000000      0.0000000      2.5000000      2.0000000      0.5000000      1.5000000      0.0000000      0.0000000      0.5000000      0.5000000      0.0000000      0.0000000      0.0000000      1.0000000      1.0000000      0.5000000      0.5000000      1.0000000      1.5000000      1.5000000      1.0000000      1.0000000      1.0000000      1.5000000      1.5000000      2.0000000 
    45.5000000        0.5000000      1.5000000      2.5000000      0.5000000      2.0000000      1.0000000      2.5000000      3.0000000      2.5000000      1.0000000      2.5000000      2.0000000      3.0000000      2.0000000      2.5000000      0.0000000      2.5000000      2.0000000      0.5000000      1.5000000      0.0000000      0.0000000      0.5000000      0.5000000      0.0000000      0.0000000      0.0000000      1.0000000      1.0000000      0.5000000      0.5000000      1.0000000      1.5000000      1.5000000      1.0000000      1.0000000      1.0000000      1.5000000      1.5000000      2.0000000 
    46.0000000        0.5000000      1.5000000      2.5000000      0.5000000      2.0000000      1.0000000      2.5000000      3.0000000      2.5000000      1.0000000      2.5000000      2.0000000      3.0000000      2.0000000      2.5000000      0.0000000      2.5000000      2.0000000      0.5000000      1.5000000      0.0000000      0.0000000      0.5000000      0.5000000      0.0000000      0.0000000      0.0000000      1.0000000      1.0000000      0.5000000      0.5000000      1.0000000      1.5000000      1.5000000      1.0000000      1.0000000      1.0000000      1.5000000      1.5000000      2.0000000 
    46.5000000        0.5000000      1.5000000      2.5000000      0.5000000      2.0000000      1.0000000      2.5000000      3.0000000      2.5000000      1.0000000      2.5000000      2.0000000      3.0000000      2.0000000      2.5000000      0.0000000      2.5000000      2.0000000      0.5000000      1.5000000      0.0000000      0.0000000      0.5000000      0.5000000      0.0000000      0.0000000      0.0000000      1.0000000      1.0000000      0.5000000      0.5000000      1.0000000      1.5000000      1.5000000      1.0000000      1.0000000      1.0000000      1.5000000      1.5000000      2.0000000 
    47.0000000        0.5000000      1.5000000      2.5000000      0.5000000      2.0000000      1.0000000      2.5000000      3.0000000      2.5000000      1.0000000      2.5000000      2.0000000      3.0000000      2.0000000      2.5000000      0.0000000      2.5000000      2.0000000      0.5000000      1.5000000      0.0000000      0.0000000      0.5000000      0.5000000      0.0000000      0.0000000      0.0000000      1.0000000      1.0000000      0.5000000      0.5000000      1.0000000      1.5000000      1.5000000      1.0000000      1.0000000      1.0000000      1.5000000      1.5000000      2.0000000 
    47.5000000        0.5000000      1.5000000      2.5000000      0.5000000      2.0000000      1.0000000      2.5000000      3.0000000      2.5000000      1.0000000      2.5000000      2.0000000      3.0000000      2.0000000      2.5000000      0.0000000      2.5000000      2.0000000      0.5000000      1.5000000      0.0000000      0.0000000      0.5000000      0.5000000      0.0000000      0.0000000      0.0000000      1.0000000      1.0000000      0.5000000      0.5000000      1.0000000      1.5000000      1.5000000      1.0000000      1.0000000      1.0000000      1.5000000      1.5000000      2.0000000 
    47.8000000        0.5000000      1.5000000      2.5000000      0.5000000      2.0000000      1.0000000      2.5000000      3.0000000      2.5000000      1.0000000      2.5000000      2.0000000      3.0000000      2.0000000      2.5000000      0.0000000      2.5000000      2.0000000      0.5000000      1.5000000      0.0000000      0.0000000      0.5000000      0.5000000      0.0000000      0.0000000      0.0000000      1.0000000      1.0000000      0.5000000      0.5000000      1.0000000      1.5000000      1.5000000      1.0000000      1.0000000      1.0000000      1.5000000      1.5000000      2.0000000 
    47.8000000        0.5000000      1.5000000      2.5000000      0.5000000      2.0000000      1.0000000      2.5000000      3.0000000      2.5000000      1.0000000      2.5000000      2.0000000      3.0000000      2.0000000      2.5000000      0.0000000      2.5000000      2.0000000      0.5000000      1.5000000      0.0000000      0.0000000      0.5000000      0.5000000      0.0000000      0.0000000      0.0000000      1.0000000      1.0000000      0.5000000      0.5000000      1.0000000      1.5000000      1.5000000      1.0000000      1.0000000      1.0000000      1.5000000      1.5000000      2.0000000 
    48.0000000        0.5000000      1.5000000      2.5000000      0.5000000      2.0000000      1.0000000      2.5000000      3.0000000      2.5000000      1.0000000      2.5000000      2.0000000      3.0000000      2.0000000      2.5000000      0.0000000      2.5000000      2.0000000      0.5000000      1.5000000      0.0000000      0.0000000      0.5000000      0.5000000      0.0000000      0.0000000      0.0000000      1.0000000      1.0000000      0.5000000      0.5000000      1.0000000      1.5000000      1.5000000      1.0000000      1.0000000      1.0000000      1.5000000      1.5000000      2.0000000 
    48.5000000        0.5000000      1.5000000      2.5000000      0.5000000      2.0000000      1.0000000      2.5000000      3.0000000      2.5000000      1.0000000      2.5000000      2.0000000      3.0000000      2.0000000      2.5000000      0.0000000      2.5000000      2.0000000      0.5000000      1.5000000      0.0000000      0.0000000      0.5000000      0.5000000      0.0000000      0.0000000      0.0000000      1.0000000      1.0000000      0.5000000      0.5000000      1.0000000      1.5000000      1.5000000      1.0000000      1.0000000      1.0000000      1.5000000      1.5000000      2.0000000 
    48.5000000        0.5000000      1.5000000      2.5000000      0.5000000      2.0000000      1.0000000      2.5000000      3.0000000      2.5000000      1.0000000      2.5000000      2.0000000      3.0000000      2.0000000      2.5000000      0.0000000      2.5000000      2.0000000      0.5000000      1.5000000      0.0000000      0.0000000      0.5000000      0.5000000      0.0000000      0.0000000      0.0000000      1.0000000      1.0000000      0.5000000      0.5000000      1.0000000      1.5000000      1.5000000      1.0000000      1.0000000      1.0000000      1.5000000      1.5000000      1.0000000 
    49.0000000        0.5000000      1.5000000      2.5000000      0.5000000      2.0000000      1.0000000      2.5000000      3.0000000      2.5000000      1.0000000      2.5000000      2.0000000      3.0000000      2.0000000      2.5000000      0.0000000      2.5000000      2.0000000      0.5000000      1.5000000      0.0000000      0.0000000      0.5000000      0.5000000      0.0000000      0.0000000      0.0000000      1.0000000      1.0000000      0.5000000      0.5000000      1.0000000      1.5000000      1.5000000      1.0000000      1.0000000      1.0000000      1.5000000      1.5000000      1.0000000 
    49.5000000        0.5000000      1.5000000      2.5000000      0.5000000      2.0000000      1.0000000      2.5000000      3.0000000      2.5000000      1.0000000      2.5000000      2.0000000      3.0000000      2.0000000      2.5000000      0.0000000      2.5000000      2.0000000      0.5000000      1.5000000      0.0000000      0.0000000      0.5000000      0.5000000      0.0000000      0.0000000      0.0000000      1.0000000      1.0000000      0.5000000      0.5000000      1.0000000      1.5000000      1.5000000      1.0000000      1.0000000      1.0000000      1.5000000      1.5000000      1.0000000 
    49.8000000        0.5000000      1.5000000      2.5000000      0.5000000      2.0000000      1.0000000      2.5000000      3.0000000      2.5000000      1.0000000      2.5000000      2.0000000      3.0000000      2.0000000      2.5000000      0.0000000      2.5000000      2.0000000      0.5000000      1.5000000      0.0000000      0.0000000      0.5000000      0.5000000      0.0000000      0.0000000      0.0000000      1.0000000      1.0000000      0.5000000      0.5000000      1.0000000      1.5000000      1.5000000      1.0000000      1.0000000      1.0000000      1.5000000      1.5000000      1.0000000 
    49.8000000        0.5000000      1.5000000      2.5000000      0.5000000      2.0000000      1.0000000      2.5000000      3.0000000      2.5000000      1.0000000      2.5000000      2.0000000      3.0000000      2.0000000      2.5000000      0.0000000      2.5000000      2.0000000      0.5000000      1.5000000      0.0000000      0.0000000      0.5000000      0.5000000      0.0000000      0.0000000      0.0000000      1.0000000      1.0000000      0.5000000      0.5000000      1.0000000      1.5000000      1.5000000      1.0000000      1.0000000      1.0000000      1.5000000      1.5000000      1.0000000 
    50.0000000        0.5000000      1.5000000      2.5000000      0.5000000      2.0000000      1.0000000      2.5000000      3.0000000      2.5000000      1.0000000      2.5000000      2.0000000      3.0000000      2.0000000      2.5000000      0.0000000      2.5000000      2.0000000      0.5000000      1.5000000      0.0000000      0.0000000      0.5000000      0.5000000      0.0000000      0.0000000      0.0000000      1.0000000      1.0000000      0.5000000      0.5000000      1.0000000      1.5000000      1.5000000      1.0000000      1.0000000      1.0000000      1.5000000      1.5000000      1.0000000 
    50.5000000        0.5000000      1.5000000      2.5000000      0.5000000      2.0000000      1.0000000      2.5000000      3.0000000      2.5000000      1.0000000      2.5000000      2.0000000      3.0000000      2.0000000      2.5000000      0.0000000      2.5000000      2.0000000      0.5000000      1.5000000      0.0000000      0.0000000      0.5000000      0.5000000      0.0000000      0.0000000      0.0000000      1.0000000      1.0000000      0.5000000      0.5000000      1.0000000      1.5000000      1.5000000      1.0000000      1.0000000      1.0000000      1.5000000      1.5000000      1.0000000 
    51.0000000        0.5000000      1.5000000      2.5000000      0.5000000      2.0000000      1.0000000      2.5000000      3.0000000      2.5000000      1.0000000      2.5000000      2.0000000      3.0000000      2.0000000      2.5000000      0.0000000      2.5000000      2.0000000      0.5000000      1.5000000      0.0000000      0.0000000      0.5000000      0.5000000      0.0000000      0.0000000      0.0000000      1.0000000      1.0000000      0.5000000      0.5000000      1.0000000      1.5000000      1.5000000      1.0000000      1.0000000      1.0000000      1.5000000      1.5000000      1.0000000 
    51.0000000        0.5000000      1.5000000      2.5000000      0.5000000      2.0000000      1.0000000      2.5000000      3.0000000      2.5000000      1.0000000      2.5000000      2.0000000      3.0000000      2.0000000      2.5000000      0.0000000      2.5000000      2.0000000      0.5000000      1.5000000      0.0000000      0.0000000      0.5000000      0.5000000      0.0000000      0.0000000      0.0000000      1.0000000      1.0000000      0.5000000      0.5000000      1.0000000      1.5000000      1.5000000      1.0000000      1.0000000      1.0000000      1.5000000      1.5000000      1.0000000 
    51.5000000        0.5000000      1.5000000      2.5000000      0.5000000      2.0000000      1.0000000      2.5000000      3.0000000      2.5000000      1.0000000      2.5000000      2.0000000      3.0000000      2.0000000      2.5000000      0.0000000      2.5000000      2.0000000      0.5000000      1.5000000      0.0000000      0.0000000      0.5000000      0.5000000      0.0000000      0.0000000      0.0000000      1.0000000      1.0000000      0.5000000      0.5000000      1.0000000      1.5000000      1.5000000      1.0000000      1.0000000      1.0000000      1.5000000      1.5000000      1.0000000 
    52.0000000        0.5000000      1.5000000      2.5000000      0.5000000      2.0000000      1.0000000      2.5000000      3.0000000      2.5000000      1.0000000      2.5000000      2.0000000      3.0000000      2.0000000      2.5000000      0.0000000      2.5000000      2.0000000      0.5000000      1.5000000      0.0000000      0.0000000      0.5000000      0.5000000      0.0000000      0.0000000      0.0000000      1.0000000      1.0000000      0.5000000      0.5000000      1.0000000      1.5000000      1.5000000      1.0000000      1.0000000      1.0000000      1.5000000      1.5000000      1.0000000 
    52.5000000        0.5000000      1.5000000      2.5000000      0.5000000      2.0000000      1.0000000      2.5000000      3.0000000      2.5000000      1.0000000      2.5000000      2.0000000      3.0000000      2.0000000      2.5000000      0.0000000      2.5000000      2.0000000      0.5000000      1.5000000      0.0000000      0.0000000      0.5000000      0.5000000      0.0000000      0.0000000      0.0000000      1.0000000      1.0000000      0.5000000      0.5000000      1.0000000      1.5000000      1.5000000      1.0000000      1.0000000      1.0000000      1.5000000      1.5000000      1.0000000 
    53.0000000        0.5000000      1.5000000      2.5000000      0.5000000      2.0000000      1.0000000      2.5000000      3.0000000      2.5000000      1.0000000      2.5000000      2.0000000      3.0000000      2.0000000      2.5000000      0.0000000      2.5000000      2.0000000      0.5000000      1.5000000      0.0000000      0.0000000      0.5000000      0.5000000      0.0000000      0.0000000      0.0000000      1.0000000      1.0000000      0.5000000      0.5000000      1.0000000      1.5000000      1.5000000      1.0000000      1.0000000      1.0000000      1.5000000      1.5000000      1.0000000 
    53.0000000        0.5000000      1.5000000      2.5000000      0.5000000      2.0000000      1.0000000      2.5000000      3.0000000      2.5000000      1.0000000      2.5000000      2.0000000      3.0000000      2.0000000      2.5000000      0.0000000      2.5000000      2.0000000      0.5000000      1.5000000      0.0000000      0.0000000      0.5000000      0.5000000      0.0000000      0.0000000      0.0000000      1.0000000      1.0000000      0.5000000      0.5000000      1.0000000      1.5000000      1.5000000      1.0000000      1.0000000      1.0000000      1.5000000      1.5000000      1.0000000 
    53.5000000        0.5000000      1.5000000      2.5000000      0.5000000      2.0000000      1.0000000      2.5000000      3.0000000      2.5000000      1.0000000      2.5000000      2.0000000      3.0000000      2.0000000      2.5000000      0.0000000      2.5000000      2.0000000      0.5000000      1.5000000      0.0000000      0.0000000      0.5000000      0.5000000      0.0000000      0.0000000      0.0000000      1.0000000      1.0000000      0.5000000      0.5000000      1.0000000      1.5000000      1.5000000      1.0000000      1.0000000      1.0000000      1.5000000      1.5000000      1.0000000 
    53.5000000        0.5000000      1.5000000      2.5000000      0.5000000      2.0000000      1.0000000      2.5000000      3.0000000      2.5000000      1.0000000      2.5000000      2.0000000      3.0000000      2.0000000      2.5000000      0.0000000      2.5000000      2.0000000      0.5000000      1.5000000      0.0000000      0.0000000      0.5000000      0.5000000      0.0000000      0.0000000      0.0000000      1.0000000      1.0000000      0.5000000      0.5000000      1.0000000      1.5000000      1.5000000      1.0000000      1.0000000      1.0000000      1.5000000      1.5000000      1.0000000 
    54.0000000        0.5000000      1.5000000      2.5000000      0.5000000      2.0000000      1.0000000      2.5000000      3.0000000      2.5000000      1.0000000      2.5000000      2.0000000      3.0000000      2.0000000      2.5000000      0.0000000      2.5000000      2.0000000      0.5000000      1.5000000      0.0000000      0.0000000      0.5000000      0.5000000      0.0000000      0.0000000      0.0000000      1.0000000      1.0000000      0.5000000      0.5000000      1.0000000      1.5000000      1.5000000      1.0000000      1.0000000      1.0000000      1.5000000      1.5000000      1.0000000 
    54.0000000        0.5000000      1.5000000      2.5000000      0.5000000      2.0000000      1.0000000      2.5000000      3.0000000      2.5000000      1.0000000      2.5000000      2.0000000      3.0000000      2.0000000      2.5000000      0.0000000      2.5000000      2.0000000      0.5000000      1.5000000      0.0000000      0.0000000      0.5000000      0.5000000      0.0000000      0.0000000      0.0000000      1.0000000      1.0000000      0.5000000      0.5000000      1.0000000      1.5000000      1.5000000      1.0000000      1.0000000      1.0000000      1.5000000      1.5000000      1.0000000 
    54.1000000        0.5000000      1.5000000      2.5000000      0.5000000      2.0000000      1.0000000      2.5000000      3.0000000      2.5000000      1.0000000      2.5000000      2.0000000      3.0000000      2.0000000      2.5000000      0.0000000      2.5000000      2.0000000      0.5000000      1.5000000      0.0000000      0.0000000      0.5000000      0.5000000      0.0000000      0.0000000      0.0000000      1.0000000      1.0000000      0.5000000      0.5000000      1.0000000      1.5000000      1.5000000      1.0000000      1.0000000      1.0000000      1.5000000      1.5000000      1.0000000 
    54.1000000        0.5000000      1.5000000      2.5000000      0.5000000      2.0000000      1.0000000      2.5000000      3.0000000      2.5000000      1.0000000      2.5000000      2.0000000      3.0000000      2.0000000      2.5000000      0.0000000      2.5000000      2.0000000      0.5000000      1.5000000      0.0000000      0.0000000      0.5000000      0.5000000      0.0000000      0.0000000      0.0000000      1.0000000      1.0000000      0.5000000      0.5000000      1.0000000      1.5000000      1.5000000      1.0000000      1.0000000      1.0000000      1.5000000      1.5000000      1.0000000 
    54.2000000        0.5000000      1.5000000      2.5000000      0.5000000      2.0000000      1.0000000      2.5000000      3.0000000      2.5000000      1.0000000      2.5000000      2.0000000      3.0000000      2.0000000      2.5000000      0.0000000      2.5000000      2.0000000      0.5000000      1.5000000      0.0000000      0.0000000      0.5000000      0.5000000      0.0000000      0.0000000      0.0000000      1.0000000      1.0000000      0.5000000      0.5000000      1.0000000      1.5000000      1.5000000      1.0000000      1.0000000      1.0000000      1.5000000      1.5000000      1.0000000 
    54.2000000        0.5000000      1.5000000      2.5000000      0.5000000      2.0000000      1.0000000      2.5000000      3.0000000      2.5000000      1.0000000      2.5000000      2.0000000      3.0000000      2.0000000      2.5000000      0.0000000      2.5000000      2.0000000      0.5000000      1.5000000      0.0000000      0.0000000      0.5000000      0.5000000      0.0000000      0.0000000      0.0000000      1.0000000      1.0000000      0.5000000      0.5000000      1.0000000      1.5000000      1.5000000      1.0000000      1.0000000      1.0000000      1.5000000      1.5000000      1.0000000 
    54.5000000        0.5000000      1.5000000      2.5000000      0.5000000      2.0000000      1.0000000      2.5000000      3.0000000      2.5000000      1.0000000      2.5000000      2.0000000      3.0000000      2.0000000      2.5000000      0.0000000      2.5000000      2.0000000      0.5000000      1.5000000      0.0000000      0.0000000      0.5000000      0.5000000      0.0000000      0.0000000      0.0000000      1.0000000      1.0000000      0.5000000      0.5000000      1.0000000      1.5000000      1.5000000      1.0000000      1.0000000      1.0000000      1.5000000      1.5000000      1.0000000 
    54.5000000        0.5000000      1.5000000      2.5000000      0.5000000      2.0000000      4.0000000      2.5000000      3.0000000      2.5000000      1.0000000      2.5000000      2.0000000      3.0000000      2.0000000      2.5000000      0.0000000      2.5000000      2.0000000      0.5000000      1.5000000      0.0000000      0.0000000      0.5000000      0.5000000      0.0000000      0.0000000      0.0000000      1.0000000      1.0000000      0.5000000      0.5000000      1.0000000      1.5000000      1.5000000      1.0000000      1.0000000      1.0000000      1.5000000      1.5000000      1.0000000 
    55.0000000        0.5000000      1.5000000      2.5000000      0.5000000      2.0000000      4.0000000      2.5000000      3.0000000      2.5000000      1.0000000      2.5000000      2.0000000      3.0000000      2.0000000      2.5000000      0.0000000      2.5000000      2.0000000      0.5000000      1.5000000      0.0000000      0.0000000      0.5000000      0.5000000      0.0000000      0.0000000      0.0000000      1.0000000      1.0000000      0.5000000      0.5000000      1.0000000      1.5000000      1.5000000      1.0000000      1.0000000      1.0000000      1.5000000      1.5000000      1.0000000 
    55.5000000        0.5000000      1.5000000      2.5000000      0.5000000      2.0000000      4.0000000      2.5000000      3.0000000      2.5000000      1.0000000      2.5000000      2.0000000      3.0000000      2.0000000      2.5000000      0.0000000      2.5000000      2.0000000      0.5000000      1.5000000      0.0000000      0.0000000      0.5000000      0.5000000      0.0000000      0.0000000      0.0000000      1.0000000      1.0000000      0.5000000      0.5000000      1.0000000      1.5000000      1.5000000      1.0000000      1.0000000      1.0000000      1.5000000      1.5000000      1.0000000 
    56.0000000        0.5000000      1.5000000      2.5000000      0.5000000      2.0000000      4.0000000      2.5000000      3.0000000      2.5000000      1.0000000      2.5000000      2.0000000      3.0000000      2.0000000      2.5000000      0.0000000      2.5000000      2.0000000      0.5000000      1.5000000      0.0000000      0.0000000      0.5000000      0.5000000      0.0000000      0.0000000      0.0000000      1.0000000      1.0000000      0.5000000      0.5000000      1.0000000      1.5000000      1.5000000      1.0000000      1.0000000      1.0000000      1.5000000      1.5000000      1.0000000 
    56.0000000        0.5000000      1.5000000      2.5000000      0.5000000      2.0000000      4.0000000      2.5000000      3.0000000      2.5000000      1.0000000      2.5000000      2.0000000      3.0000000      2.0000000      2.5000000      0.0000000      2.5000000      2.0000000      0.5000000      1.5000000      0.0000000      0.0000000      0.5000000      0.5000000      0.0000000      0.0000000      0.0000000      1.0000000      1.0000000      0.5000000      0.5000000      1.0000000      1.5000000      1.5000000      1.0000000      1.0000000      1.0000000      1.5000000      1.5000000      1.0000000 
    56.5000000        0.5000000      1.5000000      2.5000000      0.5000000      2.0000000      4.0000000      2.5000000      3.0000000      2.5000000      1.0000000      2.5000000      2.0000000      3.0000000      2.0000000      2.5000000      0.0000000      2.5000000      2.0000000      0.5000000      1.5000000      0.0000000      0.0000000      0.5000000      0.5000000      0.0000000      0.0000000      0.0000000      1.0000000      1.0000000      0.5000000      0.5000000      1.0000000      1.5000000      1.5000000      1.0000000      1.0000000      1.0000000      1.5000000      1.5000000      1.0000000 
    57.0000000        0.5000000      1.5000000      2.5000000      0.5000000      2.0000000      4.0000000      2.5000000      3.0000000      2.5000000      1.0000000      2.5000000      2.0000000      3.0000000      2.0000000      2.5000000      0.0000000      2.5000000      2.0000000      0.5000000      1.5000000      0.0000000      0.0000000      0.5000000      0.5000000      0.0000000      0.0000000      0.0000000      1.0000000      1.0000000      0.5000000      0.5000000      1.0000000      1.5000000      1.5000000      1.0000000      1.0000000      1.0000000      1.5000000      1.5000000      1.0000000 
    57.5000000        0.5000000      1.5000000      2.5000000      0.5000000      2.0000000      4.0000000      2.5000000      3.0000000      2.5000000      1.0000000      2.5000000      2.0000000      3.0000000      2.0000000      2.5000000      0.0000000      2.5000000      2.0000000      0.5000000      1.5000000      0.0000000      0.0000000      0.5000000      0.5000000      0.0000000      0.0000000      0.0000000      1.0000000      1.0000000      0.5000000      0.5000000      1.0000000      1.5000000      1.5000000      1.0000000      1.0000000      1.0000000      1.5000000      1.5000000      1.0000000 
    58.0000000        0.5000000      1.5000000      2.5000000      0.5000000      2.0000000      4.0000000      2.5000000      3.0000000      2.5000000      1.0000000      2.5000000      2.0000000      3.0000000      2.0000000      2.5000000      0.0000000      2.5000000      2.0000000      0.5000000      1.5000000      0.0000000      0.0000000      0.5000000      0.5000000      0.0000000      0.0000000      0.0000000      1.0000000      1.0000000      0.5000000      0.5000000      1.0000000      1.5000000      1.5000000      1.0000000      1.0000000      1.0000000      1.5000000      1.5000000      1.0000000 
    58.5000000        0.5000000      1.5000000      2.5000000      0.5000000      2.0000000      4.0000000      2.5000000      3.0000000      2.5000000      1.0000000      2.5000000      2.0000000      3.0000000      2.0000000      2.5000000      0.0000000      2.5000000      2.0000000      0.5000000      1.5000000      0.0000000      0.0000000      0.5000000      0.5000000      0.0000000      0.0000000      0.0000000      1.0000000      1.0000000      0.5000000      0.5000000      1.0000000      1.5000000      1.5000000      1.0000000      1.0000000      1.0000000      1.5000000      1.5000000      1.0000000 
    59.0000000        0.5000000      1.5000000      2.5000000      0.5000000      2.0000000      4.0000000      2.5000000      3.0000000      2.5000000      1.0000000      2.5000000      2.0000000      3.0000000      2.0000000      2.5000000      0.0000000      2.5000000      2.0000000      0.5000000      1.5000000      0.0000000      0.0000000      0.5000000      0.5000000      0.0000000      0.0000000      0.0000000      1.0000000      1.0000000      0.5000000      0.5000000      1.0000000      1.5000000      1.5000000      1.0000000      1.0000000      1.0000000      1.5000000      1.5000000      1.0000000 
    59.0000000        0.5000000      1.5000000      2.5000000      0.5000000      2.0000000      4.0000000      2.5000000      3.0000000      2.5000000      1.0000000      2.5000000      2.0000000      3.0000000      2.0000000      2.5000000      0.0000000      2.5000000      2.0000000      0.5000000      1.5000000      0.0000000      0.0000000      0.5000000      0.5000000      0.0000000      0.0000000      0.0000000      1.0000000      1.0000000      0.5000000      0.5000000      1.0000000      1.5000000      1.5000000      1.0000000      1.0000000      1.0000000      1.5000000      1.5000000      1.0000000 
    59.5000000        0.5000000      1.5000000      2.5000000      0.5000000      2.0000000      4.0000000      2.5000000      3.0000000      2.5000000      1.0000000      2.5000000      2.0000000      3.0000000      2.0000000      2.5000000      0.0000000      2.5000000      2.0000000      0.5000000      1.5000000      0.0000000      0.0000000      0.5000000      0.5000000      0.0000000      0.0000000      0.0000000      1.0000000      1.0000000      0.5000000      0.5000000      1.0000000      1.5000000      1.5000000      1.0000000      1.0000000      1.0000000      1.5000000      1.5000000      1.0000000 
    60.0000000        0.5000000      1.5000000      2.5000000      0.5000000      2.0000000      4.0000000      2.5000000      3.0000000      2.5000000      1.0000000      2.5000000      2.0000000      3.0000000      2.0000000      2.5000000      0.0000000      2.5000000      2.0000000      0.5000000      1.5000000      0.0000000      0.0000000      0.5000000      0.5000000      0.0000000      0.0000000      0.0000000      1.0000000      1.0000000      0.5000000      0.5000000      1.0000000      1.5000000      1.5000000      1.0000000      1.0000000      1.0000000      1.5000000      1.5000000      1.0000000 
    60.5000000        0.5000000      1.5000000      2.5000000      0.5000000      2.0000000      4.0000000      2.5000000      3.0000000      2.5000000      1.0000000      2.5000000      2.0000000      3.0000000      2.0000000      2.5000000      0.0000000      2.5000000      2.0000000      0.5000000      1.5000000      0.0000000      0.0000000      0.5000000      0.5000000      0.0000000      0.0000000      0.0000000      1.0000000      1.0000000      0.5000000      0.5000000      1.0000000      1.5000000      1.5000000      1.0000000      1.0000000      1.0000000      1.5000000      1.5000000      1.0000000 
    60.5000000        0.5000000      1.5000000      2.5000000      0.5000000      2.0000000      4.0000000      2.5000000      3.0000000      2.5000000      1.0000000      2.5000000      2.0000000      3.0000000      2.0000000      2.5000000      0.0000000      2.5000000      2.0000000      0.5000000      1.5000000      0.0000000      0.0000000      0.5000000      0.5000000      0.0000000      0.0000000      0.0000000      1.0000000      1.0000000      0.5000000      0.5000000      1.0000000      1.5000000      1.5000000      1.0000000      1.0000000      1.0000000      1.5000000      1.5000000      1.0000000 
    61.0000000        0.5000000      1.5000000      2.5000000      0.5000000      2.0000000      4.0000000      2.5000000      3.0000000      2.5000000      1.0000000      2.5000000      2.0000000      3.0000000      2.0000000      2.5000000      0.0000000      2.5000000      2.0000000      0.5000000      1.5000000      0.0000000      0.0000000      0.5000000      0.5000000      0.0000000      0.0000000      0.0000000      1.0000000      1.0000000      0.5000000      0.5000000      1.0000000      1.5000000      1.5000000      1.0000000      1.0000000      1.0000000      1.5000000      1.5000000      1.0000000 
    61.5000000        0.5000000      1.5000000      2.5000000      0.5000000      2.0000000      4.0000000      2.5000000      3.0000000      2.5000000      1.0000000      2.5000000      2.0000000      3.0000000      2.0000000      2.5000000      0.0000000      2.5000000      2.0000000      0.5000000      1.5000000      0.0000000      0.0000000      0.5000000      0.5000000      0.0000000      0.0000000      0.0000000      1.0000000      1.0000000      0.5000000      0.5000000      1.0000000      1.5000000      1.5000000      1.0000000      1.0000000      1.0000000      1.5000000      1.5000000      1.0000000 
    62.0000000        0.5000000      1.5000000      2.5000000      0.5000000      2.0000000      4.0000000      2.5000000      3.0000000      2.5000000      1.0000000      2.5000000      2.0000000      3.0000000      2.0000000      2.5000000      0.0000000      2.5000000      2.0000000      0.5000000      1.5000000      0.0000000      0.0000000      0.5000000      0.5000000      0.0000000      0.0000000      0.0000000      1.0000000      1.0000000      0.5000000      0.5000000      1.0000000      1.5000000      1.5000000      1.0000000      1.0000000      1.0000000      1.5000000      1.5000000      1.0000000 
    62.0000000        0.5000000      1.5000000      2.5000000      0.5000000      2.0000000      4.0000000      2.5000000      3.0000000      2.5000000      1.0000000      2.5000000      2.0000000      3.0000000      2.0000000      2.5000000      0.0000000      2.5000000      2.0000000      0.5000000      0.5000000      0.0000000      0.0000000      0.5000000      0.5000000      0.0000000      0.0000000      0.0000000      1.0000000      1.0000000      0.5000000      0.5000000      1.0000000      1.5000000      1.5000000      1.0000000      1.0000000      1.0000000      1.5000000      1.5000000      1.0000000 
    62.5000000        0.5000000      1.5000000      2.5000000      0.5000000      2.0000000      4.0000000      2.5000000      3.0000000      2.5000000      1.0000000      2.5000000      2.0000000      3.0000000      2.0000000      2.5000000      0.0000000      2.5000000      2.0000000      0.5000000      0.5000000      0.0000000      0.0000000      0.5000000      0.5000000      0.0000000      0.0000000      0.0000000      1.0000000      1.0000000      0.5000000      0.5000000      1.0000000      1.5000000      1.5000000      1.0000000      1.0000000      1.0000000      1.5000000      1.5000000      1.0000000 
    63.0000000        0.5000000      1.5000000      2.5000000      0.5000000      2.0000000      4.0000000      2.5000000      3.0000000      2.5000000      1.0000000      2.5000000      2.0000000      3.0000000      2.0000000      2.5000000      0.0000000      2.5000000      2.0000000      0.5000000      0.5000000      0.0000000      0.0000000      0.5000000      0.5000000      0.0000000      0.0000000      0.0000000      1.0000000      1.0000000      0.5000000      0.5000000      1.0000000      1.5000000      1.5000000      1.0000000      1.0000000      1.0000000      1.5000000      1.5000000      1.0000000 
    63.0000000        0.5000000      1.5000000      2.5000000      0.5000000      2.0000000      4.0000000      2.5000000      3.0000000      2.5000000      1.0000000      2.5000000      2.0000000      3.0000000      2.0000000      2.5000000      0.0000000      2.5000000      2.0000000      0.5000000      0.5000000      0.0000000      0.0000000      0.5000000      0.5000000      0.0000000      0.0000000      0.0000000      1.0000000      1.0000000      0.5000000      0.5000000      1.0000000      1.5000000      1.5000000      1.0000000      1.0000000      1.0000000      1.5000000      1.5000000      1.0000000 
    63.5000000        0.5000000      1.5000000      2.5000000      0.5000000      2.0000000      4.0000000      2.5000000      3.0000000      2.5000000      1.0000000      2.5000000      2.0000000      3.0000000      2.0000000      2.5000000      0.0000000      2.5000000      2.0000000      0.5000000      0.5000000      0.0000000      0.0000000      0.5000000      0.5000000      0.0000000      0.0000000      0.0000000      1.0000000      1.0000000      0.5000000      0.5000000      1.0000000      1.5000000      1.5000000      1.0000000      1.0000000      1.0000000      1.5000000      1.5000000      1.0000000 
    64.0000000        0.5000000      1.5000000      2.5000000      0.5000000      2.0000000      4.0000000      2.5000000      3.0000000      2.5000000      1.0000000      2.5000000      2.0000000      3.0000000      2.0000000      2.5000000      0.0000000      2.5000000      2.0000000      0.5000000      0.5000000      0.0000000      0.0000000      0.5000000      0.5000000      0.0000000      0.0000000      0.0000000      1.0000000      1.0000000      0.5000000      0.5000000      1.0000000      1.5000000      1.5000000      1.0000000      1.0000000      1.0000000      1.5000000      1.5000000      1.0000000 
    64.5000000        0.5000000      1.5000000      2.5000000      0.5000000      2.0000000      4.0000000      2.5000000      3.0000000      2.5000000      1.0000000      2.5000000      2.0000000      3.0000000      2.0000000      2.5000000      0.0000000      2.5000000      2.0000000      0.5000000      0.5000000      0.0000000      0.0000000      0.5000000      0.5000000      0.0000000      0.0000000      0.0000000      1.0000000      1.0000000      0.5000000      0.5000000      1.0000000      1.5000000      1.5000000      1.0000000      1.0000000      1.0000000      1.5000000      1.5000000      1.0000000 
    65.0000000        0.5000000      1.5000000      2.5000000      0.5000000      2.0000000      4.0000000      2.5000000      3.0000000      2.5000000      1.0000000      2.5000000      2.0000000      3.0000000      2.0000000      2.5000000      0.0000000      2.5000000      2.0000000      0.5000000      0.5000000      0.0000000      0.0000000      0.5000000      0.5000000      0.0000000      0.0000000      0.0000000      1.0000000      1.0000000      0.5000000      0.5000000      1.0000000      1.5000000      1.5000000      1.0000000      1.0000000      1.0000000      1.5000000      1.5000000      1.0000000 
    65.5000000        0.5000000      1.5000000      2.5000000      0.5000000      2.0000000      4.0000000      2.5000000      3.0000000      2.5000000      1.0000000      2.5000000      2.0000000      3.0000000      2.0000000      2.5000000      0.0000000      2.5000000      2.0000000      0.5000000      0.5000000      0.0000000      0.0000000      0.5000000      0.5000000      0.0000000      0.0000000      0.0000000      1.0000000      1.0000000      0.5000000      0.5000000      1.0000000      1.5000000      1.5000000      1.0000000      1.0000000      1.0000000      1.5000000      1.5000000      1.0000000 
    66.0000000        0.5000000      1.5000000      2.5000000      0.5000000      2.0000000      4.0000000      2.5000000      3.0000000      2.5000000      1.0000000      2.5000000      2.0000000      3.0000000      2.0000000      2.5000000      0.0000000      2.5000000      2.0000000      0.5000000      0.5000000      0.0000000      0.0000000      0.5000000      0.5000000      0.0000000      0.0000000      0.0000000      1.0000000      1.0000000      0.5000000      0.5000000      1.0000000      1.5000000      1.5000000      1.0000000      1.0000000      1.0000000      1.5000000      1.5000000      1.0000000 
    66.5000000        0.5000000      1.5000000      2.5000000      0.5000000      2.0000000      4.0000000      2.5000000      3.0000000      2.5000000      1.0000000      2.5000000      2.0000000      3.0000000      2.0000000      2.5000000      0.0000000      2.5000000      2.0000000      0.5000000      0.5000000      0.0000000      0.0000000      0.5000000      0.5000000      0.0000000      0.0000000      0.0000000      1.0000000      1.0000000      0.5000000      0.5000000      1.0000000      1.5000000      1.5000000      1.0000000      1.0000000      1.0000000      1.5000000      1.5000000      1.0000000 
    67.0000000        0.5000000      1.5000000      2.5000000      0.5000000      2.0000000      4.0000000      2.5000000      3.0000000      2.5000000      1.0000000      2.5000000      2.0000000      3.0000000      2.0000000      2.5000000      0.0000000      2.5000000      2.0000000      0.5000000      0.5000000      0.0000000      0.0000000      0.5000000      0.5000000      0.0000000      0.0000000      0.0000000      1.0000000      1.0000000      0.5000000      0.5000000      1.0000000      1.5000000      1.5000000      1.0000000      1.0000000      1.0000000      1.5000000      1.5000000      1.0000000 
    67.5000000        0.5000000      1.5000000      2.5000000      0.5000000      2.0000000      4.0000000      2.5000000      3.0000000      2.5000000      1.0000000      2.5000000      2.0000000      3.0000000      2.0000000      2.5000000      0.0000000      2.5000000      2.0000000      0.5000000      0.5000000      0.0000000      0.0000000      0.5000000      0.5000000      0.0000000      0.0000000      0.0000000      1.0000000      1.0000000      0.5000000      0.5000000      1.0000000      1.5000000      1.5000000      1.0000000      1.0000000      1.0000000      1.5000000      1.5000000      1.0000000 
    68.0000000        0.5000000      1.5000000      2.5000000      0.5000000      2.0000000      4.0000000      2.5000000      3.0000000      2.5000000      1.0000000      2.5000000      2.0000000      3.0000000      2.0000000      2.5000000      0.0000000      2.5000000      2.0000000      0.5000000      0.5000000      0.0000000      0.0000000      0.5000000      0.5000000      0.0000000      0.0000000      0.0000000      1.0000000      1.0000000      0.5000000      0.5000000      1.0000000      1.5000000      1.5000000      1.0000000      1.0000000      1.0000000      1.5000000      1.5000000      1.0000000 
    68.5000000        0.5000000      1.5000000      2.5000000      0.5000000      2.0000000      4.0000000      2.5000000      3.0000000      2.5000000      1.0000000      2.5000000      2.0000000      3.0000000      2.0000000      2.5000000      0.0000000      2.5000000      2.0000000      0.5000000      0.5000000      0.0000000      0.0000000      0.5000000      0.5000000      0.0000000      0.0000000      0.0000000      1.0000000      1.0000000      0.5000000      0.5000000      1.0000000      1.5000000      1.5000000      1.0000000      1.0000000      1.0000000      1.5000000      1.5000000      1.0000000 
    69.0000000        0.5000000      1.5000000      2.5000000      0.5000000      2.0000000      4.0000000      2.5000000      3.0000000      2.5000000      1.0000000      2.5000000      2.0000000      3.0000000      2.0000000      2.5000000      0.0000000      2.5000000      2.0000000      0.5000000      0.5000000      0.0000000      0.0000000      0.5000000      0.5000000      0.0000000      0.0000000      0.0000000      1.0000000      1.0000000      0.5000000      0.5000000      1.0000000      1.5000000      1.5000000      1.0000000      1.0000000      1.0000000      1.5000000      1.5000000      1.0000000 
    69.5000000        0.5000000      1.5000000      2.5000000      0.5000000      2.0000000      4.0000000      2.5000000      3.0000000      2.5000000      1.0000000      2.5000000      2.0000000      3.0000000      2.0000000      2.5000000      0.0000000      2.5000000      2.0000000      0.5000000      0.5000000      0.0000000      0.0000000      0.5000000      0.5000000      0.0000000      0.0000000      0.0000000      1.0000000      1.0000000      0.5000000      0.5000000      1.0000000      1.5000000      1.5000000      1.0000000      1.0000000      1.0000000      1.5000000      1.5000000      1.0000000 
    70.0000000        0.5000000      1.5000000      2.5000000      0.5000000      2.0000000      4.0000000      2.5000000      3.0000000      2.5000000      1.0000000      2.5000000      2.0000000      3.0000000      2.0000000      2.5000000      0.0000000      2.5000000      2.0000000      0.5000000      0.5000000      0.0000000      0.0000000      0.5000000      0.5000000      0.0000000      0.0000000      0.0000000      1.0000000      1.0000000      0.5000000      0.5000000      1.0000000      1.5000000      1.5000000      1.0000000      1.0000000      1.0000000      1.5000000      1.5000000      1.0000000 
    70.0000000        0.5000000      1.5000000      2.5000000      0.5000000      2.0000000      4.0000000      2.5000000      3.0000000      2.5000000      1.0000000      2.5000000      2.0000000      3.0000000      2.0000000      2.5000000      0.0000000      2.5000000      2.0000000      0.5000000      0.5000000      0.0000000      0.0000000      0.5000000      0.5000000      0.0000000      0.0000000      0.0000000      1.0000000      1.0000000      0.5000000      0.5000000      1.0000000      1.5000000      1.5000000      1.0000000      1.0000000      1.0000000      1.5000000      1.5000000      1.0000000 
    70.5000000        0.5000000      1.5000000      2.5000000      0.5000000      2.0000000      4.0000000      2.5000000      3.0000000      2.5000000      1.0000000      2.5000000      2.0000000      3.0000000      2.0000000      2.5000000      0.0000000      2.5000000      2.0000000      0.5000000      0.5000000      0.0000000      0.0000000      0.5000000      0.5000000      0.0000000      0.0000000      0.0000000      1.0000000      1.0000000      0.5000000      0.5000000      1.0000000      1.5000000      1.5000000      1.0000000      1.0000000      1.0000000      1.5000000      1.5000000      1.0000000 
    71.0000000        0.5000000      1.5000000      2.5000000      0.5000000      2.0000000      4.0000000      2.5000000      3.0000000      2.5000000      1.0000000      2.5000000      2.0000000      3.0000000      2.0000000      2.5000000      0.0000000      2.5000000      2.0000000      0.5000000      0.5000000      0.0000000      0.0000000      0.5000000      0.5000000      0.0000000      0.0000000      0.0000000      1.0000000      1.0000000      0.5000000      0.5000000      1.0000000      1.5000000      1.5000000      1.0000000      1.0000000      1.0000000      1.5000000      1.5000000      1.0000000 
    71.5000000        0.5000000      1.5000000      2.5000000      0.5000000      2.0000000      4.0000000      2.5000000      3.0000000      2.5000000      1.0000000      2.5000000      2.0000000      3.0000000      2.0000000      2.5000000      0.0000000      2.5000000      2.0000000      0.5000000      0.5000000      0.0000000      0.0000000      0.5000000      0.5000000      0.0000000      0.0000000      0.0000000      1.0000000      1.0000000      0.5000000      0.5000000      1.0000000      1.5000000      1.5000000      1.0000000      1.0000000      1.0000000      1.5000000      1.5000000      1.0000000 
    72.0000000        0.5000000      1.5000000      2.5000000      0.5000000      2.0000000      4.0000000      2.5000000      3.0000000      2.5000000      1.0000000      2.5000000      2.0000000      3.0000000      2.0000000      2.5000000      0.0000000      2.5000000      2.0000000      0.5000000      0.5000000      0.0000000      0.0000000      0.5000000      0.5000000      0.0000000      0.0000000      0.0000000      1.0000000      1.0000000      0.5000000      0.5000000      1.0000000      1.5000000      1.5000000      1.0000000      1.0000000      1.0000000      1.5000000      1.5000000      1.0000000 
    72.5000000        0.5000000      1.5000000      2.5000000      0.5000000      2.0000000      4.0000000      2.5000000      3.0000000      2.5000000      1.0000000      2.5000000      2.0000000      3.0000000      2.0000000      2.5000000      0.0000000      2.5000000      2.0000000      0.5000000      0.5000000      0.0000000      0.0000000      0.5000000      0.5000000      0.0000000      0.0000000      0.0000000      1.0000000      1.0000000      0.5000000      0.5000000      1.0000000      1.5000000      1.5000000      1.0000000      1.0000000      1.0000000      1.5000000      1.5000000      1.0000000 
    73.0000000        0.5000000      1.5000000      2.5000000      0.5000000      2.0000000      4.0000000      2.5000000      3.0000000      2.5000000      1.0000000      2.5000000      2.0000000      3.0000000      2.0000000      2.5000000      0.0000000      2.5000000      2.0000000      0.5000000      0.5000000      0.0000000      0.0000000      0.5000000      0.5000000      0.0000000      0.0000000      0.0000000      1.0000000      1.0000000      0.5000000      0.5000000      1.0000000      1.5000000      1.5000000      1.0000000      1.0000000      1.0000000      1.5000000      1.5000000      1.0000000 
    73.5000000        0.5000000      1.5000000      2.5000000      0.5000000      2.0000000      4.0000000      2.5000000      3.0000000      2.5000000      1.0000000      2.5000000      2.0000000      3.0000000      2.0000000      2.5000000      0.0000000      2.5000000      2.0000000      0.5000000      0.5000000      0.0000000      0.0000000      0.5000000      0.5000000      0.0000000      0.0000000      0.0000000      1.0000000      1.0000000      0.5000000      0.5000000      1.0000000      1.5000000      1.5000000      1.0000000      1.0000000      1.0000000      1.5000000      1.5000000      1.0000000 
    73.5000000        0.5000000      1.5000000      2.5000000      0.5000000      2.0000000      4.0000000      2.5000000      3.0000000      2.5000000      1.0000000      2.5000000      2.0000000      3.0000000      2.0000000      2.5000000      0.0000000      2.5000000      2.0000000      0.5000000      0.5000000      0.0000000      0.0000000      0.5000000      0.5000000      0.0000000      0.0000000      0.0000000      1.0000000      1.0000000      0.5000000      0.5000000      1.0000000      1.5000000      1.5000000      1.0000000      1.0000000      1.0000000      1.5000000      1.5000000      1.0000000 
    74.0000000        0.5000000      1.5000000      2.5000000      0.5000000      2.0000000      4.0000000      2.5000000      3.0000000      2.5000000      1.0000000      2.5000000      2.0000000      3.0000000      2.0000000      2.5000000      0.0000000      2.5000000      2.0000000      0.5000000      0.5000000      0.0000000      0.0000000      0.5000000      0.5000000      0.0000000      0.0000000      0.0000000      1.0000000      1.0000000      0.5000000      0.5000000      1.0000000      1.5000000      1.5000000      1.0000000      1.0000000      1.0000000      1.5000000      1.5000000      1.0000000 
    74.5000000        0.5000000      1.5000000      2.5000000      0.5000000      2.0000000      4.0000000      2.5000000      3.0000000      2.5000000      1.0000000      2.5000000      2.0000000      3.0000000      2.0000000      2.5000000      0.0000000      2.5000000      2.0000000      0.5000000      0.5000000      0.0000000      0.0000000      0.5000000      0.5000000      0.0000000      0.0000000      0.0000000      1.0000000      1.0000000      0.5000000      0.5000000      1.0000000      1.5000000      1.5000000      1.0000000      1.0000000      1.0000000      1.5000000      1.5000000      1.0000000 
    75.0000000        0.5000000      1.5000000      2.5000000      0.5000000      2.0000000      4.0000000      2.5000000      3.0000000      2.5000000      1.0000000      2.5000000      2.0000000      3.0000000      2.0000000      2.5000000      0.0000000      2.5000000      2.0000000      0.5000000      0.5000000      0.0000000      0.0000000      0.5000000      0.5000000      0.0000000      0.0000000      0.0000000      1.0000000      1.0000000      0.5000000      0.5000000      1.0000000      1.5000000      1.5000000      1.0000000      1.0000000      1.0000000      1.5000000      1.5000000      1.0000000 
    75.5000000        0.5000000      1.5000000      2.5000000      0.5000000      2.0000000      4.0000000      2.5000000      3.0000000      2.5000000      1.0000000      2.5000000      2.0000000      3.0000000      2.0000000      2.5000000      0.0000000      2.5000000      2.0000000      0.5000000      0.5000000      0.0000000      0.0000000      0.5000000      0.5000000      0.0000000      0.0000000      0.0000000      1.0000000      1.0000000      0.5000000      0.5000000      1.0000000      1.5000000      1.5000000      1.0000000      1.0000000      1.0000000      1.5000000      1.5000000      1.0000000 
    76.0000000        0.5000000      1.5000000      2.5000000      0.5000000      2.0000000      4.0000000      2.5000000      3.0000000      2.5000000      1.0000000      2.5000000      2.0000000      3.0000000      2.0000000      2.5000000      0.0000000      2.5000000      2.0000000      0.5000000      0.5000000      0.0000000      0.0000000      0.5000000      0.5000000      0.0000000      0.0000000      0.0000000      1.0000000      1.0000000      0.5000000      0.5000000      1.0000000      1.5000000      1.5000000      1.0000000      1.0000000      1.0000000      1.5000000      1.5000000      1.0000000 
    76.5000000        0.5000000      1.5000000      2.5000000      0.5000000      2.0000000      4.0000000      2.5000000      3.0000000      2.5000000      1.0000000      2.5000000      2.0000000      3.0000000      2.0000000      2.5000000      0.0000000      2.5000000      2.0000000      0.5000000      0.5000000      0.0000000      0.0000000      0.5000000      0.5000000      0.0000000      0.0000000      0.0000000      1.0000000      1.0000000      0.5000000      0.5000000      1.0000000      1.5000000      1.5000000      1.0000000      1.0000000      1.0000000      1.5000000      1.5000000      1.0000000 
    77.0000000        0.5000000      1.5000000      2.5000000      0.5000000      2.0000000      4.0000000      2.5000000      3.0000000      2.5000000      1.0000000      2.5000000      2.0000000      3.0000000      2.0000000      2.5000000      0.0000000      2.5000000      2.0000000      0.5000000      0.5000000      0.0000000      0.0000000      0.5000000      0.5000000      0.0000000      0.0000000      0.0000000      1.0000000      1.0000000      0.5000000      0.5000000      1.0000000      1.5000000      1.5000000      1.0000000      1.0000000      1.0000000      1.5000000      1.5000000      1.0000000 
    77.0000000        0.5000000      1.5000000      2.5000000      0.5000000      2.0000000      4.0000000      2.5000000      3.0000000      2.5000000      1.0000000      2.5000000      2.0000000      3.0000000      2.0000000      2.5000000      0.0000000      2.5000000      2.0000000      0.5000000      0.5000000      0.0000000      0.0000000      0.5000000      0.5000000      0.0000000      0.0000000      0.0000000      1.0000000      1.0000000      0.5000000      0.5000000      1.0000000      1.5000000      1.5000000      1.0000000      1.0000000      1.0000000      1.5000000      1.5000000      1.0000000 
    77.5000000        0.5000000      1.5000000      2.5000000      0.5000000      2.0000000      4.0000000      2.5000000      3.0000000      2.5000000      1.0000000      2.5000000      2.0000000      3.0000000      2.0000000      2.5000000      0.0000000      2.5000000      2.0000000      0.5000000      0.5000000      0.0000000      0.0000000      0.5000000      0.5000000      0.0000000      0.0000000      0.0000000      1.0000000      1.0000000      0.5000000      0.5000000      1.0000000      1.5000000      1.5000000      1.0000000      1.0000000      1.0000000      1.5000000      1.5000000      1.0000000 
    78.0000000        0.5000000      1.5000000      2.5000000      0.5000000      2.0000000      4.0000000      2.5000000      3.0000000      2.5000000      1.0000000      2.5000000      2.0000000      3.0000000      2.0000000      2.5000000      0.0000000      2.5000000      2.0000000      0.5000000      0.5000000      0.0000000      0.0000000      0.5000000      0.5000000      0.0000000      0.0000000      0.0000000      1.0000000      1.0000000      0.5000000      0.5000000      1.0000000      1.5000000      1.5000000      1.0000000      1.0000000      1.0000000      1.5000000      1.5000000      1.0000000 
    78.5000000        0.5000000      1.5000000      2.5000000      0.5000000      2.0000000      4.0000000      2.5000000      3.0000000      2.5000000      1.0000000      2.5000000      2.0000000      3.0000000      2.0000000      2.5000000      0.0000000      2.5000000      2.0000000      0.5000000      0.5000000      0.0000000      0.0000000      0.5000000      0.5000000      0.0000000      0.0000000      0.0000000      1.0000000      1.0000000      0.5000000      0.5000000      1.0000000      1.5000000      1.5000000      1.0000000      1.0000000      1.0000000      1.5000000      1.5000000      1.0000000 
    79.0000000        0.5000000      1.5000000      2.5000000      0.5000000      2.0000000      4.0000000      2.5000000      3.0000000      2.5000000      1.0000000      2.5000000      2.0000000      3.0000000      2.0000000      2.5000000      0.0000000      2.5000000      2.0000000      0.5000000      0.5000000      0.0000000      0.0000000      0.5000000      0.5000000      0.0000000      0.0000000      0.0000000      1.0000000      1.0000000      0.5000000      0.5000000      1.0000000      1.5000000      1.5000000      1.0000000      1.0000000      1.0000000      1.5000000      1.5000000      1.0000000 
    79.5000000        0.5000000      1.5000000      2.5000000      0.5000000      2.0000000      4.0000000      2.5000000      3.0000000      2.5000000      1.0000000      2.5000000      2.0000000      3.0000000      2.0000000      2.5000000      0.0000000      2.5000000      2.0000000      0.5000000      0.5000000      0.0000000      0.0000000      0.5000000      0.5000000      0.0000000      0.0000000      0.0000000      1.0000000      1.0000000      0.5000000      0.5000000      1.0000000      1.5000000      1.5000000      1.0000000      1.0000000      1.0000000      1.5000000      1.5000000      1.0000000 
    80.0000000        0.5000000      1.5000000      2.5000000      0.5000000      2.0000000      4.0000000      2.5000000      3.0000000      2.5000000      1.0000000      2.5000000      2.0000000      3.0000000      2.0000000      2.5000000      0.0000000      2.5000000      2.0000000      0.5000000      0.5000000      0.0000000      0.0000000      0.5000000      0.5000000      0.0000000      0.0000000      0.0000000      1.0000000      1.0000000      0.5000000      0.5000000      1.0000000      1.5000000      1.5000000      1.0000000      1.0000000      1.0000000      1.5000000      1.5000000      1.0000000 
    80.5000000        0.5000000      1.5000000      2.5000000      0.5000000      2.0000000      4.0000000      2.5000000      3.0000000      2.5000000      1.0000000      2.5000000      2.0000000      3.0000000      2.0000000      2.5000000      0.0000000      2.5000000      2.0000000      0.5000000      0.5000000      0.0000000      0.0000000      0.5000000      0.5000000      0.0000000      0.0000000      0.0000000      1.0000000      1.0000000      0.5000000      0.5000000      1.0000000      1.5000000      1.5000000      1.0000000      1.0000000      1.0000000      1.5000000      1.5000000      1.0000000 
    81.0000000        0.5000000      1.5000000      2.5000000      0.5000000      2.0000000      4.0000000      2.5000000      3.0000000      2.5000000      1.0000000      2.5000000      2.0000000      3.0000000      2.0000000      2.5000000      0.0000000      2.5000000      2.0000000      0.5000000      0.5000000      0.0000000      0.0000000      0.5000000      0.5000000      0.0000000      0.0000000      0.0000000      1.0000000      1.0000000      0.5000000      0.5000000      1.0000000      1.5000000      1.5000000      1.0000000      1.0000000      1.0000000      1.5000000      1.5000000      1.0000000 
    81.5000000        0.5000000      1.5000000      2.5000000      0.5000000      2.0000000      4.0000000      2.5000000      3.0000000      2.5000000      1.0000000      2.5000000      2.0000000      3.0000000      2.0000000      2.5000000      0.0000000      2.5000000      2.0000000      0.5000000      0.5000000      0.0000000      0.0000000      0.5000000      0.5000000      0.0000000      0.0000000      0.0000000      1.0000000      1.0000000      0.5000000      0.5000000      1.0000000      1.5000000      1.5000000      1.0000000      1.0000000      1.0000000      1.5000000      1.5000000      1.0000000 
    81.5000000        0.5000000      1.5000000      2.5000000      0.5000000      2.0000000      4.0000000      2.5000000      3.0000000      2.5000000      1.0000000      2.5000000      2.0000000      3.0000000      2.0000000      2.5000000      0.0000000      2.5000000      2.0000000      0.5000000      0.5000000      0.0000000      0.0000000      0.5000000      0.5000000      0.0000000      0.0000000      0.0000000      1.0000000      1.0000000      0.5000000      0.5000000      1.0000000      1.5000000      1.5000000      1.0000000      1.0000000      1.0000000      1.5000000      1.5000000      1.0000000 
    82.0000000        0.5000000      1.5000000      2.5000000      0.5000000      2.0000000      4.0000000      2.5000000      3.0000000      2.5000000      1.0000000      2.5000000      2.0000000      3.0000000      2.0000000      2.5000000      0.0000000      2.5000000      2.0000000      0.5000000      0.5000000      0.0000000      0.0000000      0.5000000      0.5000000      0.0000000      0.0000000      0.0000000      1.0000000      1.0000000      0.5000000      0.5000000      1.0000000      1.5000000      1.5000000      1.0000000      1.0000000      1.0000000      1.5000000      1.5000000      1.0000000 
    82.5000000        0.5000000      1.5000000      2.5000000      0.5000000      2.0000000      4.0000000      2.5000000      3.0000000      2.5000000      1.0000000      2.5000000      2.0000000      3.0000000      2.0000000      2.5000000      0.0000000      2.5000000      2.0000000      0.5000000      0.5000000      0.0000000      0.0000000      0.5000000      0.5000000      0.0000000      0.0000000      0.0000000      1.0000000      1.0000000      0.5000000      0.5000000      1.0000000      1.5000000      1.5000000      1.0000000      1.0000000      1.0000000      1.5000000      1.5000000      1.0000000 
    83.0000000        0.5000000      1.5000000      2.5000000      0.5000000      2.0000000      4.0000000      2.5000000      3.0000000      2.5000000      1.0000000      2.5000000      2.0000000      3.0000000      2.0000000      2.5000000      0.0000000      2.5000000      2.0000000      0.5000000      0.5000000      0.0000000      0.0000000      0.5000000      0.5000000      0.0000000      0.0000000      0.0000000      1.0000000      1.0000000      0.5000000      0.5000000      1.0000000      1.5000000      1.5000000      1.0000000      1.0000000      1.0000000      1.5000000      1.5000000      1.0000000 
    83.5000000        0.5000000      1.5000000      2.5000000      0.5000000      2.0000000      4.0000000      2.5000000      3.0000000      2.5000000      1.0000000      2.5000000      2.0000000      3.0000000      2.0000000      2.5000000      0.0000000      2.5000000      2.0000000      0.5000000      0.5000000      0.0000000      0.0000000      0.5000000      0.5000000      0.0000000      0.0000000      0.0000000      1.0000000      1.0000000      0.5000000      0.5000000      1.0000000      1.5000000      1.5000000      1.0000000      1.0000000      1.0000000      1.5000000      1.5000000      1.0000000 
    84.0000000        0.5000000      1.5000000      2.5000000      0.5000000      2.0000000      4.0000000      2.5000000      3.0000000      2.5000000      1.0000000      2.5000000      2.0000000      3.0000000      2.0000000      2.5000000      0.0000000      2.5000000      2.0000000      0.5000000      0.5000000      0.0000000      0.0000000      0.5000000      0.5000000      0.0000000      0.0000000      0.0000000      1.0000000      1.0000000      0.5000000      0.5000000      1.0000000      1.5000000      1.5000000      1.0000000      1.0000000      1.0000000      1.5000000      1.5000000      1.0000000 
    84.5000000        0.5000000      1.5000000      2.5000000      0.5000000      2.0000000      4.0000000      2.5000000      3.0000000      2.5000000      1.0000000      2.5000000      2.0000000      3.0000000      2.0000000      2.5000000      0.0000000      2.5000000      2.0000000      0.5000000      0.5000000      0.0000000      0.0000000      0.5000000      0.5000000      0.0000000      0.0000000      0.0000000      1.0000000      1.0000000      0.5000000      0.5000000      1.0000000      1.5000000      1.5000000      1.0000000      1.0000000      1.0000000      1.5000000      1.5000000      1.0000000 
    85.0000000        0.5000000      1.5000000      2.5000000      0.5000000      2.0000000      4.0000000      2.5000000      3.0000000      2.5000000      1.0000000      2.5000000      2.0000000      3.0000000      2.0000000      2.5000000      0.0000000      2.5000000      2.0000000      0.5000000      0.5000000      0.0000000      0.0000000      0.5000000      0.5000000      0.0000000      0.0000000      0.0000000      1.0000000      1.0000000      0.5000000      0.5000000      1.0000000      1.5000000      1.5000000      1.0000000      1.0000000      1.0000000      1.5000000      1.5000000      1.0000000 
    85.5000000        0.5000000      1.5000000      2.5000000      0.5000000      2.0000000      4.0000000      2.5000000      3.0000000      2.5000000      1.0000000      2.5000000      2.0000000      3.0000000      2.0000000      2.5000000      0.0000000      2.5000000      2.0000000      0.5000000      0.5000000      0.0000000      0.0000000      0.5000000      0.5000000      0.0000000      0.0000000      0.0000000      1.0000000      1.0000000      0.5000000      0.5000000      1.0000000      1.5000000      1.5000000      1.0000000      1.0000000      1.0000000      1.5000000      1.5000000      1.0000000 
    86.0000000        0.5000000      1.5000000      2.5000000      0.5000000      2.0000000      4.0000000      2.5000000      3.0000000      2.5000000      1.0000000      2.5000000      2.0000000      3.0000000      2.0000000      2.5000000      0.0000000      2.5000000      2.0000000      0.5000000      0.5000000      0.0000000      0.0000000      0.5000000      0.5000000      0.0000000      0.0000000      0.0000000      1.0000000      1.0000000      0.5000000      0.5000000      1.0000000      1.5000000      1.5000000      1.0000000      1.0000000      1.0000000      1.5000000      1.5000000      1.0000000 
    86.0000000        0.5000000      1.5000000      2.5000000      0.5000000      2.0000000      4.0000000      2.5000000      3.0000000      2.5000000      1.0000000      2.5000000      2.0000000      3.0000000      2.0000000      2.5000000      0.0000000      2.5000000      2.0000000      0.5000000      0.5000000      0.0000000      0.0000000      0.5000000      0.5000000      0.0000000      0.0000000      0.0000000      1.0000000      1.0000000      0.5000000      0.5000000      1.0000000      1.5000000      1.5000000      1.0000000      1.0000000      1.0000000      1.5000000      1.5000000      1.0000000 
    86.5000000        0.5000000      1.5000000      2.5000000      0.5000000      2.0000000      4.0000000      2.5000000      3.0000000      2.5000000      1.0000000      2.5000000      2.0000000      3.0000000      2.0000000      2.5000000      0.0000000      2.5000000      2.0000000      0.5000000      0.5000000      0.0000000      0.0000000      0.5000000      0.5000000      0.0000000      0.0000000      0.0000000      1.0000000      1.0000000      0.5000000      0.5000000      1.0000000      1.5000000      1.5000000      1.0000000      1.0000000      1.0000000      1.5000000      1.5000000      1.0000000 
    87.0000000        0.5000000      1.5000000      2.5000000      0.5000000      2.0000000      4.0000000      2.5000000      3.0000000      2.5000000      1.0000000      2.5000000      2.0000000      3.0000000      2.0000000      2.5000000      0.0000000      2.5000000      2.0000000      0.5000000      0.5000000      0.0000000      0.0000000      0.5000000      0.5000000      0.0000000      0.0000000      0.0000000      1.0000000      1.0000000      0.5000000      0.5000000      1.0000000      1.5000000      1.5000000      1.0000000      1.0000000      1.0000000      1.5000000      1.5000000      1.0000000 
    87.5000000        0.5000000      1.5000000      2.5000000      0.5000000      2.0000000      4.0000000      2.5000000      3.0000000      2.5000000      1.0000000      2.5000000      2.0000000      3.0000000      2.0000000      2.5000000      0.0000000      2.5000000      2.0000000      0.5000000      0.5000000      0.0000000      0.0000000      0.5000000      0.5000000      0.0000000      0.0000000      0.0000000      1.0000000      1.0000000      0.5000000      0.5000000      1.0000000      1.5000000      1.5000000      1.0000000      1.0000000      1.0000000      1.5000000      1.5000000      1.0000000 
    88.0000000        0.5000000      1.5000000      2.5000000      0.5000000      2.0000000      4.0000000      2.5000000      3.0000000      2.5000000      1.0000000      2.5000000      2.0000000      3.0000000      2.0000000      2.5000000      0.0000000      2.5000000      2.0000000      0.5000000      0.5000000      0.0000000      0.0000000      0.5000000      0.5000000      0.0000000      0.0000000      0.0000000      1.0000000      1.0000000      0.5000000      0.5000000      1.0000000      1.5000000      1.5000000      1.0000000      1.0000000      1.0000000      1.5000000      1.5000000      1.0000000 
    88.5000000        0.5000000      1.5000000      2.5000000      0.5000000      2.0000000      4.0000000      2.5000000      3.0000000      2.5000000      1.0000000      2.5000000      2.0000000      3.0000000      2.0000000      2.5000000      0.0000000      2.5000000      2.0000000      0.5000000      0.5000000      0.0000000      0.0000000      0.5000000      0.5000000      0.0000000      0.0000000      0.0000000      1.0000000      1.0000000      0.5000000      0.5000000      1.0000000      1.5000000      1.5000000      1.0000000      1.0000000      1.0000000      1.5000000      1.5000000      1.0000000 
    89.0000000        0.5000000      1.5000000      2.5000000      0.5000000      2.0000000      4.0000000      2.5000000      3.0000000      2.5000000      1.0000000      2.5000000      2.0000000      3.0000000      2.0000000      2.5000000      0.0000000      2.5000000      2.0000000      0.5000000      0.5000000      0.0000000      0.0000000      0.5000000      0.5000000      0.0000000      0.0000000      0.0000000      1.0000000      1.0000000      0.5000000      0.5000000      1.0000000      1.5000000      1.5000000      1.0000000      1.0000000      1.0000000      1.5000000      1.5000000      1.0000000 
    89.5000000        0.5000000      1.5000000      2.5000000      0.5000000      2.0000000      4.0000000      2.5000000      3.0000000      2.5000000      1.0000000      2.5000000      2.0000000      3.0000000      2.0000000      2.5000000      0.0000000      2.5000000      2.0000000      0.5000000      0.5000000      0.0000000      0.0000000      0.5000000      0.5000000      0.0000000      0.0000000      0.0000000      1.0000000      1.0000000      0.5000000      0.5000000      1.0000000      1.5000000      1.5000000      1.0000000      1.0000000      1.0000000      1.5000000      1.5000000      1.0000000 
    90.0000000        0.5000000      1.5000000      2.5000000      0.5000000      2.0000000      4.0000000      2.5000000      3.0000000      2.5000000      1.0000000      2.5000000      2.0000000      3.0000000      2.0000000      2.5000000      0.0000000      2.5000000      2.0000000      0.5000000      0.5000000      0.0000000      0.0000000      0.5000000      0.5000000      0.0000000      0.0000000      0.0000000      1.0000000      1.0000000      0.5000000      0.5000000      1.0000000      1.5000000      1.5000000      1.0000000      1.0000000      1.0000000      1.5000000      1.5000000      1.0000000 
    90.0000000        0.5000000      1.5000000      2.5000000      0.5000000      2.0000000      4.0000000      2.5000000      3.0000000      2.5000000      1.0000000      2.5000000      2.0000000      3.0000000      2.0000000      2.5000000      0.0000000      2.5000000      2.0000000      0.5000000      0.5000000      0.0000000      0.0000000      0.5000000      0.5000000      0.0000000      0.0000000      0.0000000      1.0000000      1.0000000      0.5000000      0.5000000      1.0000000      1.5000000      1.5000000      1.0000000      1.0000000      1.0000000      1.5000000      1.5000000      1.0000000 
    90.5000000        0.5000000      1.5000000      2.5000000      0.5000000      2.0000000      4.0000000      2.5000000      3.0000000      2.5000000      1.0000000      2.5000000      2.0000000      3.0000000      2.0000000      2.5000000      0.0000000      2.5000000      2.0000000      0.5000000      0.5000000      0.0000000      0.0000000      0.5000000      0.5000000      0.0000000      0.0000000      0.0000000      1.0000000      1.0000000      0.5000000      0.5000000      1.0000000      1.5000000      1.5000000      1.0000000      1.0000000      1.0000000      1.5000000      1.5000000      1.0000000 
    91.0000000        0.5000000      1.5000000      2.5000000      0.5000000      2.0000000      4.0000000      2.5000000      3.0000000      2.5000000      1.0000000      2.5000000      2.0000000      3.0000000      2.0000000      2.5000000      0.0000000      2.5000000      2.0000000      0.5000000      0.5000000      0.0000000      0.0000000      0.5000000      0.5000000      0.0000000      0.0000000      0.0000000      1.0000000      1.0000000      0.5000000      0.5000000      1.0000000      1.5000000      1.5000000      1.0000000      1.0000000      1.0000000      1.5000000      1.5000000      1.0000000 
    91.5000000        0.5000000      1.5000000      2.5000000      0.5000000      2.0000000      4.0000000      2.5000000      3.0000000      2.5000000      1.0000000      2.5000000      2.0000000      3.0000000      2.0000000      2.5000000      0.0000000      2.5000000      2.0000000      0.5000000      0.5000000      0.0000000      0.0000000      0.5000000      0.5000000      0.0000000      0.0000000      0.0000000      1.0000000      1.0000000      0.5000000      0.5000000      1.0000000      1.5000000      1.5000000      1.0000000      1.0000000      1.0000000      1.5000000      1.5000000      1.0000000 
    92.0000000        0.5000000      1.5000000      2.5000000      0.5000000      2.0000000      4.0000000      2.5000000      3.0000000      2.5000000      1.0000000      2.5000000      2.0000000      3.0000000      2.0000000      2.5000000      0.0000000      2.5000000      2.0000000      0.5000000      0.5000000      0.0000000      0.0000000      0.5000000      0.5000000      0.0000000      0.0000000      0.0000000      1.0000000      1.0000000      0.5000000      0.5000000      1.0000000      1.5000000      1.5000000      1.0000000      1.0000000      1.0000000      1.5000000      1.5000000      1.0000000 
    92.5000000        0.5000000      1.5000000      2.5000000      0.5000000      2.0000000      4.0000000      2.5000000      3.0000000      2.5000000      1.0000000      2.5000000      2.0000000      3.0000000      2.0000000      2.5000000      0.0000000      2.5000000      2.0000000      0.5000000      0.5000000      0.0000000      0.0000000      0.5000000      0.5000000      0.0000000      0.0000000      0.0000000      1.0000000      1.0000000      0.5000000      0.5000000      1.0000000      1.5000000      1.5000000      1.0000000      1.0000000      1.0000000      1.5000000      1.5000000      1.0000000 
    93.0000000        0.5000000      1.5000000      2.5000000      0.5000000      2.0000000      4.0000000      2.5000000      3.0000000      2.5000000      1.0000000      2.5000000      2.0000000      3.0000000      2.0000000      2.5000000      0.0000000      2.5000000      2.0000000      0.5000000      0.5000000      0.0000000      0.0000000      0.5000000      0.5000000      0.0000000      0.0000000      0.0000000      1.0000000      1.0000000      0.5000000      0.5000000      1.0000000      1.5000000      1.5000000      1.0000000      1.0000000      1.0000000      1.5000000      1.5000000      1.0000000 
    93.5000000        0.5000000      1.5000000      2.5000000      0.5000000      2.0000000      4.0000000      2.5000000      3.0000000      2.5000000      1.0000000      2.5000000      2.0000000      3.0000000      2.0000000      2.5000000      0.0000000      2.5000000      2.0000000      0.5000000      0.5000000      0.0000000      0.0000000      0.5000000      0.5000000      0.0000000      0.0000000      0.0000000      1.0000000      1.0000000      0.5000000      0.5000000      1.0000000      1.5000000      1.5000000      1.0000000      1.0000000      1.0000000      1.5000000      1.5000000      1.0000000 
    93.5000000        0.5000000      1.5000000      2.5000000      0.5000000      2.0000000      4.0000000      2.5000000      3.0000000      2.5000000      0.0000000      2.5000000      2.0000000      3.0000000      2.0000000      2.5000000      0.0000000      2.5000000      2.0000000      0.5000000      0.5000000      0.0000000      0.0000000      0.5000000      0.5000000      0.0000000      0.0000000      0.0000000      1.0000000      1.0000000      0.5000000      0.5000000      1.0000000      1.5000000      1.5000000      1.0000000      1.0000000      1.0000000      1.5000000      1.5000000      1.0000000 
    94.0000000        0.5000000      1.5000000      2.5000000      0.5000000      2.0000000      4.0000000      2.5000000      3.0000000      2.5000000      0.0000000      2.5000000      2.0000000      3.0000000      2.0000000      2.5000000      0.0000000      2.5000000      2.0000000      0.5000000      0.5000000      0.0000000      0.0000000      0.5000000      0.5000000      0.0000000      0.0000000      0.0000000      1.0000000      1.0000000      0.5000000      0.5000000      1.0000000      1.5000000      1.5000000      1.0000000      1.0000000      1.0000000      1.5000000      1.5000000      1.0000000 
    94.0000000        0.5000000      1.5000000      2.5000000      0.5000000      2.0000000      4.0000000      2.5000000      3.0000000      2.5000000      0.0000000      2.5000000      2.0000000      3.0000000      2.0000000      2.5000000      0.0000000      2.5000000      2.0000000      0.5000000      0.5000000      0.0000000      0.0000000      0.5000000      0.5000000      0.0000000      0.0000000      0.0000000      1.0000000      1.0000000      0.5000000      0.5000000      1.0000000      1.5000000      1.5000000      1.0000000      1.0000000      1.0000000      1.5000000      1.5000000      1.0000000 
    94.5000000        0.5000000      1.5000000      2.5000000      0.5000000      2.0000000      4.0000000      2.5000000      3.0000000      2.5000000      0.0000000      2.5000000      2.0000000      3.0000000      2.0000000      2.5000000      0.0000000      2.5000000      2.0000000      0.5000000      0.5000000      0.0000000      0.0000000      0.5000000      0.5000000      0.0000000      0.0000000      0.0000000      1.0000000      1.0000000      0.5000000      0.5000000      1.0000000      1.5000000      1.5000000      1.0000000      1.0000000      1.0000000      1.5000000      1.5000000      1.0000000 
    95.0000000        0.5000000      1.5000000      2.5000000      0.5000000      2.0000000      4.0000000      2.5000000      3.0000000      2.5000000      0.0000000      2.5000000      2.0000000      3.0000000      2.0000000      2.5000000      0.0000000      2.5000000      2.0000000      0.5000000      0.5000000      0.0000000      0.0000000      0.5000000      0.5000000      0.0000000      0.0000000      0.0000000      1.0000000      1.0000000      0.5000000      0.5000000      1.0000000      1.5000000      1.5000000      1.0000000      1.0000000      1.0000000      1.5000000      1.5000000      1.0000000 
    95.5000000        0.5000000      1.5000000      2.5000000      0.5000000      2.0000000      4.0000000      2.5000000      3.0000000      2.5000000      0.0000000      2.5000000      2.0000000      3.0000000      2.0000000      2.5000000      0.0000000      2.5000000      2.0000000      0.5000000      0.5000000      0.0000000      0.0000000      0.5000000      0.5000000      0.0000000      0.0000000      0.0000000      1.0000000      1.0000000      0.5000000      0.5000000      1.0000000      1.5000000      1.5000000      1.0000000      1.0000000      1.0000000      1.5000000      1.5000000      1.0000000 
    96.0000000        0.5000000      1.5000000      2.5000000      0.5000000      2.0000000      4.0000000      2.5000000      3.0000000      2.5000000      0.0000000      2.5000000      2.0000000      3.0000000      2.0000000      2.5000000      0.0000000      2.5000000      2.0000000      0.5000000      0.5000000      0.0000000      0.0000000      0.5000000      0.5000000      0.0000000      0.0000000      0.0000000      1.0000000      1.0000000      0.5000000      0.5000000      1.0000000      1.5000000      1.5000000      1.0000000      1.0000000      1.0000000      1.5000000      1.5000000      1.0000000 
    96.5000000        0.5000000      1.5000000      2.5000000      0.5000000      2.0000000      4.0000000      2.5000000      3.0000000      2.5000000      0.0000000      2.5000000      2.0000000      3.0000000      2.0000000      2.5000000      0.0000000      2.5000000      2.0000000      0.5000000      0.5000000      0.0000000      0.0000000      0.5000000      0.5000000      0.0000000      0.0000000      0.0000000      1.0000000      1.0000000      0.5000000      0.5000000      1.0000000      1.5000000      1.5000000      1.0000000      1.0000000      1.0000000      1.5000000      1.5000000      1.0000000 
    97.0000000        0.5000000      1.5000000      2.5000000      0.5000000      2.0000000      4.0000000      2.5000000      3.0000000      2.5000000      0.0000000      2.5000000      2.0000000      3.0000000      2.0000000      2.5000000      0.0000000      2.5000000      2.0000000      0.5000000      0.5000000      0.0000000      0.0000000      0.5000000      0.5000000      0.0000000      0.0000000      0.0000000      1.0000000      1.0000000      0.5000000      0.5000000      1.0000000      1.5000000      1.5000000      1.0000000      1.0000000      1.0000000      1.5000000      1.5000000      1.0000000 
    97.5000000        0.5000000      1.5000000      2.5000000      0.5000000      2.0000000      4.0000000      2.5000000      3.0000000      2.5000000      0.0000000      2.5000000      2.0000000      3.0000000      2.0000000      2.5000000      0.0000000      2.5000000      2.0000000      0.5000000      0.5000000      0.0000000      0.0000000      0.5000000      0.5000000      0.0000000      0.0000000      0.0000000      1.0000000      1.0000000      0.5000000      0.5000000      1.0000000      1.5000000      1.5000000      1.0000000      1.0000000      1.0000000      1.5000000      1.5000000      1.0000000 
    98.0000000        0.5000000      1.5000000      2.5000000      0.5000000      2.0000000      4.0000000      2.5000000      3.0000000      2.5000000      0.0000000      2.5000000      2.0000000      3.0000000      2.0000000      2.5000000      0.0000000      2.5000000      2.0000000      0.5000000      0.5000000      0.0000000      0.0000000      0.5000000      0.5000000      0.0000000      0.0000000      0.0000000      1.0000000      1.0000000      0.5000000      0.5000000      1.0000000      1.5000000      1.5000000      1.0000000      1.0000000      1.0000000      1.5000000      1.5000000      1.0000000 
    98.5000000        0.5000000      1.5000000      2.5000000      0.5000000      2.0000000      4.0000000      2.5000000      3.0000000      2.5000000      0.0000000      2.5000000      2.0000000      3.0000000      2.0000000      2.5000000      0.0000000      2.5000000      2.0000000      0.5000000      0.5000000      0.0000000      0.0000000      0.5000000      0.5000000      0.0000000      0.0000000      0.0000000      1.0000000      1.0000000      0.5000000      0.5000000      1.0000000      1.5000000      1.5000000      1.0000000      1.0000000      1.0000000      1.5000000      1.5000000      1.0000000 
    99.0000000        0.5000000      1.5000000      2.5000000      0.5000000      2.0000000      4.0000000      2.5000000      3.0000000      2.5000000      0.0000000      2.5000000      2.0000000      3.0000000      2.0000000      2.5000000      0.0000000      2.5000000      2.0000000      0.5000000      0.5000000      0.0000000      0.0000000      0.5000000      0.5000000      0.0000000      0.0000000      0.0000000      1.0000000      1.0000000      0.5000000      0.5000000      1.0000000      1.5000000      1.5000000      1.0000000      1.0000000      1.0000000      1.5000000      1.5000000      1.0000000 
    99.5000000        0.5000000      1.5000000      2.5000000      0.5000000      2.0000000      4.0000000      2.5000000      3.0000000      2.5000000      0.0000000      2.5000000      2.0000000      3.0000000      2.0000000      2.5000000      0.0000000      2.5000000      2.0000000      0.5000000      0.5000000      0.0000000      0.0000000      0.5000000      0.5000000      0.0000000      0.0000000      0.0000000      1.0000000      1.0000000      0.5000000      0.5000000      1.0000000      1.5000000      1.5000000      1.0000000      1.0000000      1.0000000      1.5000000      1.5000000      1.0000000 
   100.0000000        0.5000000      1.5000000      2.5000000      0.5000000      2.0000000      4.0000000      2.5000000      3.0000000      2.5000000      0.0000000      2.5000000      2.0000000      3.0000000      2.0000000      2.5000000      0.0000000      2.5000000      2.0000000      0.5000000      0.5000000      0.0000000      0.0000000      0.5000000      0.5000000      0.0000000      0.0000000      0.0000000      1.0000000      1.0000000      0.5000000      0.5000000      1.0000000      1.5000000      1.5000000      1.0000000      1.0000000      1.0000000      1.5000000      1.5000000      1.0000000 
   100.5000000        0.5000000      1.5000000      2.5000000      0.5000000      2.0000000      4.0000000      2.5000000      3.0000000      2.5000000      0.0000000      2.5000000      2.0000000      3.0000000      2.0000000      2.5000000      0.0000000      2.5000000      2.0000000      0.5000000      0.5000000      0.0000000      0.0000000      0.5000000      0.5000000      0.0000000      0.0000000      0.0000000      1.0000000      1.0000000      0.5000000      0.5000000      1.0000000      1.5000000      1.5000000      1.0000000      1.0000000      1.0000000      1.5000000      1.5000000      1.0000000 
   101.0000000        0.5000000      1.5000000      2.5000000      0.5000000      2.0000000      4.0000000      2.5000000      3.0000000      2.5000000      0.0000000      2.5000000      2.0000000      3.0000000      2.0000000      2.5000000      0.0000000      2.5000000      2.0000000      0.5000000      0.5000000      0.0000000      0.0000000      0.5000000      0.5000000      0.0000000      0.0000000      0.0000000      1.0000000      1.0000000      0.5000000      0.5000000      1.0000000      1.5000000      1.5000000      1.0000000      1.0000000      1.0000000      1.5000000      1.5000000      1.0000000 
   101.0000000        0.5000000      1.5000000      2.5000000      0.5000000      2.0000000      4.0000000      2.5000000      3.0000000      2.5000000      0.0000000      2.5000000      2.0000000      3.0000000      2.0000000      2.5000000      0.0000000      2.5000000      2.0000000      0.5000000      0.5000000      0.0000000      0.0000000      0.5000000      0.5000000      0.0000000      0.0000000      0.0000000      1.0000000      1.0000000      0.5000000      0.5000000      1.0000000      1.5000000      1.5000000      1.0000000      1.0000000      1.0000000      1.5000000      1.5000000      1.0000000 
   101.5000000        0.5000000      1.5000000      2.5000000      0.5000000      2.0000000      4.0000000      2.5000000      3.0000000      2.5000000      0.0000000      2.5000000      2.0000000      3.0000000      2.0000000      2.5000000      0.0000000      2.5000000      2.0000000      0.5000000      0.5000000      0.0000000      0.0000000      0.5000000      0.5000000      0.0000000      0.0000000      0.0000000      1.0000000      1.0000000      0.5000000      0.5000000      1.0000000      1.5000000      1.5000000      1.0000000      1.0000000      1.0000000      1.5000000      1.5000000      1.0000000 
   102.0000000        0.5000000      1.5000000      2.5000000      0.5000000      2.0000000      4.0000000      2.5000000      3.0000000      2.5000000      0.0000000      2.5000000      2.0000000      3.0000000      2.0000000      2.5000000      0.0000000      2.5000000      2.0000000      0.5000000      0.5000000      0.0000000      0.0000000      0.5000000      0.5000000      0.0000000      0.0000000      0.0000000      1.0000000      1.0000000      0.5000000      0.5000000      1.0000000      1.5000000      1.5000000      1.0000000      1.0000000      1.0000000      1.5000000      1.5000000      1.0000000 
   102.5000000        0.5000000      1.5000000      2.5000000      0.5000000      2.0000000      4.0000000      2.5000000      3.0000000      2.5000000      0.0000000      2.5000000      2.0000000      3.0000000      2.0000000      2.5000000      0.0000000      2.5000000      2.0000000      0.5000000      0.5000000      0.0000000      0.0000000      0.5000000      0.5000000      0.0000000      0.0000000      0.0000000      1.0000000      1.0000000      0.5000000      0.5000000      1.0000000      1.5000000      1.5000000      1.0000000      1.0000000      1.0000000      1.5000000      1.5000000      1.0000000 
   103.0000000        0.5000000      1.5000000      2.5000000      0.5000000      2.0000000      4.0000000      2.5000000      3.0000000      2.5000000      0.0000000      2.5000000      2.0000000      3.0000000      2.0000000      2.5000000      0.0000000      2.5000000      2.0000000      0.5000000      0.5000000      0.0000000      0.0000000      0.5000000      0.5000000      0.0000000      0.0000000      0.0000000      1.0000000      1.0000000      0.5000000      0.5000000      1.0000000      1.5000000      1.5000000      1.0000000      1.0000000      1.0000000      1.5000000      1.5000000      1.0000000 
   103.5000000        0.5000000      1.5000000      2.5000000      0.5000000      2.0000000      4.0000000      2.5000000      3.0000000      2.5000000      0.0000000      2.5000000      2.0000000      3.0000000      2.0000000      2.5000000      0.0000000      2.5000000      2.0000000      0.5000000      0.5000000      0.0000000      0.0000000      0.5000000      0.5000000      0.0000000      0.0000000      0.0000000      1.0000000      1.0000000      0.5000000      0.5000000      1.0000000      1.5000000      1.5000000      1.0000000      1.0000000      1.0000000      1.5000000      1.5000000      1.0000000 
   104.0000000        0.5000000      1.5000000      2.5000000      0.5000000      2.0000000      4.0000000      2.5000000      3.0000000      2.5000000      0.0000000      2.5000000      2.0000000      3.0000000      2.0000000      2.5000000      0.0000000      2.5000000      2.0000000      0.5000000      0.5000000      0.0000000      0.0000000      0.5000000      0.5000000      0.0000000      0.0000000      0.0000000      1.0000000      1.0000000      0.5000000      0.5000000      1.0000000      1.5000000      1.5000000      1.0000000      1.0000000      1.0000000      1.5000000      1.5000000      1.0000000 
   104.5000000        0.5000000      1.5000000      2.5000000      0.5000000      2.0000000      4.0000000      2.5000000      3.0000000      2.5000000      0.0000000      2.5000000      2.0000000      3.0000000      2.0000000      2.5000000      0.0000000      2.5000000      2.0000000      0.5000000      0.5000000      0.0000000      0.0000000      0.5000000      0.5000000      0.0000000      0.0000000      0.0000000      1.0000000      1.0000000      0.5000000      0.5000000      1.0000000      1.5000000      1.5000000      1.0000000      1.0000000      1.0000000      1.5000000      1.5000000      1.0000000 
   105.0000000        0.5000000      1.5000000      2.5000000      0.5000000      2.0000000      4.0000000      2.5000000      3.0000000      2.5000000      0.0000000      2.5000000      2.0000000      3.0000000      2.0000000      2.5000000      0.0000000      2.5000000      2.0000000      0.5000000      0.5000000      0.0000000      0.0000000      0.5000000      0.5000000      0.0000000      0.0000000      0.0000000      1.0000000      1.0000000      0.5000000      0.5000000      1.0000000      1.5000000      1.5000000      1.0000000      1.0000000      1.0000000      1.5000000      1.5000000      1.0000000 
   105.5000000        0.5000000      1.5000000      2.5000000      0.5000000      2.0000000      4.0000000      2.5000000      3.0000000      2.5000000      0.0000000      2.5000000      2.0000000      3.0000000      2.0000000      2.5000000      0.0000000      2.5000000      2.0000000      0.5000000      0.5000000      0.0000000      0.0000000      0.5000000      0.5000000      0.0000000      0.0000000      0.0000000      1.0000000      1.0000000      0.5000000      0.5000000      1.0000000      1.5000000      1.5000000      1.0000000      1.0000000      1.0000000      1.5000000      1.5000000      1.0000000 
   106.0000000        0.5000000      1.5000000      2.5000000      0.5000000      2.0000000      4.0000000      2.5000000      3.0000000      2.5000000      0.0000000      2.5000000      2.0000000      3.0000000      2.0000000      2.5000000      0.0000000      2.5000000      2.0000000      0.5000000      0.5000000      0.0000000      0.0000000      0.5000000      0.5000000      0.0000000      0.0000000      0.0000000      1.0000000      1.0000000      0.5000000      0.5000000      1.0000000      1.5000000      1.5000000      1.0000000      1.0000000      1.0000000      1.5000000      1.5000000      1.0000000 
   106.5000000        0.5000000      1.5000000      2.5000000      0.5000000      2.0000000      4.0000000      2.5000000      3.0000000      2.5000000      0.0000000      2.5000000      2.0000000      3.0000000      2.0000000      2.5000000      0.0000000      2.5000000      2.0000000      0.5000000      0.5000000      0.0000000      0.0000000      0.5000000      0.5000000      0.0000000      0.0000000      0.0000000      1.0000000      1.0000000      0.5000000      0.5000000      1.0000000      1.5000000      1.5000000      1.0000000      1.0000000      1.0000000      1.5000000      1.5000000      1.0000000 
   107.0000000        0.5000000      1.5000000      2.5000000      0.5000000      2.0000000      4.0000000      2.5000000      3.0000000      2.5000000      0.0000000      2.5000000      2.0000000      3.0000000      2.0000000      2.5000000      0.0000000      2.5000000      2.0000000      0.5000000      0.5000000      0.0000000      0.0000000      0.5000000      0.5000000      0.0000000      0.0000000      0.0000000      1.0000000      1.0000000      0.5000000      0.5000000      1.0000000      1.5000000      1.5000000      1.0000000      1.0000000      1.0000000      1.5000000      1.5000000      1.0000000 
   107.5000000        0.5000000      1.5000000      2.5000000      0.5000000      2.0000000      4.0000000      2.5000000      3.0000000      2.5000000      0.0000000      2.5000000      2.0000000      3.0000000      2.0000000      2.5000000      0.0000000      2.5000000      2.0000000      0.5000000      0.5000000      0.0000000      0.0000000      0.5000000      0.5000000      0.0000000      0.0000000      0.0000000      1.0000000      1.0000000      0.5000000      0.5000000      1.0000000      1.5000000      1.5000000      1.0000000      1.0000000      1.0000000      1.5000000      1.5000000      1.0000000 
   108.0000000        0.5000000      1.5000000      2.5000000      0.5000000      2.0000000      4.0000000      2.5000000      3.0000000      2.5000000      0.0000000      2.5000000      2.0000000      3.0000000      2.0000000      2.5000000      0.0000000      2.5000000      2.0000000      0.5000000      0.5000000      0.0000000      0.0000000      0.5000000      0.5000000      0.0000000      0.0000000      0.0000000      1.0000000      1.0000000      0.5000000      0.5000000      1.0000000      1.5000000      1.5000000      1.0000000      1.0000000      1.0000000      1.5000000      1.5000000      1.0000000 
   108.5000000        0.5000000      1.5000000      2.5000000      0.5000000      2.0000000      4.0000000      2.5000000      3.0000000      2.5000000      0.0000000      2.5000000      2.0000000      3.0000000      2.0000000      2.5000000      0.0000000      2.5000000      2.0000000      0.5000000      0.5000000      0.0000000      0.0000000      0.5000000      0.5000000      0.0000000      0.0000000      0.0000000      1.0000000      1.0000000      0.5000000      0.5000000      1.0000000      1.5000000      1.5000000      1.0000000      1.0000000      1.0000000      1.5000000      1.5000000      1.0000000 
   109.0000000        0.5000000      1.5000000      2.5000000      0.5000000      2.0000000      4.0000000      2.5000000      3.0000000      2.5000000      0.0000000      2.5000000      2.0000000      3.0000000      2.0000000      2.5000000      0.0000000      2.5000000      2.0000000      0.5000000      0.5000000      0.0000000      0.0000000      0.5000000      0.5000000      0.0000000      0.0000000      0.0000000      1.0000000      1.0000000      0.5000000      0.5000000      1.0000000      1.5000000      1.5000000      1.0000000      1.0000000      1.0000000      1.5000000      1.5000000      1.0000000 
   109.5000000        0.5000000      1.5000000      2.5000000      0.5000000      2.0000000      4.0000000      2.5000000      3.0000000      2.5000000      0.0000000      2.5000000      2.0000000      3.0000000      2.0000000      2.5000000      0.0000000      2.5000000      2.0000000      0.5000000      0.5000000      0.0000000      0.0000000      0.5000000      0.5000000      0.0000000      0.0000000      0.0000000      1.0000000      1.0000000      0.5000000      0.5000000      1.0000000      1.5000000      1.5000000      1.0000000      1.0000000      1.0000000      1.5000000      1.5000000      1.0000000 
   110.0000000        0.5000000      1.5000000      2.5000000      0.5000000      2.0000000      4.0000000      2.5000000      3.0000000      2.5000000      0.0000000      2.5000000      2.0000000      3.0000000      2.0000000      2.5000000      0.0000000      2.5000000      2.0000000      0.5000000      0.5000000      0.0000000      0.0000000      0.5000000      0.5000000      0.0000000      0.0000000      0.0000000      1.0000000      1.0000000      0.5000000      0.5000000      1.0000000      1.5000000      1.5000000      1.0000000      1.0000000      1.0000000      1.5000000      1.5000000      1.0000000 
   110.5000000        0.5000000      1.5000000      2.5000000      0.5000000      2.0000000      4.0000000      2.5000000      3.0000000      2.5000000      0.0000000      2.5000000      2.0000000      3.0000000      2.0000000      2.5000000      0.0000000      2.5000000      2.0000000      0.5000000      0.5000000      0.0000000      0.0000000      0.5000000      0.5000000      0.0000000      0.0000000      0.0000000      1.0000000      1.0000000      0.5000000      0.5000000      1.0000000      1.5000000      1.5000000      1.0000000      1.0000000      1.0000000      1.5000000      1.5000000      1.0000000 
   111.0000000        0.5000000      1.5000000      2.5000000      0.5000000      2.0000000      4.0000000      2.5000000      3.0000000      2.5000000      0.0000000      2.5000000      2.0000000      3.0000000      2.0000000      2.5000000      0.0000000      2.5000000      2.0000000      0.5000000      0.5000000      0.0000000      0.0000000      0.5000000      0.5000000      0.0000000      0.0000000      0.0000000      1.0000000      1.0000000      0.5000000      0.5000000      1.0000000      1.5000000      1.5000000      1.0000000      1.0000000      1.0000000      1.5000000      1.5000000      1.0000000 
   111.5000000        0.5000000      1.5000000      2.5000000      0.5000000      2.0000000      4.0000000      2.5000000      3.0000000      2.5000000      0.0000000      2.5000000      2.0000000      3.0000000      2.0000000      2.5000000      0.0000000      2.5000000      2.0000000      0.5000000      0.5000000      0.0000000      0.0000000      0.5000000      0.5000000      0.0000000      0.0000000      0.0000000      1.0000000      1.0000000      0.5000000      0.5000000      1.0000000      1.5000000      1.5000000      1.0000000      1.0000000      1.0000000      1.5000000      1.5000000      1.0000000 
   112.0000000        0.5000000      1.5000000      2.5000000      0.5000000      2.0000000      4.0000000      2.5000000      3.0000000      2.5000000      0.0000000      2.5000000      2.0000000      3.0000000      2.0000000      2.5000000      0.0000000      2.5000000      2.0000000      0.5000000      0.5000000      0.0000000      0.0000000      0.5000000      0.5000000      0.0000000      0.0000000      0.0000000      1.0000000      1.0000000      0.5000000      0.5000000      1.0000000      1.5000000      1.5000000      1.0000000      1.0000000      1.0000000      1.5000000      1.5000000      1.0000000 
   112.5000000        0.5000000      1.5000000      2.5000000      0.5000000      2.0000000      4.0000000      2.5000000      3.0000000      2.5000000      0.0000000      2.5000000      2.0000000      3.0000000      2.0000000      2.5000000      0.0000000      2.5000000      2.0000000      0.5000000      0.5000000      0.0000000      0.0000000      0.5000000      0.5000000      0.0000000      0.0000000      0.0000000      1.0000000      1.0000000      0.5000000      0.5000000      1.0000000      1.5000000      1.5000000      1.0000000      1.0000000      1.0000000      1.5000000      1.5000000      1.0000000 
   113.0000000        0.5000000      1.5000000      2.5000000      0.5000000      2.0000000      4.0000000      2.5000000      3.0000000      2.5000000      0.0000000      2.5000000      2.0000000      3.0000000      2.0000000      2.5000000      0.0000000      2.5000000      2.0000000      0.5000000      0.5000000      0.0000000      0.0000000      0.5000000      0.5000000      0.0000000      0.0000000      0.0000000      1.0000000      1.0000000      0.5000000      0.5000000      1.0000000      1.5000000      1.5000000      1.0000000      1.0000000      1.0000000      1.5000000      1.5000000      1.0000000 
   113.5000000        0.5000000      1.5000000      2.5000000      0.5000000      2.0000000      4.0000000      2.5000000      3.0000000      2.5000000      0.0000000      2.5000000      2.0000000      3.0000000      2.0000000      2.5000000      0.0000000      2.5000000      2.0000000      0.5000000      0.5000000      0.0000000      0.0000000      0.5000000      0.5000000      0.0000000      0.0000000      0.0000000      1.0000000      1.0000000      0.5000000      0.5000000      1.0000000      1.5000000      1.5000000      1.0000000      1.0000000      1.0000000      1.5000000      1.5000000      1.0000000 
   114.0000000        0.5000000      1.5000000      2.5000000      0.5000000      2.0000000      4.0000000      2.5000000      3.0000000      2.5000000      0.0000000      2.5000000      2.0000000      3.0000000      2.0000000      2.5000000      0.0000000      2.5000000      2.0000000      0.5000000      0.5000000      0.0000000      0.0000000      0.5000000      0.5000000      0.0000000      0.0000000      0.0000000      1.0000000      1.0000000      0.5000000      0.5000000      1.0000000      1.5000000      1.5000000      1.0000000      1.0000000      1.0000000      1.5000000      1.5000000      1.0000000 
   114.5000000        0.5000000      1.5000000      2.5000000      0.5000000      2.0000000      4.0000000      2.5000000      3.0000000      2.5000000      0.0000000      2.5000000      2.0000000      3.0000000      2.0000000      2.5000000      0.0000000      2.5000000      2.0000000      0.5000000      0.5000000      0.0000000      0.0000000      0.5000000      0.5000000      0.0000000      0.0000000      0.0000000      1.0000000      1.0000000      0.5000000      0.5000000      1.0000000      1.5000000      1.5000000      1.0000000      1.0000000      1.0000000      1.5000000      1.5000000      1.0000000 
   114.5000000        0.5000000      1.5000000      2.5000000      0.5000000      2.0000000      4.0000000      2.5000000      3.0000000      2.5000000      0.0000000      2.5000000      2.0000000      3.0000000      2.0000000      2.5000000      0.0000000      2.5000000      2.0000000      0.5000000      0.5000000      0.0000000      0.0000000      0.5000000      0.5000000      0.0000000      0.0000000      0.0000000      1.0000000      1.0000000      0.5000000      0.5000000      1.0000000      1.5000000      1.5000000      1.0000000      1.0000000      1.0000000      1.5000000      1.5000000      1.0000000 
   115.0000000        0.5000000      1.5000000      2.5000000      0.5000000      2.0000000      4.0000000      2.5000000      3.0000000      2.5000000      0.0000000      2.5000000      2.0000000      3.0000000      2.0000000      2.5000000      0.0000000      2.5000000      2.0000000      0.5000000      0.5000000      0.0000000      0.0000000      0.5000000      0.5000000      0.0000000      0.0000000      0.0000000      1.0000000      1.0000000      0.5000000      0.5000000      1.0000000      1.5000000      1.5000000      1.0000000      1.0000000      1.0000000      1.5000000      1.5000000      1.0000000 
   115.5000000        0.5000000      1.5000000      2.5000000      0.5000000      2.0000000      4.0000000      2.5000000      3.0000000      2.5000000      0.0000000      2.5000000      2.0000000      3.0000000      2.0000000      2.5000000      0.0000000      2.5000000      2.0000000      0.5000000      0.5000000      0.0000000      0.0000000      0.5000000      0.5000000      0.0000000      0.0000000      0.0000000      1.0000000      1.0000000      0.5000000      0.5000000      1.0000000      1.5000000      1.5000000      1.0000000      1.0000000      1.0000000      1.5000000      1.5000000      1.0000000 
   116.0000000        0.5000000      1.5000000      2.5000000      0.5000000      2.0000000      4.0000000      2.5000000      3.0000000      2.5000000      0.0000000      2.5000000      2.0000000      3.0000000      2.0000000      2.5000000      0.0000000      2.5000000      2.0000000      0.5000000      0.5000000      0.0000000      0.0000000      0.5000000      0.5000000      0.0000000      0.0000000      0.0000000      1.0000000      1.0000000      0.5000000      0.5000000      1.0000000      1.5000000      1.5000000      1.0000000      1.0000000      1.0000000      1.5000000      1.5000000      1.0000000 
   116.5000000        0.5000000      1.5000000      2.5000000      0.5000000      2.0000000      4.0000000      2.5000000      3.0000000      2.5000000      0.0000000      2.5000000      2.0000000      3.0000000      2.0000000      2.5000000      0.0000000      2.5000000      2.0000000      0.5000000      0.5000000      0.0000000      0.0000000      0.5000000      0.5000000      0.0000000      0.0000000      0.0000000      1.0000000      1.0000000      0.5000000      0.5000000      1.0000000      1.5000000      1.5000000      1.0000000      1.0000000      1.0000000      1.5000000      1.5000000      1.0000000 
   117.0000000        0.5000000      1.5000000      2.5000000      0.5000000      2.0000000      4.0000000      2.5000000      3.0000000      2.5000000      0.0000000      2.5000000      2.0000000      3.0000000      2.0000000      2.5000000      0.0000000      2.5000000      2.0000000      0.5000000      0.5000000      0.0000000      0.0000000      0.5000000      0.5000000      0.0000000      0.0000000      0.0000000      1.0000000      1.0000000      0.5000000      0.5000000      1.0000000      1.5000000      1.5000000      1.0000000      1.0000000      1.0000000      1.5000000      1.5000000      1.0000000 
   117.5000000        0.5000000      1.5000000      2.5000000      0.5000000      2.0000000      4.0000000      2.5000000      3.0000000      2.5000000      0.0000000      2.5000000      2.0000000      3.0000000      2.0000000      2.5000000      0.0000000      2.5000000      2.0000000      0.5000000      0.5000000      0.0000000      0.0000000      0.5000000      0.5000000      0.0000000      0.0000000      0.0000000      1.0000000      1.0000000      0.5000000      0.5000000      1.0000000      1.5000000      1.5000000      1.0000000      1.0000000      1.0000000      1.5000000      1.5000000      1.0000000 
   118.0000000        0.5000000      1.5000000      2.5000000      0.5000000      2.0000000      4.0000000      2.5000000      3.0000000      2.5000000      0.0000000      2.5000000      2.0000000      3.0000000      2.0000000      2.5000000      0.0000000      2.5000000      2.0000000      0.5000000      0.5000000      0.0000000      0.0000000      0.5000000      0.5000000      0.0000000      0.0000000      0.0000000      1.0000000      1.0000000      0.5000000      0.5000000      1.0000000      1.5000000      1.5000000      1.0000000      1.0000000      1.0000000      1.5000000      1.5000000      1.0000000 
   118.5000000        0.5000000      1.5000000      2.5000000      0.5000000      2.0000000      4.0000000      2.5000000      3.0000000      2.5000000      0.0000000      2.5000000      2.0000000      3.0000000      2.0000000      2.5000000      0.0000000      2.5000000      2.0000000      0.5000000      0.5000000      0.0000000      0.0000000      0.5000000      0.5000000      0.0000000      0.0000000      0.0000000      1.0000000      1.0000000      0.5000000      0.5000000      1.0000000      1.5000000      1.5000000      1.0000000      1.0000000      1.0000000      1.5000000      1.5000000      1.0000000 
   119.0000000        0.5000000      1.5000000      2.5000000      0.5000000      2.0000000      4.0000000      2.5000000      3.0000000      2.5000000      0.0000000      2.5000000      2.0000000      3.0000000      2.0000000      2.5000000      0.0000000      2.5000000      2.0000000      0.5000000      0.5000000      0.0000000      0.0000000      0.5000000      0.5000000      0.0000000      0.0000000      0.0000000      1.0000000      1.0000000      0.5000000      0.5000000      1.0000000      1.5000000      1.5000000      1.0000000      1.0000000      1.0000000      1.5000000      1.5000000      1.0000000 
   119.5000000        0.5000000      1.5000000      2.5000000      0.5000000      2.0000000      4.0000000      2.5000000      3.0000000      2.5000000      0.0000000      2.5000000      2.0000000      3.0000000      2.0000000      2.5000000      0.0000000      2.5000000      2.0000000      0.5000000      0.5000000      0.0000000      0.0000000      0.5000000      0.5000000      0.0000000      0.0000000      0.0000000      1.0000000      1.0000000      0.5000000      0.5000000      1.0000000      1.5000000      1.5000000      1.0000000      1.0000000      1.0000000      1.5000000      1.5000000      1.0000000 
   120.0000000        0.5000000      1.5000000      2.5000000      0.5000000      2.0000000      4.0000000      2.5000000      3.0000000      2.5000000      0.0000000      2.5000000      2.0000000      3.0000000      2.0000000      2.5000000      0.0000000      2.5000000      2.0000000      0.5000000      0.5000000      0.0000000      0.0000000      0.5000000      0.5000000      0.0000000      0.0000000      0.0000000      1.0000000      1.0000000      0.5000000      0.5000000      1.0000000      1.5000000      1.5000000      1.0000000      1.0000000      1.0000000      1.5000000      1.5000000      1.0000000 
   120.5000000        0.5000000      1.5000000      2.5000000      0.5000000      2.0000000      4.0000000      2.5000000      3.0000000      2.5000000      0.0000000      2.5000000      2.0000000      3.0000000      2.0000000      2.5000000      0.0000000      2.5000000      2.0000000      0.5000000      0.5000000      0.0000000      0.0000000      0.5000000      0.5000000      0.0000000      0.0000000      0.0000000      1.0000000      1.0000000      0.5000000      0.5000000      1.0000000      1.5000000      1.5000000      1.0000000      1.0000000      1.0000000      1.5000000      1.5000000      1.0000000 
   121.0000000        0.5000000      1.5000000      2.5000000      0.5000000      2.0000000      4.0000000      2.5000000      3.0000000      2.5000000      0.0000000      2.5000000      2.0000000      3.0000000      2.0000000      2.5000000      0.0000000      2.5000000      2.0000000      0.5000000      0.5000000      0.0000000      0.0000000      0.5000000      0.5000000      0.0000000      0.0000000      0.0000000      1.0000000      1.0000000      0.5000000      0.5000000      1.0000000      1.5000000      1.5000000      1.0000000      1.0000000      1.0000000      1.5000000      1.5000000      1.0000000 
   121.5000000        0.5000000      1.5000000      2.5000000      0.5000000      2.0000000      4.0000000      2.5000000      3.0000000      2.5000000      0.0000000      2.5000000      2.0000000      3.0000000      2.0000000      2.5000000      0.0000000      2.5000000      2.0000000      0.5000000      0.5000000      0.0000000      0.0000000      0.5000000      0.5000000      0.0000000      0.0000000      0.0000000      1.0000000      1.0000000      0.5000000      0.5000000      1.0000000      1.5000000      1.5000000      1.0000000      1.0000000      1.0000000      1.5000000      1.5000000      1.0000000 
   122.0000000        0.5000000      1.5000000      2.5000000      0.5000000      2.0000000      4.0000000      2.5000000      3.0000000      2.5000000      0.0000000      2.5000000      2.0000000      3.0000000      2.0000000      2.5000000      0.0000000      2.5000000      2.0000000      0.5000000      0.5000000      0.0000000      0.0000000      0.5000000      0.5000000      0.0000000      0.0000000      0.0000000      1.0000000      1.0000000      0.5000000      0.5000000      1.0000000      1.5000000      1.5000000      1.0000000      1.0000000      1.0000000      1.5000000      1.5000000      1.0000000 
   122.5000000        0.5000000      1.5000000      2.5000000      0.5000000      2.0000000      4.0000000      2.5000000      3.0000000      2.5000000      0.0000000      2.5000000      2.0000000      3.0000000      2.0000000      2.5000000      0.0000000      2.5000000      2.0000000      0.5000000      0.5000000      0.0000000      0.0000000      0.5000000      0.5000000      0.0000000      0.0000000      0.0000000      1.0000000      1.0000000      0.5000000      0.5000000      1.0000000      1.5000000      1.5000000      1.0000000      1.0000000      1.0000000      1.5000000      1.5000000      1.0000000 
   123.0000000        0.5000000      1.5000000      2.5000000      0.5000000      2.0000000      4.0000000      2.5000000      3.0000000      2.5000000      0.0000000      2.5000000      2.0000000      3.0000000      2.0000000      2.5000000      0.0000000      2.5000000      2.0000000      0.5000000      0.5000000      0.0000000      0.0000000      0.5000000      0.5000000      0.0000000      0.0000000      0.0000000      1.0000000      1.0000000      0.5000000      0.5000000      1.0000000      1.5000000      1.5000000      1.0000000      1.0000000      1.0000000      1.5000000      1.5000000      1.0000000 
   123.5000000        0.5000000      1.5000000      2.5000000      0.5000000      2.0000000      4.0000000      2.5000000      3.0000000      2.5000000      0.0000000      2.5000000      2.0000000      3.0000000      2.0000000      2.5000000      0.0000000      2.5000000      2.0000000      0.5000000      0.5000000      0.0000000      0.0000000      0.5000000      0.5000000      0.0000000      0.0000000      0.0000000      1.0000000      1.0000000      0.5000000      0.5000000      1.0000000      1.5000000      1.5000000      1.0000000      1.0000000      1.0000000      1.5000000      1.5000000      1.0000000 
   124.0000000        0.5000000      1.5000000      2.5000000      0.5000000      2.0000000      4.0000000      2.5000000      3.0000000      2.5000000      0.0000000      2.5000000      2.0000000      3.0000000      2.0000000      2.5000000      0.0000000      2.5000000      2.0000000      0.5000000      0.5000000      0.0000000      0.0000000      0.5000000      0.5000000      0.0000000      0.0000000      0.0000000      1.0000000      1.0000000      0.5000000      0.5000000      1.0000000      1.5000000      1.5000000      1.0000000      1.0000000      1.0000000      1.5000000      1.5000000      1.0000000 
   124.0000000        0.5000000      1.5000000      2.5000000      0.5000000      2.0000000      4.0000000      2.5000000      3.0000000      2.5000000      0.0000000      2.5000000      2.0000000      3.0000000      2.0000000      2.5000000      0.0000000      2.5000000      2.0000000      0.5000000      0.5000000      0.0000000      0.0000000      0.5000000      0.5000000      0.0000000      0.0000000      0.0000000      1.0000000      1.0000000      0.5000000      0.5000000      1.0000000      1.5000000      1.5000000      1.0000000      1.0000000      1.0000000      1.5000000      1.5000000      1.0000000 
   124.5000000        0.5000000      1.5000000      2.5000000      0.5000000      2.0000000      4.0000000      2.5000000      3.0000000      2.5000000      0.0000000      2.5000000      2.0000000      3.0000000      2.0000000      2.5000000      0.0000000      2.5000000      2.0000000      0.5000000      0.5000000      0.0000000      0.0000000      0.5000000      0.5000000      0.0000000      0.0000000      0.0000000      1.0000000      1.0000000      0.5000000      0.5000000      1.0000000      1.5000000      1.5000000      1.0000000      1.0000000      1.0000000      1.5000000      1.5000000      1.0000000 
   125.0000000        0.5000000      1.5000000      2.5000000      0.5000000      2.0000000      4.0000000      2.5000000      3.0000000      2.5000000      0.0000000      2.5000000      2.0000000      3.0000000      2.0000000      2.5000000      0.0000000      2.5000000      2.0000000      0.5000000      0.5000000      0.0000000      0.0000000      0.5000000      0.5000000      0.0000000      0.0000000      0.0000000      1.0000000      1.0000000      0.5000000      0.5000000      1.0000000      1.5000000      1.5000000      1.0000000      1.0000000      1.0000000      1.5000000      1.5000000      1.0000000 
   125.5000000        0.5000000      1.5000000      2.5000000      0.5000000      2.0000000      4.0000000      2.5000000      3.0000000      2.5000000      0.0000000      2.5000000      2.0000000      3.0000000      2.0000000      2.5000000      0.0000000      2.5000000      2.0000000      0.5000000      0.5000000      0.0000000      0.0000000      0.5000000      0.5000000      0.0000000      0.0000000      0.0000000      1.0000000      1.0000000      0.5000000      0.5000000      1.0000000      1.5000000      1.5000000      1.0000000      1.0000000      1.0000000      1.5000000      1.5000000      1.0000000 
   126.0000000        0.5000000      1.5000000      2.5000000      0.5000000      2.0000000      4.0000000      2.5000000      3.0000000      2.5000000      0.0000000      2.5000000      2.0000000      3.0000000      2.0000000      2.5000000      0.0000000      2.5000000      2.0000000      0.5000000      0.5000000      0.0000000      0.0000000      0.5000000      0.5000000      0.0000000      0.0000000      0.0000000      1.0000000      1.0000000      0.5000000      0.5000000      1.0000000      1.5000000      1.5000000      1.0000000      1.0000000      1.0000000      1.5000000      1.5000000      1.0000000 
   126.5000000        0.5000000      1.5000000      2.5000000      0.5000000      2.0000000      4.0000000      2.5000000      3.0000000      2.5000000      0.0000000      2.5000000      2.0000000      3.0000000      2.0000000      2.5000000      0.0000000      2.5000000      2.0000000      0.5000000      0.5000000      0.0000000      0.0000000      0.5000000      0.5000000      0.0000000      0.0000000      0.0000000      1.0000000      1.0000000      0.5000000      0.5000000      1.0000000      1.5000000      1.5000000      1.0000000      1.0000000      1.0000000      1.5000000      1.5000000      1.0000000 
   127.0000000        0.5000000      1.5000000      2.5000000      0.5000000      2.0000000      4.0000000      2.5000000      3.0000000      2.5000000      0.0000000      2.5000000      2.0000000      3.0000000      2.0000000      2.5000000      0.0000000      2.5000000      2.0000000      0.5000000      0.5000000      0.0000000      0.0000000      0.5000000      0.5000000      0.0000000      0.0000000      0.0000000      1.0000000      1.0000000      0.5000000      0.5000000      1.0000000      1.5000000      1.5000000      1.0000000      1.0000000      1.0000000      1.5000000      1.5000000      1.0000000 
   127.5000000        0.5000000      1.5000000      2.5000000      0.5000000      2.0000000      4.0000000      2.5000000      3.0000000      2.5000000      0.0000000      2.5000000      2.0000000      3.0000000      2.0000000      2.5000000      0.0000000      2.5000000      2.0000000      0.5000000      0.5000000      0.0000000      0.0000000      0.5000000      0.5000000      0.0000000      0.0000000      0.0000000      1.0000000      1.0000000      0.5000000      0.5000000      1.0000000      1.5000000      1.5000000      1.0000000      1.0000000      1.0000000      1.5000000      1.5000000      1.0000000 
   128.0000000        0.5000000      1.5000000      2.5000000      0.5000000      2.0000000      4.0000000      2.5000000      3.0000000      2.5000000      0.0000000      2.5000000      2.0000000      3.0000000      2.0000000      2.5000000      0.0000000      2.5000000      2.0000000      0.5000000      0.5000000      0.0000000      0.0000000      0.5000000      0.5000000      0.0000000      0.0000000      0.0000000      1.0000000      1.0000000      0.5000000      0.5000000      1.0000000      1.5000000      1.5000000      1.0000000      1.0000000      1.0000000      1.5000000      1.5000000      1.0000000 
   128.5000000        0.5000000      1.5000000      2.5000000      0.5000000      2.0000000      4.0000000      2.5000000      3.0000000      2.5000000      0.0000000      2.5000000      2.0000000      3.0000000      2.0000000      2.5000000      0.0000000      2.5000000      2.0000000      0.5000000      0.5000000      0.0000000      0.0000000      0.5000000      0.5000000      0.0000000      0.0000000      0.0000000      1.0000000      1.0000000      0.5000000      0.5000000      1.0000000      1.5000000      1.5000000      1.0000000      1.0000000      1.0000000      1.5000000      1.5000000      1.0000000 
   129.0000000        0.5000000      1.5000000      2.5000000      0.5000000      2.0000000      4.0000000      2.5000000      3.0000000      2.5000000      0.0000000      2.5000000      2.0000000      3.0000000      2.0000000      2.5000000      0.0000000      2.5000000      2.0000000      0.5000000      0.5000000      0.0000000      0.0000000      0.5000000      0.5000000      0.0000000      0.0000000      0.0000000      1.0000000      1.0000000      0.5000000      0.5000000      1.0000000      1.5000000      1.5000000      1.0000000      1.0000000      1.0000000      1.5000000      1.5000000      1.0000000 
   129.5000000        0.5000000      1.5000000      2.5000000      0.5000000      2.0000000      4.0000000      2.5000000      3.0000000      2.5000000      0.0000000      2.5000000      2.0000000      3.0000000      2.0000000      2.5000000      0.0000000      2.5000000      2.0000000      0.5000000      0.5000000      0.0000000      0.0000000      0.5000000      0.5000000      0.0000000      0.0000000      0.0000000      1.0000000      1.0000000      0.5000000      0.5000000      1.0000000      1.5000000      1.5000000      1.0000000      1.0000000      1.0000000      1.5000000      1.5000000      1.0000000 
   130.0000000        0.5000000      1.5000000      2.5000000      0.5000000      2.0000000      4.0000000      2.5000000      3.0000000      2.5000000      0.0000000      2.5000000      2.0000000      3.0000000      2.0000000      2.5000000      0.0000000      2.5000000      2.0000000      0.5000000      0.5000000      0.0000000      0.0000000      0.5000000      0.5000000      0.0000000      0.0000000      0.0000000      1.0000000      1.0000000      0.5000000      0.5000000      1.0000000      1.5000000      1.5000000      1.0000000      1.0000000      1.0000000      1.5000000      1.5000000      1.0000000 
   130.5000000        0.5000000      1.5000000      2.5000000      0.5000000      2.0000000      4.0000000      2.5000000      3.0000000      2.5000000      0.0000000      2.5000000      2.0000000      3.0000000      2.0000000      2.5000000      0.0000000      2.5000000      2.0000000      0.5000000      0.5000000      0.0000000      0.0000000      0.5000000      0.5000000      0.0000000      0.0000000      0.0000000      1.0000000      1.0000000      0.5000000      0.5000000      1.0000000      1.5000000      1.5000000      1.0000000      1.0000000      1.0000000      1.5000000      1.5000000      1.0000000 
   131.0000000        0.5000000      1.5000000      2.5000000      0.5000000      2.0000000      4.0000000      2.5000000      3.0000000      2.5000000      0.0000000      2.5000000      2.0000000      3.0000000      2.0000000      2.5000000      0.0000000      2.5000000      2.0000000      0.5000000      0.5000000      0.0000000      0.0000000      0.5000000      0.5000000      0.0000000      0.0000000      0.0000000      1.0000000      1.0000000      0.5000000      0.5000000      1.0000000      1.5000000      1.5000000      1.0000000      1.0000000      1.0000000      1.5000000      1.5000000      1.0000000 
   131.0000000        0.5000000      0.5000000      2.5000000      0.5000000      2.0000000      4.0000000      2.5000000      3.0000000      2.5000000      0.0000000      2.5000000      2.0000000      3.0000000      2.0000000      2.5000000      0.0000000      2.5000000      2.0000000      0.5000000      0.5000000      0.0000000      0.0000000      0.5000000      0.5000000      0.0000000      0.0000000      0.0000000      1.0000000      1.0000000      0.5000000      0.5000000      1.0000000      1.5000000      1.5000000      1.0000000      1.0000000      1.0000000      1.5000000      1.5000000      1.0000000 
   131.5000000        0.5000000      0.5000000      2.5000000      0.5000000      2.0000000      4.0000000      2.5000000      3.0000000      2.5000000      0.0000000      2.5000000      2.0000000      3.0000000      2.0000000      2.5000000      0.0000000      2.5000000      2.0000000      0.5000000      0.5000000      0.0000000      0.0000000      0.5000000      0.5000000      0.0000000      0.0000000      0.0000000      1.0000000      1.0000000      0.5000000      0.5000000      1.0000000      1.5000000      1.5000000      1.0000000      1.0000000      1.0000000      1.5000000      1.5000000      1.0000000 
   132.0000000        0.5000000      0.5000000      2.5000000      0.5000000      2.0000000      4.0000000      2.5000000      3.0000000      2.5000000      0.0000000      2.5000000      2.0000000      3.0000000      2.0000000      2.5000000      0.0000000      2.5000000      2.0000000      0.5000000      0.5000000      0.0000000      0.0000000      0.5000000      0.5000000      0.0000000      0.0000000      0.0000000      1.0000000      1.0000000      0.5000000      0.5000000      1.0000000      1.5000000      1.5000000      1.0000000      1.0000000      1.0000000      1.5000000      1.5000000      1.0000000 
   132.5000000        0.5000000      0.5000000      2.5000000      0.5000000      2.0000000      4.0000000      2.5000000      3.0000000      2.5000000      0.0000000      2.5000000      2.0000000      3.0000000      2.0000000      2.5000000      0.0000000      2.5000000      2.0000000      0.5000000      0.5000000      0.0000000      0.0000000      0.5000000      0.5000000      0.0000000      0.0000000      0.0000000      1.0000000      1.0000000      0.5000000      0.5000000      1.0000000      1.5000000      1.5000000      1.0000000      1.0000000      1.0000000      1.5000000      1.5000000      1.0000000 
   133.0000000        0.5000000      0.5000000      2.5000000      0.5000000      2.0000000      4.0000000      2.5000000      3.0000000      2.5000000      0.0000000      2.5000000      2.0000000      3.0000000      2.0000000      2.5000000      0.0000000      2.5000000      2.0000000      0.5000000      0.5000000      0.0000000      0.0000000      0.5000000      0.5000000      0.0000000      0.0000000      0.0000000      1.0000000      1.0000000      0.5000000      0.5000000      1.0000000      1.5000000      1.5000000      1.0000000      1.0000000      1.0000000      1.5000000      1.5000000      1.0000000 
   133.0000000        0.5000000      0.5000000      2.5000000      0.5000000      2.0000000      4.0000000      2.5000000      2.0000000      2.5000000      0.0000000      2.5000000      2.0000000      3.0000000      2.0000000      2.5000000      0.0000000      2.5000000      2.0000000      0.5000000      0.5000000      0.0000000      0.0000000      0.5000000      0.5000000      0.0000000      0.0000000      0.0000000      1.0000000      1.0000000      0.5000000      0.5000000      1.0000000      1.5000000      1.5000000      1.0000000      1.0000000      1.0000000      1.5000000      1.5000000      1.0000000 
   133.5000000        0.5000000      0.5000000      2.5000000      0.5000000      2.0000000      4.0000000      2.5000000      2.0000000      2.5000000      0.0000000      2.5000000      2.0000000      3.0000000      2.0000000      2.5000000      0.0000000      2.5000000      2.0000000      0.5000000      0.5000000      0.0000000      0.0000000      0.5000000      0.5000000      0.0000000      0.0000000      0.0000000      1.0000000      1.0000000      0.5000000      0.5000000      1.0000000      1.5000000      1.5000000      1.0000000      1.0000000      1.0000000      1.5000000      1.5000000      1.0000000 
   134.0000000        0.5000000      0.5000000      2.5000000      0.5000000      2.0000000      4.0000000      2.5000000      2.0000000      2.5000000      0.0000000      2.5000000      2.0000000      3.0000000      2.0000000      2.5000000      0.0000000      2.5000000      2.0000000      0.5000000      0.5000000      0.0000000      0.0000000      0.5000000      0.5000000      0.0000000      0.0000000      0.0000000      1.0000000      1.0000000      0.5000000      0.5000000      1.0000000      1.5000000      1.5000000      1.0000000      1.0000000      1.0000000      1.5000000      1.5000000      1.0000000 
   134.5000000        0.5000000      0.5000000      2.5000000      0.5000000      2.0000000      4.0000000      2.5000000      2.0000000      2.5000000      0.0000000      2.5000000      2.0000000      3.0000000      2.0000000      2.5000000      0.0000000      2.5000000      2.0000000      0.5000000      0.5000000      0.0000000      0.0000000      0.5000000      0.5000000      0.0000000      0.0000000      0.0000000      1.0000000      1.0000000      0.5000000      0.5000000      1.0000000      1.5000000      1.5000000      1.0000000      1.0000000      1.0000000      1.5000000      1.5000000      1.0000000 
   135.0000000        0.5000000      0.5000000      2.5000000      0.5000000      2.0000000      4.0000000      2.5000000      2.0000000      2.5000000      0.0000000      2.5000000      2.0000000      3.0000000      2.0000000      2.5000000      0.0000000      2.5000000      2.0000000      0.5000000      0.5000000      0.0000000      0.0000000      0.5000000      0.5000000      0.0000000      0.0000000      0.0000000      1.0000000      1.0000000      0.5000000      0.5000000      1.0000000      1.5000000      1.5000000      1.0000000      1.0000000      1.0000000      1.5000000      1.5000000      1.0000000 
   135.5000000        0.5000000      0.5000000      2.5000000      0.5000000      2.0000000      4.0000000      2.5000000      2.0000000      2.5000000      0.0000000      2.5000000      2.0000000      3.0000000      2.0000000      2.5000000      0.0000000      2.5000000      2.0000000      0.5000000      0.5000000      0.0000000      0.0000000      0.5000000      0.5000000      0.0000000      0.0000000      0.0000000      1.0000000      1.0000000      0.5000000      0.5000000      1.0000000      1.5000000      1.5000000      1.0000000      1.0000000      1.0000000      1.5000000      1.5000000      1.0000000 
   136.0000000        0.5000000      0.5000000      2.5000000      0.5000000      2.0000000      4.0000000      2.5000000      2.0000000      2.5000000      0.0000000      2.5000000      2.0000000      3.0000000      2.0000000      2.5000000      0.0000000      2.5000000      2.0000000      0.5000000      0.5000000      0.0000000      0.0000000      0.5000000      0.5000000      0.0000000      0.0000000      0.0000000      1.0000000      1.0000000      0.5000000      0.5000000      1.0000000      1.5000000      1.5000000      1.0000000      1.0000000      1.0000000      1.5000000      1.5000000      1.0000000 
   136.5000000        0.5000000      0.5000000      2.5000000      0.5000000      2.0000000      4.0000000      2.5000000      2.0000000      2.5000000      0.0000000      2.5000000      2.0000000      3.0000000      2.0000000      2.5000000      0.0000000      2.5000000      2.0000000      0.5000000      0.5000000      0.0000000      0.0000000      0.5000000      0.5000000      0.0000000      0.0000000      0.0000000      1.0000000      1.0000000      0.5000000      0.5000000      1.0000000      1.5000000      1.5000000      1.0000000      1.0000000      1.0000000      1.5000000      1.5000000      1.0000000 
   137.0000000        0.5000000      0.5000000      2.5000000      0.5000000      2.0000000      4.0000000      2.5000000      2.0000000      2.5000000      0.0000000      2.5000000      2.0000000      3.0000000      2.0000000      2.5000000      0.0000000      2.5000000      2.0000000      0.5000000      0.5000000      0.0000000      0.0000000      0.5000000      0.5000000      0.0000000      0.0000000      0.0000000      1.0000000      1.0000000      0.5000000      0.5000000      1.0000000      1.5000000      1.5000000      1.0000000      1.0000000      1.0000000      1.5000000      1.5000000      1.0000000 
   137.5000000        0.5000000      0.5000000      2.5000000      0.5000000      2.0000000      4.0000000      2.5000000      2.0000000      2.5000000      0.0000000      2.5000000      2.0000000      3.0000000      2.0000000      2.5000000      0.0000000      2.5000000      2.0000000      0.5000000      0.5000000      0.0000000      0.0000000      0.5000000      0.5000000      0.0000000      0.0000000      0.0000000      1.0000000      1.0000000      0.5000000      0.5000000      1.0000000      1.5000000      1.5000000      1.0000000      1.0000000      1.0000000      1.5000000      1.5000000      1.0000000 
   138.0000000        0.5000000      0.5000000      2.5000000      0.5000000      2.0000000      4.0000000      2.5000000      2.0000000      2.5000000      0.0000000      2.5000000      2.0000000      3.0000000      2.0000000      2.5000000      0.0000000      2.5000000      2.0000000      0.5000000      0.5000000      0.0000000      0.0000000      0.5000000      0.5000000      0.0000000      0.0000000      0.0000000      1.0000000      1.0000000      0.5000000      0.5000000      1.0000000      1.5000000      1.5000000      1.0000000      1.0000000      1.0000000      1.5000000      1.5000000      1.0000000 
   138.0000000        0.5000000      0.5000000      2.5000000      0.5000000      2.0000000      4.0000000      2.5000000      2.0000000      2.5000000      0.0000000      2.5000000      2.0000000      3.0000000      2.0000000      2.5000000      0.0000000      2.5000000      2.0000000      0.5000000      0.5000000      0.0000000      0.0000000      0.5000000      0.5000000      0.0000000      0.0000000      0.0000000      1.0000000      1.0000000      0.5000000      0.5000000      1.0000000      1.5000000      1.5000000      1.0000000      1.0000000      1.0000000      1.5000000      1.5000000      1.0000000 
   138.5000000        0.5000000      0.5000000      2.5000000      0.5000000      2.0000000      4.0000000      2.5000000      2.0000000      2.5000000      0.0000000      2.5000000      2.0000000      3.0000000      2.0000000      2.5000000      0.0000000      2.5000000      2.0000000      0.5000000      0.5000000      0.0000000      0.0000000      0.5000000      0.5000000      0.0000000      0.0000000      0.0000000      1.0000000      1.0000000      0.5000000      0.5000000      1.0000000      1.5000000      1.5000000      1.0000000      1.0000000      1.0000000      1.5000000      1.5000000      1.0000000 
   139.0000000        0.5000000      0.5000000      2.5000000      0.5000000      2.0000000      4.0000000      2.5000000      2.0000000      2.5000000      0.0000000      2.5000000      2.0000000      3.0000000      2.0000000      2.5000000      0.0000000      2.5000000      2.0000000      0.5000000      0.5000000      0.0000000      0.0000000      0.5000000      0.5000000      0.0000000      0.0000000      0.0000000      1.0000000      1.0000000      0.5000000      0.5000000      1.0000000      1.5000000      1.5000000      1.0000000      1.0000000      1.0000000      1.5000000      1.5000000      1.0000000 
   139.5000000        0.5000000      0.5000000      2.5000000      0.5000000      2.0000000      4.0000000      2.5000000      2.0000000      2.5000000      0.0000000      2.5000000      2.0000000      3.0000000      2.0000000      2.5000000      0.0000000      2.5000000      2.0000000      0.5000000      0.5000000      0.0000000      0.0000000      0.5000000      0.5000000      0.0000000      0.0000000      0.0000000      1.0000000      1.0000000      0.5000000      0.5000000      1.0000000      1.5000000      1.5000000      1.0000000      1.0000000      1.0000000      1.5000000      1.5000000      1.0000000 
   140.0000000        0.5000000      0.5000000      2.5000000      0.5000000      2.0000000      4.0000000      2.5000000      2.0000000      2.5000000      0.0000000      2.5000000      2.0000000      3.0000000      2.0000000      2.5000000      0.0000000      2.5000000      2.0000000      0.5000000      0.5000000      0.0000000      0.0000000      0.5000000      0.5000000      0.0000000      0.0000000      0.0000000      1.0000000      1.0000000      0.5000000      0.5000000      1.0000000      1.5000000      1.5000000      1.0000000      1.0000000      1.0000000      1.5000000      1.5000000      1.0000000 
   140.0000000        0.5000000      0.5000000      2.5000000      0.5000000      2.0000000      4.0000000      2.5000000      2.0000000      2.5000000      0.0000000      2.5000000      2.0000000      3.0000000      2.0000000      2.5000000      0.0000000      2.5000000      2.0000000      0.5000000      0.5000000      0.0000000      0.0000000      0.5000000      0.5000000      0.0000000      0.0000000      0.0000000      1.0000000      1.0000000      0.5000000      0.5000000      1.0000000      1.5000000      1.5000000      1.0000000      1.0000000      1.0000000      1.5000000      1.5000000      1.0000000 
   140.5000000        0.5000000      0.5000000      2.5000000      0.5000000      2.0000000      4.0000000      2.5000000      2.0000000      2.5000000      0.0000000      2.5000000      2.0000000      3.0000000      2.0000000      2.5000000      0.0000000      2.5000000      2.0000000      0.5000000      0.5000000      0.0000000      0.0000000      0.5000000      0.5000000      0.0000000      0.0000000      0.0000000      1.0000000      1.0000000      0.5000000      0.5000000      1.0000000      1.5000000      1.5000000      1.0000000      1.0000000      1.0000000      1.5000000      1.5000000      1.0000000 
   141.0000000        0.5000000      0.5000000      2.5000000      0.5000000      2.0000000      4.0000000      2.5000000      2.0000000      2.5000000      0.0000000      2.5000000      2.0000000      3.0000000      2.0000000      2.5000000      0.0000000      2.5000000      2.0000000      0.5000000      0.5000000      0.0000000      0.0000000      0.5000000      0.5000000      0.0000000      0.0000000      0.0000000      1.0000000      1.0000000      0.5000000      0.5000000      1.0000000      1.5000000      1.5000000      1.0000000      1.0000000      1.0000000      1.5000000      1.5000000      1.0000000 
   141.5000000        0.5000000      0.5000000      2.5000000      0.5000000      2.0000000      4.0000000      2.5000000      2.0000000      2.5000000      0.0000000      2.5000000      2.0000000      3.0000000      2.0000000      2.5000000      0.0000000      2.5000000      2.0000000      0.5000000      0.5000000      0.0000000      0.0000000      0.5000000      0.5000000      0.0000000      0.0000000      0.0000000      1.0000000      1.0000000      0.5000000      0.5000000      1.0000000      1.5000000      1.5000000      1.0000000      1.0000000      1.0000000      1.5000000      1.5000000      1.0000000 
   142.0000000        0.5000000      0.5000000      2.5000000      0.5000000      2.0000000      4.0000000      2.5000000      2.0000000      2.5000000      0.0000000      2.5000000      2.0000000      3.0000000      2.0000000      2.5000000      0.0000000      2.5000000      2.0000000      0.5000000      0.5000000      0.0000000      0.0000000      0.5000000      0.5000000      0.0000000      0.0000000      0.0000000      1.0000000      1.0000000      0.5000000      0.5000000      1.0000000      1.5000000      1.5000000      1.0000000      1.0000000      1.0000000      1.5000000      1.5000000      1.0000000 
   142.5000000        0.5000000      0.5000000      2.5000000      0.5000000      2.0000000      4.0000000      2.5000000      2.0000000      2.5000000      0.0000000      2.5000000      2.0000000      3.0000000      2.0000000      2.5000000      0.0000000      2.5000000      2.0000000      0.5000000      0.5000000      0.0000000      0.0000000      0.5000000      0.5000000      0.0000000      0.0000000      0.0000000      1.0000000      1.0000000      0.5000000      0.5000000      1.0000000      1.5000000      1.5000000      1.0000000      1.0000000      1.0000000      1.5000000      1.5000000      1.0000000 
   142.8000000        0.5000000      0.5000000      2.5000000      0.5000000      2.0000000      4.0000000      2.5000000      2.0000000      2.5000000      0.0000000      2.5000000      2.0000000      3.0000000      2.0000000      2.5000000      0.0000000      2.5000000      2.0000000      0.5000000      0.5000000      0.0000000      0.0000000      0.5000000      0.5000000      0.0000000      0.0000000      0.0000000      1.0000000      1.0000000      0.5000000      0.5000000      1.0000000      1.5000000      1.5000000      1.0000000      1.0000000      1.0000000      1.5000000      1.5000000      1.0000000 
   142.8000000        0.5000000      0.5000000      2.5000000      0.5000000      2.0000000      4.0000000      2.5000000      2.0000000      2.5000000      0.0000000      2.5000000      2.0000000      3.0000000      2.0000000      2.5000000      0.0000000      2.5000000      2.0000000      0.5000000      0.5000000      0.0000000      0.0000000      0.5000000      0.5000000      0.0000000      0.0000000      0.0000000      1.0000000      1.0000000      0.5000000      0.5000000      1.0000000      1.5000000      1.5000000      1.0000000      1.0000000      1.0000000      1.5000000      1.5000000      1.0000000 
   143.0000000        0.5000000      0.5000000      2.5000000      0.5000000      2.0000000      4.0000000      2.5000000      2.0000000      2.5000000      0.0000000      2.5000000      2.0000000      3.0000000      2.0000000      2.5000000      0.0000000      2.5000000      2.0000000      0.5000000      0.5000000      0.0000000      0.0000000      0.5000000      0.5000000      0.0000000      0.0000000      0.0000000      1.0000000      1.0000000      0.5000000      0.5000000      1.0000000      1.5000000      1.5000000      1.0000000      1.0000000      1.0000000      1.5000000      1.5000000      1.0000000 
   143.5000000        0.5000000      0.5000000      2.5000000      0.5000000      2.0000000      4.0000000      2.5000000      2.0000000      2.5000000      0.0000000      2.5000000      2.0000000      3.0000000      2.0000000      2.5000000      0.0000000      2.5000000      2.0000000      0.5000000      0.5000000      0.0000000      0.0000000      0.5000000      0.5000000      0.0000000      0.0000000      0.0000000      1.0000000      1.0000000      0.5000000      0.5000000      1.0000000      1.5000000      1.5000000      1.0000000      1.0000000      1.0000000      1.5000000      1.5000000      1.0000000 
   144.0000000        0.5000000      0.5000000      2.5000000      0.5000000      2.0000000      4.0000000      2.5000000      2.0000000      2.5000000      0.0000000      2.5000000      2.0000000      3.0000000      2.0000000      2.5000000      0.0000000      2.5000000      2.0000000      0.5000000      0.5000000      0.0000000      0.0000000      0.5000000      0.5000000      0.0000000      0.0000000      0.0000000      1.0000000      1.0000000      0.5000000      0.5000000      1.0000000      1.5000000      1.5000000      1.0000000      1.0000000      1.0000000      1.5000000      1.5000000      1.0000000 
   144.0000000        0.5000000      0.5000000      2.5000000      0.5000000      1.0000000      4.0000000      2.5000000      2.0000000      2.5000000      0.0000000      2.5000000      2.0000000      3.0000000      2.0000000      2.5000000      0.0000000      2.5000000      2.0000000      0.5000000      0.5000000      0.0000000      0.0000000      0.5000000      0.5000000      0.0000000      0.0000000      0.0000000      1.0000000      1.0000000      0.5000000      0.5000000      1.0000000      1.5000000      1.5000000      1.0000000      1.0000000      1.0000000      1.5000000      1.5000000      1.0000000 
   144.2000000        0.5000000      0.5000000      2.5000000      0.5000000      1.0000000      4.0000000      2.5000000      2.0000000      2.5000000      0.0000000      2.5000000      2.0000000      3.0000000      2.0000000      2.5000000      0.0000000      2.5000000      2.0000000      0.5000000      0.5000000      0.0000000      0.0000000      0.5000000      0.5000000      0.0000000      0.0000000      0.0000000      1.0000000      1.0000000      0.5000000      0.5000000      1.0000000      1.5000000      1.5000000      1.0000000      1.0000000      1.0000000      1.5000000      1.5000000      1.0000000 
   144.2000000        0.5000000      0.5000000      2.5000000      0.5000000      1.0000000      4.0000000      2.5000000      2.0000000      2.5000000      0.0000000      2.5000000      2.0000000      3.0000000      2.0000000      2.5000000      0.0000000      2.5000000      2.0000000      0.5000000      0.5000000      0.0000000      0.0000000      0.5000000      0.5000000      0.0000000      0.0000000      0.0000000      1.0000000      1.0000000      0.5000000      0.5000000      1.0000000      1.5000000      1.5000000      1.0000000      1.0000000      1.0000000      1.5000000      1.5000000      1.0000000 
   144.5000000        0.5000000      0.5000000      2.5000000      0.5000000      1.0000000      4.0000000      2.5000000      2.0000000      2.5000000      0.0000000      2.5000000      2.0000000      3.0000000      2.0000000      2.5000000      0.0000000      2.5000000      2.0000000      0.5000000      0.5000000      0.0000000      0.0000000      0.5000000      0.5000000      0.0000000      0.0000000      0.0000000      1.0000000      1.0000000      0.5000000      0.5000000      1.0000000      1.5000000      1.5000000      1.0000000      1.0000000      1.0000000      1.5000000      1.5000000      1.0000000 
   145.0000000        0.5000000      0.5000000      2.5000000      0.5000000      1.0000000      4.0000000      2.5000000      2.0000000      2.5000000      0.0000000      2.5000000      2.0000000      3.0000000      2.0000000      2.5000000      0.0000000      2.5000000      2.0000000      0.5000000      0.5000000      0.0000000      0.0000000      0.5000000      0.5000000      0.0000000      0.0000000      0.0000000      1.0000000      1.0000000      0.5000000      0.5000000      1.0000000      1.5000000      1.5000000      1.0000000      1.0000000      1.0000000      1.5000000      1.5000000      1.0000000 
   145.5000000        0.5000000      0.5000000      2.5000000      0.5000000      1.0000000      4.0000000      2.5000000      2.0000000      2.5000000      0.0000000      2.5000000      2.0000000      3.0000000      2.0000000      2.5000000      0.0000000      2.5000000      2.0000000      0.5000000      0.5000000      0.0000000      0.0000000      0.5000000      0.5000000      0.0000000      0.0000000      0.0000000      1.0000000      1.0000000      0.5000000      0.5000000      1.0000000      1.5000000      1.5000000      1.0000000      1.0000000      1.0000000      1.5000000      1.5000000      1.0000000 
   146.0000000        0.5000000      0.5000000      2.5000000      0.5000000      1.0000000      4.0000000      2.5000000      2.0000000      2.5000000      0.0000000      2.5000000      2.0000000      3.0000000      2.0000000      2.5000000      0.0000000      2.5000000      2.0000000      0.5000000      0.5000000      0.0000000      0.0000000      0.5000000      0.5000000      0.0000000      0.0000000      0.0000000      1.0000000      1.0000000      0.5000000      0.5000000      1.0000000      1.5000000      1.5000000      1.0000000      1.0000000      1.0000000      1.5000000      1.5000000      1.0000000 
   146.5000000        0.5000000      0.5000000      2.5000000      0.5000000      1.0000000      4.0000000      2.5000000      2.0000000      2.5000000      0.0000000      2.5000000      2.0000000      3.0000000      2.0000000      2.5000000      0.0000000      2.5000000      2.0000000      0.5000000      0.5000000      0.0000000      0.0000000      0.5000000      0.5000000      0.0000000      0.0000000      0.0000000      1.0000000      1.0000000      0.5000000      0.5000000      1.0000000      1.5000000      1.5000000      1.0000000      1.0000000      1.0000000      1.5000000      1.5000000      1.0000000 
   147.0000000        0.5000000      0.5000000      2.5000000      0.5000000      1.0000000      4.0000000      2.5000000      2.0000000      2.5000000      0.0000000      2.5000000      2.0000000      3.0000000      2.0000000      2.5000000      0.0000000      2.5000000      2.0000000      0.5000000      0.5000000      0.0000000      0.0000000      0.5000000      0.5000000      0.0000000      0.0000000      0.0000000      1.0000000      1.0000000      0.5000000      0.5000000      1.0000000      1.5000000      1.5000000      1.0000000      1.0000000      1.0000000      1.5000000      1.5000000      1.0000000 
   147.5000000        0.5000000      0.5000000      2.5000000      0.5000000      1.0000000      4.0000000      2.5000000      2.0000000      2.5000000      0.0000000      2.5000000      2.0000000      3.0000000      2.0000000      2.5000000      0.0000000      2.5000000      2.0000000      0.5000000      0.5000000      0.0000000      0.0000000      0.5000000      0.5000000      0.0000000      0.0000000      0.0000000      1.0000000      1.0000000      0.5000000      0.5000000      1.0000000      1.5000000      1.5000000      1.0000000      1.0000000      1.0000000      1.5000000      1.5000000      1.0000000 
   148.0000000        0.5000000      0.5000000      2.5000000      0.5000000      1.0000000      4.0000000      2.5000000      2.0000000      2.5000000      0.0000000      2.5000000      2.0000000      3.0000000      2.0000000      2.5000000      0.0000000      2.5000000      2.0000000      0.5000000      0.5000000      0.0000000      0.0000000      0.5000000      0.5000000      0.0000000      0.0000000      0.0000000      1.0000000      1.0000000      0.5000000      0.5000000      1.0000000      1.5000000      1.5000000      1.0000000      1.0000000      1.0000000      1.5000000      1.5000000      1.0000000 
   148.5000000        0.5000000      0.5000000      2.5000000      0.5000000      1.0000000      4.0000000      2.5000000      2.0000000      2.5000000      0.0000000      2.5000000      2.0000000      3.0000000      2.0000000      2.5000000      0.0000000      2.5000000      2.0000000      0.5000000      0.5000000      0.0000000      0.0000000      0.5000000      0.5000000      0.0000000      0.0000000      0.0000000      1.0000000      1.0000000      0.5000000      0.5000000      1.0000000      1.5000000      1.5000000      1.0000000      1.0000000      1.0000000      1.5000000      1.5000000      1.0000000 
   149.0000000        0.5000000      0.5000000      2.5000000      0.5000000      1.0000000      4.0000000      2.5000000      2.0000000      2.5000000      0.0000000      2.5000000      2.0000000      3.0000000      2.0000000      2.5000000      0.0000000      2.5000000      2.0000000      0.5000000      0.5000000      0.0000000      0.0000000      0.5000000      0.5000000      0.0000000      0.0000000      0.0000000      1.0000000      1.0000000      0.5000000      0.5000000      1.0000000      1.5000000      1.5000000      1.0000000      1.0000000      1.0000000      1.5000000      1.5000000      1.0000000 
   149.5000000        0.5000000      0.5000000      2.5000000      0.5000000      1.0000000      4.0000000      2.5000000      2.0000000      2.5000000      0.0000000      2.5000000      2.0000000      3.0000000      2.0000000      2.5000000      0.0000000      2.5000000      2.0000000      0.5000000      0.5000000      0.0000000      0.0000000      0.5000000      0.5000000      0.0000000      0.0000000      0.0000000      1.0000000      1.0000000      0.5000000      0.5000000      1.0000000      1.5000000      1.5000000      1.0000000      1.0000000      1.0000000      1.5000000      1.5000000      1.0000000 
   150.0000000        0.5000000      0.5000000      2.5000000      0.5000000      1.0000000      4.0000000      2.5000000      2.0000000      2.5000000      0.0000000      2.5000000      2.0000000      3.0000000      2.0000000      2.5000000      0.0000000      2.5000000      2.0000000      0.5000000      0.5000000      0.0000000      0.0000000      0.5000000      0.5000000      0.0000000      0.0000000      0.0000000      1.0000000      1.0000000      0.5000000      0.5000000      1.0000000      1.5000000      1.5000000      1.0000000      1.0000000      1.0000000      1.5000000      1.5000000      1.0000000 
   150.0000000        0.5000000      0.5000000      2.5000000      0.5000000      1.0000000      4.0000000      2.5000000      2.0000000      2.5000000      0.0000000      2.5000000      2.0000000      3.0000000      2.0000000      2.5000000      0.0000000      1.5000000      2.0000000      0.5000000      0.5000000      0.0000000      0.0000000      0.5000000      0.5000000      0.0000000      0.0000000      0.0000000      1.0000000      1.0000000      0.5000000      0.5000000      1.0000000      1.5000000      1.5000000      1.0000000      1.0000000      1.0000000      1.5000000      1.5000000      1.0000000 
   150.5000000        0.5000000      0.5000000      2.5000000      0.5000000      1.0000000      4.0000000      2.5000000      2.0000000      2.5000000      0.0000000      2.5000000      2.0000000      3.0000000      2.0000000      2.5000000      0.0000000      1.5000000      2.0000000      0.5000000      0.5000000      0.0000000      0.0000000      0.5000000      0.5000000      0.0000000      0.0000000      0.0000000      1.0000000      1.0000000      0.5000000      0.5000000      1.0000000      1.5000000      1.5000000      1.0000000      1.0000000      1.0000000      1.5000000      1.5000000      1.0000000 
   151.0000000        0.5000000      0.5000000      2.5000000      0.5000000      1.0000000      4.0000000      2.5000000      2.0000000      2.5000000      0.0000000      2.5000000      2.0000000      3.0000000      2.0000000      2.5000000      0.0000000      1.5000000      2.0000000      0.5000000      0.5000000      0.0000000      0.0000000      0.5000000      0.5000000      0.0000000      0.0000000      0.0000000      1.0000000      1.0000000      0.5000000      0.5000000      1.0000000      1.5000000      1.5000000      1.0000000      1.0000000      1.0000000      1.5000000      1.5000000      1.0000000 
   151.5000000        0.5000000      0.5000000      2.5000000      0.5000000      1.0000000      4.0000000      2.5000000      2.0000000      2.5000000      0.0000000      2.5000000      2.0000000      3.0000000      2.0000000      2.5000000      0.0000000      1.5000000      2.0000000      0.5000000      0.5000000      0.0000000      0.0000000      0.5000000      0.5000000      0.0000000      0.0000000      0.0000000      1.0000000      1.0000000      0.5000000      0.5000000      1.0000000      1.5000000      1.5000000      1.0000000      1.0000000      1.0000000      1.5000000      1.5000000      1.0000000 
   152.0000000        0.5000000      0.5000000      2.5000000      0.5000000      1.0000000      4.0000000      2.5000000      2.0000000      2.5000000      0.0000000      2.5000000      2.0000000      3.0000000      2.0000000      2.5000000      0.0000000      1.5000000      2.0000000      0.5000000      0.5000000      0.0000000      0.0000000      0.5000000      0.5000000      0.0000000      0.0000000      0.0000000      1.0000000      1.0000000      0.5000000      0.5000000      1.0000000      1.5000000      1.5000000      1.0000000      1.0000000      1.0000000      1.5000000      1.5000000      1.0000000 
   152.5000000        0.5000000      0.5000000      2.5000000      0.5000000      1.0000000      4.0000000      2.5000000      2.0000000      2.5000000      0.0000000      2.5000000      2.0000000      3.0000000      2.0000000      2.5000000      0.0000000      1.5000000      2.0000000      0.5000000      0.5000000      0.0000000      0.0000000      0.5000000      0.5000000      0.0000000      0.0000000      0.0000000      1.0000000      1.0000000      0.5000000      0.5000000      1.0000000      1.5000000      1.5000000      1.0000000      1.0000000      1.0000000      1.5000000      1.5000000      1.0000000 
   153.0000000        0.5000000      0.5000000      2.5000000      0.5000000      1.0000000      4.0000000      2.5000000      2.0000000      2.5000000      0.0000000      2.5000000      2.0000000      3.0000000      2.0000000      2.5000000      0.0000000      1.5000000      2.0000000      0.5000000      0.5000000      0.0000000      0.0000000      0.5000000      0.5000000      0.0000000      0.0000000      0.0000000      1.0000000      1.0000000      0.5000000      0.5000000      1.0000000      1.5000000      1.5000000      1.0000000      1.0000000      1.0000000      1.5000000      1.5000000      1.0000000 
   153.5000000        0.5000000      0.5000000      2.5000000      0.5000000      1.0000000      4.0000000      2.5000000      2.0000000      2.5000000      0.0000000      2.5000000      2.0000000      3.0000000      2.0000000      2.5000000      0.0000000      1.5000000      2.0000000      0.5000000      0.5000000      0.0000000      0.0000000      0.5000000      0.5000000      0.0000000      0.0000000      0.0000000      1.0000000      1.0000000      0.5000000      0.5000000      1.0000000      1.5000000      1.5000000      1.0000000      1.0000000      1.0000000      1.5000000      1.5000000      1.0000000 
   154.0000000        0.5000000      0.5000000      2.5000000      0.5000000      1.0000000      4.0000000      2.5000000      2.0000000      2.5000000      0.0000000      2.5000000      2.0000000      3.0000000      2.0000000      2.5000000      0.0000000      1.5000000      2.0000000      0.5000000      0.5000000      0.0000000      0.0000000      0.5000000      0.5000000      0.0000000      0.0000000      0.0000000      1.0000000      1.0000000      0.5000000      0.5000000      1.0000000      1.5000000      1.5000000      1.0000000      1.0000000      1.0000000      1.5000000      1.5000000      1.0000000 
   154.5000000        0.5000000      0.5000000      2.5000000      0.5000000      1.0000000      4.0000000      2.5000000      2.0000000      2.5000000      0.0000000      2.5000000      2.0000000      3.0000000      2.0000000      2.5000000      0.0000000      1.5000000      2.0000000      0.5000000      0.5000000      0.0000000      0.0000000      0.5000000      0.5000000      0.0000000      0.0000000      0.0000000      1.0000000      1.0000000      0.5000000      0.5000000      1.0000000      1.5000000      1.5000000      1.0000000      1.0000000      1.0000000      1.5000000      1.5000000      1.0000000 
   155.0000000        0.5000000      0.5000000      2.5000000      0.5000000      1.0000000      4.0000000      2.5000000      2.0000000      2.5000000      0.0000000      2.5000000      2.0000000      3.0000000      2.0000000      2.5000000      0.0000000      1.5000000      2.0000000      0.5000000      0.5000000      0.0000000      0.0000000      0.5000000      0.5000000      0.0000000      0.0000000      0.0000000      1.0000000      1.0000000      0.5000000      0.5000000      1.0000000      1.5000000      1.5000000      1.0000000      1.0000000      1.0000000      1.5000000      1.5000000      1.0000000 
   155.5000000        0.5000000      0.5000000      2.5000000      0.5000000      1.0000000      4.0000000      2.5000000      2.0000000      2.5000000      0.0000000      2.5000000      2.0000000      3.0000000      2.0000000      2.5000000      0.0000000      1.5000000      2.0000000      0.5000000      0.5000000      0.0000000      0.0000000      0.5000000      0.5000000      0.0000000      0.0000000      0.0000000      1.0000000      1.0000000      0.5000000      0.5000000      1.0000000      1.5000000      1.5000000      1.0000000      1.0000000      1.0000000      1.5000000      1.5000000      1.0000000 
   156.0000000        0.5000000      0.5000000      2.5000000      0.5000000      1.0000000      4.0000000      2.5000000      2.0000000      2.5000000      0.0000000      2.5000000      2.0000000      3.0000000      2.0000000      2.5000000      0.0000000      1.5000000      2.0000000      0.5000000      0.5000000      0.0000000      0.0000000      0.5000000      0.5000000      0.0000000      0.0000000      0.0000000      1.0000000      1.0000000      0.5000000      0.5000000      1.0000000      1.5000000      1.5000000      1.0000000      1.0000000      1.0000000      1.5000000      1.5000000      1.0000000 
   156.5000000        0.5000000      0.5000000      2.5000000      0.5000000      1.0000000      4.0000000      2.5000000      2.0000000      2.5000000      0.0000000      2.5000000      2.0000000      3.0000000      2.0000000      2.5000000      0.0000000      1.5000000      2.0000000      0.5000000      0.5000000      0.0000000      0.0000000      0.5000000      0.5000000      0.0000000      0.0000000      0.0000000      1.0000000      1.0000000      0.5000000      0.5000000      1.0000000      1.5000000      1.5000000      1.0000000      1.0000000      1.0000000      1.5000000      1.5000000      1.0000000 
   157.0000000        0.5000000      0.5000000      2.5000000      0.5000000      1.0000000      4.0000000      2.5000000      2.0000000      2.5000000      0.0000000      2.5000000      2.0000000      3.0000000      2.0000000      2.5000000      0.0000000      1.5000000      2.0000000      0.5000000      0.5000000      0.0000000      0.0000000      0.5000000      0.5000000      0.0000000      0.0000000      0.0000000      1.0000000      1.0000000      0.5000000      0.5000000      1.0000000      1.5000000      1.5000000      1.0000000      1.0000000      1.0000000      1.5000000      1.5000000      1.0000000 
   157.0000000        0.5000000      0.5000000      2.5000000      0.5000000      1.0000000      4.0000000      1.5000000      2.0000000      2.5000000      0.0000000      2.5000000      2.0000000      3.0000000      2.0000000      2.5000000      0.0000000      1.5000000      2.0000000      0.5000000      0.5000000      0.0000000      0.0000000      0.5000000      0.5000000      0.0000000      0.0000000      0.0000000      1.0000000      1.0000000      0.5000000      0.5000000      1.0000000      1.5000000      1.5000000      1.0000000      1.0000000      1.0000000      1.5000000      1.5000000      1.0000000 
   157.5000000        0.5000000      0.5000000      2.5000000      0.5000000      1.0000000      4.0000000      1.5000000      2.0000000      2.5000000      0.0000000      2.5000000      2.0000000      3.0000000      2.0000000      2.5000000      0.0000000      1.5000000      2.0000000      0.5000000      0.5000000      0.0000000      0.0000000      0.5000000      0.5000000      0.0000000      0.0000000      0.0000000      1.0000000      1.0000000      0.5000000      0.5000000      1.0000000      1.5000000      1.5000000      1.0000000      1.0000000      1.0000000      1.5000000      1.5000000      1.0000000 
   158.0000000        0.5000000      0.5000000      2.5000000      0.5000000      1.0000000      4.0000000      1.5000000      2.0000000      2.5000000      0.0000000      2.5000000      2.0000000      3.0000000      2.0000000      2.5000000      0.0000000      1.5000000      2.0000000      0.5000000      0.5000000      0.0000000      0.0000000      0.5000000      0.5000000      0.0000000      0.0000000      0.0000000      1.0000000      1.0000000      0.5000000      0.5000000      1.0000000      1.5000000      1.5000000      1.0000000      1.0000000      1.0000000      1.5000000      1.5000000      1.0000000 
   158.5000000        0.5000000      0.5000000      2.5000000      0.5000000      1.0000000      4.0000000      1.5000000      2.0000000      2.5000000      0.0000000      2.5000000      2.0000000      3.0000000      2.0000000      2.5000000      0.0000000      1.5000000      2.0000000      0.5000000      0.5000000      0.0000000      0.0000000      0.5000000      0.5000000      0.0000000      0.0000000      0.0000000      1.0000000      1.0000000      0.5000000      0.5000000      1.0000000      1.5000000      1.5000000      1.0000000      1.0000000      1.0000000      1.5000000      1.5000000      1.0000000 
   159.0000000        0.5000000      0.5000000      2.5000000      0.5000000      1.0000000      4.0000000      1.5000000      2.0000000      2.5000000      0.0000000      2.5000000      2.0000000      3.0000000      2.0000000      2.5000000      0.0000000      1.5000000      2.0000000      0.5000000      0.5000000      0.0000000      0.0000000      0.5000000      0.5000000      0.0000000      0.0000000      0.0000000      1.0000000      1.0000000      0.5000000      0.5000000      1.0000000      1.5000000      1.5000000      1.0000000      1.0000000      1.0000000      1.5000000      1.5000000      1.0000000 
   159.5000000        0.5000000      0.5000000      2.5000000      0.5000000      1.0000000      4.0000000      1.5000000      2.0000000      2.5000000      0.0000000      2.5000000      2.0000000      3.0000000      2.0000000      2.5000000      0.0000000      1.5000000      2.0000000      0.5000000      0.5000000      0.0000000      0.0000000      0.5000000      0.5000000      0.0000000      0.0000000      0.0000000      1.0000000      1.0000000      0.5000000      0.5000000      1.0000000      1.5000000      1.5000000      1.0000000      1.0000000      1.0000000      1.5000000      1.5000000      1.0000000 
   160.0000000        0.5000000      0.5000000      2.5000000      0.5000000      1.0000000      4.0000000      1.5000000      2.0000000      2.5000000      0.0000000      2.5000000      2.0000000      3.0000000      2.0000000      2.5000000      0.0000000      1.5000000      2.0000000      0.5000000      0.5000000      0.0000000      0.0000000      0.5000000      0.5000000      0.0000000      0.0000000      0.0000000      1.0000000      1.0000000      0.5000000      0.5000000      1.0000000      1.5000000      1.5000000      1.0000000      1.0000000      1.0000000      1.5000000      1.5000000      1.0000000 
   160.5000000        0.5000000      0.5000000      2.5000000      0.5000000      1.0000000      4.0000000      1.5000000      2.0000000      2.5000000      0.0000000      2.5000000      2.0000000      3.0000000      2.0000000      2.5000000      0.0000000      1.5000000      2.0000000      0.5000000      0.5000000      0.0000000      0.0000000      0.5000000      0.5000000      0.0000000      0.0000000      0.0000000      1.0000000      1.0000000      0.5000000      0.5000000      1.0000000      1.5000000      1.5000000      1.0000000      1.0000000      1.0000000      1.5000000      1.5000000      1.0000000 
   161.0000000        0.5000000      0.5000000      2.5000000      0.5000000      1.0000000      4.0000000      1.5000000      2.0000000      2.5000000      0.0000000      2.5000000      2.0000000      3.0000000      2.0000000      2.5000000      0.0000000      1.5000000      2.0000000      0.5000000      0.5000000      0.0000000      0.0000000      0.5000000      0.5000000      0.0000000      0.0000000      0.0000000      1.0000000      1.0000000      0.5000000      0.5000000      1.0000000      1.5000000      1.5000000      1.0000000      1.0000000      1.0000000      1.5000000      1.5000000      1.0000000 
   161.5000000        0.5000000      0.5000000      2.5000000      0.5000000      1.0000000      4.0000000      1.5000000      2.0000000      2.5000000      0.0000000      2.5000000      2.0000000      3.0000000      2.0000000      2.5000000      0.0000000      1.5000000      2.0000000      0.5000000      0.5000000      0.0000000      0.0000000      0.5000000      0.5000000      0.0000000      0.0000000      0.0000000      1.0000000      1.0000000      0.5000000      0.5000000      1.0000000      1.5000000      1.5000000      1.0000000      1.0000000      1.0000000      1.5000000      1.5000000      1.0000000 
   162.0000000        0.5000000      0.5000000      2.5000000      0.5000000      1.0000000      4.0000000      1.5000000      2.0000000      2.5000000      0.0000000      2.5000000      2.0000000      3.0000000      2.0000000      2.5000000      0.0000000      1.5000000      2.0000000      0.5000000      0.5000000      0.0000000      0.0000000      0.5000000      0.5000000      0.0000000      0.0000000      0.0000000      1.0000000      1.0000000      0.5000000      0.5000000      1.0000000      1.5000000      1.5000000      1.0000000      1.0000000      1.0000000      1.5000000      1.5000000      1.0000000 
   162.5000000        0.5000000      0.5000000      2.5000000      0.5000000      1.0000000      4.0000000      1.5000000      2.0000000      2.5000000      0.0000000      2.5000000      2.0000000      3.0000000      2.0000000      2.5000000      0.0000000      1.5000000      2.0000000      0.5000000      0.5000000      0.0000000      0.0000000      0.5000000      0.5000000      0.0000000      0.0000000      0.0000000      1.0000000      1.0000000      0.5000000      0.5000000      1.0000000      1.5000000      1.5000000      1.0000000      1.0000000      1.0000000      1.5000000      1.5000000      1.0000000 
   163.0000000        0.5000000      0.5000000      2.5000000      0.5000000      1.0000000      4.0000000      1.5000000      2.0000000      2.5000000      0.0000000      2.5000000      2.0000000      3.0000000      2.0000000      2.5000000      0.0000000      1.5000000      2.0000000      0.5000000      0.5000000      0.0000000      0.0000000      0.5000000      0.5000000      0.0000000      0.0000000      0.0000000      1.0000000      1.0000000      0.5000000      0.5000000      1.0000000      1.5000000      1.5000000      1.0000000      1.0000000      1.0000000      1.5000000      1.5000000      1.0000000 
   163.5000000        0.5000000      0.5000000      2.5000000      0.5000000      1.0000000      4.0000000      1.5000000      2.0000000      2.5000000      0.0000000      2.5000000      2.0000000      3.0000000      2.0000000      2.5000000      0.0000000      1.5000000      2.0000000      0.5000000      0.5000000      0.0000000      0.0000000      0.5000000      0.5000000      0.0000000      0.0000000      0.0000000      1.0000000      1.0000000      0.5000000      0.5000000      1.0000000      1.5000000      1.5000000      1.0000000      1.0000000      1.0000000      1.5000000      1.5000000      1.0000000 
   164.0000000        0.5000000      0.5000000      2.5000000      0.5000000      1.0000000      4.0000000      1.5000000      2.0000000      2.5000000      0.0000000      2.5000000      2.0000000      3.0000000      2.0000000      2.5000000      0.0000000      1.5000000      2.0000000      0.5000000      0.5000000      0.0000000      0.0000000      0.5000000      0.5000000      0.0000000      0.0000000      0.0000000      1.0000000      1.0000000      0.5000000      0.5000000      1.0000000      1.5000000      1.5000000      1.0000000      1.0000000      1.0000000      1.5000000      1.5000000      1.0000000 
   164.5000000        0.5000000      0.5000000      2.5000000      0.5000000      1.0000000      4.0000000      1.5000000      2.0000000      2.5000000      0.0000000      2.5000000      2.0000000      3.0000000      2.0000000      2.5000000      0.0000000      1.5000000      2.0000000      0.5000000      0.5000000      0.0000000      0.0000000      0.5000000      0.5000000      0.0000000      0.0000000      0.0000000      1.0000000      1.0000000      0.5000000      0.5000000      1.0000000      1.5000000      1.5000000      1.0000000      1.0000000      1.0000000      1.5000000      1.5000000      1.0000000 
   165.0000000        0.5000000      0.5000000      2.5000000      0.5000000      1.0000000      4.0000000      1.5000000      2.0000000      2.5000000      0.0000000      2.5000000      2.0000000      3.0000000      2.0000000      2.5000000      0.0000000      1.5000000      2.0000000      0.5000000      0.5000000      0.0000000      0.0000000      0.5000000      0.5000000      0.0000000      0.0000000      0.0000000      1.0000000      1.0000000      0.5000000      0.5000000      1.0000000      1.5000000      1.5000000      1.0000000      1.0000000      1.0000000      1.5000000      1.5000000      1.0000000 
   165.5000000        0.5000000      0.5000000      2.5000000      0.5000000      1.0000000      4.0000000      1.5000000      2.0000000      2.5000000      0.0000000      2.5000000      2.0000000      3.0000000      2.0000000      2.5000000      0.0000000      1.5000000      2.0000000      0.5000000      0.5000000      0.0000000      0.0000000      0.5000000      0.5000000      0.0000000      0.0000000      0.0000000      1.0000000      1.0000000      0.5000000      0.5000000      1.0000000      1.5000000      1.5000000      1.0000000      1.0000000      1.0000000      1.5000000      1.5000000      1.0000000 
   166.0000000        0.5000000      0.5000000      2.5000000      0.5000000      1.0000000      4.0000000      1.5000000      2.0000000      2.5000000      0.0000000      2.5000000      2.0000000      3.0000000      2.0000000      2.5000000      0.0000000      1.5000000      2.0000000      0.5000000      0.5000000      0.0000000      0.0000000      0.5000000      0.5000000      0.0000000      0.0000000      0.0000000      1.0000000      1.0000000      0.5000000      0.5000000      1.0000000      1.5000000      1.5000000      1.0000000      1.0000000      1.0000000      1.5000000      1.5000000      1.0000000 
   166.5000000        0.5000000      0.5000000      2.5000000      0.5000000      1.0000000      4.0000000      1.5000000      2.0000000      2.5000000      0.0000000      2.5000000      2.0000000      3.0000000      2.0000000      2.5000000      0.0000000      1.5000000      2.0000000      0.5000000      0.5000000      0.0000000      0.0000000      0.5000000      0.5000000      0.0000000      0.0000000      0.0000000      1.0000000      1.0000000      0.5000000      0.5000000      1.0000000      1.5000000      1.5000000      1.0000000      1.0000000      1.0000000      1.5000000      1.5000000      1.0000000 
   167.0000000        0.5000000      0.5000000      2.5000000      0.5000000      1.0000000      4.0000000      1.5000000      2.0000000      2.5000000      0.0000000      2.5000000      2.0000000      3.0000000      2.0000000      2.5000000      0.0000000      1.5000000      2.0000000      0.5000000      0.5000000      0.0000000      0.0000000      0.5000000      0.5000000      0.0000000      0.0000000      0.0000000      1.0000000      1.0000000      0.5000000      0.5000000      1.0000000      1.5000000      1.5000000      1.0000000      1.0000000      1.0000000      1.5000000      1.5000000      1.0000000 
   167.5000000        0.5000000      0.5000000      2.5000000      0.5000000      1.0000000      4.0000000      1.5000000      2.0000000      2.5000000      0.0000000      2.5000000      2.0000000      3.0000000      2.0000000      2.5000000      0.0000000      1.5000000      2.0000000      0.5000000      0.5000000      0.0000000      0.0000000      0.5000000      0.5000000      0.0000000      0.0000000      0.0000000      1.0000000      1.0000000      0.5000000      0.5000000      1.0000000      1.5000000      1.5000000      1.0000000      1.0000000      1.0000000      1.5000000      1.5000000      1.0000000 
   168.0000000        0.5000000      0.5000000      2.5000000      0.5000000      1.0000000      4.0000000      1.5000000      2.0000000      2.5000000      0.0000000      2.5000000      2.0000000      3.0000000      2.0000000      2.5000000      0.0000000      1.5000000      2.0000000      0.5000000      0.5000000      0.0000000      0.0000000      0.5000000      0.5000000      0.0000000      0.0000000      0.0000000      1.0000000      1.0000000      0.5000000      0.5000000      1.0000000      1.5000000      1.5000000      1.0000000      1.0000000      1.0000000      1.5000000      1.5000000      1.0000000 
   168.5000000        0.5000000      0.5000000      2.5000000      0.5000000      1.0000000      4.0000000      1.5000000      2.0000000      2.5000000      0.0000000      2.5000000      2.0000000      3.0000000      2.0000000      2.5000000      0.0000000      1.5000000      2.0000000      0.5000000      0.5000000      0.0000000      0.0000000      0.5000000      0.5000000      0.0000000      0.0000000      0.0000000      1.0000000      1.0000000      0.5000000      0.5000000      1.0000000      1.5000000      1.5000000      1.0000000      1.0000000      1.0000000      1.5000000      1.5000000      1.0000000 
   169.0000000        0.5000000      0.5000000      2.5000000      0.5000000      1.0000000      4.0000000      1.5000000      2.0000000      2.5000000      0.0000000      2.5000000      2.0000000      3.0000000      2.0000000      2.5000000      0.0000000      1.5000000      2.0000000      0.5000000      0.5000000      0.0000000      0.0000000      0.5000000      0.5000000      0.0000000      0.0000000      0.0000000      1.0000000      1.0000000      0.5000000      0.5000000      1.0000000      1.5000000      1.5000000      1.0000000      1.0000000      1.0000000      1.5000000      1.5000000      1.0000000 
   169.5000000        0.5000000      0.5000000      2.5000000      0.5000000      1.0000000      4.0000000      1.5000000      2.0000000      2.5000000      0.0000000      2.5000000      2.0000000      3.0000000      2.0000000      2.5000000      0.0000000      1.5000000      2.0000000      0.5000000      0.5000000      0.0000000      0.0000000      0.5000000      0.5000000      0.0000000      0.0000000      0.0000000      1.0000000      1.0000000      0.5000000      0.5000000      1.0000000      1.5000000      1.5000000      1.0000000      1.0000000      1.0000000      1.5000000      1.5000000      1.0000000 
   170.0000000        0.5000000      0.5000000      2.5000000      0.5000000      1.0000000      4.0000000      1.5000000      2.0000000      2.5000000      0.0000000      2.5000000      2.0000000      3.0000000      2.0000000      2.5000000      0.0000000      1.5000000      2.0000000      0.5000000      0.5000000      0.0000000      0.0000000      0.5000000      0.5000000      0.0000000      0.0000000      0.0000000      1.0000000      1.0000000      0.5000000      0.5000000      1.0000000      1.5000000      1.5000000      1.0000000      1.0000000      1.0000000      1.5000000      1.5000000      1.0000000 
   170.5000000        0.5000000      0.5000000      2.5000000      0.5000000      1.0000000      4.0000000      1.5000000      2.0000000      2.5000000      0.0000000      2.5000000      2.0000000      3.0000000      2.0000000      2.5000000      0.0000000      1.5000000      2.0000000      0.5000000      0.5000000      0.0000000      0.0000000      0.5000000      0.5000000      0.0000000      0.0000000      0.0000000      1.0000000      1.0000000      0.5000000      0.5000000      1.0000000      1.5000000      1.5000000      1.0000000      1.0000000      1.0000000      1.5000000      1.5000000      1.0000000 
   171.0000000        0.5000000      0.5000000      2.5000000      0.5000000      1.0000000      4.0000000      1.5000000      2.0000000      2.5000000      0.0000000      2.5000000      2.0000000      3.0000000      2.0000000      2.5000000      0.0000000      1.5000000      2.0000000      0.5000000      0.5000000      0.0000000      0.0000000      0.5000000      0.5000000      0.0000000      0.0000000      0.0000000      1.0000000      1.0000000      0.5000000      0.5000000      1.0000000      1.5000000      1.5000000      1.0000000      1.0000000      1.0000000      1.5000000      1.5000000      1.0000000 
   171.5000000        0.5000000      0.5000000      2.5000000      0.5000000      1.0000000      4.0000000      1.5000000      2.0000000      2.5000000      0.0000000      2.5000000      2.0000000      3.0000000      2.0000000      2.5000000      0.0000000      1.5000000      2.0000000      0.5000000      0.5000000      0.0000000      0.0000000      0.5000000      0.5000000      0.0000000      0.0000000      0.0000000      1.0000000      1.0000000      0.5000000      0.5000000      1.0000000      1.5000000      1.5000000      1.0000000      1.0000000      1.0000000      1.5000000      1.5000000      1.0000000 
   172.0000000        0.5000000      0.5000000      2.5000000      0.5000000      1.0000000      4.0000000      1.5000000      2.0000000      2.5000000      0.0000000      2.5000000      2.0000000      3.0000000      2.0000000      2.5000000      0.0000000      1.5000000      2.0000000      0.5000000      0.5000000      0.0000000      0.0000000      0.5000000      0.5000000      0.0000000      0.0000000      0.0000000      1.0000000      1.0000000      0.5000000      0.5000000      1.0000000      1.5000000      1.5000000      1.0000000      1.0000000      1.0000000      1.5000000      1.5000000      1.0000000 
   172.5000000        0.5000000      0.5000000      2.5000000      0.5000000      1.0000000      4.0000000      1.5000000      2.0000000      2.5000000      0.0000000      2.5000000      2.0000000      3.0000000      2.0000000      2.5000000      0.0000000      1.5000000      2.0000000      0.5000000      0.5000000      0.0000000      0.0000000      0.5000000      0.5000000      0.0000000      0.0000000      0.0000000      1.0000000      1.0000000      0.5000000      0.5000000      1.0000000      1.5000000      1.5000000      1.0000000      1.0000000      1.0000000      1.5000000      1.5000000      1.0000000 
   173.0000000        0.5000000      0.5000000      2.5000000      0.5000000      1.0000000      4.0000000      1.5000000      2.0000000      2.5000000      0.0000000      2.5000000      2.0000000      3.0000000      2.0000000      2.5000000      0.0000000      1.5000000      2.0000000      0.5000000      0.5000000      0.0000000      0.0000000      0.5000000      0.5000000      0.0000000      0.0000000      0.0000000      1.0000000      1.0000000      0.5000000      0.5000000      1.0000000      1.5000000      1.5000000      1.0000000      1.0000000      1.0000000      1.5000000      1.5000000      1.0000000 
   173.5000000        0.5000000      0.5000000      2.5000000      0.5000000      1.0000000      4.0000000      1.5000000      2.0000000      2.5000000      0.0000000      2.5000000      2.0000000      3.0000000      2.0000000      2.5000000      0.0000000      1.5000000      2.0000000      0.5000000      0.5000000      0.0000000      0.0000000      0.5000000      0.5000000      0.0000000      0.0000000      0.0000000      1.0000000      1.0000000      0.5000000      0.5000000      1.0000000      1.5000000      1.5000000      1.0000000      1.0000000      1.0000000      1.5000000      1.5000000      1.0000000 
   174.0000000        0.5000000      0.5000000      2.5000000      0.5000000      1.0000000      4.0000000      1.5000000      2.0000000      2.5000000      0.0000000      2.5000000      2.0000000      3.0000000      2.0000000      2.5000000      0.0000000      1.5000000      2.0000000      0.5000000      0.5000000      0.0000000      0.0000000      0.5000000      0.5000000      0.0000000      0.0000000      0.0000000      1.0000000      1.0000000      0.5000000      0.5000000      1.0000000      1.5000000      1.5000000      1.0000000      1.0000000      1.0000000      1.5000000      1.5000000      1.0000000 
   174.5000000        0.5000000      0.5000000      2.5000000      0.5000000      1.0000000      4.0000000      1.5000000      2.0000000      2.5000000      0.0000000      2.5000000      2.0000000      3.0000000      2.0000000      2.5000000      0.0000000      1.5000000      2.0000000      0.5000000      0.5000000      0.0000000      0.0000000      0.5000000      0.5000000      0.0000000      0.0000000      0.0000000      1.0000000      1.0000000      0.5000000      0.5000000      1.0000000      1.5000000      1.5000000      1.0000000      1.0000000      1.0000000      1.5000000      1.5000000      1.0000000 
   175.0000000        0.5000000      0.5000000      2.5000000      0.5000000      1.0000000      4.0000000      1.5000000      2.0000000      2.5000000      0.0000000      2.5000000      2.0000000      3.0000000      2.0000000      2.5000000      0.0000000      1.5000000      2.0000000      0.5000000      0.5000000      0.0000000      0.0000000      0.5000000      0.5000000      0.0000000      0.0000000      0.0000000      1.0000000      1.0000000      0.5000000      0.5000000      1.0000000      1.5000000      1.5000000      1.0000000      1.0000000      1.0000000      1.5000000      1.5000000      1.0000000 
   175.5000000        0.5000000      0.5000000      2.5000000      0.5000000      1.0000000      4.0000000      1.5000000      2.0000000      2.5000000      0.0000000      2.5000000      2.0000000      3.0000000      2.0000000      2.5000000      0.0000000      1.5000000      2.0000000      0.5000000      0.5000000      0.0000000      0.0000000      0.5000000      0.5000000      0.0000000      0.0000000      0.0000000      1.0000000      1.0000000      0.5000000      0.5000000      1.0000000      1.5000000      1.5000000      1.0000000      1.0000000      1.0000000      1.5000000      1.5000000      1.0000000 
   176.0000000        0.5000000      0.5000000      2.5000000      0.5000000      1.0000000      4.0000000      1.5000000      2.0000000      2.5000000      0.0000000      2.5000000      2.0000000      3.0000000      2.0000000      2.5000000      0.0000000      1.5000000      2.0000000      0.5000000      0.5000000      0.0000000      0.0000000      0.5000000      0.5000000      0.0000000      0.0000000      0.0000000      1.0000000      1.0000000      0.5000000      0.5000000      1.0000000      1.5000000      1.5000000      1.0000000      1.0000000      1.0000000      1.5000000      1.5000000      1.0000000 
   176.5000000        0.5000000      0.5000000      2.5000000      0.5000000      1.0000000      4.0000000      1.5000000      2.0000000      2.5000000      0.0000000      2.5000000      2.0000000      3.0000000      2.0000000      2.5000000      0.0000000      1.5000000      2.0000000      0.5000000      0.5000000      0.0000000      0.0000000      0.5000000      0.5000000      0.0000000      0.0000000      0.0000000      1.0000000      1.0000000      0.5000000      0.5000000      1.0000000      1.5000000      1.5000000      1.0000000      1.0000000      1.0000000      1.5000000      1.5000000      1.0000000 
   177.0000000        0.5000000      0.5000000      2.5000000      0.5000000      1.0000000      4.0000000      1.5000000      2.0000000      2.5000000      0.0000000      2.5000000      2.0000000      3.0000000      2.0000000      2.5000000      0.0000000      1.5000000      2.0000000      0.5000000      0.5000000      0.0000000      0.0000000      0.5000000      0.5000000      0.0000000      0.0000000      0.0000000      1.0000000      1.0000000      0.5000000      0.5000000      1.0000000      1.5000000      1.5000000      1.0000000      1.0000000      1.0000000      1.5000000      1.5000000      1.0000000 
   177.5000000        0.5000000      0.5000000      2.5000000      0.5000000      1.0000000      4.0000000      1.5000000      2.0000000      2.5000000      0.0000000      2.5000000      2.0000000      3.0000000      2.0000000      2.5000000      0.0000000      1.5000000      2.0000000      0.5000000      0.5000000      0.0000000      0.0000000      0.5000000      0.5000000      0.0000000      0.0000000      0.0000000      1.0000000      1.0000000      0.5000000      0.5000000      1.0000000      1.5000000      1.5000000      1.0000000      1.0000000      1.0000000      1.5000000      1.5000000      1.0000000 
   178.0000000        0.5000000      0.5000000      2.5000000      0.5000000      1.0000000      4.0000000      1.5000000      2.0000000      2.5000000      0.0000000      2.5000000      2.0000000      3.0000000      2.0000000      2.5000000      0.0000000      1.5000000      2.0000000      0.5000000      0.5000000      0.0000000      0.0000000      0.5000000      0.5000000      0.0000000      0.0000000      0.0000000      1.0000000      1.0000000      0.5000000      0.5000000      1.0000000      1.5000000      1.5000000      1.0000000      1.0000000      1.0000000      1.5000000      1.5000000      1.0000000 
   178.5000000        0.5000000      0.5000000      2.5000000      0.5000000      1.0000000      4.0000000      1.5000000      2.0000000      2.5000000      0.0000000      2.5000000      2.0000000      3.0000000      2.0000000      2.5000000      0.0000000      1.5000000      2.0000000      0.5000000      0.5000000      0.0000000      0.0000000      0.5000000      0.5000000      0.0000000      0.0000000      0.0000000      1.0000000      1.0000000      0.5000000      0.5000000      1.0000000      1.5000000      1.5000000      1.0000000      1.0000000      1.0000000      1.5000000      1.5000000      1.0000000 
   179.0000000        0.5000000      0.5000000      2.5000000      0.5000000      1.0000000      4.0000000      1.5000000      2.0000000      2.5000000      0.0000000      2.5000000      2.0000000      3.0000000      2.0000000      2.5000000      0.0000000      1.5000000      2.0000000      0.5000000      0.5000000      0.0000000      0.0000000      0.5000000      0.5000000      0.0000000      0.0000000      0.0000000      1.0000000      1.0000000      0.5000000      0.5000000      1.0000000      1.5000000      1.5000000      1.0000000      1.0000000      1.0000000      1.5000000      1.5000000      1.0000000 
   179.5000000        0.5000000      0.5000000      2.5000000      0.5000000      1.0000000      4.0000000      1.5000000      2.0000000      2.5000000      0.0000000      2.5000000      2.0000000      3.0000000      2.0000000      2.5000000      0.0000000      1.5000000      2.0000000      0.5000000      0.5000000      0.0000000      0.0000000      0.5000000      0.5000000      0.0000000      0.0000000      0.0000000      1.0000000      1.0000000      0.5000000      0.5000000      1.0000000      1.5000000      1.5000000      1.0000000      1.0000000      1.0000000      1.5000000      1.5000000      1.0000000 
   180.0000000        0.5000000      0.5000000      2.5000000      0.5000000      1.0000000      4.0000000      1.5000000      2.0000000      2.5000000      0.0000000      2.5000000      2.0000000      3.0000000      2.0000000      2.5000000      0.0000000      1.5000000      2.0000000      0.5000000      0.5000000      0.0000000      0.0000000      0.5000000      0.5000000      0.0000000      0.0000000      0.0000000      1.0000000      1.0000000      0.5000000      0.5000000      1.0000000      1.5000000      1.5000000      1.0000000      1.0000000      1.0000000      1.5000000      1.5000000      1.0000000 
   180.5000000        0.5000000      0.5000000      2.5000000      0.5000000      1.0000000      4.0000000      1.5000000      2.0000000      2.5000000      0.0000000      2.5000000      2.0000000      3.0000000      2.0000000      2.5000000      0.0000000      1.5000000      2.0000000      0.5000000      0.5000000      0.0000000      0.0000000      0.5000000      0.5000000      0.0000000      0.0000000      0.0000000      1.0000000      1.0000000      0.5000000      0.5000000      1.0000000      1.5000000      1.5000000      1.0000000      1.0000000      1.0000000      1.5000000      1.5000000      1.0000000 
   181.0000000        0.5000000      0.5000000      2.5000000      0.5000000      1.0000000      4.0000000      1.5000000      2.0000000      2.5000000      0.0000000      2.5000000      2.0000000      3.0000000      2.0000000      2.5000000      0.0000000      1.5000000      2.0000000      0.5000000      0.5000000      0.0000000      0.0000000      0.5000000      0.5000000      0.0000000      0.0000000      0.0000000      1.0000000      1.0000000      0.5000000      0.5000000      1.0000000      1.5000000      1.5000000      1.0000000      1.0000000      1.0000000      1.5000000      1.5000000      1.0000000 
   181.5000000        0.5000000      0.5000000      2.5000000      0.5000000      1.0000000      4.0000000      1.5000000      2.0000000      2.5000000      0.0000000      2.5000000      2.0000000      3.0000000      2.0000000      2.5000000      0.0000000      1.5000000      2.0000000      0.5000000      0.5000000      0.0000000      0.0000000      0.5000000      0.5000000      0.0000000      0.0000000      0.0000000      1.0000000      1.0000000      0.5000000      0.5000000      1.0000000      1.5000000      1.5000000      1.0000000      1.0000000      1.0000000      1.5000000      1.5000000      1.0000000 
   182.0000000        0.5000000      0.5000000      2.5000000      0.5000000      1.0000000      4.0000000      1.5000000      2.0000000      2.5000000      0.0000000      2.5000000      2.0000000      3.0000000      2.0000000      2.5000000      0.0000000      1.5000000      2.0000000      0.5000000      0.5000000      0.0000000      0.0000000      0.5000000      0.5000000      0.0000000      0.0000000      0.0000000      1.0000000      1.0000000      0.5000000      0.5000000      1.0000000      1.5000000      1.5000000      1.0000000      1.0000000      1.0000000      1.5000000      1.5000000      1.0000000 
   182.5000000        0.5000000      0.5000000      2.5000000      0.5000000      1.0000000      4.0000000      1.5000000      2.0000000      2.5000000      0.0000000      2.5000000      2.0000000      3.0000000      2.0000000      2.5000000      0.0000000      1.5000000      2.0000000      0.5000000      0.5000000      0.0000000      0.0000000      0.5000000      0.5000000      0.0000000      0.0000000      0.0000000      1.0000000      1.0000000      0.5000000      0.5000000      1.0000000      1.5000000      1.5000000      1.0000000      1.0000000      1.0000000      1.5000000      1.5000000      1.0000000 
   183.0000000        0.5000000      0.5000000      2.5000000      0.5000000      1.0000000      4.0000000      1.5000000      2.0000000      2.5000000      0.0000000      2.5000000      2.0000000      3.0000000      2.0000000      2.5000000      0.0000000      1.5000000      2.0000000      0.5000000      0.5000000      0.0000000      0.0000000      0.5000000      0.5000000      0.0000000      0.0000000      0.0000000      1.0000000      1.0000000      0.5000000      0.5000000      1.0000000      1.5000000      1.5000000      1.0000000      1.0000000      1.0000000      1.5000000      1.5000000      1.0000000 
   183.5000000        0.5000000      0.5000000      2.5000000      0.5000000      1.0000000      4.0000000      1.5000000      2.0000000      2.5000000      0.0000000      2.5000000      2.0000000      3.0000000      2.0000000      2.5000000      0.0000000      1.5000000      2.0000000      0.5000000      0.5000000      0.0000000      0.0000000      0.5000000      0.5000000      0.0000000      0.0000000      0.0000000      1.0000000      1.0000000      0.5000000      0.5000000      1.0000000      1.5000000      1.5000000      1.0000000      1.0000000      1.0000000      1.5000000      1.5000000      1.0000000 
   184.0000000        0.5000000      0.5000000      2.5000000      0.5000000      1.0000000      4.0000000      1.5000000      2.0000000      2.5000000      0.0000000      2.5000000      2.0000000      3.0000000      2.0000000      2.5000000      0.0000000      1.5000000      2.0000000      0.5000000      0.5000000      0.0000000      0.0000000      0.5000000      0.5000000      0.0000000      0.0000000      0.0000000      1.0000000      1.0000000      0.5000000      0.5000000      1.0000000      1.5000000      1.5000000      1.0000000      1.0000000      1.0000000      1.5000000      1.5000000      1.0000000 
   184.5000000        0.5000000      0.5000000      2.5000000      0.5000000      1.0000000      4.0000000      1.5000000      2.0000000      2.5000000      0.0000000      2.5000000      2.0000000      3.0000000      2.0000000      2.5000000      0.0000000      1.5000000      2.0000000      0.5000000      0.5000000      0.0000000      0.0000000      0.5000000      0.5000000      0.0000000      0.0000000      0.0000000      1.0000000      1.0000000      0.5000000      0.5000000      1.0000000      1.5000000      1.5000000      1.0000000      1.0000000      1.0000000      1.5000000      1.5000000      1.0000000 
   185.0000000        0.5000000      0.5000000      2.5000000      0.5000000      1.0000000      4.0000000      1.5000000      2.0000000      2.5000000      0.0000000      2.5000000      2.0000000      3.0000000      2.0000000      2.5000000      0.0000000      1.5000000      2.0000000      0.5000000      0.5000000      0.0000000      0.0000000      0.5000000      0.5000000      0.0000000      0.0000000      0.0000000      1.0000000      1.0000000      0.5000000      0.5000000      1.0000000      1.5000000      1.5000000      1.0000000      1.0000000      1.0000000      1.5000000      1.5000000      1.0000000 
   185.5000000        0.5000000      0.5000000      2.5000000      0.5000000      1.0000000      4.0000000      1.5000000      2.0000000      2.5000000      0.0000000      2.5000000      2.0000000      3.0000000      2.0000000      2.5000000      0.0000000      1.5000000      2.0000000      0.5000000      0.5000000      0.0000000      0.0000000      0.5000000      0.5000000      0.0000000      0.0000000      0.0000000      1.0000000      1.0000000      0.5000000      0.5000000      1.0000000      1.5000000      1.5000000      1.0000000      1.0000000      1.0000000      1.5000000      1.5000000      1.0000000 
   186.0000000        0.5000000      0.5000000      2.5000000      0.5000000      1.0000000      4.0000000      1.5000000      2.0000000      2.5000000      0.0000000      2.5000000      2.0000000      3.0000000      2.0000000      2.5000000      0.0000000      1.5000000      2.0000000      0.5000000      0.5000000      0.0000000      0.0000000      0.5000000      0.5000000      0.0000000      0.0000000      0.0000000      1.0000000      1.0000000      0.5000000      0.5000000      1.0000000      1.5000000      1.5000000      1.0000000      1.0000000      1.0000000      1.5000000      1.5000000      1.0000000 
   186.5000000        0.5000000      0.5000000      2.5000000      0.5000000      1.0000000      4.0000000      1.5000000      2.0000000      2.5000000      0.0000000      2.5000000      2.0000000      3.0000000      2.0000000      2.5000000      0.0000000      1.5000000      2.0000000      0.5000000      0.5000000      0.0000000      0.0000000      0.5000000      0.5000000      0.0000000      0.0000000      0.0000000      1.0000000      1.0000000      0.5000000      0.5000000      1.0000000      1.5000000      1.5000000      1.0000000      1.0000000      1.0000000      1.5000000      1.5000000      1.0000000 
   187.0000000        0.5000000      0.5000000      2.5000000      0.5000000      1.0000000      4.0000000      1.5000000      2.0000000      2.5000000      0.0000000      2.5000000      2.0000000      3.0000000      2.0000000      2.5000000      0.0000000      1.5000000      2.0000000      0.5000000      0.5000000      0.0000000      0.0000000      0.5000000      0.5000000      0.0000000      0.0000000      0.0000000      1.0000000      1.0000000      0.5000000      0.5000000      1.0000000      1.5000000      1.5000000      1.0000000      1.0000000      1.0000000      1.5000000      1.5000000      1.0000000 
   187.5000000        0.5000000      0.5000000      2.5000000      0.5000000      1.0000000      4.0000000      1.5000000      2.0000000      2.5000000      0.0000000      2.5000000      2.0000000      3.0000000      2.0000000      2.5000000      0.0000000      1.5000000      2.0000000      0.5000000      0.5000000      0.0000000      0.0000000      0.5000000      0.5000000      0.0000000      0.0000000      0.0000000      1.0000000      1.0000000      0.5000000      0.5000000      1.0000000      1.5000000      1.5000000      1.0000000      1.0000000      1.0000000      1.5000000      1.5000000      1.0000000 
   188.0000000        0.5000000      0.5000000      2.5000000      0.5000000      1.0000000      4.0000000      1.5000000      2.0000000      2.5000000      0.0000000      2.5000000      2.0000000      3.0000000      2.0000000      2.5000000      0.0000000      1.5000000      2.0000000      0.5000000      0.5000000      0.0000000      0.0000000      0.5000000      0.5000000      0.0000000      0.0000000      0.0000000      1.0000000      1.0000000      0.5000000      0.5000000      1.0000000      1.5000000      1.5000000      1.0000000      1.0000000      1.0000000      1.5000000      1.5000000      1.0000000 
   188.5000000        0.5000000      0.5000000      2.5000000      0.5000000      1.0000000      4.0000000      1.5000000      2.0000000      2.5000000      0.0000000      2.5000000      2.0000000      3.0000000      2.0000000      2.5000000      0.0000000      1.5000000      2.0000000      0.5000000      0.5000000      0.0000000      0.0000000      0.5000000      0.5000000      0.0000000      0.0000000      0.0000000      1.0000000      1.0000000      0.5000000      0.5000000      1.0000000      1.5000000      1.5000000      1.0000000      1.0000000      1.0000000      1.5000000      1.5000000      1.0000000 
   189.0000000        0.5000000      0.5000000      2.5000000      0.5000000      1.0000000      4.0000000      1.5000000      2.0000000      2.5000000      0.0000000      2.5000000      2.0000000      3.0000000      2.0000000      2.5000000      0.0000000      1.5000000      2.0000000      0.5000000      0.5000000      0.0000000      0.0000000      0.5000000      0.5000000      0.0000000      0.0000000      0.0000000      1.0000000      1.0000000      0.5000000      0.5000000      1.0000000      1.5000000      1.5000000      1.0000000      1.0000000      1.0000000      1.5000000      1.5000000      1.0000000 
   189.5000000        0.5000000      0.5000000      2.5000000      0.5000000      1.0000000      4.0000000      1.5000000      2.0000000      2.5000000      0.0000000      2.5000000      2.0000000      3.0000000      2.0000000      2.5000000      0.0000000      1.5000000      2.0000000      0.5000000      0.5000000      0.0000000      0.0000000      0.5000000      0.5000000      0.0000000      0.0000000      0.0000000      1.0000000      1.0000000      0.5000000      0.5000000      1.0000000      1.5000000      1.5000000      1.0000000      1.0000000      1.0000000      1.5000000      1.5000000      1.0000000 
   190.0000000        0.5000000      0.5000000      2.5000000      0.5000000      1.0000000      4.0000000      1.5000000      2.0000000      2.5000000      0.0000000      2.5000000      2.0000000      3.0000000      2.0000000      2.5000000      0.0000000      1.5000000      2.0000000      0.5000000      0.5000000      0.0000000      0.0000000      0.5000000      0.5000000      0.0000000      0.0000000      0.0000000      1.0000000      1.0000000      0.5000000      0.5000000      1.0000000      1.5000000      1.5000000      1.0000000      1.0000000      1.0000000      1.5000000      1.5000000      1.0000000 
   190.5000000        0.5000000      0.5000000      2.5000000      0.5000000      1.0000000      4.0000000      1.5000000      2.0000000      2.5000000      0.0000000      2.5000000      2.0000000      3.0000000      2.0000000      2.5000000      0.0000000      1.5000000      2.0000000      0.5000000      0.5000000      0.0000000      0.0000000      0.5000000      0.5000000      0.0000000      0.0000000      0.0000000      1.0000000      1.0000000      0.5000000      0.5000000      1.0000000      1.5000000      1.5000000      1.0000000      1.0000000      1.0000000      1.5000000      1.5000000      1.0000000 
   191.0000000        0.5000000      0.5000000      2.5000000      0.5000000      1.0000000      4.0000000      1.5000000      2.0000000      2.5000000      0.0000000      2.5000000      2.0000000      3.0000000      2.0000000      2.5000000      0.0000000      1.5000000      2.0000000      0.5000000      0.5000000      0.0000000      0.0000000      0.5000000      0.5000000      0.0000000      0.0000000      0.0000000      1.0000000      1.0000000      0.5000000      0.5000000      1.0000000      1.5000000      1.5000000      1.0000000      1.0000000      1.0000000      1.5000000      1.5000000      1.0000000 
   191.5000000        0.5000000      0.5000000      2.5000000      0.5000000      1.0000000      4.0000000      1.5000000      2.0000000      2.5000000      0.0000000      2.5000000      2.0000000      3.0000000      2.0000000      2.5000000      0.0000000      1.5000000      2.0000000      0.5000000      0.5000000      0.0000000      0.0000000      0.5000000      0.5000000      0.0000000      0.0000000      0.0000000      1.0000000      1.0000000      0.5000000      0.5000000      1.0000000      1.5000000      1.5000000      1.0000000      1.0000000      1.0000000      1.5000000      1.5000000      1.0000000 
   192.0000000        0.5000000      0.5000000      2.5000000      0.5000000      1.0000000      4.0000000      1.5000000      2.0000000      2.5000000      0.0000000      2.5000000      2.0000000      3.0000000      2.0000000      2.5000000      0.0000000      1.5000000      2.0000000      0.5000000      0.5000000      0.0000000      0.0000000      0.5000000      0.5000000      0.0000000      0.0000000      0.0000000      1.0000000      1.0000000      0.5000000      0.5000000      1.0000000      1.5000000      1.5000000      1.0000000      1.0000000      1.0000000      1.5000000      1.5000000      1.0000000 
   192.5000000        0.5000000      0.5000000      2.5000000      0.5000000      1.0000000      4.0000000      1.5000000      2.0000000      2.5000000      0.0000000      2.5000000      2.0000000      3.0000000      2.0000000      2.5000000      0.0000000      1.5000000      2.0000000      0.5000000      0.5000000      0.0000000      0.0000000      0.5000000      0.5000000      0.0000000      0.0000000      0.0000000      1.0000000      1.0000000      0.5000000      0.5000000      1.0000000      1.5000000      1.5000000      1.0000000      1.0000000      1.0000000      1.5000000      1.5000000      1.0000000 
   193.0000000        0.5000000      0.5000000      2.5000000      0.5000000      1.0000000      4.0000000      1.5000000      2.0000000      2.5000000      0.0000000      2.5000000      2.0000000      3.0000000      2.0000000      2.5000000      0.0000000      1.5000000      2.0000000      0.5000000      0.5000000      0.0000000      0.0000000      0.5000000      0.5000000      0.0000000      0.0000000      0.0000000      1.0000000      1.0000000      0.5000000      0.5000000      1.0000000      1.5000000      1.5000000      1.0000000      1.0000000      1.0000000      1.5000000      1.5000000      1.0000000 
   193.5000000        0.5000000      0.5000000      2.5000000      0.5000000      1.0000000      4.0000000      1.5000000      2.0000000      2.5000000      0.0000000      2.5000000      2.0000000      3.0000000      2.0000000      2.5000000      0.0000000      1.5000000      2.0000000      0.5000000      0.5000000      0.0000000      0.0000000      0.5000000      0.5000000      0.0000000      0.0000000      0.0000000      1.0000000      1.0000000      0.5000000      0.5000000      1.0000000      1.5000000      1.5000000      1.0000000      1.0000000      1.0000000      1.5000000      1.5000000      1.0000000 
   194.0000000        0.5000000      0.5000000      2.5000000      0.5000000      1.0000000      4.0000000      1.5000000      2.0000000      2.5000000      0.0000000      2.5000000      2.0000000      3.0000000      2.0000000      2.5000000      0.0000000      1.5000000      2.0000000      0.5000000      0.5000000      0.0000000      0.0000000      0.5000000      0.5000000      0.0000000      0.0000000      0.0000000      1.0000000      1.0000000      0.5000000      0.5000000      1.0000000      1.5000000      1.5000000      1.0000000      1.0000000      1.0000000      1.5000000      1.5000000      1.0000000 
   194.5000000        0.5000000      0.5000000      2.5000000      0.5000000      1.0000000      4.0000000      1.5000000      2.0000000      2.5000000      0.0000000      2.5000000      2.0000000      3.0000000      2.0000000      2.5000000      0.0000000      1.5000000      2.0000000      0.5000000      0.5000000      0.0000000      0.0000000      0.5000000      0.5000000      0.0000000      0.0000000      0.0000000      1.0000000      1.0000000      0.5000000      0.5000000      1.0000000      1.5000000      1.5000000      1.0000000      1.0000000      1.0000000      1.5000000      1.5000000      1.0000000 
   195.0000000        0.5000000      0.5000000      2.5000000      0.5000000      1.0000000      4.0000000      1.5000000      2.0000000      2.5000000      0.0000000      2.5000000      2.0000000      3.0000000      2.0000000      2.5000000      0.0000000      1.5000000      2.0000000      0.5000000      0.5000000      0.0000000      0.0000000      0.5000000      0.5000000      0.0000000      0.0000000      0.0000000      1.0000000      1.0000000      0.5000000      0.5000000      1.0000000      1.5000000      1.5000000      1.0000000      1.0000000      1.0000000      1.5000000      1.5000000      1.0000000 
   195.5000000        0.5000000      0.5000000      2.5000000      0.5000000      1.0000000      4.0000000      1.5000000      2.0000000      2.5000000      0.0000000      2.5000000      2.0000000      3.0000000      2.0000000      2.5000000      0.0000000      1.5000000      2.0000000      0.5000000      0.5000000      0.0000000      0.0000000      0.5000000      0.5000000      0.0000000      0.0000000      0.0000000      1.0000000      1.0000000      0.5000000      0.5000000      1.0000000      1.5000000      1.5000000      1.0000000      1.0000000      1.0000000      1.5000000      1.5000000      1.0000000 
   196.0000000        0.5000000      0.5000000      2.5000000      0.5000000      1.0000000      4.0000000      1.5000000      2.0000000      2.5000000      0.0000000      2.5000000      2.0000000      3.0000000      2.0000000      2.5000000      0.0000000      1.5000000      2.0000000      0.5000000      0.5000000      0.0000000      0.0000000      0.5000000      0.5000000      0.0000000      0.0000000      0.0000000      1.0000000      1.0000000      0.5000000      0.5000000      1.0000000      1.5000000      1.5000000      1.0000000      1.0000000      1.0000000      1.5000000      1.5000000      1.0000000 
   196.5000000        0.5000000      0.5000000      2.5000000      0.5000000      1.0000000      4.0000000      1.5000000      2.0000000      2.5000000      0.0000000      2.5000000      2.0000000      3.0000000      2.0000000      2.5000000      0.0000000      1.5000000      2.0000000      0.5000000      0.5000000      0.0000000      0.0000000      0.5000000      0.5000000      0.0000000      0.0000000      0.0000000      1.0000000      1.0000000      0.5000000      0.5000000      1.0000000      1.5000000      1.5000000      1.0000000      1.0000000      1.0000000      1.5000000      1.5000000      1.0000000 
   197.0000000        0.5000000      0.5000000      2.5000000      0.5000000      1.0000000      4.0000000      1.5000000      2.0000000      2.5000000      0.0000000      2.5000000      2.0000000      3.0000000      2.0000000      2.5000000      0.0000000      1.5000000      2.0000000      0.5000000      0.5000000      0.0000000      0.0000000      0.5000000      0.5000000      0.0000000      0.0000000      0.0000000      1.0000000      1.0000000      0.5000000      0.5000000      1.0000000      1.5000000      1.5000000      1.0000000      1.0000000      1.0000000      1.5000000      1.5000000      1.0000000 
   197.5000000        0.5000000      0.5000000      2.5000000      0.5000000      1.0000000      4.0000000      1.5000000      2.0000000      2.5000000      0.0000000      2.5000000      2.0000000      3.0000000      2.0000000      2.5000000      0.0000000      1.5000000      2.0000000      0.5000000      0.5000000      0.0000000      0.0000000      0.5000000      0.5000000      0.0000000      0.0000000      0.0000000      1.0000000      1.0000000      0.5000000      0.5000000      1.0000000      1.5000000      1.5000000      1.0000000      1.0000000      1.0000000      1.5000000      1.5000000      1.0000000 
   198.0000000        0.5000000      0.5000000      2.5000000      0.5000000      1.0000000      4.0000000      1.5000000      2.0000000      2.5000000      0.0000000      2.5000000      2.0000000      3.0000000      2.0000000      2.5000000      0.0000000      1.5000000      2.0000000      0.5000000      0.5000000      0.0000000      0.0000000      0.5000000      0.5000000      0.0000000      0.0000000      0.0000000      1.0000000      1.0000000      0.5000000      0.5000000      1.0000000      1.5000000      1.5000000      1.0000000      1.0000000      1.0000000      1.5000000      1.5000000      1.0000000 
   198.5000000        0.5000000      0.5000000      2.5000000      0.5000000      1.0000000      4.0000000      1.5000000      2.0000000      2.5000000      0.0000000      2.5000000      2.0000000      3.0000000      2.0000000      2.5000000      0.0000000      1.5000000      2.0000000      0.5000000      0.5000000      0.0000000      0.0000000      0.5000000      0.5000000      0.0000000      0.0000000      0.0000000      1.0000000      1.0000000      0.5000000      0.5000000      1.0000000      1.5000000      1.5000000      1.0000000      1.0000000      1.0000000      1.5000000      1.5000000      1.0000000 
   199.0000000        0.5000000      0.5000000      2.5000000      0.5000000      1.0000000      4.0000000      1.5000000      2.0000000      2.5000000      0.0000000      2.5000000      2.0000000      3.0000000      2.0000000      2.5000000      0.0000000      1.5000000      2.0000000      0.5000000      0.5000000      0.0000000      0.0000000      0.5000000      0.5000000      0.0000000      0.0000000      0.0000000      1.0000000      1.0000000      0.5000000      0.5000000      1.0000000      1.5000000      1.5000000      1.0000000      1.0000000      1.0000000      1.5000000      1.5000000      1.0000000 
   199.5000000        0.5000000      0.5000000      2.5000000      0.5000000      1.0000000      4.0000000      1.5000000      2.0000000      2.5000000      0.0000000      2.5000000      2.0000000      3.0000000      2.0000000      2.5000000      0.0000000      1.5000000      2.0000000      0.5000000      0.5000000      0.0000000      0.0000000      0.5000000      0.5000000      0.0000000      0.0000000      0.0000000      1.0000000      1.0000000      0.5000000      0.5000000      1.0000000      1.5000000      1.5000000      1.0000000      1.0000000      1.0000000      1.5000000      1.5000000      1.0000000 
   200.0000000        0.5000000      0.5000000      2.5000000      0.5000000      1.0000000      4.0000000      1.5000000      2.0000000      2.5000000      0.0000000      2.5000000      2.0000000      3.0000000      2.0000000      2.5000000      0.0000000      1.5000000      2.0000000      0.5000000      0.5000000      0.0000000      0.0000000      0.5000000      0.5000000      0.0000000      0.0000000      0.0000000      1.0000000      1.0000000      0.5000000      0.5000000      1.0000000      1.5000000      1.5000000      1.0000000      1.0000000      1.0000000      1.5000000      1.5000000      1.0000000 
   200.5000000        0.5000000      0.5000000      2.5000000      0.5000000      1.0000000      4.0000000      1.5000000      2.0000000      2.5000000      0.0000000      2.5000000      2.0000000      3.0000000      2.0000000      2.5000000      0.0000000      1.5000000      2.0000000      0.5000000      0.5000000      0.0000000      0.0000000      0.5000000      0.5000000      0.0000000      0.0000000      0.0000000      1.0000000      1.0000000      0.5000000      0.5000000      1.0000000      1.5000000      1.5000000      1.0000000      1.0000000      1.0000000      1.5000000      1.5000000      1.0000000 
   201.0000000        0.5000000      0.5000000      2.5000000      0.5000000      1.0000000      4.0000000      1.5000000      2.0000000      2.5000000      0.0000000      2.5000000      2.0000000      3.0000000      2.0000000      2.5000000      0.0000000      1.5000000      2.0000000      0.5000000      0.5000000      0.0000000      0.0000000      0.5000000      0.5000000      0.0000000      0.0000000      0.0000000      1.0000000      1.0000000      0.5000000      0.5000000      1.0000000      1.5000000      1.5000000      1.0000000      1.0000000      1.0000000      1.5000000      1.5000000      1.0000000 
   201.5000000        0.5000000      0.5000000      2.5000000      0.5000000      1.0000000      4.0000000      1.5000000      2.0000000      2.5000000      0.0000000      2.5000000      2.0000000      3.0000000      2.0000000      2.5000000      0.0000000      1.5000000      2.0000000      0.5000000      0.5000000      0.0000000      0.0000000      0.5000000      0.5000000      0.0000000      0.0000000      0.0000000      1.0000000      1.0000000      0.5000000      0.5000000      1.0000000      1.5000000      1.5000000      1.0000000      1.0000000      1.0000000      1.5000000      1.5000000      1.0000000 
   202.0000000        0.5000000      0.5000000      2.5000000      0.5000000      1.0000000      4.0000000      1.5000000      2.0000000      2.5000000      0.0000000      2.5000000      2.0000000      3.0000000      2.0000000      2.5000000      0.0000000      1.5000000      2.0000000      0.5000000      0.5000000      0.0000000      0.0000000      0.5000000      0.5000000      0.0000000      0.0000000      0.0000000      1.0000000      1.0000000      0.5000000      0.5000000      1.0000000      1.5000000      1.5000000      1.0000000      1.0000000      1.0000000      1.5000000      1.5000000      1.0000000 
   202.5000000        0.5000000      0.5000000      2.5000000      0.5000000      1.0000000      4.0000000      1.5000000      2.0000000      2.5000000      0.0000000      2.5000000      2.0000000      3.0000000      2.0000000      2.5000000      0.0000000      1.5000000      2.0000000      0.5000000      0.5000000      0.0000000      0.0000000      0.5000000      0.5000000      0.0000000      0.0000000      0.0000000      1.0000000      1.0000000      0.5000000      0.5000000      1.0000000      1.5000000      1.5000000      1.0000000      1.0000000      1.0000000      1.5000000      1.5000000      1.0000000 
   203.0000000        0.5000000      0.5000000      2.5000000      0.5000000      1.0000000      4.0000000      1.5000000      2.0000000      2.5000000      0.0000000      2.5000000      2.0000000      3.0000000      2.0000000      2.5000000      0.0000000      1.5000000      2.0000000      0.5000000      0.5000000      0.0000000      0.0000000      0.5000000      0.5000000      0.0000000      0.0000000      0.0000000      1.0000000      1.0000000      0.5000000      0.5000000      1.0000000      1.5000000      1.5000000      1.0000000      1.0000000      1.0000000      1.5000000      1.5000000      1.0000000 
   203.5000000        0.5000000      0.5000000      2.5000000      0.5000000      1.0000000      4.0000000      1.5000000      2.0000000      2.5000000      0.0000000      2.5000000      2.0000000      3.0000000      2.0000000      2.5000000      0.0000000      1.5000000      2.0000000      0.5000000      0.5000000      0.0000000      0.0000000      0.5000000      0.5000000      0.0000000      0.0000000      0.0000000      1.0000000      1.0000000      0.5000000      0.5000000      1.0000000      1.5000000      1.5000000      1.0000000      1.0000000      1.0000000      1.5000000      1.5000000      1.0000000 
   204.0000000        0.5000000      0.5000000      2.5000000      0.5000000      1.0000000      4.0000000      1.5000000      2.0000000      2.5000000      0.0000000      2.5000000      2.0000000      3.0000000      2.0000000      2.5000000      0.0000000      1.5000000      2.0000000      0.5000000      0.5000000      0.0000000      0.0000000      0.5000000      0.5000000      0.0000000      0.0000000      0.0000000      1.0000000      1.0000000      0.5000000      0.5000000      1.0000000      1.5000000      1.5000000      1.0000000      1.0000000      1.0000000      1.5000000      1.5000000      1.0000000 
   204.5000000        0.5000000      0.5000000      2.5000000      0.5000000      1.0000000      4.0000000      1.5000000      2.0000000      2.5000000      0.0000000      2.5000000      2.0000000      3.0000000      2.0000000      2.5000000      0.0000000      1.5000000      2.0000000      0.5000000      0.5000000      0.0000000      0.0000000      0.5000000      0.5000000      0.0000000      0.0000000      0.0000000      1.0000000      1.0000000      0.5000000      0.5000000      1.0000000      1.5000000      1.5000000      1.0000000      1.0000000      1.0000000      1.5000000      1.5000000      1.0000000 
   205.0000000        0.5000000      0.5000000      2.5000000      0.5000000      1.0000000      4.0000000      1.5000000      2.0000000      2.5000000      0.0000000      2.5000000      2.0000000      3.0000000      2.0000000      2.5000000      0.0000000      1.5000000      2.0000000      0.5000000      0.5000000      0.0000000      0.0000000      0.5000000      0.5000000      0.0000000      0.0000000      0.0000000      1.0000000      1.0000000      0.5000000      0.5000000      1.0000000      1.5000000      1.5000000      1.0000000      1.0000000      1.0000000      1.5000000      1.5000000      1.0000000 
   205.5000000        0.5000000      0.5000000      2.5000000      0.5000000      1.0000000      4.0000000      1.5000000      2.0000000      2.5000000      0.0000000      2.5000000      2.0000000      3.0000000      2.0000000      2.5000000      0.0000000      1.5000000      2.0000000      0.5000000      0.5000000      0.0000000      0.0000000      0.5000000      0.5000000      0.0000000      0.0000000      0.0000000      1.0000000      1.0000000      0.5000000      0.5000000      1.0000000      1.5000000      1.5000000      1.0000000      1.0000000      1.0000000      1.5000000      1.5000000      1.0000000 
   206.0000000        0.5000000      0.5000000      2.5000000      0.5000000      1.0000000      4.0000000      1.5000000      2.0000000      2.5000000      0.0000000      2.5000000      2.0000000      3.0000000      2.0000000      2.5000000      0.0000000      1.5000000      2.0000000      0.5000000      0.5000000      0.0000000      0.0000000      0.5000000      0.5000000      0.0000000      0.0000000      0.0000000      1.0000000      1.0000000      0.5000000      0.5000000      1.0000000      1.5000000      1.5000000      1.0000000      1.0000000      1.0000000      1.5000000      1.5000000      1.0000000 
   206.5000000        0.5000000      0.5000000      2.5000000      0.5000000      1.0000000      4.0000000      1.5000000      2.0000000      2.5000000      0.0000000      2.5000000      2.0000000      3.0000000      2.0000000      2.5000000      0.0000000      1.5000000      2.0000000      0.5000000      0.5000000      0.0000000      0.0000000      0.5000000      0.5000000      0.0000000      0.0000000      0.0000000      1.0000000      1.0000000      0.5000000      0.5000000      1.0000000      1.5000000      1.5000000      1.0000000      1.0000000      1.0000000      1.5000000      1.5000000      1.0000000 
   207.0000000        0.5000000      0.5000000      2.5000000      0.5000000      1.0000000      4.0000000      1.5000000      2.0000000      2.5000000      0.0000000      2.5000000      2.0000000      3.0000000      2.0000000      2.5000000      0.0000000      1.5000000      2.0000000      0.5000000      0.5000000      0.0000000      0.0000000      0.5000000      0.5000000      0.0000000      0.0000000      0.0000000      1.0000000      1.0000000      0.5000000      0.5000000      1.0000000      1.5000000      1.5000000      1.0000000      1.0000000      1.0000000      1.5000000      1.5000000      1.0000000 
   207.5000000        0.5000000      0.5000000      2.5000000      0.5000000      1.0000000      4.0000000      1.5000000      2.0000000      2.5000000      0.0000000      2.5000000      2.0000000      3.0000000      2.0000000      2.5000000      0.0000000      1.5000000      2.0000000      0.5000000      0.5000000      0.0000000      0.0000000      0.5000000      0.5000000      0.0000000      0.0000000      0.0000000      1.0000000      1.0000000      0.5000000      0.5000000      1.0000000      1.5000000      1.5000000      1.0000000      1.0000000      1.0000000      1.5000000      1.5000000      1.0000000 
   208.0000000        0.5000000      0.5000000      2.5000000      0.5000000      1.0000000      4.0000000      1.5000000      2.0000000      2.5000000      0.0000000      2.5000000      2.0000000      3.0000000      2.0000000      2.5000000      0.0000000      1.5000000      2.0000000      0.5000000      0.5000000      0.0000000      0.0000000      0.5000000      0.5000000      0.0000000      0.0000000      0.0000000      1.0000000      1.0000000      0.5000000      0.5000000      1.0000000      1.5000000      1.5000000      1.0000000      1.0000000      1.0000000      1.5000000      1.5000000      1.0000000 
   208.0000000        0.5000000      0.5000000      1.5000000      0.5000000      1.0000000      4.0000000      1.5000000      2.0000000      2.5000000      0.0000000      2.5000000      2.0000000      3.0000000      2.0000000      2.5000000      0.0000000      1.5000000      2.0000000      0.5000000      0.5000000      0.0000000      0.0000000      0.5000000      0.5000000      0.0000000      0.0000000      0.0000000      1.0000000      1.0000000      0.5000000      0.5000000      1.0000000      1.5000000      1.5000000      1.0000000      1.0000000      1.0000000      1.5000000      1.5000000      1.0000000 
   208.5000000        0.5000000      0.5000000      1.5000000      0.5000000      1.0000000      4.0000000      1.5000000      2.0000000      2.5000000      0.0000000      2.5000000      2.0000000      3.0000000      2.0000000      2.5000000      0.0000000      1.5000000      2.0000000      0.5000000      0.5000000      0.0000000      0.0000000      0.5000000      0.5000000      0.0000000      0.0000000      0.0000000      1.0000000      1.0000000      0.5000000      0.5000000      1.0000000      1.5000000      1.5000000      1.0000000      1.0000000      1.0000000      1.5000000      1.5000000      1.0000000 
   209.0000000        0.5000000      0.5000000      1.5000000      0.5000000      1.0000000      4.0000000      1.5000000      2.0000000      2.5000000      0.0000000      2.5000000      2.0000000      3.0000000      2.0000000      2.5000000      0.0000000      1.5000000      2.0000000      0.5000000      0.5000000      0.0000000      0.0000000      0.5000000      0.5000000      0.0000000      0.0000000      0.0000000      1.0000000      1.0000000      0.5000000      0.5000000      1.0000000      1.5000000      1.5000000      1.0000000      1.0000000      1.0000000      1.5000000      1.5000000      1.0000000 
   209.0000000        0.5000000      0.5000000      1.5000000      0.5000000      1.0000000      4.0000000      1.5000000      2.0000000      2.5000000      0.0000000      2.5000000      2.0000000      3.0000000      2.0000000      2.5000000      0.0000000      1.5000000      2.0000000      0.5000000      0.5000000      0.0000000      0.0000000      0.5000000      0.5000000      0.0000000      0.0000000      0.0000000      1.0000000      1.0000000      0.5000000      0.5000000      1.0000000      1.5000000      1.5000000      1.0000000      1.0000000      1.0000000      1.5000000      1.5000000      1.0000000 
   209.5000000        0.5000000      0.5000000      1.5000000      0.5000000      1.0000000      4.0000000      1.5000000      2.0000000      2.5000000      0.0000000      2.5000000      2.0000000      3.0000000      2.0000000      2.5000000      0.0000000      1.5000000      2.0000000      0.5000000      0.5000000      0.0000000      0.0000000      0.5000000      0.5000000      0.0000000      0.0000000      0.0000000      1.0000000      1.0000000      0.5000000      0.5000000      1.0000000      1.5000000      1.5000000      1.0000000      1.0000000      1.0000000      1.5000000      1.5000000      1.0000000 
   210.0000000        0.5000000      0.5000000      1.5000000      0.5000000      1.0000000      4.0000000      1.5000000      2.0000000      2.5000000      0.0000000      2.5000000      2.0000000      3.0000000      2.0000000      2.5000000      0.0000000      1.5000000      2.0000000      0.5000000      0.5000000      0.0000000      0.0000000      0.5000000      0.5000000      0.0000000      0.0000000      0.0000000      1.0000000      1.0000000      0.5000000      0.5000000      1.0000000      1.5000000      1.5000000      1.0000000      1.0000000      1.0000000      1.5000000      1.5000000      1.0000000 
   210.0000000        0.5000000      0.5000000      1.5000000      0.5000000      1.0000000      4.0000000      1.5000000      2.0000000      2.5000000      0.0000000      2.5000000      2.0000000      3.0000000      2.0000000      2.5000000      0.0000000      1.5000000      1.0000000      0.5000000      0.5000000      0.0000000      0.0000000      0.5000000      0.5000000      0.0000000      0.0000000      0.0000000      1.0000000      1.0000000      0.5000000      0.5000000      1.0000000      1.5000000      1.5000000      1.0000000      1.0000000      1.0000000      1.5000000      1.5000000      1.0000000 
   210.5000000        0.5000000      0.5000000      1.5000000      0.5000000      1.0000000      4.0000000      1.5000000      2.0000000      2.5000000      0.0000000      2.5000000      2.0000000      3.0000000      2.0000000      2.5000000      0.0000000      1.5000000      1.0000000      0.5000000      0.5000000      0.0000000      0.0000000      0.5000000      0.5000000      0.0000000      0.0000000      0.0000000      1.0000000      1.0000000      0.5000000      0.5000000      1.0000000      1.5000000      1.5000000      1.0000000      1.0000000      1.0000000      1.5000000      1.5000000      1.0000000 
   211.0000000        0.5000000      0.5000000      1.5000000      0.5000000      1.0000000      4.0000000      1.5000000      2.0000000      2.5000000      0.0000000      2.5000000      2.0000000      3.0000000      2.0000000      2.5000000      0.0000000      1.5000000      1.0000000      0.5000000      0.5000000      0.0000000      0.0000000      0.5000000      0.5000000      0.0000000      0.0000000      0.0000000      1.0000000      1.0000000      0.5000000      0.5000000      1.0000000      1.5000000      1.5000000      1.0000000      1.0000000      1.0000000      1.5000000      1.5000000      1.0000000 
   211.5000000        0.5000000      0.5000000      1.5000000      0.5000000      1.0000000      4.0000000      1.5000000      2.0000000      2.5000000      0.0000000      2.5000000      2.0000000      3.0000000      2.0000000      2.5000000      0.0000000      1.5000000      1.0000000      0.5000000      0.5000000      0.0000000      0.0000000      0.5000000      0.5000000      0.0000000      0.0000000      0.0000000      1.0000000      1.0000000      0.5000000      0.5000000      1.0000000      1.5000000      1.5000000      1.0000000      1.0000000      1.0000000      1.5000000      1.5000000      1.0000000 
   212.0000000        0.5000000      0.5000000      1.5000000      0.5000000      1.0000000      4.0000000      1.5000000      2.0000000      2.5000000      0.0000000      2.5000000      2.0000000      3.0000000      2.0000000      2.5000000      0.0000000      1.5000000      1.0000000      0.5000000      0.5000000      0.0000000      0.0000000      0.5000000      0.5000000      0.0000000      0.0000000      0.0000000      1.0000000      1.0000000      0.5000000      0.5000000      1.0000000      1.5000000      1.5000000      1.0000000      1.0000000      1.0000000      1.5000000      1.5000000      1.0000000 
   212.5000000        0.5000000      0.5000000      1.5000000      0.5000000      1.0000000      4.0000000      1.5000000      2.0000000      2.5000000      0.0000000      2.5000000      2.0000000      3.0000000      2.0000000      2.5000000      0.0000000      1.5000000      1.0000000      0.5000000      0.5000000      0.0000000      0.0000000      0.5000000      0.5000000      0.0000000      0.0000000      0.0000000      1.0000000      1.0000000      0.5000000      0.5000000      1.0000000      1.5000000      1.5000000      1.0000000      1.0000000      1.0000000      1.5000000      1.5000000      1.0000000 
   213.0000000        0.5000000      0.5000000      1.5000000      0.5000000      1.0000000      4.0000000      1.5000000      2.0000000      2.5000000      0.0000000      2.5000000      2.0000000      3.0000000      2.0000000      2.5000000      0.0000000      1.5000000      1.0000000      0.5000000      0.5000000      0.0000000      0.0000000      0.5000000      0.5000000      0.0000000      0.0000000      0.0000000      1.0000000      1.0000000      0.5000000      0.5000000      1.0000000      1.5000000      1.5000000      1.0000000      1.0000000      1.0000000      1.5000000      1.5000000      1.0000000 
   213.5000000        0.5000000      0.5000000      1.5000000      0.5000000      1.0000000      4.0000000      1.5000000      2.0000000      2.5000000      0.0000000      2.5000000      2.0000000      3.0000000      2.0000000      2.5000000      0.0000000      1.5000000      1.0000000      0.5000000      0.5000000      0.0000000      0.0000000      0.5000000      0.5000000      0.0000000      0.0000000      0.0000000      1.0000000      1.0000000      0.5000000      0.5000000      1.0000000      1.5000000      1.5000000      1.0000000      1.0000000      1.0000000      1.5000000      1.5000000      1.0000000 
   214.0000000        0.5000000      0.5000000      1.5000000      0.5000000      1.0000000      4.0000000      1.5000000      2.0000000      2.5000000      0.0000000      2.5000000      2.0000000      3.0000000      2.0000000      2.5000000      0.0000000      1.5000000      1.0000000      0.5000000      0.5000000      0.0000000      0.0000000      0.5000000      0.5000000      0.0000000      0.0000000      0.0000000      1.0000000      1.0000000      0.5000000      0.5000000      1.0000000      1.5000000      1.5000000      1.0000000      1.0000000      1.0000000      1.5000000      1.5000000      1.0000000 
   214.5000000        0.5000000      0.5000000      1.5000000      0.5000000      1.0000000      4.0000000      1.5000000      2.0000000      2.5000000      0.0000000      2.5000000      2.0000000      3.0000000      2.0000000      2.5000000      0.0000000      1.5000000      1.0000000      0.5000000      0.5000000      0.0000000      0.0000000      0.5000000      0.5000000      0.0000000      0.0000000      0.0000000      1.0000000      1.0000000      0.5000000      0.5000000      1.0000000      1.5000000      1.5000000      1.0000000      1.0000000      1.0000000      1.5000000      1.5000000      1.0000000 
   215.0000000        0.5000000      0.5000000      1.5000000      0.5000000      1.0000000      4.0000000      1.5000000      2.0000000      2.5000000      0.0000000      2.5000000      2.0000000      3.0000000      2.0000000      2.5000000      0.0000000      1.5000000      1.0000000      0.5000000      0.5000000      0.0000000      0.0000000      0.5000000      0.5000000      0.0000000      0.0000000      0.0000000      1.0000000      1.0000000      0.5000000      0.5000000      1.0000000      1.5000000      1.5000000      1.0000000      1.0000000      1.0000000      1.5000000      1.5000000      1.0000000 
   215.5000000        0.5000000      0.5000000      1.5000000      0.5000000      1.0000000      4.0000000      1.5000000      2.0000000      2.5000000      0.0000000      2.5000000      2.0000000      3.0000000      2.0000000      2.5000000      0.0000000      1.5000000      1.0000000      0.5000000      0.5000000      0.0000000      0.0000000      0.5000000      0.5000000      0.0000000      0.0000000      0.0000000      1.0000000      1.0000000      0.5000000      0.5000000      1.0000000      1.5000000      1.5000000      1.0000000      1.0000000      1.0000000      1.5000000      1.5000000      1.0000000 
   216.0000000        0.5000000      0.5000000      1.5000000      0.5000000      1.0000000      4.0000000      1.5000000      2.0000000      2.5000000      0.0000000      2.5000000      2.0000000      3.0000000      2.0000000      2.5000000      0.0000000      1.5000000      1.0000000      0.5000000      0.5000000      0.0000000      0.0000000      0.5000000      0.5000000      0.0000000      0.0000000      0.0000000      1.0000000      1.0000000      0.5000000      0.5000000      1.0000000      1.5000000      1.5000000      1.0000000      1.0000000      1.0000000      1.5000000      1.5000000      1.0000000 
   216.5000000        0.5000000      0.5000000      1.5000000      0.5000000      1.0000000      4.0000000      1.5000000      2.0000000      2.5000000      0.0000000      2.5000000      2.0000000      3.0000000      2.0000000      2.5000000      0.0000000      1.5000000      1.0000000      0.5000000      0.5000000      0.0000000      0.0000000      0.5000000      0.5000000      0.0000000      0.0000000      0.0000000      1.0000000      1.0000000      0.5000000      0.5000000      1.0000000      1.5000000      1.5000000      1.0000000      1.0000000      1.0000000      1.5000000      1.5000000      1.0000000 
   217.0000000        0.5000000      0.5000000      1.5000000      0.5000000      1.0000000      4.0000000      1.5000000      2.0000000      2.5000000      0.0000000      2.5000000      2.0000000      3.0000000      2.0000000      2.5000000      0.0000000      1.5000000      1.0000000      0.5000000      0.5000000      0.0000000      0.0000000      0.5000000      0.5000000      0.0000000      0.0000000      0.0000000      1.0000000      1.0000000      0.5000000      0.5000000      1.0000000      1.5000000      1.5000000      1.0000000      1.0000000      1.0000000      1.5000000      1.5000000      1.0000000 
   217.5000000        0.5000000      0.5000000      1.5000000      0.5000000      1.0000000      4.0000000      1.5000000      2.0000000      2.5000000      0.0000000      2.5000000      2.0000000      3.0000000      2.0000000      2.5000000      0.0000000      1.5000000      1.0000000      0.5000000      0.5000000      0.0000000      0.0000000      0.5000000      0.5000000      0.0000000      0.0000000      0.0000000      1.0000000      1.0000000      0.5000000      0.5000000      1.0000000      1.5000000      1.5000000      1.0000000      1.0000000      1.0000000      1.5000000      1.5000000      1.0000000 
   218.0000000        0.5000000      0.5000000      1.5000000      0.5000000      1.0000000      4.0000000      1.5000000      2.0000000      2.5000000      0.0000000      2.5000000      2.0000000      3.0000000      2.0000000      2.5000000      0.0000000      1.5000000      1.0000000      0.5000000      0.5000000      0.0000000      0.0000000      0.5000000      0.5000000      0.0000000      0.0000000      0.0000000      1.0000000      1.0000000      0.5000000      0.5000000      1.0000000      1.5000000      1.5000000      1.0000000      1.0000000      1.0000000      1.5000000      1.5000000      1.0000000 
   218.5000000        0.5000000      0.5000000      1.5000000      0.5000000      1.0000000      4.0000000      1.5000000      2.0000000      2.5000000      0.0000000      2.5000000      2.0000000      3.0000000      2.0000000      2.5000000      0.0000000      1.5000000      1.0000000      0.5000000      0.5000000      0.0000000      0.0000000      0.5000000      0.5000000      0.0000000      0.0000000      0.0000000      1.0000000      1.0000000      0.5000000      0.5000000      1.0000000      1.5000000      1.5000000      1.0000000      1.0000000      1.0000000      1.5000000      1.5000000      1.0000000 
   219.0000000        0.5000000      0.5000000      1.5000000      0.5000000      1.0000000      4.0000000      1.5000000      2.0000000      2.5000000      0.0000000      2.5000000      2.0000000      3.0000000      2.0000000      2.5000000      0.0000000      1.5000000      1.0000000      0.5000000      0.5000000      0.0000000      0.0000000      0.5000000      0.5000000      0.0000000      0.0000000      0.0000000      1.0000000      1.0000000      0.5000000      0.5000000      1.0000000      1.5000000      1.5000000      1.0000000      1.0000000      1.0000000      1.5000000      1.5000000      1.0000000 
   219.5000000        0.5000000      0.5000000      1.5000000      0.5000000      1.0000000      4.0000000      1.5000000      2.0000000      2.5000000      0.0000000      2.5000000      2.0000000      3.0000000      2.0000000      2.5000000      0.0000000      1.5000000      1.0000000      0.5000000      0.5000000      0.0000000      0.0000000      0.5000000      0.5000000      0.0000000      0.0000000      0.0000000      1.0000000      1.0000000      0.5000000      0.5000000      1.0000000      1.5000000      1.5000000      1.0000000      1.0000000      1.0000000      1.5000000      1.5000000      1.0000000 
   220.0000000        0.5000000      0.5000000      1.5000000      0.5000000      1.0000000      4.0000000      1.5000000      2.0000000      2.5000000      0.0000000      2.5000000      2.0000000      3.0000000      2.0000000      2.5000000      0.0000000      1.5000000      1.0000000      0.5000000      0.5000000      0.0000000      0.0000000      0.5000000      0.5000000      0.0000000      0.0000000      0.0000000      1.0000000      1.0000000      0.5000000      0.5000000      1.0000000      1.5000000      1.5000000      1.0000000      1.0000000      1.0000000      1.5000000      1.5000000      1.0000000 
   220.5000000        0.5000000      0.5000000      1.5000000      0.5000000      1.0000000      4.0000000      1.5000000      2.0000000      2.5000000      0.0000000      2.5000000      2.0000000      3.0000000      2.0000000      2.5000000      0.0000000      1.5000000      1.0000000      0.5000000      0.5000000      0.0000000      0.0000000      0.5000000      0.5000000      0.0000000      0.0000000      0.0000000      1.0000000      1.0000000      0.5000000      0.5000000      1.0000000      1.5000000      1.5000000      1.0000000      1.0000000      1.0000000      1.5000000      1.5000000      1.0000000 
   221.0000000        0.5000000      0.5000000      1.5000000      0.5000000      1.0000000      4.0000000      1.5000000      2.0000000      2.5000000      0.0000000      2.5000000      2.0000000      3.0000000      2.0000000      2.5000000      0.0000000      1.5000000      1.0000000      0.5000000      0.5000000      0.0000000      0.0000000      0.5000000      0.5000000      0.0000000      0.0000000      0.0000000      1.0000000      1.0000000      0.5000000      0.5000000      1.0000000      1.5000000      1.5000000      1.0000000      1.0000000      1.0000000      1.5000000      1.5000000      1.0000000 
   221.5000000        0.5000000      0.5000000      1.5000000      0.5000000      1.0000000      4.0000000      1.5000000      2.0000000      2.5000000      0.0000000      2.5000000      2.0000000      3.0000000      2.0000000      2.5000000      0.0000000      1.5000000      1.0000000      0.5000000      0.5000000      0.0000000      0.0000000      0.5000000      0.5000000      0.0000000      0.0000000      0.0000000      1.0000000      1.0000000      0.5000000      0.5000000      1.0000000      1.5000000      1.5000000      1.0000000      1.0000000      1.0000000      1.5000000      1.5000000      1.0000000 
   222.0000000        0.5000000      0.5000000      1.5000000      0.5000000      1.0000000      4.0000000      1.5000000      2.0000000      2.5000000      0.0000000      2.5000000      2.0000000      3.0000000      2.0000000      2.5000000      0.0000000      1.5000000      1.0000000      0.5000000      0.5000000      0.0000000      0.0000000      0.5000000      0.5000000      0.0000000      0.0000000      0.0000000      1.0000000      1.0000000      0.5000000      0.5000000      1.0000000      1.5000000      1.5000000      1.0000000      1.0000000      1.0000000      1.5000000      1.5000000      1.0000000 
   222.5000000        0.5000000      0.5000000      1.5000000      0.5000000      1.0000000      4.0000000      1.5000000      2.0000000      2.5000000      0.0000000      2.5000000      2.0000000      3.0000000      2.0000000      2.5000000      0.0000000      1.5000000      1.0000000      0.5000000      0.5000000      0.0000000      0.0000000      0.5000000      0.5000000      0.0000000      0.0000000      0.0000000      1.0000000      1.0000000      0.5000000      0.5000000      1.0000000      1.5000000      1.5000000      1.0000000      1.0000000      1.0000000      1.5000000      1.5000000      1.0000000 
   223.0000000        0.5000000      0.5000000      1.5000000      0.5000000      1.0000000      4.0000000      1.5000000      2.0000000      2.5000000      0.0000000      2.5000000      2.0000000      3.0000000      2.0000000      2.5000000      0.0000000      1.5000000      1.0000000      0.5000000      0.5000000      0.0000000      0.0000000      0.5000000      0.5000000      0.0000000      0.0000000      0.0000000      1.0000000      1.0000000      0.5000000      0.5000000      1.0000000      1.5000000      1.5000000      1.0000000      1.0000000      1.0000000      1.5000000      1.5000000      1.0000000 
   223.5000000        0.5000000      0.5000000      1.5000000      0.5000000      1.0000000      4.0000000      1.5000000      2.0000000      2.5000000      0.0000000      2.5000000      2.0000000      3.0000000      2.0000000      2.5000000      0.0000000      1.5000000      1.0000000      0.5000000      0.5000000      0.0000000      0.0000000      0.5000000      0.5000000      0.0000000      0.0000000      0.0000000      1.0000000      1.0000000      0.5000000      0.5000000      1.0000000      1.5000000      1.5000000      1.0000000      1.0000000      1.0000000      1.5000000      1.5000000      1.0000000 
   224.0000000        0.5000000      0.5000000      1.5000000      0.5000000      1.0000000      4.0000000      1.5000000      2.0000000      2.5000000      0.0000000      2.5000000      2.0000000      3.0000000      2.0000000      2.5000000      0.0000000      1.5000000      1.0000000      0.5000000      0.5000000      0.0000000      0.0000000      0.5000000      0.5000000      0.0000000      0.0000000      0.0000000      1.0000000      1.0000000      0.5000000      0.5000000      1.0000000      1.5000000      1.5000000      1.0000000      1.0000000      1.0000000      1.5000000      1.5000000      1.0000000 
   224.5000000        0.5000000      0.5000000      1.5000000      0.5000000      1.0000000      4.0000000      1.5000000      2.0000000      2.5000000      0.0000000      2.5000000      2.0000000      3.0000000      2.0000000      2.5000000      0.0000000      1.5000000      1.0000000      0.5000000      0.5000000      0.0000000      0.0000000      0.5000000      0.5000000      0.0000000      0.0000000      0.0000000      1.0000000      1.0000000      0.5000000      0.5000000      1.0000000      1.5000000      1.5000000      1.0000000      1.0000000      1.0000000      1.5000000      1.5000000      1.0000000 
   225.0000000        0.5000000      0.5000000      1.5000000      0.5000000      1.0000000      4.0000000      1.5000000      2.0000000      2.5000000      0.0000000      2.5000000      2.0000000      3.0000000      2.0000000      2.5000000      0.0000000      1.5000000      1.0000000      0.5000000      0.5000000      0.0000000      0.0000000      0.5000000      0.5000000      0.0000000      0.0000000      0.0000000      1.0000000      1.0000000      0.5000000      0.5000000      1.0000000      1.5000000      1.5000000      1.0000000      1.0000000      1.0000000      1.5000000      1.5000000      1.0000000 
   225.5000000        0.5000000      0.5000000      1.5000000      0.5000000      1.0000000      4.0000000      1.5000000      2.0000000      2.5000000      0.0000000      2.5000000      2.0000000      3.0000000      2.0000000      2.5000000      0.0000000      1.5000000      1.0000000      0.5000000      0.5000000      0.0000000      0.0000000      0.5000000      0.5000000      0.0000000      0.0000000      0.0000000      1.0000000      1.0000000      0.5000000      0.5000000      1.0000000      1.5000000      1.5000000      1.0000000      1.0000000      1.0000000      1.5000000      1.5000000      1.0000000 
   226.0000000        0.5000000      0.5000000      1.5000000      0.5000000      1.0000000      4.0000000      1.5000000      2.0000000      2.5000000      0.0000000      2.5000000      2.0000000      3.0000000      2.0000000      2.5000000      0.0000000      1.5000000      1.0000000      0.5000000      0.5000000      0.0000000      0.0000000      0.5000000      0.5000000      0.0000000      0.0000000      0.0000000      1.0000000      1.0000000      0.5000000      0.5000000      1.0000000      1.5000000      1.5000000      1.0000000      1.0000000      1.0000000      1.5000000      1.5000000      1.0000000 
   226.5000000        0.5000000      0.5000000      1.5000000      0.5000000      1.0000000      4.0000000      1.5000000      2.0000000      2.5000000      0.0000000      2.5000000      2.0000000      3.0000000      2.0000000      2.5000000      0.0000000      1.5000000      1.0000000      0.5000000      0.5000000      0.0000000      0.0000000      0.5000000      0.5000000      0.0000000      0.0000000      0.0000000      1.0000000      1.0000000      0.5000000      0.5000000      1.0000000      1.5000000      1.5000000      1.0000000      1.0000000      1.0000000      1.5000000      1.5000000      1.0000000 
   227.0000000        0.5000000      0.5000000      1.5000000      0.5000000      1.0000000      4.0000000      1.5000000      2.0000000      2.5000000      0.0000000      2.5000000      2.0000000      3.0000000      2.0000000      2.5000000      0.0000000      1.5000000      1.0000000      0.5000000      0.5000000      0.0000000      0.0000000      0.5000000      0.5000000      0.0000000      0.0000000      0.0000000      1.0000000      1.0000000      0.5000000      0.5000000      1.0000000      1.5000000      1.5000000      1.0000000      1.0000000      1.0000000      1.5000000      1.5000000      1.0000000 
   227.5000000        0.5000000      0.5000000      1.5000000      0.5000000      1.0000000      4.0000000      1.5000000      2.0000000      2.5000000      0.0000000      2.5000000      2.0000000      3.0000000      2.0000000      2.5000000      0.0000000      1.5000000      1.0000000      0.5000000      0.5000000      0.0000000      0.0000000      0.5000000      0.5000000      0.0000000      0.0000000      0.0000000      1.0000000      1.0000000      0.5000000      0.5000000      1.0000000      1.5000000      1.5000000      1.0000000      1.0000000      1.0000000      1.5000000      1.5000000      1.0000000 
   228.0000000        0.5000000      0.5000000      1.5000000      0.5000000      1.0000000      4.0000000      1.5000000      2.0000000      2.5000000      0.0000000      2.5000000      2.0000000      3.0000000      2.0000000      2.5000000      0.0000000      1.5000000      1.0000000      0.5000000      0.5000000      0.0000000      0.0000000      0.5000000      0.5000000      0.0000000      0.0000000      0.0000000      1.0000000      1.0000000      0.5000000      0.5000000      1.0000000      1.5000000      1.5000000      1.0000000      1.0000000      1.0000000      1.5000000      1.5000000      1.0000000 
   228.5000000        0.5000000      0.5000000      1.5000000      0.5000000      1.0000000      4.0000000      1.5000000      2.0000000      2.5000000      0.0000000      2.5000000      2.0000000      3.0000000      2.0000000      2.5000000      0.0000000      1.5000000      1.0000000      0.5000000      0.5000000      0.0000000      0.0000000      0.5000000      0.5000000      0.0000000      0.0000000      0.0000000      1.0000000      1.0000000      0.5000000      0.5000000      1.0000000      1.5000000      1.5000000      1.0000000      1.0000000      1.0000000      1.5000000      1.5000000      1.0000000 
   229.0000000        0.5000000      0.5000000      1.5000000      0.5000000      1.0000000      4.0000000      1.5000000      2.0000000      2.5000000      0.0000000      2.5000000      2.0000000      3.0000000      2.0000000      2.5000000      0.0000000      1.5000000      1.0000000      0.5000000      0.5000000      0.0000000      0.0000000      0.5000000      0.5000000      0.0000000      0.0000000      0.0000000      1.0000000      1.0000000      0.5000000      0.5000000      1.0000000      1.5000000      1.5000000      1.0000000      1.0000000      1.0000000      1.5000000      1.5000000      1.0000000 
   229.5000000        0.5000000      0.5000000      1.5000000      0.5000000      1.0000000      4.0000000      1.5000000      2.0000000      2.5000000      0.0000000      2.5000000      2.0000000      3.0000000      2.0000000      2.5000000      0.0000000      1.5000000      1.0000000      0.5000000      0.5000000      0.0000000      0.0000000      0.5000000      0.5000000      0.0000000      0.0000000      0.0000000      1.0000000      1.0000000      0.5000000      0.5000000      1.0000000      1.5000000      1.5000000      1.0000000      1.0000000      1.0000000      1.5000000      1.5000000      1.0000000 
   230.0000000        0.5000000      0.5000000      1.5000000      0.5000000      1.0000000      4.0000000      1.5000000      2.0000000      2.5000000      0.0000000      2.5000000      2.0000000      3.0000000      2.0000000      2.5000000      0.0000000      1.5000000      1.0000000      0.5000000      0.5000000      0.0000000      0.0000000      0.5000000      0.5000000      0.0000000      0.0000000      0.0000000      1.0000000      1.0000000      0.5000000      0.5000000      1.0000000      1.5000000      1.5000000      1.0000000      1.0000000      1.0000000      1.5000000      1.5000000      1.0000000 
   230.5000000        0.5000000      0.5000000      1.5000000      0.5000000      1.0000000      4.0000000      1.5000000      2.0000000      2.5000000      0.0000000      2.5000000      2.0000000      3.0000000      2.0000000      2.5000000      0.0000000      1.5000000      1.0000000      0.5000000      0.5000000      0.0000000      0.0000000      0.5000000      0.5000000      0.0000000      0.0000000      0.0000000      1.0000000      1.0000000      0.5000000      0.5000000      1.0000000      1.5000000      1.5000000      1.0000000      1.0000000      1.0000000      1.5000000      1.5000000      1.0000000 
   231.0000000        0.5000000      0.5000000      1.5000000      0.5000000      1.0000000      4.0000000      1.5000000      2.0000000      2.5000000      0.0000000      2.5000000      2.0000000      3.0000000      2.0000000      2.5000000      0.0000000      1.5000000      1.0000000      0.5000000      0.5000000      0.0000000      0.0000000      0.5000000      0.5000000      0.0000000      0.0000000      0.0000000      1.0000000      1.0000000      0.5000000      0.5000000      1.0000000      1.5000000      1.5000000      1.0000000      1.0000000      1.0000000      1.5000000      1.5000000      1.0000000 
   231.5000000        0.5000000      0.5000000      1.5000000      0.5000000      1.0000000      4.0000000      1.5000000      2.0000000      2.5000000      0.0000000      2.5000000      2.0000000      3.0000000      2.0000000      2.5000000      0.0000000      1.5000000      1.0000000      0.5000000      0.5000000      0.0000000      0.0000000      0.5000000      0.5000000      0.0000000      0.0000000      0.0000000      1.0000000      1.0000000      0.5000000      0.5000000      1.0000000      1.5000000      1.5000000      1.0000000      1.0000000      1.0000000      1.5000000      1.5000000      1.0000000 
   232.0000000        0.5000000      0.5000000      1.5000000      0.5000000      1.0000000      4.0000000      1.5000000      2.0000000      2.5000000      0.0000000      2.5000000      2.0000000      3.0000000      2.0000000      2.5000000      0.0000000      1.5000000      1.0000000      0.5000000      0.5000000      0.0000000      0.0000000      0.5000000      0.5000000      0.0000000      0.0000000      0.0000000      1.0000000      1.0000000      0.5000000      0.5000000      1.0000000      1.5000000      1.5000000      1.0000000      1.0000000      1.0000000      1.5000000      1.5000000      1.0000000 
   232.5000000        0.5000000      0.5000000      1.5000000      0.5000000      1.0000000      4.0000000      1.5000000      2.0000000      2.5000000      0.0000000      2.5000000      2.0000000      3.0000000      2.0000000      2.5000000      0.0000000      1.5000000      1.0000000      0.5000000      0.5000000      0.0000000      0.0000000      0.5000000      0.5000000      0.0000000      0.0000000      0.0000000      1.0000000      1.0000000      0.5000000      0.5000000      1.0000000      1.5000000      1.5000000      1.0000000      1.0000000      1.0000000      1.5000000      1.5000000      1.0000000 
   233.0000000        0.5000000      0.5000000      1.5000000      0.5000000      1.0000000      4.0000000      1.5000000      2.0000000      2.5000000      0.0000000      2.5000000      2.0000000      3.0000000      2.0000000      2.5000000      0.0000000      1.5000000      1.0000000      0.5000000      0.5000000      0.0000000      0.0000000      0.5000000      0.5000000      0.0000000      0.0000000      0.0000000      1.0000000      1.0000000      0.5000000      0.5000000      1.0000000      1.5000000      1.5000000      1.0000000      1.0000000      1.0000000      1.5000000      1.5000000      1.0000000 
   233.5000000        0.5000000      0.5000000      1.5000000      0.5000000      1.0000000      4.0000000      1.5000000      2.0000000      2.5000000      0.0000000      2.5000000      2.0000000      3.0000000      2.0000000      2.5000000      0.0000000      1.5000000      1.0000000      0.5000000      0.5000000      0.0000000      0.0000000      0.5000000      0.5000000      0.0000000      0.0000000      0.0000000      1.0000000      1.0000000      0.5000000      0.5000000      1.0000000      1.5000000      1.5000000      1.0000000      1.0000000      1.0000000      1.5000000      1.5000000      1.0000000 
   234.0000000        0.5000000      0.5000000      1.5000000      0.5000000      1.0000000      4.0000000      1.5000000      2.0000000      2.5000000      0.0000000      2.5000000      2.0000000      3.0000000      2.0000000      2.5000000      0.0000000      1.5000000      1.0000000      0.5000000      0.5000000      0.0000000      0.0000000      0.5000000      0.5000000      0.0000000      0.0000000      0.0000000      1.0000000      1.0000000      0.5000000      0.5000000      1.0000000      1.5000000      1.5000000      1.0000000      1.0000000      1.0000000      1.5000000      1.5000000      1.0000000 
   234.5000000        0.5000000      0.5000000      1.5000000      0.5000000      1.0000000      4.0000000      1.5000000      2.0000000      2.5000000      0.0000000      2.5000000      2.0000000      3.0000000      2.0000000      2.5000000      0.0000000      1.5000000      1.0000000      0.5000000      0.5000000      0.0000000      0.0000000      0.5000000      0.5000000      0.0000000      0.0000000      0.0000000      1.0000000      1.0000000      0.5000000      0.5000000      1.0000000      1.5000000      1.5000000      1.0000000      1.0000000      1.0000000      1.5000000      1.5000000      1.0000000 
   235.0000000        0.5000000      0.5000000      1.5000000      0.5000000      1.0000000      4.0000000      1.5000000      2.0000000      2.5000000      0.0000000      2.5000000      2.0000000      3.0000000      2.0000000      2.5000000      0.0000000      1.5000000      1.0000000      0.5000000      0.5000000      0.0000000      0.0000000      0.5000000      0.5000000      0.0000000      0.0000000      0.0000000      1.0000000      1.0000000      0.5000000      0.5000000      1.0000000      1.5000000      1.5000000      1.0000000      1.0000000      1.0000000      1.5000000      1.5000000      1.0000000 
   235.5000000        0.5000000      0.5000000      1.5000000      0.5000000      1.0000000      4.0000000      1.5000000      2.0000000      2.5000000      0.0000000      2.5000000      2.0000000      3.0000000      2.0000000      2.5000000      0.0000000      1.5000000      1.0000000      0.5000000      0.5000000      0.0000000      0.0000000      0.5000000      0.5000000      0.0000000      0.0000000      0.0000000      1.0000000      1.0000000      0.5000000      0.5000000      1.0000000      1.5000000      1.5000000      1.0000000      1.0000000      1.0000000      1.5000000      1.5000000      1.0000000 
   236.0000000        0.5000000      0.5000000      1.5000000      0.5000000      1.0000000      4.0000000      1.5000000      2.0000000      2.5000000      0.0000000      2.5000000      2.0000000      3.0000000      2.0000000      2.5000000      0.0000000      1.5000000      1.0000000      0.5000000      0.5000000      0.0000000      0.0000000      0.5000000      0.5000000      0.0000000      0.0000000      0.0000000      1.0000000      1.0000000      0.5000000      0.5000000      1.0000000      1.5000000      1.5000000      1.0000000      1.0000000      1.0000000      1.5000000      1.5000000      1.0000000 
   236.5000000        0.5000000      0.5000000      1.5000000      0.5000000      1.0000000      4.0000000      1.5000000      2.0000000      2.5000000      0.0000000      2.5000000      2.0000000      3.0000000      2.0000000      2.5000000      0.0000000      1.5000000      1.0000000      0.5000000      0.5000000      0.0000000      0.0000000      0.5000000      0.5000000      0.0000000      0.0000000      0.0000000      1.0000000      1.0000000      0.5000000      0.5000000      1.0000000      1.5000000      1.5000000      1.0000000      1.0000000      1.0000000      1.5000000      1.5000000      1.0000000 
   237.0000000        0.5000000      0.5000000      1.5000000      0.5000000      1.0000000      4.0000000      1.5000000      2.0000000      2.5000000      0.0000000      2.5000000      2.0000000      3.0000000      2.0000000      2.5000000      0.0000000      1.5000000      1.0000000      0.5000000      0.5000000      0.0000000      0.0000000      0.5000000      0.5000000      0.0000000      0.0000000      0.0000000      1.0000000      1.0000000      0.5000000      0.5000000      1.0000000      1.5000000      1.5000000      1.0000000      1.0000000      1.0000000      1.5000000      1.5000000      1.0000000 
   237.5000000        0.5000000      0.5000000      1.5000000      0.5000000      1.0000000      4.0000000      1.5000000      2.0000000      2.5000000      0.0000000      2.5000000      2.0000000      3.0000000      2.0000000      2.5000000      0.0000000      1.5000000      1.0000000      0.5000000      0.5000000      0.0000000      0.0000000      0.5000000      0.5000000      0.0000000      0.0000000      0.0000000      1.0000000      1.0000000      0.5000000      0.5000000      1.0000000      1.5000000      1.5000000      1.0000000      1.0000000      1.0000000      1.5000000      1.5000000      1.0000000 
   238.0000000        0.5000000      0.5000000      1.5000000      0.5000000      1.0000000      4.0000000      1.5000000      2.0000000      2.5000000      0.0000000      2.5000000      2.0000000      3.0000000      2.0000000      2.5000000      0.0000000      1.5000000      1.0000000      0.5000000      0.5000000      0.0000000      0.0000000      0.5000000      0.5000000      0.0000000      0.0000000      0.0000000      1.0000000      1.0000000      0.5000000      0.5000000      1.0000000      1.5000000      1.5000000      1.0000000      1.0000000      1.0000000      1.5000000      1.5000000      1.0000000 
   238.5000000        0.5000000      0.5000000      1.5000000      0.5000000      1.0000000      4.0000000      1.5000000      2.0000000      2.5000000      0.0000000      2.5000000      2.0000000      3.0000000      2.0000000      2.5000000      0.0000000      1.5000000      1.0000000      0.5000000      0.5000000      0.0000000      0.0000000      0.5000000      0.5000000      0.0000000      0.0000000      0.0000000      1.0000000      1.0000000      0.5000000      0.5000000      1.0000000      1.5000000      1.5000000      1.0000000      1.0000000      1.0000000      1.5000000      1.5000000      1.0000000 
   239.0000000        0.5000000      0.5000000      1.5000000      0.5000000      1.0000000      4.0000000      1.5000000      2.0000000      2.5000000      0.0000000      2.5000000      2.0000000      3.0000000      2.0000000      2.5000000      0.0000000      1.5000000      1.0000000      0.5000000      0.5000000      0.0000000      0.0000000      0.5000000      0.5000000      0.0000000      0.0000000      0.0000000      1.0000000      1.0000000      0.5000000      0.5000000      1.0000000      1.5000000      1.5000000      1.0000000      1.0000000      1.0000000      1.5000000      1.5000000      1.0000000 
   239.5000000        0.5000000      0.5000000      1.5000000      0.5000000      1.0000000      4.0000000      1.5000000      2.0000000      2.5000000      0.0000000      2.5000000      2.0000000      3.0000000      2.0000000      2.5000000      0.0000000      1.5000000      1.0000000      0.5000000      0.5000000      0.0000000      0.0000000      0.5000000      0.5000000      0.0000000      0.0000000      0.0000000      1.0000000      1.0000000      0.5000000      0.5000000      1.0000000      1.5000000      1.5000000      1.0000000      1.0000000      1.0000000      1.5000000      1.5000000      1.0000000 
   240.0000000        0.5000000      0.5000000      1.5000000      0.5000000      1.0000000      4.0000000      1.5000000      2.0000000      2.5000000      0.0000000      2.5000000      2.0000000      3.0000000      2.0000000      2.5000000      0.0000000      1.5000000      1.0000000      0.5000000      0.5000000      0.0000000      0.0000000      0.5000000      0.5000000      0.0000000      0.0000000      0.0000000      1.0000000      1.0000000      0.5000000      0.5000000      1.0000000      1.5000000      1.5000000      1.0000000      1.0000000      1.0000000      1.5000000      1.5000000      1.0000000 
   240.5000000        0.5000000      0.5000000      1.5000000      0.5000000      1.0000000      4.0000000      1.5000000      2.0000000      2.5000000      0.0000000      2.5000000      2.0000000      3.0000000      2.0000000      2.5000000      0.0000000      1.5000000      1.0000000      0.5000000      0.5000000      0.0000000      0.0000000      0.5000000      0.5000000      0.0000000      0.0000000      0.0000000      1.0000000      1.0000000      0.5000000      0.5000000      1.0000000      1.5000000      1.5000000      1.0000000      1.0000000      1.0000000      1.5000000      1.5000000      1.0000000 
   241.0000000        0.5000000      0.5000000      1.5000000      0.5000000      1.0000000      4.0000000      1.5000000      2.0000000      2.5000000      0.0000000      2.5000000      2.0000000      3.0000000      2.0000000      2.5000000      0.0000000      1.5000000      1.0000000      0.5000000      0.5000000      0.0000000      0.0000000      0.5000000      0.5000000      0.0000000      0.0000000      0.0000000      1.0000000      1.0000000      0.5000000      0.5000000      1.0000000      1.5000000      1.5000000      1.0000000      1.0000000      1.0000000      1.5000000      1.5000000      1.0000000 
   241.5000000        0.5000000      0.5000000      1.5000000      0.5000000      1.0000000      4.0000000      1.5000000      2.0000000      2.5000000      0.0000000      2.5000000      2.0000000      3.0000000      2.0000000      2.5000000      0.0000000      1.5000000      1.0000000      0.5000000      0.5000000      0.0000000      0.0000000      0.5000000      0.5000000      0.0000000      0.0000000      0.0000000      1.0000000      1.0000000      0.5000000      0.5000000      1.0000000      1.5000000      1.5000000      1.0000000      1.0000000      1.0000000      1.5000000      1.5000000      1.0000000 
   242.0000000        0.5000000      0.5000000      1.5000000      0.5000000      1.0000000      4.0000000      1.5000000      2.0000000      2.5000000      0.0000000      2.5000000      2.0000000      3.0000000      2.0000000      2.5000000      0.0000000      1.5000000      1.0000000      0.5000000      0.5000000      0.0000000      0.0000000      0.5000000      0.5000000      0.0000000      0.0000000      0.0000000      1.0000000      1.0000000      0.5000000      0.5000000      1.0000000      1.5000000      1.5000000      1.0000000      1.0000000      1.0000000      1.5000000      1.5000000      1.0000000 
   242.5000000        0.5000000      0.5000000      1.5000000      0.5000000      1.0000000      4.0000000      1.5000000      2.0000000      2.5000000      0.0000000      2.5000000      2.0000000      3.0000000      2.0000000      2.5000000      0.0000000      1.5000000      1.0000000      0.5000000      0.5000000      0.0000000      0.0000000      0.5000000      0.5000000      0.0000000      0.0000000      0.0000000      1.0000000      1.0000000      0.5000000      0.5000000      1.0000000      1.5000000      1.5000000      1.0000000      1.0000000      1.0000000      1.5000000      1.5000000      1.0000000 
   243.0000000        0.5000000      0.5000000      1.5000000      0.5000000      1.0000000      4.0000000      1.5000000      2.0000000      2.5000000      0.0000000      2.5000000      2.0000000      3.0000000      2.0000000      2.5000000      0.0000000      1.5000000      1.0000000      0.5000000      0.5000000      0.0000000      0.0000000      0.5000000      0.5000000      0.0000000      0.0000000      0.0000000      1.0000000      1.0000000      0.5000000      0.5000000      1.0000000      1.5000000      1.5000000      1.0000000      1.0000000      1.0000000      1.5000000      1.5000000      1.0000000 
   243.5000000        0.5000000      0.5000000      1.5000000      0.5000000      1.0000000      4.0000000      1.5000000      2.0000000      2.5000000      0.0000000      2.5000000      2.0000000      3.0000000      2.0000000      2.5000000      0.0000000      1.5000000      1.0000000      0.5000000      0.5000000      0.0000000      0.0000000      0.5000000      0.5000000      0.0000000      0.0000000      0.0000000      1.0000000      1.0000000      0.5000000      0.5000000      1.0000000      1.5000000      1.5000000      1.0000000      1.0000000      1.0000000      1.5000000      1.5000000      1.0000000 
   244.0000000        0.5000000      0.5000000      1.5000000      0.5000000      1.0000000      4.0000000      1.5000000      2.0000000      2.5000000      0.0000000      2.5000000      2.0000000      3.0000000      2.0000000      2.5000000      0.0000000      1.5000000      1.0000000      0.5000000      0.5000000      0.0000000      0.0000000      0.5000000      0.5000000      0.0000000      0.0000000      0.0000000      1.0000000      1.0000000      0.5000000      0.5000000      1.0000000      1.5000000      1.5000000      1.0000000      1.0000000      1.0000000      1.5000000      1.5000000      1.0000000 
   244.5000000        0.5000000      0.5000000      1.5000000      0.5000000      1.0000000      4.0000000      1.5000000      2.0000000      2.5000000      0.0000000      2.5000000      2.0000000      3.0000000      2.0000000      2.5000000      0.0000000      1.5000000      1.0000000      0.5000000      0.5000000      0.0000000      0.0000000      0.5000000      0.5000000      0.0000000      0.0000000      0.0000000      1.0000000      1.0000000      0.5000000      0.5000000      1.0000000      1.5000000      1.5000000      1.0000000      1.0000000      1.0000000      1.5000000      1.5000000      1.0000000 
   245.0000000        0.5000000      0.5000000      1.5000000      0.5000000      1.0000000      4.0000000      1.5000000      2.0000000      2.5000000      0.0000000      2.5000000      2.0000000      3.0000000      2.0000000      2.5000000      0.0000000      1.5000000      1.0000000      0.5000000      0.5000000      0.0000000      0.0000000      0.5000000      0.5000000      0.0000000      0.0000000      0.0000000      1.0000000      1.0000000      0.5000000      0.5000000      1.0000000      1.5000000      1.5000000      1.0000000      1.0000000      1.0000000      1.5000000      1.5000000      1.0000000 
   245.5000000        0.5000000      0.5000000      1.5000000      0.5000000      1.0000000      4.0000000      1.5000000      2.0000000      2.5000000      0.0000000      2.5000000      2.0000000      3.0000000      2.0000000      2.5000000      0.0000000      1.5000000      1.0000000      0.5000000      0.5000000      0.0000000      0.0000000      0.5000000      0.5000000      0.0000000      0.0000000      0.0000000      1.0000000      1.0000000      0.5000000      0.5000000      1.0000000      1.5000000      1.5000000      1.0000000      1.0000000      1.0000000      1.5000000      1.5000000      1.0000000 
   246.0000000        0.5000000      0.5000000      1.5000000      0.5000000      1.0000000      4.0000000      1.5000000      2.0000000      2.5000000      0.0000000      2.5000000      2.0000000      3.0000000      2.0000000      2.5000000      0.0000000      1.5000000      1.0000000      0.5000000      0.5000000      0.0000000      0.0000000      0.5000000      0.5000000      0.0000000      0.0000000      0.0000000      1.0000000      1.0000000      0.5000000      0.5000000      1.0000000      1.5000000      1.5000000      1.0000000      1.0000000      1.0000000      1.5000000      1.5000000      1.0000000 
   246.5000000        0.5000000      0.5000000      1.5000000      0.5000000      1.0000000      4.0000000      1.5000000      2.0000000      2.5000000      0.0000000      2.5000000      2.0000000      3.0000000      2.0000000      2.5000000      0.0000000      1.5000000      1.0000000      0.5000000      0.5000000      0.0000000      0.0000000      0.5000000      0.5000000      0.0000000      0.0000000      0.0000000      1.0000000      1.0000000      0.5000000      0.5000000      1.0000000      1.5000000      1.5000000      1.0000000      1.0000000      1.0000000      1.5000000      1.5000000      1.0000000 
   247.0000000        0.5000000      0.5000000      1.5000000      0.5000000      1.0000000      4.0000000      1.5000000      2.0000000      2.5000000      0.0000000      2.5000000      2.0000000      3.0000000      2.0000000      2.5000000      0.0000000      1.5000000      1.0000000      0.5000000      0.5000000      0.0000000      0.0000000      0.5000000      0.5000000      0.0000000      0.0000000      0.0000000      1.0000000      1.0000000      0.5000000      0.5000000      1.0000000      1.5000000      1.5000000      1.0000000      1.0000000      1.0000000      1.5000000      1.5000000      1.0000000 
   247.5000000        0.5000000      0.5000000      1.5000000      0.5000000      1.0000000      4.0000000      1.5000000      2.0000000      2.5000000      0.0000000      2.5000000      2.0000000      3.0000000      2.0000000      2.5000000      0.0000000      1.5000000      1.0000000      0.5000000      0.5000000      0.0000000      0.0000000      0.5000000      0.5000000      0.0000000      0.0000000      0.0000000      1.0000000      1.0000000      0.5000000      0.5000000      1.0000000      1.5000000      1.5000000      1.0000000      1.0000000      1.0000000      1.5000000      1.5000000      1.0000000 
   248.0000000        0.5000000      0.5000000      1.5000000      0.5000000      1.0000000      4.0000000      1.5000000      2.0000000      2.5000000      0.0000000      2.5000000      2.0000000      3.0000000      2.0000000      2.5000000      0.0000000      1.5000000      1.0000000      0.5000000      0.5000000      0.0000000      0.0000000      0.5000000      0.5000000      0.0000000      0.0000000      0.0000000      1.0000000      1.0000000      0.5000000      0.5000000      1.0000000      1.5000000      1.5000000      1.0000000      1.0000000      1.0000000      1.5000000      1.5000000      1.0000000 
   248.5000000        0.5000000      0.5000000      1.5000000      0.5000000      1.0000000      4.0000000      1.5000000      2.0000000      2.5000000      0.0000000      2.5000000      2.0000000      3.0000000      2.0000000      2.5000000      0.0000000      1.5000000      1.0000000      0.5000000      0.5000000      0.0000000      0.0000000      0.5000000      0.5000000      0.0000000      0.0000000      0.0000000      1.0000000      1.0000000      0.5000000      0.5000000      1.0000000      1.5000000      1.5000000      1.0000000      1.0000000      1.0000000      1.5000000      1.5000000      1.0000000 
   249.0000000        0.5000000      0.5000000      1.5000000      0.5000000      1.0000000      4.0000000      1.5000000      2.0000000      2.5000000      0.0000000      2.5000000      2.0000000      3.0000000      2.0000000      2.5000000      0.0000000      1.5000000      1.0000000      0.5000000      0.5000000      0.0000000      0.0000000      0.5000000      0.5000000      0.0000000      0.0000000      0.0000000      1.0000000      1.0000000      0.5000000      0.5000000      1.0000000      1.5000000      1.5000000      1.0000000      1.0000000      1.0000000      1.5000000      1.5000000      1.0000000 
   249.5000000        0.5000000      0.5000000      1.5000000      0.5000000      1.0000000      4.0000000      1.5000000      2.0000000      2.5000000      0.0000000      2.5000000      2.0000000      3.0000000      2.0000000      2.5000000      0.0000000      1.5000000      1.0000000      0.5000000      0.5000000      0.0000000      0.0000000      0.5000000      0.5000000      0.0000000      0.0000000      0.0000000      1.0000000      1.0000000      0.5000000      0.5000000      1.0000000      1.5000000      1.5000000      1.0000000      1.0000000      1.0000000      1.5000000      1.5000000      1.0000000 
   250.0000000        0.5000000      0.5000000      1.5000000      0.5000000      1.0000000      4.0000000      1.5000000      2.0000000      2.5000000      0.0000000      2.5000000      2.0000000      3.0000000      2.0000000      2.5000000      0.0000000      1.5000000      1.0000000      0.5000000      0.5000000      0.0000000      0.0000000      0.5000000      0.5000000      0.0000000      0.0000000      0.0000000      1.0000000      1.0000000      0.5000000      0.5000000      1.0000000      1.5000000      1.5000000      1.0000000      1.0000000      1.0000000      1.5000000      1.5000000      1.0000000 
   250.5000000        0.5000000      0.5000000      1.5000000      0.5000000      1.0000000      4.0000000      1.5000000      2.0000000      2.5000000      0.0000000      2.5000000      2.0000000      3.0000000      2.0000000      2.5000000      0.0000000      1.5000000      1.0000000      0.5000000      0.5000000      0.0000000      0.0000000      0.5000000      0.5000000      0.0000000      0.0000000      0.0000000      1.0000000      1.0000000      0.5000000      0.5000000      1.0000000      1.5000000      1.5000000      1.0000000      1.0000000      1.0000000      1.5000000      1.5000000      1.0000000 
   251.0000000        0.5000000      0.5000000      1.5000000      0.5000000      1.0000000      4.0000000      1.5000000      2.0000000      2.5000000      0.0000000      2.5000000      2.0000000      3.0000000      2.0000000      2.5000000      0.0000000      1.5000000      1.0000000      0.5000000      0.5000000      0.0000000      0.0000000      0.5000000      0.5000000      0.0000000      0.0000000      0.0000000      1.0000000      1.0000000      0.5000000      0.5000000      1.0000000      1.5000000      1.5000000      1.0000000      1.0000000      1.0000000      1.5000000      1.5000000      1.0000000 
   251.5000000        0.5000000      0.5000000      1.5000000      0.5000000      1.0000000      4.0000000      1.5000000      2.0000000      2.5000000      0.0000000      2.5000000      2.0000000      3.0000000      2.0000000      2.5000000      0.0000000      1.5000000      1.0000000      0.5000000      0.5000000      0.0000000      0.0000000      0.5000000      0.5000000      0.0000000      0.0000000      0.0000000      1.0000000      1.0000000      0.5000000      0.5000000      1.0000000      1.5000000      1.5000000      1.0000000      1.0000000      1.0000000      1.5000000      1.5000000      1.0000000 
   252.0000000        0.5000000      0.5000000      1.5000000      0.5000000      1.0000000      4.0000000      1.5000000      2.0000000      2.5000000      0.0000000      2.5000000      2.0000000      3.0000000      2.0000000      2.5000000      0.0000000      1.5000000      1.0000000      0.5000000      0.5000000      0.0000000      0.0000000      0.5000000      0.5000000      0.0000000      0.0000000      0.0000000      1.0000000      1.0000000      0.5000000      0.5000000      1.0000000      1.5000000      1.5000000      1.0000000      1.0000000      1.0000000      1.5000000      1.5000000      1.0000000 
   252.5000000        0.5000000      0.5000000      1.5000000      0.5000000      1.0000000      4.0000000      1.5000000      2.0000000      2.5000000      0.0000000      2.5000000      2.0000000      3.0000000      2.0000000      2.5000000      0.0000000      1.5000000      1.0000000      0.5000000      0.5000000      0.0000000      0.0000000      0.5000000      0.5000000      0.0000000      0.0000000      0.0000000      1.0000000      1.0000000      0.5000000      0.5000000      1.0000000      1.5000000      1.5000000      1.0000000      1.0000000      1.0000000      1.5000000      1.5000000      1.0000000 
   253.0000000        0.5000000      0.5000000      1.5000000      0.5000000      1.0000000      4.0000000      1.5000000      2.0000000      2.5000000      0.0000000      2.5000000      2.0000000      3.0000000      2.0000000      2.5000000      0.0000000      1.5000000      1.0000000      0.5000000      0.5000000      0.0000000      0.0000000      0.5000000      0.5000000      0.0000000      0.0000000      0.0000000      1.0000000      1.0000000      0.5000000      0.5000000      1.0000000      1.5000000      1.5000000      1.0000000      1.0000000      1.0000000      1.5000000      1.5000000      1.0000000 
   253.5000000        0.5000000      0.5000000      1.5000000      0.5000000      1.0000000      4.0000000      1.5000000      2.0000000      2.5000000      0.0000000      2.5000000      2.0000000      3.0000000      2.0000000      2.5000000      0.0000000      1.5000000      1.0000000      0.5000000      0.5000000      0.0000000      0.0000000      0.5000000      0.5000000      0.0000000      0.0000000      0.0000000      1.0000000      1.0000000      0.5000000      0.5000000      1.0000000      1.5000000      1.5000000      1.0000000      1.0000000      1.0000000      1.5000000      1.5000000      1.0000000 
   254.0000000        0.5000000      0.5000000      1.5000000      0.5000000      1.0000000      4.0000000      1.5000000      2.0000000      2.5000000      0.0000000      2.5000000      2.0000000      3.0000000      2.0000000      2.5000000      0.0000000      1.5000000      1.0000000      0.5000000      0.5000000      0.0000000      0.0000000      0.5000000      0.5000000      0.0000000      0.0000000      0.0000000      1.0000000      1.0000000      0.5000000      0.5000000      1.0000000      1.5000000      1.5000000      1.0000000      1.0000000      1.0000000      1.5000000      1.5000000      1.0000000 
   254.5000000        0.5000000      0.5000000      1.5000000      0.5000000      1.0000000      4.0000000      1.5000000      2.0000000      2.5000000      0.0000000      2.5000000      2.0000000      3.0000000      2.0000000      2.5000000      0.0000000      1.5000000      1.0000000      0.5000000      0.5000000      0.0000000      0.0000000      0.5000000      0.5000000      0.0000000      0.0000000      0.0000000      1.0000000      1.0000000      0.5000000      0.5000000      1.0000000      1.5000000      1.5000000      1.0000000      1.0000000      1.0000000      1.5000000      1.5000000      1.0000000 
   255.0000000        0.5000000      0.5000000      1.5000000      0.5000000      1.0000000      4.0000000      1.5000000      2.0000000      2.5000000      0.0000000      2.5000000      2.0000000      3.0000000      2.0000000      2.5000000      0.0000000      1.5000000      1.0000000      0.5000000      0.5000000      0.0000000      0.0000000      0.5000000      0.5000000      0.0000000      0.0000000      0.0000000      1.0000000      1.0000000      0.5000000      0.5000000      1.0000000      1.5000000      1.5000000      1.0000000      1.0000000      1.0000000      1.5000000      1.5000000      1.0000000 
   255.5000000        0.5000000      0.5000000      1.5000000      0.5000000      1.0000000      4.0000000      1.5000000      2.0000000      2.5000000      0.0000000      2.5000000      2.0000000      3.0000000      2.0000000      2.5000000      0.0000000      1.5000000      1.0000000      0.5000000      0.5000000      0.0000000      0.0000000      0.5000000      0.5000000      0.0000000      0.0000000      0.0000000      1.0000000      1.0000000      0.5000000      0.5000000      1.0000000      1.5000000      1.5000000      1.0000000      1.0000000      1.0000000      1.5000000      1.5000000      1.0000000 
   256.0000000        0.5000000      0.5000000      1.5000000      0.5000000      1.0000000      4.0000000      1.5000000      2.0000000      2.5000000      0.0000000      2.5000000      2.0000000      3.0000000      2.0000000      2.5000000      0.0000000      1.5000000      1.0000000      0.5000000      0.5000000      0.0000000      0.0000000      0.5000000      0.5000000      0.0000000      0.0000000      0.0000000      1.0000000      1.0000000      0.5000000      0.5000000      1.0000000      1.5000000      1.5000000      1.0000000      1.0000000      1.0000000      1.5000000      1.5000000      1.0000000 
   256.5000000        0.5000000      0.5000000      1.5000000      0.5000000      1.0000000      4.0000000      1.5000000      2.0000000      2.5000000      0.0000000      2.5000000      2.0000000      3.0000000      2.0000000      2.5000000      0.0000000      1.5000000      1.0000000      0.5000000      0.5000000      0.0000000      0.0000000      0.5000000      0.5000000      0.0000000      0.0000000      0.0000000      1.0000000      1.0000000      0.5000000      0.5000000      1.0000000      1.5000000      1.5000000      1.0000000      1.0000000      1.0000000      1.5000000      1.5000000      1.0000000 
   257.0000000        0.5000000      0.5000000      1.5000000      0.5000000      1.0000000      4.0000000      1.5000000      2.0000000      2.5000000      0.0000000      2.5000000      2.0000000      3.0000000      2.0000000      2.5000000      0.0000000      1.5000000      1.0000000      0.5000000      0.5000000      0.0000000      0.0000000      0.5000000      0.5000000      0.0000000      0.0000000      0.0000000      1.0000000      1.0000000      0.5000000      0.5000000      1.0000000      1.5000000      1.5000000      1.0000000      1.0000000      1.0000000      1.5000000      1.5000000      1.0000000 
   257.5000000        0.5000000      0.5000000      1.5000000      0.5000000      1.0000000      4.0000000      1.5000000      2.0000000      2.5000000      0.0000000      2.5000000      2.0000000      3.0000000      2.0000000      2.5000000      0.0000000      1.5000000      1.0000000      0.5000000      0.5000000      0.0000000      0.0000000      0.5000000      0.5000000      0.0000000      0.0000000      0.0000000      1.0000000      1.0000000      0.5000000      0.5000000      1.0000000      1.5000000      1.5000000      1.0000000      1.0000000      1.0000000      1.5000000      1.5000000      1.0000000 
   258.0000000        0.5000000      0.5000000      1.5000000      0.5000000      1.0000000      4.0000000      1.5000000      2.0000000      2.5000000      0.0000000      2.5000000      2.0000000      3.0000000      2.0000000      2.5000000      0.0000000      1.5000000      1.0000000      0.5000000      0.5000000      0.0000000      0.0000000      0.5000000      0.5000000      0.0000000      0.0000000      0.0000000      1.0000000      1.0000000      0.5000000      0.5000000      1.0000000      1.5000000      1.5000000      1.0000000      1.0000000      1.0000000      1.5000000      1.5000000      1.0000000 
   258.5000000        0.5000000      0.5000000      1.5000000      0.5000000      1.0000000      4.0000000      1.5000000      2.0000000      2.5000000      0.0000000      2.5000000      2.0000000      3.0000000      2.0000000      2.5000000      0.0000000      1.5000000      1.0000000      0.5000000      0.5000000      0.0000000      0.0000000      0.5000000      0.5000000      0.0000000      0.0000000      0.0000000      1.0000000      1.0000000      0.5000000      0.5000000      1.0000000      1.5000000      1.5000000      1.0000000      1.0000000      1.0000000      1.5000000      1.5000000      1.0000000 
   259.0000000        0.5000000      0.5000000      1.5000000      0.5000000      1.0000000      4.0000000      1.5000000      2.0000000      2.5000000      0.0000000      2.5000000      2.0000000      3.0000000      2.0000000      2.5000000      0.0000000      1.5000000      1.0000000      0.5000000      0.5000000      0.0000000      0.0000000      0.5000000      0.5000000      0.0000000      0.0000000      0.0000000      1.0000000      1.0000000      0.5000000      0.5000000      1.0000000      1.5000000      1.5000000      1.0000000      1.0000000      1.0000000      1.5000000      1.5000000      1.0000000 
   259.5000000        0.5000000      0.5000000      1.5000000      0.5000000      1.0000000      4.0000000      1.5000000      2.0000000      2.5000000      0.0000000      2.5000000      2.0000000      3.0000000      2.0000000      2.5000000      0.0000000      1.5000000      1.0000000      0.5000000      0.5000000      0.0000000      0.0000000      0.5000000      0.5000000      0.0000000      0.0000000      0.0000000      1.0000000      1.0000000      0.5000000      0.5000000      1.0000000      1.5000000      1.5000000      1.0000000      1.0000000      1.0000000      1.5000000      1.5000000      1.0000000 
   260.0000000        0.5000000      0.5000000      1.5000000      0.5000000      1.0000000      4.0000000      1.5000000      2.0000000      2.5000000      0.0000000      2.5000000      2.0000000      3.0000000      2.0000000      2.5000000      0.0000000      1.5000000      1.0000000      0.5000000      0.5000000      0.0000000      0.0000000      0.5000000      0.5000000      0.0000000      0.0000000      0.0000000      1.0000000      1.0000000      0.5000000      0.5000000      1.0000000      1.5000000      1.5000000      1.0000000      1.0000000      1.0000000      1.5000000      1.5000000      1.0000000 
   260.5000000        0.5000000      0.5000000      1.5000000      0.5000000      1.0000000      4.0000000      1.5000000      2.0000000      2.5000000      0.0000000      2.5000000      2.0000000      3.0000000      2.0000000      2.5000000      0.0000000      1.5000000      1.0000000      0.5000000      0.5000000      0.0000000      0.0000000      0.5000000      0.5000000      0.0000000      0.0000000      0.0000000      1.0000000      1.0000000      0.5000000      0.5000000      1.0000000      1.5000000      1.5000000      1.0000000      1.0000000      1.0000000      1.5000000      1.5000000      1.0000000 
   261.0000000        0.5000000      0.5000000      1.5000000      0.5000000      1.0000000      4.0000000      1.5000000      2.0000000      2.5000000      0.0000000      2.5000000      2.0000000      3.0000000      2.0000000      2.5000000      0.0000000      1.5000000      1.0000000      0.5000000      0.5000000      0.0000000      0.0000000      0.5000000      0.5000000      0.0000000      0.0000000      0.0000000      1.0000000      1.0000000      0.5000000      0.5000000      1.0000000      1.5000000      1.5000000      1.0000000      1.0000000      1.0000000      1.5000000      1.5000000      1.0000000 
   261.5000000        0.5000000      0.5000000      1.5000000      0.5000000      1.0000000      4.0000000      1.5000000      2.0000000      2.5000000      0.0000000      2.5000000      2.0000000      3.0000000      2.0000000      2.5000000      0.0000000      1.5000000      1.0000000      0.5000000      0.5000000      0.0000000      0.0000000      0.5000000      0.5000000      0.0000000      0.0000000      0.0000000      1.0000000      1.0000000      0.5000000      0.5000000      1.0000000      1.5000000      1.5000000      1.0000000      1.0000000      1.0000000      1.5000000      1.5000000      1.0000000 
   262.0000000        0.5000000      0.5000000      1.5000000      0.5000000      1.0000000      4.0000000      1.5000000      2.0000000      2.5000000      0.0000000      2.5000000      2.0000000      3.0000000      2.0000000      2.5000000      0.0000000      1.5000000      1.0000000      0.5000000      0.5000000      0.0000000      0.0000000      0.5000000      0.5000000      0.0000000      0.0000000      0.0000000      1.0000000      1.0000000      0.5000000      0.5000000      1.0000000      1.5000000      1.5000000      1.0000000      1.0000000      1.0000000      1.5000000      1.5000000      1.0000000 
   262.5000000        0.5000000      0.5000000      1.5000000      0.5000000      1.0000000      4.0000000      1.5000000      2.0000000      2.5000000      0.0000000      2.5000000      2.0000000      3.0000000      2.0000000      2.5000000      0.0000000      1.5000000      1.0000000      0.5000000      0.5000000      0.0000000      0.0000000      0.5000000      0.5000000      0.0000000      0.0000000      0.0000000      1.0000000      1.0000000      0.5000000      0.5000000      1.0000000      1.5000000      1.5000000      1.0000000      1.0000000      1.0000000      1.5000000      1.5000000      1.0000000 
   263.0000000        0.5000000      0.5000000      1.5000000      0.5000000      1.0000000      4.0000000      1.5000000      2.0000000      2.5000000      0.0000000      2.5000000      2.0000000      3.0000000      2.0000000      2.5000000      0.0000000      1.5000000      1.0000000      0.5000000      0.5000000      0.0000000      0.0000000      0.5000000      0.5000000      0.0000000      0.0000000      0.0000000      1.0000000      1.0000000      0.5000000      0.5000000      1.0000000      1.5000000      1.5000000      1.0000000      1.0000000      1.0000000      1.5000000      1.5000000      1.0000000 
   263.5000000        0.5000000      0.5000000      1.5000000      0.5000000      1.0000000      4.0000000      1.5000000      2.0000000      2.5000000      0.0000000      2.5000000      2.0000000      3.0000000      2.0000000      2.5000000      0.0000000      1.5000000      1.0000000      0.5000000      0.5000000      0.0000000      0.0000000      0.5000000      0.5000000      0.0000000      0.0000000      0.0000000      1.0000000      1.0000000      0.5000000      0.5000000      1.0000000      1.5000000      1.5000000      1.0000000      1.0000000      1.0000000      1.5000000      1.5000000      1.0000000 
   264.0000000        0.5000000      0.5000000      1.5000000      0.5000000      1.0000000      4.0000000      1.5000000      2.0000000      2.5000000      0.0000000      2.5000000      2.0000000      3.0000000      2.0000000      2.5000000      0.0000000      1.5000000      1.0000000      0.5000000      0.5000000      0.0000000      0.0000000      0.5000000      0.5000000      0.0000000      0.0000000      0.0000000      1.0000000      1.0000000      0.5000000      0.5000000      1.0000000      1.5000000      1.5000000      1.0000000      1.0000000      1.0000000      1.5000000      1.5000000      1.0000000 
   264.5000000        0.5000000      0.5000000      1.5000000      0.5000000      1.0000000      4.0000000      1.5000000      2.0000000      2.5000000      0.0000000      2.5000000      2.0000000      3.0000000      2.0000000      2.5000000      0.0000000      1.5000000      1.0000000      0.5000000      0.5000000      0.0000000      0.0000000      0.5000000      0.5000000      0.0000000      0.0000000      0.0000000      1.0000000      1.0000000      0.5000000      0.5000000      1.0000000      1.5000000      1.5000000      1.0000000      1.0000000      1.0000000      1.5000000      1.5000000      1.0000000 
   265.0000000        0.5000000      0.5000000      1.5000000      0.5000000      1.0000000      4.0000000      1.5000000      2.0000000      2.5000000      0.0000000      2.5000000      2.0000000      3.0000000      2.0000000      2.5000000      0.0000000      1.5000000      1.0000000      0.5000000      0.5000000      0.0000000      0.0000000      0.5000000      0.5000000      0.0000000      0.0000000      0.0000000      1.0000000      1.0000000      0.5000000      0.5000000      1.0000000      1.5000000      1.5000000      1.0000000      1.0000000      1.0000000      1.5000000      1.5000000      1.0000000 
   265.5000000        0.5000000      0.5000000      1.5000000      0.5000000      1.0000000      4.0000000      1.5000000      2.0000000      2.5000000      0.0000000      2.5000000      2.0000000      3.0000000      2.0000000      2.5000000      0.0000000      1.5000000      1.0000000      0.5000000      0.5000000      0.0000000      0.0000000      0.5000000      0.5000000      0.0000000      0.0000000      0.0000000      1.0000000      1.0000000      0.5000000      0.5000000      1.0000000      1.5000000      1.5000000      1.0000000      1.0000000      1.0000000      1.5000000      1.5000000      1.0000000 
   266.0000000        0.5000000      0.5000000      1.5000000      0.5000000      1.0000000      4.0000000      1.5000000      2.0000000      2.5000000      0.0000000      2.5000000      2.0000000      3.0000000      2.0000000      2.5000000      0.0000000      1.5000000      1.0000000      0.5000000      0.5000000      0.0000000      0.0000000      0.5000000      0.5000000      0.0000000      0.0000000      0.0000000      1.0000000      1.0000000      0.5000000      0.5000000      1.0000000      1.5000000      1.5000000      1.0000000      1.0000000      1.0000000      1.5000000      1.5000000      1.0000000 
   266.5000000        0.5000000      0.5000000      1.5000000      0.5000000      1.0000000      4.0000000      1.5000000      2.0000000      2.5000000      0.0000000      2.5000000      2.0000000      3.0000000      2.0000000      2.5000000      0.0000000      1.5000000      1.0000000      0.5000000      0.5000000      0.0000000      0.0000000      0.5000000      0.5000000      0.0000000      0.0000000      0.0000000      1.0000000      1.0000000      0.5000000      0.5000000      1.0000000      1.5000000      1.5000000      1.0000000      1.0000000      1.0000000      1.5000000      1.5000000      1.0000000 
   267.0000000        0.5000000      0.5000000      1.5000000      0.5000000      1.0000000      4.0000000      1.5000000      2.0000000      2.5000000      0.0000000      2.5000000      2.0000000      3.0000000      2.0000000      2.5000000      0.0000000      1.5000000      1.0000000      0.5000000      0.5000000      0.0000000      0.0000000      0.5000000      0.5000000      0.0000000      0.0000000      0.0000000      1.0000000      1.0000000      0.5000000      0.5000000      1.0000000      1.5000000      1.5000000      1.0000000      1.0000000      1.0000000      1.5000000      1.5000000      1.0000000 
   267.0000000        0.5000000      0.5000000      1.5000000      0.5000000      1.0000000      4.0000000      1.5000000      2.0000000      2.5000000      0.0000000      2.5000000      2.0000000      3.0000000      2.0000000      2.5000000      0.0000000      1.5000000      1.0000000      0.5000000      0.5000000      0.0000000      0.0000000      0.5000000      0.5000000      0.0000000      0.0000000      0.0000000      1.0000000      1.0000000      0.5000000      0.5000000      1.0000000      1.5000000      1.5000000      1.0000000      1.0000000      1.0000000      1.5000000      1.5000000      1.0000000 
   267.5000000        0.5000000      0.5000000      1.5000000      0.5000000      1.0000000      4.0000000      1.5000000      2.0000000      2.5000000      0.0000000      2.5000000      2.0000000      3.0000000      2.0000000      2.5000000      0.0000000      1.5000000      1.0000000      0.5000000      0.5000000      0.0000000      0.0000000      0.5000000      0.5000000      0.0000000      0.0000000      0.0000000      1.0000000      1.0000000      0.5000000      0.5000000      1.0000000      1.5000000      1.5000000      1.0000000      1.0000000      1.0000000      1.5000000      1.5000000      1.0000000 
   268.0000000        0.5000000      0.5000000      1.5000000      0.5000000      1.0000000      4.0000000      1.5000000      2.0000000      2.5000000      0.0000000      2.5000000      2.0000000      3.0000000      2.0000000      2.5000000      0.0000000      1.5000000      1.0000000      0.5000000      0.5000000      0.0000000      0.0000000      0.5000000      0.5000000      0.0000000      0.0000000      0.0000000      1.0000000      1.0000000      0.5000000      0.5000000      1.0000000      1.5000000      1.5000000      1.0000000      1.0000000      1.0000000      1.5000000      1.5000000      1.0000000 
   268.5000000        0.5000000      0.5000000      1.5000000      0.5000000      1.0000000      4.0000000      1.5000000      2.0000000      2.5000000      0.0000000      2.5000000      2.0000000      3.0000000      2.0000000      2.5000000      0.0000000      1.5000000      1.0000000      0.5000000      0.5000000      0.0000000      0.0000000      0.5000000      0.5000000      0.0000000      0.0000000      0.0000000      1.0000000      1.0000000      0.5000000      0.5000000      1.0000000      1.5000000      1.5000000      1.0000000      1.0000000      1.0000000      1.5000000      1.5000000      1.0000000 
   269.0000000        0.5000000      0.5000000      1.5000000      0.5000000      1.0000000      4.0000000      1.5000000      2.0000000      2.5000000      0.0000000      2.5000000      2.0000000      3.0000000      2.0000000      2.5000000      0.0000000      1.5000000      1.0000000      0.5000000      0.5000000      0.0000000      0.0000000      0.5000000      0.5000000      0.0000000      0.0000000      0.0000000      1.0000000      1.0000000      0.5000000      0.5000000      1.0000000      1.5000000      1.5000000      1.0000000      1.0000000      1.0000000      1.5000000      1.5000000      1.0000000 
   269.5000000        0.5000000      0.5000000      1.5000000      0.5000000      1.0000000      4.0000000      1.5000000      2.0000000      2.5000000      0.0000000      2.5000000      2.0000000      3.0000000      2.0000000      2.5000000      0.0000000      1.5000000      1.0000000      0.5000000      0.5000000      0.0000000      0.0000000      0.5000000      0.5000000      0.0000000      0.0000000      0.0000000      1.0000000      1.0000000      0.5000000      0.5000000      1.0000000      1.5000000      1.5000000      1.0000000      1.0000000      1.0000000      1.5000000      1.5000000      1.0000000 
   270.0000000        0.5000000      0.5000000      1.5000000      0.5000000      1.0000000      4.0000000      1.5000000      2.0000000      2.5000000      0.0000000      2.5000000      2.0000000      3.0000000      2.0000000      2.5000000      0.0000000      1.5000000      1.0000000      0.5000000      0.5000000      0.0000000      0.0000000      0.5000000      0.5000000      0.0000000      0.0000000      0.0000000      1.0000000      1.0000000      0.5000000      0.5000000      1.0000000      1.5000000      1.5000000      1.0000000      1.0000000      1.0000000      1.5000000      1.5000000      1.0000000 
   270.5000000        0.5000000      0.5000000      1.5000000      0.5000000      1.0000000      4.0000000      1.5000000      2.0000000      2.5000000      0.0000000      2.5000000      2.0000000      3.0000000      2.0000000      2.5000000      0.0000000      1.5000000      1.0000000      0.5000000      0.5000000      0.0000000      0.0000000      0.5000000      0.5000000      0.0000000      0.0000000      0.0000000      1.0000000      1.0000000      0.5000000      0.5000000      1.0000000      1.5000000      1.5000000      1.0000000      1.0000000      1.0000000      1.5000000      1.5000000      1.0000000 
   271.0000000        0.5000000      0.5000000      1.5000000      0.5000000      1.0000000      4.0000000      1.5000000      2.0000000      2.5000000      0.0000000      2.5000000      2.0000000      3.0000000      2.0000000      2.5000000      0.0000000      1.5000000      1.0000000      0.5000000      0.5000000      0.0000000      0.0000000      0.5000000      0.5000000      0.0000000      0.0000000      0.0000000      1.0000000      1.0000000      0.5000000      0.5000000      1.0000000      1.5000000      1.5000000      1.0000000      1.0000000      1.0000000      1.5000000      1.5000000      1.0000000 
   271.5000000        0.5000000      0.5000000      1.5000000      0.5000000      1.0000000      4.0000000      1.5000000      2.0000000      2.5000000      0.0000000      2.5000000      2.0000000      3.0000000      2.0000000      2.5000000      0.0000000      1.5000000      1.0000000      0.5000000      0.5000000      0.0000000      0.0000000      0.5000000      0.5000000      0.0000000      0.0000000      0.0000000      1.0000000      1.0000000      0.5000000      0.5000000      1.0000000      1.5000000      1.5000000      1.0000000      1.0000000      1.0000000      1.5000000      1.5000000      1.0000000 
   272.0000000        0.5000000      0.5000000      1.5000000      0.5000000      1.0000000      4.0000000      1.5000000      2.0000000      2.5000000      0.0000000      2.5000000      2.0000000      3.0000000      2.0000000      2.5000000      0.0000000      1.5000000      1.0000000      0.5000000      0.5000000      0.0000000      0.0000000      0.5000000      0.5000000      0.0000000      0.0000000      0.0000000      1.0000000      1.0000000      0.5000000      0.5000000      1.0000000      1.5000000      1.5000000      1.0000000      1.0000000      1.0000000      1.5000000      1.5000000      1.0000000 
   272.5000000        0.5000000      0.5000000      1.5000000      0.5000000      1.0000000      4.0000000      1.5000000      2.0000000      2.5000000      0.0000000      2.5000000      2.0000000      3.0000000      2.0000000      2.5000000      0.0000000      1.5000000      1.0000000      0.5000000      0.5000000      0.0000000      0.0000000      0.5000000      0.5000000      0.0000000      0.0000000      0.0000000      1.0000000      1.0000000      0.5000000      0.5000000      1.0000000      1.5000000      1.5000000      1.0000000      1.0000000      1.0000000      1.5000000      1.5000000      1.0000000 
   273.0000000        0.5000000      0.5000000      1.5000000      0.5000000      1.0000000      4.0000000      1.5000000      2.0000000      2.5000000      0.0000000      2.5000000      2.0000000      3.0000000      2.0000000      2.5000000      0.0000000      1.5000000      1.0000000      0.5000000      0.5000000      0.0000000      0.0000000      0.5000000      0.5000000      0.0000000      0.0000000      0.0000000      1.0000000      1.0000000      0.5000000      0.5000000      1.0000000      1.5000000      1.5000000      1.0000000      1.0000000      1.0000000      1.5000000      1.5000000      1.0000000 
   273.5000000        0.5000000      0.5000000      1.5000000      0.5000000      1.0000000      4.0000000      1.5000000      2.0000000      2.5000000      0.0000000      2.5000000      2.0000000      3.0000000      2.0000000      2.5000000      0.0000000      1.5000000      1.0000000      0.5000000      0.5000000      0.0000000      0.0000000      0.5000000      0.5000000      0.0000000      0.0000000      0.0000000      1.0000000      1.0000000      0.5000000      0.5000000      1.0000000      1.5000000      1.5000000      1.0000000      1.0000000      1.0000000      1.5000000      1.5000000      1.0000000 
   274.0000000        0.5000000      0.5000000      1.5000000      0.5000000      1.0000000      4.0000000      1.5000000      2.0000000      2.5000000      0.0000000      2.5000000      2.0000000      3.0000000      2.0000000      2.5000000      0.0000000      1.5000000      1.0000000      0.5000000      0.5000000      0.0000000      0.0000000      0.5000000      0.5000000      0.0000000      0.0000000      0.0000000      1.0000000      1.0000000      0.5000000      0.5000000      1.0000000      1.5000000      1.5000000      1.0000000      1.0000000      1.0000000      1.5000000      1.5000000      1.0000000 
   274.5000000        0.5000000      0.5000000      1.5000000      0.5000000      1.0000000      4.0000000      1.5000000      2.0000000      2.5000000      0.0000000      2.5000000      2.0000000      3.0000000      2.0000000      2.5000000      0.0000000      1.5000000      1.0000000      0.5000000      0.5000000      0.0000000      0.0000000      0.5000000      0.5000000      0.0000000      0.0000000      0.0000000      1.0000000      1.0000000      0.5000000      0.5000000      1.0000000      1.5000000      1.5000000      1.0000000      1.0000000      1.0000000      1.5000000      1.5000000      1.0000000 
   275.0000000        0.5000000      0.5000000      1.5000000      0.5000000      1.0000000      4.0000000      1.5000000      2.0000000      2.5000000      0.0000000      2.5000000      2.0000000      3.0000000      2.0000000      2.5000000      0.0000000      1.5000000      1.0000000      0.5000000      0.5000000      0.0000000      0.0000000      0.5000000      0.5000000      0.0000000      0.0000000      0.0000000      1.0000000      1.0000000      0.5000000      0.5000000      1.0000000      1.5000000      1.5000000      1.0000000      1.0000000      1.0000000      1.5000000      1.5000000      1.0000000 
   275.5000000        0.5000000      0.5000000      1.5000000      0.5000000      1.0000000      4.0000000      1.5000000      2.0000000      2.5000000      0.0000000      2.5000000      2.0000000      3.0000000      2.0000000      2.5000000      0.0000000      1.5000000      1.0000000      0.5000000      0.5000000      0.0000000      0.0000000      0.5000000      0.5000000      0.0000000      0.0000000      0.0000000      1.0000000      1.0000000      0.5000000      0.5000000      1.0000000      1.5000000      1.5000000      1.0000000      1.0000000      1.0000000      1.5000000      1.5000000      1.0000000 
   276.0000000        0.5000000      0.5000000      1.5000000      0.5000000      1.0000000      4.0000000      1.5000000      2.0000000      2.5000000      0.0000000      2.5000000      2.0000000      3.0000000      2.0000000      2.5000000      0.0000000      1.5000000      1.0000000      0.5000000      0.5000000      0.0000000      0.0000000      0.5000000      0.5000000      0.0000000      0.0000000      0.0000000      1.0000000      1.0000000      0.5000000      0.5000000      1.0000000      1.5000000      1.5000000      1.0000000      1.0000000      1.0000000      1.5000000      1.5000000      1.0000000 
   276.5000000        0.5000000      0.5000000      1.5000000      0.5000000      1.0000000      4.0000000      1.5000000      2.0000000      2.5000000      0.0000000      2.5000000      2.0000000      3.0000000      2.0000000      2.5000000      0.0000000      1.5000000      1.0000000      0.5000000      0.5000000      0.0000000      0.0000000      0.5000000      0.5000000      0.0000000      0.0000000      0.0000000      1.0000000      1.0000000      0.5000000      0.5000000      1.0000000      1.5000000      1.5000000      1.0000000      1.0000000      1.0000000      1.5000000      1.5000000      1.0000000 
   277.0000000        0.5000000      0.5000000      1.5000000      0.5000000      1.0000000      4.0000000      1.5000000      2.0000000      2.5000000      0.0000000      2.5000000      2.0000000      3.0000000      2.0000000      2.5000000      0.0000000      1.5000000      1.0000000      0.5000000      0.5000000      0.0000000      0.0000000      0.5000000      0.5000000      0.0000000      0.0000000      0.0000000      1.0000000      1.0000000      0.5000000      0.5000000      1.0000000      1.5000000      1.5000000      1.0000000      1.0000000      1.0000000      1.5000000      1.5000000      1.0000000 
   277.5000000        0.5000000      0.5000000      1.5000000      0.5000000      1.0000000      4.0000000      1.5000000      2.0000000      2.5000000      0.0000000      2.5000000      2.0000000      3.0000000      2.0000000      2.5000000      0.0000000      1.5000000      1.0000000      0.5000000      0.5000000      0.0000000      0.0000000      0.5000000      0.5000000      0.0000000      0.0000000      0.0000000      1.0000000      1.0000000      0.5000000      0.5000000      1.0000000      1.5000000      1.5000000      1.0000000      1.0000000      1.0000000      1.5000000      1.5000000      1.0000000 
   278.0000000        0.5000000      0.5000000      1.5000000      0.5000000      1.0000000      4.0000000      1.5000000      2.0000000      2.5000000      0.0000000      2.5000000      2.0000000      3.0000000      2.0000000      2.5000000      0.0000000      1.5000000      1.0000000      0.5000000      0.5000000      0.0000000      0.0000000      0.5000000      0.5000000      0.0000000      0.0000000      0.0000000      1.0000000      1.0000000      0.5000000      0.5000000      1.0000000      1.5000000      1.5000000      1.0000000      1.0000000      1.0000000      1.5000000      1.5000000      1.0000000 
   278.5000000        0.5000000      0.5000000      1.5000000      0.5000000      1.0000000      4.0000000      1.5000000      2.0000000      2.5000000      0.0000000      2.5000000      2.0000000      3.0000000      2.0000000      2.5000000      0.0000000      1.5000000      1.0000000      0.5000000      0.5000000      0.0000000      0.0000000      0.5000000      0.5000000      0.0000000      0.0000000      0.0000000      1.0000000      1.0000000      0.5000000      0.5000000      1.0000000      1.5000000      1.5000000      1.0000000      1.0000000      1.0000000      1.5000000      1.5000000      1.0000000 
   279.0000000        0.5000000      0.5000000      1.5000000      0.5000000      1.0000000      4.0000000      1.5000000      2.0000000      2.5000000      0.0000000      2.5000000      2.0000000      3.0000000      2.0000000      2.5000000      0.0000000      1.5000000      1.0000000      0.5000000      0.5000000      0.0000000      0.0000000      0.5000000      0.5000000      0.0000000      0.0000000      0.0000000      1.0000000      1.0000000      0.5000000      0.5000000      1.0000000      1.5000000      1.5000000      1.0000000      1.0000000      1.0000000      1.5000000      1.5000000      1.0000000 
   279.5000000        0.5000000      0.5000000      1.5000000      0.5000000      1.0000000      4.0000000      1.5000000      2.0000000      2.5000000      0.0000000      2.5000000      2.0000000      3.0000000      2.0000000      2.5000000      0.0000000      1.5000000      1.0000000      0.5000000      0.5000000      0.0000000      0.0000000      0.5000000      0.5000000      0.0000000      0.0000000      0.0000000      1.0000000      1.0000000      0.5000000      0.5000000      1.0000000      1.5000000      1.5000000      1.0000000      1.0000000      1.0000000      1.5000000      1.5000000      1.0000000 
   280.0000000        0.5000000      0.5000000      1.5000000      0.5000000      1.0000000      4.0000000      1.5000000      2.0000000      2.5000000      0.0000000      2.5000000      2.0000000      3.0000000      2.0000000      2.5000000      0.0000000      1.5000000      1.0000000      0.5000000      0.5000000      0.0000000      0.0000000      0.5000000      0.5000000      0.0000000      0.0000000      0.0000000      1.0000000      1.0000000      0.5000000      0.5000000      1.0000000      1.5000000      1.5000000      1.0000000      1.0000000      1.0000000      1.5000000      1.5000000      1.0000000 
   280.5000000        0.5000000      0.5000000      1.5000000      0.5000000      1.0000000      4.0000000      1.5000000      2.0000000      2.5000000      0.0000000      2.5000000      2.0000000      3.0000000      2.0000000      2.5000000      0.0000000      1.5000000      1.0000000      0.5000000      0.5000000      0.0000000      0.0000000      0.5000000      0.5000000      0.0000000      0.0000000      0.0000000      1.0000000      1.0000000      0.5000000      0.5000000      1.0000000      1.5000000      1.5000000      1.0000000      1.0000000      1.0000000      1.5000000      1.5000000      1.0000000 
   281.0000000        0.5000000      0.5000000      1.5000000      0.5000000      1.0000000      4.0000000      1.5000000      2.0000000      2.5000000      0.0000000      2.5000000      2.0000000      3.0000000      2.0000000      2.5000000      0.0000000      1.5000000      1.0000000      0.5000000      0.5000000      0.0000000      0.0000000      0.5000000      0.5000000      0.0000000      0.0000000      0.0000000      1.0000000      1.0000000      0.5000000      0.5000000      1.0000000      1.5000000      1.5000000      1.0000000      1.0000000      1.0000000      1.5000000      1.5000000      1.0000000 
   281.5000000        0.5000000      0.5000000      1.5000000      0.5000000      1.0000000      4.0000000      1.5000000      2.0000000      2.5000000      0.0000000      2.5000000      2.0000000      3.0000000      2.0000000      2.5000000      0.0000000      1.5000000      1.0000000      0.5000000      0.5000000      0.0000000      0.0000000      0.5000000      0.5000000      0.0000000      0.0000000      0.0000000      1.0000000      1.0000000      0.5000000      0.5000000      1.0000000      1.5000000      1.5000000      1.0000000      1.0000000      1.0000000      1.5000000      1.5000000      1.0000000 
   282.0000000        0.5000000      0.5000000      1.5000000      0.5000000      1.0000000      4.0000000      1.5000000      2.0000000      2.5000000      0.0000000      2.5000000      2.0000000      3.0000000      2.0000000      2.5000000      0.0000000      1.5000000      1.0000000      0.5000000      0.5000000      0.0000000      0.0000000      0.5000000      0.5000000      0.0000000      0.0000000      0.0000000      1.0000000      1.0000000      0.5000000      0.5000000      1.0000000      1.5000000      1.5000000      1.0000000      1.0000000      1.0000000      1.5000000      1.5000000      1.0000000 
   282.5000000        0.5000000      0.5000000      1.5000000      0.5000000      1.0000000      4.0000000      1.5000000      2.0000000      2.5000000      0.0000000      2.5000000      2.0000000      3.0000000      2.0000000      2.5000000      0.0000000      1.5000000      1.0000000      0.5000000      0.5000000      0.0000000      0.0000000      0.5000000      0.5000000      0.0000000      0.0000000      0.0000000      1.0000000      1.0000000      0.5000000      0.5000000      1.0000000      1.5000000      1.5000000      1.0000000      1.0000000      1.0000000      1.5000000      1.5000000      1.0000000 
   283.0000000        0.5000000      0.5000000      1.5000000      0.5000000      1.0000000      4.0000000      1.5000000      2.0000000      2.5000000      0.0000000      2.5000000      2.0000000      3.0000000      2.0000000      2.5000000      0.0000000      1.5000000      1.0000000      0.5000000      0.5000000      0.0000000      0.0000000      0.5000000      0.5000000      0.0000000      0.0000000      0.0000000      1.0000000      1.0000000      0.5000000      0.5000000      1.0000000      1.5000000      1.5000000      1.0000000      1.0000000      1.0000000      1.5000000      1.5000000      1.0000000 
   283.5000000        0.5000000      0.5000000      1.5000000      0.5000000      1.0000000      4.0000000      1.5000000      2.0000000      2.5000000      0.0000000      2.5000000      2.0000000      3.0000000      2.0000000      2.5000000      0.0000000      1.5000000      1.0000000      0.5000000      0.5000000      0.0000000      0.0000000      0.5000000      0.5000000      0.0000000      0.0000000      0.0000000      1.0000000      1.0000000      0.5000000      0.5000000      1.0000000      1.5000000      1.5000000      1.0000000      1.0000000      1.0000000      1.5000000      1.5000000      1.0000000 
   284.0000000        0.5000000      0.5000000      1.5000000      0.5000000      1.0000000      4.0000000      1.5000000      2.0000000      2.5000000      0.0000000      2.5000000      2.0000000      3.0000000      2.0000000      2.5000000      0.0000000      1.5000000      1.0000000      0.5000000      0.5000000      0.0000000      0.0000000      0.5000000      0.5000000      0.0000000      0.0000000      0.0000000      1.0000000      1.0000000      0.5000000      0.5000000      1.0000000      1.5000000      1.5000000      1.0000000      1.0000000      1.0000000      1.5000000      1.5000000      1.0000000 
   284.5000000        0.5000000      0.5000000      1.5000000      0.5000000      1.0000000      4.0000000      1.5000000      2.0000000      2.5000000      0.0000000      2.5000000      2.0000000      3.0000000      2.0000000      2.5000000      0.0000000      1.5000000      1.0000000      0.5000000      0.5000000      0.0000000      0.0000000      0.5000000      0.5000000      0.0000000      0.0000000      0.0000000      1.0000000      1.0000000      0.5000000      0.5000000      1.0000000      1.5000000      1.5000000      1.0000000      1.0000000      1.0000000      1.5000000      1.5000000      1.0000000 
   285.0000000        0.5000000      0.5000000      1.5000000      0.5000000      1.0000000      4.0000000      1.5000000      2.0000000      2.5000000      0.0000000      2.5000000      2.0000000      3.0000000      2.0000000      2.5000000      0.0000000      1.5000000      1.0000000      0.5000000      0.5000000      0.0000000      0.0000000      0.5000000      0.5000000      0.0000000      0.0000000      0.0000000      1.0000000      1.0000000      0.5000000      0.5000000      1.0000000      1.5000000      1.5000000      1.0000000      1.0000000      1.0000000      1.5000000      1.5000000      1.0000000 
   285.5000000        0.5000000      0.5000000      1.5000000      0.5000000      1.0000000      4.0000000      1.5000000      2.0000000      2.5000000      0.0000000      2.5000000      2.0000000      3.0000000      2.0000000      2.5000000      0.0000000      1.5000000      1.0000000      0.5000000      0.5000000      0.0000000      0.0000000      0.5000000      0.5000000      0.0000000      0.0000000      0.0000000      1.0000000      1.0000000      0.5000000      0.5000000      1.0000000      1.5000000      1.5000000      1.0000000      1.0000000      1.0000000      1.5000000      1.5000000      1.0000000 
   286.0000000        0.5000000      0.5000000      1.5000000      0.5000000      1.0000000      4.0000000      1.5000000      2.0000000      2.5000000      0.0000000      2.5000000      2.0000000      3.0000000      2.0000000      2.5000000      0.0000000      1.5000000      1.0000000      0.5000000      0.5000000      0.0000000      0.0000000      0.5000000      0.5000000      0.0000000      0.0000000      0.0000000      1.0000000      1.0000000      0.5000000      0.5000000      1.0000000      1.5000000      1.5000000      1.0000000      1.0000000      1.0000000      1.5000000      1.5000000      1.0000000 
   286.5000000        0.5000000      0.5000000      1.5000000      0.5000000      1.0000000      4.0000000      1.5000000      2.0000000      2.5000000      0.0000000      2.5000000      2.0000000      3.0000000      2.0000000      2.5000000      0.0000000      1.5000000      1.0000000      0.5000000      0.5000000      0.0000000      0.0000000      0.5000000      0.5000000      0.0000000      0.0000000      0.0000000      1.0000000      1.0000000      0.5000000      0.5000000      1.0000000      1.5000000      1.5000000      1.0000000      1.0000000      1.0000000      1.5000000      1.5000000      1.0000000 
   287.0000000        0.5000000      0.5000000      1.5000000      0.5000000      1.0000000      4.0000000      1.5000000      2.0000000      2.5000000      0.0000000      2.5000000      2.0000000      3.0000000      2.0000000      2.5000000      0.0000000      1.5000000      1.0000000      0.5000000      0.5000000      0.0000000      0.0000000      0.5000000      0.5000000      0.0000000      0.0000000      0.0000000      1.0000000      1.0000000      0.5000000      0.5000000      1.0000000      1.5000000      1.5000000      1.0000000      1.0000000      1.0000000      1.5000000      1.5000000      1.0000000 
   287.5000000        0.5000000      0.5000000      1.5000000      0.5000000      1.0000000      4.0000000      1.5000000      2.0000000      2.5000000      0.0000000      2.5000000      2.0000000      3.0000000      2.0000000      2.5000000      0.0000000      1.5000000      1.0000000      0.5000000      0.5000000      0.0000000      0.0000000      0.5000000      0.5000000      0.0000000      0.0000000      0.0000000      1.0000000      1.0000000      0.5000000      0.5000000      1.0000000      1.5000000      1.5000000      1.0000000      1.0000000      1.0000000      1.5000000      1.5000000      1.0000000 
   288.0000000        0.5000000      0.5000000      1.5000000      0.5000000      1.0000000      4.0000000      1.5000000      2.0000000      2.5000000      0.0000000      2.5000000      2.0000000      3.0000000      2.0000000      2.5000000      0.0000000      1.5000000      1.0000000      0.5000000      0.5000000      0.0000000      0.0000000      0.5000000      0.5000000      0.0000000      0.0000000      0.0000000      1.0000000      1.0000000      0.5000000      0.5000000      1.0000000      1.5000000      1.5000000      1.0000000      1.0000000      1.0000000      1.5000000      1.5000000      1.0000000 
   288.5000000        0.5000000      0.5000000      1.5000000      0.5000000      1.0000000      4.0000000      1.5000000      2.0000000      2.5000000      0.0000000      2.5000000      2.0000000      3.0000000      2.0000000      2.5000000      0.0000000      1.5000000      1.0000000      0.5000000      0.5000000      0.0000000      0.0000000      0.5000000      0.5000000      0.0000000      0.0000000      0.0000000      1.0000000      1.0000000      0.5000000      0.5000000      1.0000000      1.5000000      1.5000000      1.0000000      1.0000000      1.0000000      1.5000000      1.5000000      1.0000000 
   289.0000000        0.5000000      0.5000000      1.5000000      0.5000000      1.0000000      4.0000000      1.5000000      2.0000000      2.5000000      0.0000000      2.5000000      2.0000000      3.0000000      2.0000000      2.5000000      0.0000000      1.5000000      1.0000000      0.5000000      0.5000000      0.0000000      0.0000000      0.5000000      0.5000000      0.0000000      0.0000000      0.0000000      1.0000000      1.0000000      0.5000000      0.5000000      1.0000000      1.5000000      1.5000000      1.0000000      1.0000000      1.0000000      1.5000000      1.5000000      1.0000000 
   289.5000000        0.5000000      0.5000000      1.5000000      0.5000000      1.0000000      4.0000000      1.5000000      2.0000000      2.5000000      0.0000000      2.5000000      2.0000000      3.0000000      2.0000000      2.5000000      0.0000000      1.5000000      1.0000000      0.5000000      0.5000000      0.0000000      0.0000000      0.5000000      0.5000000      0.0000000      0.0000000      0.0000000      1.0000000      1.0000000      0.5000000      0.5000000      1.0000000      1.5000000      1.5000000      1.0000000      1.0000000      1.0000000      1.5000000      1.5000000      1.0000000 
   290.0000000        0.5000000      0.5000000      1.5000000      0.5000000      1.0000000      4.0000000      1.5000000      2.0000000      2.5000000      0.0000000      2.5000000      2.0000000      3.0000000      2.0000000      2.5000000      0.0000000      1.5000000      1.0000000      0.5000000      0.5000000      0.0000000      0.0000000      0.5000000      0.5000000      0.0000000      0.0000000      0.0000000      1.0000000      1.0000000      0.5000000      0.5000000      1.0000000      1.5000000      1.5000000      1.0000000      1.0000000      1.0000000      1.5000000      1.5000000      1.0000000 
   290.5000000        0.5000000      0.5000000      1.5000000      0.5000000      1.0000000      4.0000000      1.5000000      2.0000000      2.5000000      0.0000000      2.5000000      2.0000000      3.0000000      2.0000000      2.5000000      0.0000000      1.5000000      1.0000000      0.5000000      0.5000000      0.0000000      0.0000000      0.5000000      0.5000000      0.0000000      0.0000000      0.0000000      1.0000000      1.0000000      0.5000000      0.5000000      1.0000000      1.5000000      1.5000000      1.0000000      1.0000000      1.0000000      1.5000000      1.5000000      1.0000000 
   291.0000000        0.5000000      0.5000000      1.5000000      0.5000000      1.0000000      4.0000000      1.5000000      2.0000000      2.5000000      0.0000000      2.5000000      2.0000000      3.0000000      2.0000000      2.5000000      0.0000000      1.5000000      1.0000000      0.5000000      0.5000000      0.0000000      0.0000000      0.5000000      0.5000000      0.0000000      0.0000000      0.0000000      1.0000000      1.0000000      0.5000000      0.5000000      1.0000000      1.5000000      1.5000000      1.0000000      1.0000000      1.0000000      1.5000000      1.5000000      1.0000000 
   291.5000000        0.5000000      0.5000000      1.5000000      0.5000000      1.0000000      4.0000000      1.5000000      2.0000000      2.5000000      0.0000000      2.5000000      2.0000000      3.0000000      2.0000000      2.5000000      0.0000000      1.5000000      1.0000000      0.5000000      0.5000000      0.0000000      0.0000000      0.5000000      0.5000000      0.0000000      0.0000000      0.0000000      1.0000000      1.0000000      0.5000000      0.5000000      1.0000000      1.5000000      1.5000000      1.0000000      1.0000000      1.0000000      1.5000000      1.5000000      1.0000000 
   292.0000000        0.5000000      0.5000000      1.5000000      0.5000000      1.0000000      4.0000000      1.5000000      2.0000000      2.5000000      0.0000000      2.5000000      2.0000000      3.0000000      2.0000000      2.5000000      0.0000000      1.5000000      1.0000000      0.5000000      0.5000000      0.0000000      0.0000000      0.5000000      0.5000000      0.0000000      0.0000000      0.0000000      1.0000000      1.0000000      0.5000000      0.5000000      1.0000000      1.5000000      1.5000000      1.0000000      1.0000000      1.0000000      1.5000000      1.5000000      1.0000000 
   292.5000000        0.5000000      0.5000000      1.5000000      0.5000000      1.0000000      4.0000000      1.5000000      2.0000000      2.5000000      0.0000000      2.5000000      2.0000000      3.0000000      2.0000000      2.5000000      0.0000000      1.5000000      1.0000000      0.5000000      0.5000000      0.0000000      0.0000000      0.5000000      0.5000000      0.0000000      0.0000000      0.0000000      1.0000000      1.0000000      0.5000000      0.5000000      1.0000000      1.5000000      1.5000000      1.0000000      1.0000000      1.0000000      1.5000000      1.5000000      1.0000000 
   293.0000000        0.5000000      0.5000000      1.5000000      0.5000000      1.0000000      4.0000000      1.5000000      2.0000000      2.5000000      0.0000000      2.5000000      2.0000000      3.0000000      2.0000000      2.5000000      0.0000000      1.5000000      1.0000000      0.5000000      0.5000000      0.0000000      0.0000000      0.5000000      0.5000000      0.0000000      0.0000000      0.0000000      1.0000000      1.0000000      0.5000000      0.5000000      1.0000000      1.5000000      1.5000000      1.0000000      1.0000000      1.0000000      1.5000000      1.5000000      1.0000000 
   293.5000000        0.5000000      0.5000000      1.5000000      0.5000000      1.0000000      4.0000000      1.5000000      2.0000000      2.5000000      0.0000000      2.5000000      2.0000000      3.0000000      2.0000000      2.5000000      0.0000000      1.5000000      1.0000000      0.5000000      0.5000000      0.0000000      0.0000000      0.5000000      0.5000000      0.0000000      0.0000000      0.0000000      1.0000000      1.0000000      0.5000000      0.5000000      1.0000000      1.5000000      1.5000000      1.0000000      1.0000000      1.0000000      1.5000000      1.5000000      1.0000000 
   294.0000000        0.5000000      0.5000000      1.5000000      0.5000000      1.0000000      4.0000000      1.5000000      2.0000000      2.5000000      0.0000000      2.5000000      2.0000000      3.0000000      2.0000000      2.5000000      0.0000000      1.5000000      1.0000000      0.5000000      0.5000000      0.0000000      0.0000000      0.5000000      0.5000000      0.0000000      0.0000000      0.0000000      1.0000000      1.0000000      0.5000000      0.5000000      1.0000000      1.5000000      1.5000000      1.0000000      1.0000000      1.0000000      1.5000000      1.5000000      1.0000000 
   294.5000000        0.5000000      0.5000000      1.5000000      0.5000000      1.0000000      4.0000000      1.5000000      2.0000000      2.5000000      0.0000000      2.5000000      2.0000000      3.0000000      2.0000000      2.5000000      0.0000000      1.5000000      1.0000000      0.5000000      0.5000000      0.0000000      0.0000000      0.5000000      0.5000000      0.0000000      0.0000000      0.0000000      1.0000000      1.0000000      0.5000000      0.5000000      1.0000000      1.5000000      1.5000000      1.0000000      1.0000000      1.0000000      1.5000000      1.5000000      1.0000000 
   295.0000000        0.5000000      0.5000000      1.5000000      0.5000000      1.0000000      4.0000000      1.5000000      2.0000000      2.5000000      0.0000000      2.5000000      2.0000000      3.0000000      2.0000000      2.5000000      0.0000000      1.5000000      1.0000000      0.5000000      0.5000000      0.0000000      0.0000000      0.5000000      0.5000000      0.0000000      0.0000000      0.0000000      1.0000000      1.0000000      0.5000000      0.5000000      1.0000000      1.5000000      1.5000000      1.0000000      1.0000000      1.0000000      1.5000000      1.5000000      1.0000000 
   295.5000000        0.5000000      0.5000000      1.5000000      0.5000000      1.0000000      4.0000000      1.5000000      2.0000000      2.5000000      0.0000000      2.5000000      2.0000000      3.0000000      2.0000000      2.5000000      0.0000000      1.5000000      1.0000000      0.5000000      0.5000000      0.0000000      0.0000000      0.5000000      0.5000000      0.0000000      0.0000000      0.0000000      1.0000000      1.0000000      0.5000000      0.5000000      1.0000000      1.5000000      1.5000000      1.0000000      1.0000000      1.0000000      1.5000000      1.5000000      1.0000000 
   296.0000000        0.5000000      0.5000000      1.5000000      0.5000000      1.0000000      4.0000000      1.5000000      2.0000000      2.5000000      0.0000000      2.5000000      2.0000000      3.0000000      2.0000000      2.5000000      0.0000000      1.5000000      1.0000000      0.5000000      0.5000000      0.0000000      0.0000000      0.5000000      0.5000000      0.0000000      0.0000000      0.0000000      1.0000000      1.0000000      0.5000000      0.5000000      1.0000000      1.5000000      1.5000000      1.0000000      1.0000000      1.0000000      1.5000000      1.5000000      1.0000000 
   296.5000000        0.5000000      0.5000000      1.5000000      0.5000000      1.0000000      4.0000000      1.5000000      2.0000000      2.5000000      0.0000000      2.5000000      2.0000000      3.0000000      2.0000000      2.5000000      0.0000000      1.5000000      1.0000000      0.5000000      0.5000000      0.0000000      0.0000000      0.5000000      0.5000000      0.0000000      0.0000000      0.0000000      1.0000000      1.0000000      0.5000000      0.5000000      1.0000000      1.5000000      1.5000000      1.0000000      1.0000000      1.0000000      1.5000000      1.5000000      1.0000000 
   297.0000000        0.5000000      0.5000000      1.5000000      0.5000000      1.0000000      4.0000000      1.5000000      2.0000000      2.5000000      0.0000000      2.5000000      2.0000000      3.0000000      2.0000000      2.5000000      0.0000000      1.5000000      1.0000000      0.5000000      0.5000000      0.0000000      0.0000000      0.5000000      0.5000000      0.0000000      0.0000000      0.0000000      1.0000000      1.0000000      0.5000000      0.5000000      1.0000000      1.5000000      1.5000000      1.0000000      1.0000000      1.0000000      1.5000000      1.5000000      1.0000000 
   297.5000000        0.5000000      0.5000000      1.5000000      0.5000000      1.0000000      4.0000000      1.5000000      2.0000000      2.5000000      0.0000000      2.5000000      2.0000000      3.0000000      2.0000000      2.5000000      0.0000000      1.5000000      1.0000000      0.5000000      0.5000000      0.0000000      0.0000000      0.5000000      0.5000000      0.0000000      0.0000000      0.0000000      1.0000000      1.0000000      0.5000000      0.5000000      1.0000000      1.5000000      1.5000000      1.0000000      1.0000000      1.0000000      1.5000000      1.5000000      1.0000000 
   298.0000000        0.5000000      0.5000000      1.5000000      0.5000000      1.0000000      4.0000000      1.5000000      2.0000000      2.5000000      0.0000000      2.5000000      2.0000000      3.0000000      2.0000000      2.5000000      0.0000000      1.5000000      1.0000000      0.5000000      0.5000000      0.0000000      0.0000000      0.5000000      0.5000000      0.0000000      0.0000000      0.0000000      1.0000000      1.0000000      0.5000000      0.5000000      1.0000000      1.5000000      1.5000000      1.0000000      1.0000000      1.0000000      1.5000000      1.5000000      1.0000000 
   298.5000000        0.5000000      0.5000000      1.5000000      0.5000000      1.0000000      4.0000000      1.5000000      2.0000000      2.5000000      0.0000000      2.5000000      2.0000000      3.0000000      2.0000000      2.5000000      0.0000000      1.5000000      1.0000000      0.5000000      0.5000000      0.0000000      0.0000000      0.5000000      0.5000000      0.0000000      0.0000000      0.0000000      1.0000000      1.0000000      0.5000000      0.5000000      1.0000000      1.5000000      1.5000000      1.0000000      1.0000000      1.0000000      1.5000000      1.5000000      1.0000000 
   299.0000000        0.5000000      0.5000000      1.5000000      0.5000000      1.0000000      4.0000000      1.5000000      2.0000000      2.5000000      0.0000000      2.5000000      2.0000000      3.0000000      2.0000000      2.5000000      0.0000000      1.5000000      1.0000000      0.5000000      0.5000000      0.0000000      0.0000000      0.5000000      0.5000000      0.0000000      0.0000000      0.0000000      1.0000000      1.0000000      0.5000000      0.5000000      1.0000000      1.5000000      1.5000000      1.0000000      1.0000000      1.0000000      1.5000000      1.5000000      1.0000000 
   299.5000000        0.5000000      0.5000000      1.5000000      0.5000000      1.0000000      4.0000000      1.5000000      2.0000000      2.5000000      0.0000000      2.5000000      2.0000000      3.0000000      2.0000000      2.5000000      0.0000000      1.5000000      1.0000000      0.5000000      0.5000000      0.0000000      0.0000000      0.5000000      0.5000000      0.0000000      0.0000000      0.0000000      1.0000000      1.0000000      0.5000000      0.5000000      1.0000000      1.5000000      1.5000000      1.0000000      1.0000000      1.0000000      1.5000000      1.5000000      1.0000000 
   300.0000000        0.5000000      0.5000000      1.5000000      0.5000000      1.0000000      4.0000000      1.5000000      2.0000000      2.5000000      0.0000000      2.5000000      2.0000000      3.0000000      2.0000000      2.5000000      0.0000000      1.5000000      1.0000000      0.5000000      0.5000000      0.0000000      0.0000000      0.5000000      0.5000000      0.0000000      0.0000000      0.0000000      1.0000000      1.0000000      0.5000000      0.5000000      1.0000000      1.5000000      1.5000000      1.0000000      1.0000000      1.0000000      1.5000000      1.5000000      1.0000000 
